sub	key	English	French	Italian	German	Spanish	Russian	Polish	Japanese	Brazilian-Portuguese	Neutral-Spanish	French-Canadian	Korean	Chinese-Simple	Chinese-Traditional
	Credits_Positions_ProjectName	Project CARS 2 Credits	Project CARS 2 Credits	Project CARS 2 Credits	Project CARS 2 Credits	Project CARS 2 Credits	Project CARS 2 Credits	Project CARS 2 Credits	Project CARS 2 Credits	Project CARS 2 Credits	Project CARS 2 Credits	Project CARS 2 Credits	Project CARS 2 Credits	Project CARS 2 Credits	Project CARS 2 Credits
	Credits_Positions_Code	Code	Code	Code	Code	Code	Code	Code	Code	Code	Code	Code	Code	Code	Code
	Credits_Positions_Base	Base	Base	Base	Base	Base	Base	Base	Base	Base	Base	Base	Base	Base	Base
	Credits_Positions_TechDir	Technical Director	Technical Director	Technical Director	Technical Director	Technical Director	Technical Director	Technical Director	Technical Director	Technical Director	Technical Director	Technical Director	Technical Director	Technical Director	Technical Director
	Credits_Positions_CoreTechProg	Core Technology Programmer	Core Technology Programmer	Core Technology Programmer	Core Technology Programmer	Core Technology Programmer	Core Technology Programmer	Core Technology Programmer	Core Technology Programmer	Core Technology Programmer	Core Technology Programmer	Core Technology Programmer	Core Technology Programmer	Core Technology Programmer	Core Technology Programmer
	Credits_Positions_Render	Render	Render	Render	Render	Render	Render	Render	Render	Render	Render	Render	Render	Render	Render
	Credits_Positions_LeadRenderProg	Lead Render Programmer	Lead Render Programmer	Lead Render Programmer	Lead Render Programmer	Lead Render Programmer	Lead Render Programmer	Lead Render Programmer	Lead Render Programmer	Lead Render Programmer	Lead Render Programmer	Lead Render Programmer	Lead Render Programmer	Lead Render Programmer	Lead Render Programmer
	Credits_Positions_RenderTeam	Render Team	Render Team	Render Team	Render Team	Render Team	Render Team	Render Team	Render Team	Render Team	Render Team	Render Team	Render Team	Render Team	Render Team
	Credits_Positions_Tools	Tools	Tools	Tools	Tools	Tools	Tools	Tools	Tools	Tools	Tools	Tools	Tools	Tools	Tools
	Credits_Positions_LeadToolsProg	Lead Tools Programmer	Lead Tools Programmer	Lead Tools Programmer	Lead Tools Programmer	Lead Tools Programmer	Lead Tools Programmer	Lead Tools Programmer	Lead Tools Programmer	Lead Tools Programmer	Lead Tools Programmer	Lead Tools Programmer	Lead Tools Programmer	Lead Tools Programmer	Lead Tools Programmer
	Credits_Positions_ToolsTeam	Tools Team	Tools Team	Tools Team	Tools Team	Tools Team	Tools Team	Tools Team	Tools Team	Tools Team	Tools Team	Tools Team	Tools Team	Tools Team	Tools Team
	Credits_Positions_Gameplay	Gameplay	Gameplay	Gameplay	Gameplay	Gameplay	Gameplay	Gameplay	Gameplay	Gameplay	Gameplay	Gameplay	Gameplay	Gameplay	Gameplay
	Credits_Positions_LeadGameplayProg	Lead Gameplay Programmer	Lead Gameplay Programmer	Lead Gameplay Programmer	Lead Gameplay Programmer	Lead Gameplay Programmer	Lead Gameplay Programmer	Lead Gameplay Programmer	Lead Gameplay Programmer	Lead Gameplay Programmer	Lead Gameplay Programmer	Lead Gameplay Programmer	Lead Gameplay Programmer	Lead Gameplay Programmer	Lead Gameplay Programmer
	Credits_Positions_GameplayTeam	Gameplay Team	Gameplay Team	Gameplay Team	Gameplay Team	Gameplay Team	Gameplay Team	Gameplay Team	Gameplay Team	Gameplay Team	Gameplay Team	Gameplay Team	Gameplay Team	Gameplay Team	Gameplay Team
	Credits_Positions_Online	Online	Online	Online	Online	Online	Online	Online	Online	Online	Online	Online	Online	Online	Online
	Credits_Positions_LeadOnlineProg	Lead Online Programmer	Lead Online Programmer	Lead Online Programmer	Lead Online Programmer	Lead Online Programmer	Lead Online Programmer	Lead Online Programmer	Lead Online Programmer	Lead Online Programmer	Lead Online Programmer	Lead Online Programmer	Lead Online Programmer	Lead Online Programmer	Lead Online Programmer
	Credits_Positions_OnlineTeam	Online Team	Online Team	Online Team	Online Team	Online Team	Online Team	Online Team	Online Team	Online Team	Online Team	Online Team	Online Team	Online Team	Online Team
	Credits_Positions_PhysicsAI	Physics & AI	Physics & AI	Physics & AI	Physics & AI	Physics & AI	Physics & AI	Physics & AI	Physics & AI	Physics & AI	Physics & AI	Physics & AI	Physics & AI	Physics & AI	Physics & AI
	Credits_Positions_LeadPhysicsAIProg	Lead Physics & AI Programmer	Lead Physics & AI Programmer	Lead Physics & AI Programmer	Lead Physics & AI Programmer	Lead Physics & AI Programmer	Lead Physics & AI Programmer	Lead Physics & AI Programmer	Lead Physics & AI Programmer	Lead Physics & AI Programmer	Lead Physics & AI Programmer	Lead Physics & AI Programmer	Lead Physics & AI Programmer	Lead Physics & AI Programmer	Lead Physics & AI Programmer
	Credits_Positions_PhysicsAITeam	Physics & AI Team	Physics & AI Team	Physics & AI Team	Physics & AI Team	Physics & AI Team	Physics & AI Team	Physics & AI Team	Physics & AI Team	Physics & AI Team	Physics & AI Team	Physics & AI Team	Physics & AI Team	Physics & AI Team	Physics & AI Team
	Credits_Positions_Tech	Tech	Tech	Tech	Tech	Tech	Tech	Tech	Tech	Tech	Tech	Tech	Tech	Tech	Tech
	Credits_Positions_BuildManager	Build Manager	Build Manager	Build Manager	Build Manager	Build Manager	Build Manager	Build Manager	Build Manager	Build Manager	Build Manager	Build Manager	Build Manager	Build Manager	Build Manager
	Credits_Positions_ITManager	IT Manager	IT Manager	IT Manager	IT Manager	IT Manager	IT Manager	IT Manager	IT Manager	IT Manager	IT Manager	IT Manager	IT Manager	IT Manager	IT Manager
	Credits_Positions_SeniorPhysicsEngineer	Senior Physics Engineer	Senior Physics Engineer	Senior Physics Engineer	Senior Physics Engineer	Senior Physics Engineer	Senior Physics Engineer	Senior Physics Engineer	Senior Physics Engineer	Senior Physics Engineer	Senior Physics Engineer	Senior Physics Engineer	Senior Physics Engineer	Senior Physics Engineer	Senior Physics Engineer
	Credits_Positions_PhysicsRD	Physics R&D	Physics R&D	Physics R&D	Physics R&D	Physics R&D	Physics R&D	Physics R&D	Physics R&D	Physics R&D	Physics R&D	Physics R&D	Physics R&D	Physics R&D	Physics R&D
	Credits_Positions_Art	Art	Art	Art	Art	Art	Art	Art	Art	Art	Art	Art	Art	Art	Art
	Credits_Positions_ArtDirector	Art Director	Art Director	Art Director	Art Director	Art Director	Art Director	Art Director	Art Director	Art Director	Art Director	Art Director	Art Director	Art Director	Art Director
	Credits_Positions_VidepSpec	Video Specialist / Cinematics	Video Specialist / Cinematics	Video Specialist / Cinematics	Video Specialist / Cinematics	Video Specialist / Cinematics	Video Specialist / Cinematics	Video Specialist / Cinematics	Video Specialist / Cinematics	Video Specialist / Cinematics	Video Specialist / Cinematics	Video Specialist / Cinematics	Video Specialist / Cinematics	Video Specialist / Cinematics	Video Specialist / Cinematics
	Credits_Positions_EnvArt	Environment Art	Environment Art	Environment Art	Environment Art	Environment Art	Environment Art	Environment Art	Environment Art	Environment Art	Environment Art	Environment Art	Environment Art	Environment Art	Environment Art
	Credits_Positions_EnvArtMgr	Environment Art Manager	Environment Art Manager	Environment Art Manager	Environment Art Manager	Environment Art Manager	Environment Art Manager	Environment Art Manager	Environment Art Manager	Environment Art Manager	Environment Art Manager	Environment Art Manager	Environment Art Manager	Environment Art Manager	Environment Art Manager
	Credits_Positions_EnvArtTeam	Environment Art Team	Environment Art Team	Environment Art Team	Environment Art Team	Environment Art Team	Environment Art Team	Environment Art Team	Environment Art Team	Environment Art Team	Environment Art Team	Environment Art Team	Environment Art Team	Environment Art Team	Environment Art Team
	Credits_Positions_VehicleArt	Vehicle Art	Vehicle Art	Vehicle Art	Vehicle Art	Vehicle Art	Vehicle Art	Vehicle Art	Vehicle Art	Vehicle Art	Vehicle Art	Vehicle Art	Vehicle Art	Vehicle Art	Vehicle Art
	Credits_Positions_VehicleArtMgr	Vehicle Art Manager	Vehicle Art Manager	Vehicle Art Manager	Vehicle Art Manager	Vehicle Art Manager	Vehicle Art Manager	Vehicle Art Manager	Vehicle Art Manager	Vehicle Art Manager	Vehicle Art Manager	Vehicle Art Manager	Vehicle Art Manager	Vehicle Art Manager	Vehicle Art Manager
	Credits_Positions_VehicleArtTeam	Vehicle Art Team	Vehicle Art Team	Vehicle Art Team	Vehicle Art Team	Vehicle Art Team	Vehicle Art Team	Vehicle Art Team	Vehicle Art Team	Vehicle Art Team	Vehicle Art Team	Vehicle Art Team	Vehicle Art Team	Vehicle Art Team	Vehicle Art Team
	Credits_Positions_CharArt	Character Art	Character Art	Character Art	Character Art	Character Art	Character Art	Character Art	Character Art	Character Art	Character Art	Character Art	Character Art	Character Art	Character Art
	Credits_Positions_CharArtMgr	Character Art Manager / Cinematics	Character Art Manager / Cinematics	Character Art Manager / Cinematics	Character Art Manager / Cinematics	Character Art Manager / Cinematics	Character Art Manager / Cinematics	Character Art Manager / Cinematics	Character Art Manager / Cinematics	Character Art Manager / Cinematics	Character Art Manager / Cinematics	Character Art Manager / Cinematics	Character Art Manager / Cinematics	Character Art Manager / Cinematics	Character Art Manager / Cinematics
	Credits_Positions_CharArtTeam	Character Art Team	Character Art Team	Character Art Team	Character Art Team	Character Art Team	Character Art Team	Character Art Team	Character Art Team	Character Art Team	Character Art Team	Character Art Team	Character Art Team	Character Art Team	Character Art Team
	Credits_Positions_Audio	Audio	Audio	Audio	Audio	Audio	Audio	Audio	Audio	Audio	Audio	Audio	Audio	Audio	Audio
	Credits_Positions_QA	QA	QA	QA	QA	QA	QA	QA	QA	QA	QA	QA	QA	QA	QA
	Credits_Positions_QAMgr	QA Manager	QA Manager	QA Manager	QA Manager	QA Manager	QA Manager	QA Manager	QA Manager	QA Manager	QA Manager	QA Manager	QA Manager	QA Manager	QA Manager
	Credits_Positions_QATeam	QA Team	QA Team	QA Team	QA Team	QA Team	QA Team	QA Team	QA Team	QA Team	QA Team	QA Team	QA Team	QA Team	QA Team
	Credits_Positions_Design	Design	Design	Design	Design	Design	Design	Design	Design	Design	Design	Design	Design	Design	Design
	Credits_Positions_CreativeDir	Creative Director	Creative Director	Creative Director	Creative Director	Creative Director	Creative Director	Creative Director	Creative Director	Creative Director	Creative Director	Creative Director	Creative Director	Creative Director	Creative Director
	Credits_Positions_GameDir	Game Director / Designer / Cinematics	Game Director / Designer / Cinematics	Game Director / Designer / Cinematics	Game Director / Designer / Cinematics	Game Director / Designer / Cinematics	Game Director / Designer / Cinematics	Game Director / Designer / Cinematics	Game Director / Designer / Cinematics	Game Director / Designer / Cinematics	Game Director / Designer / Cinematics	Game Director / Designer / Cinematics	Game Director / Designer / Cinematics	Game Director / Designer / Cinematics	Game Director / Designer / Cinematics
	Credits_Positions_Production	Production	Production	Production	Production	Production	Production	Production	Production	Production	Production	Production	Production	Production	Production
	Credits_Positions_LeadProducer	Lead Producer	Lead Producer	Lead Producer	Lead Producer	Lead Producer	Lead Producer	Lead Producer	Lead Producer	Lead Producer	Lead Producer	Lead Producer	Lead Producer	Lead Producer	Lead Producer
	Credits_Positions_ProductionTeam	Production Team	Production Team	Production Team	Production Team	Production Team	Production Team	Production Team	Production Team	Production Team	Production Team	Production Team	Production Team	Production Team	Production Team
	Credits_Positions_Management	Management	Management	Management	Management	Management	Management	Management	Management	Management	Management	Management	Management	Management	Management
	Credits_Positions_StudioHead	Head of Studio	Head of Studio	Head of Studio	Head of Studio	Head of Studio	Head of Studio	Head of Studio	Head of Studio	Head of Studio	Head of Studio	Head of Studio	Head of Studio	Head of Studio	Head of Studio
	Credits_Positions_DevDir	Development Director	Development Director	Development Director	Development Director	Development Director	Development Director	Development Director	Development Director	Development Director	Development Director	Development Director	Development Director	Development Director	Development Director
	Credits_Positions_ChiefOpOfficer	Chief Operations Officer	Chief Operations Officer	Chief Operations Officer	Chief Operations Officer	Chief Operations Officer	Chief Operations Officer	Chief Operations Officer	Chief Operations Officer	Chief Operations Officer	Chief Operations Officer	Chief Operations Officer	Chief Operations Officer	Chief Operations Officer	Chief Operations Officer
	Credits_Positions_SupportAdmin	Support & Admin	Support & Admin	Support & Admin	Support & Admin	Support & Admin	Support & Admin	Support & Admin	Support & Admin	Support & Admin	Support & Admin	Support & Admin	Support & Admin	Support & Admin	Support & Admin
	Credits_Positions_OfficeManager	Office Manager	Office Manager	Office Manager	Office Manager	Office Manager	Office Manager	Office Manager	Office Manager	Office Manager	Office Manager	Office Manager	Office Manager	Office Manager	Office Manager
	Credits_Positions_SupportAdminTeam	Support & Admin Team	Support & Admin Team	Support & Admin Team	Support & Admin Team	Support & Admin Team	Support & Admin Team	Support & Admin Team	Support & Admin Team	Support & Admin Team	Support & Admin Team	Support & Admin Team	Support & Admin Team	Support & Admin Team	Support & Admin Team
	Credits_Positions_FinanceTeam	Finance Team	Finance Team	Finance Team	Finance Team	Finance Team	Finance Team	Finance Team	Finance Team	Finance Team	Finance Team	Finance Team	Finance Team	Finance Team	Finance Team
	Credits_Positions_FinanceManager	Finance Manager	Finance Manager	Finance Manager	Finance Manager	Finance Manager	Finance Manager	Finance Manager	Finance Manager	Finance Manager	Finance Manager	Finance Manager	Finance Manager	Finance Manager	Finance Manager
	Credits_Positions_ProDrivers	Pro Drivers	Pro Drivers	Pro Drivers	Pro Drivers	Pro Drivers	Pro Drivers	Pro Drivers	Pro Drivers	Pro Drivers	Pro Drivers	Pro Drivers	Pro Drivers	Pro Drivers	Pro Drivers
	Credits_Positions_Other	Other	Other	Other	Other	Other	Other	Other	Other	Other	Other	Other	Other	Other	Other
	Credits_Positions_Dogsbody	Dogsbody	Dogsbody	Dogsbody	Dogsbody	Dogsbody	Dogsbody	Dogsbody	Dogsbody	Dogsbody	Dogsbody	Dogsbody	Dogsbody	Dogsbody	Dogsbody
	Credits_Positions_ProductionBabies	Production Babies	Production Babies	Production Babies	Production Babies	Production Babies	Production Babies	Production Babies	Production Babies	Production Babies	Production Babies	Production Babies	Production Babies	Production Babies	Production Babies
	Credits_Positions_ContentProviders	Content Providers	Content Providers	Content Providers	Content Providers	Content Providers	Content Providers	Content Providers	Content Providers	Content Providers	Content Providers	Content Providers	Content Providers	Content Providers	Content Providers
	Credits_Positions_ScrVideo	Screenshot & Video	Screenshot & Video	Screenshot & Video	Screenshot & Video	Screenshot & Video	Screenshot & Video	Screenshot & Video	Screenshot & Video	Screenshot & Video	Screenshot & Video	Screenshot & Video	Screenshot & Video	Screenshot & Video	Screenshot & Video
	Credits_Positions_RefCollection	Reference Collection	Reference Collection	Reference Collection	Reference Collection	Reference Collection	Reference Collection	Reference Collection	Reference Collection	Reference Collection	Reference Collection	Reference Collection	Reference Collection	Reference Collection	Reference Collection
	Credits_Positions_WMDStaff	WMD Staff	WMD Staff	WMD Staff	WMD Staff	WMD Staff	WMD Staff	WMD Staff	WMD Staff	WMD Staff	WMD Staff	WMD Staff	WMD Staff	WMD Staff	WMD Staff
	Credits_Positions_Translation	Translation	Translation	Translation	Translation	Translation	Translation	Translation	Translation	Translation	Translation	Translation	Translation	Translation	Translation
	Credits_Positions_OutOfHouse	Out of House	Out of House	Out of House	Out of House	Out of House	Out of House	Out of House	Out of House	Out of House	Out of House	Out of House	Out of House	Out of House	Out of House
	Credits_Positions_Producer	Producer	Producer	Producer	Producer	Producer	Producer	Producer	Producer	Producer	Producer	Producer	Producer	Producer	Producer
	Credits_Positions_SeniorProducer	Senior Producer	Senior Producer	Senior Producer	Senior Producer	Senior Producer	Senior Producer	Senior Producer	Senior Producer	Senior Producer	Senior Producer	Senior Producer	Senior Producer	Senior Producer	Senior Producer
	Credits_Positions_LocalisationManager	Localisation Manager	Localisation Manager	Localisation Manager	Localisation Manager	Localisation Manager	Localisation Manager	Localisation Manager	Localisation Manager	Localisation Manager	Localisation Manager	Localisation Manager	Localisation Manager	Localisation Manager	Localisation Manager
	Credits_Positions_QControlPrjMgr	Quality Control Project Manager	Quality Control Project Manager	Quality Control Project Manager	Quality Control Project Manager	Quality Control Project Manager	Quality Control Project Manager	Quality Control Project Manager	Quality Control Project Manager	Quality Control Project Manager	Quality Control Project Manager	Quality Control Project Manager	Quality Control Project Manager	Quality Control Project Manager	Quality Control Project Manager
	Credits_Positions_QCtrlMgr	Quality Control Manager	Quality Control Manager	Quality Control Manager	Quality Control Manager	Quality Control Manager	Quality Control Manager	Quality Control Manager	Quality Control Manager	Quality Control Manager	Quality Control Manager	Quality Control Manager	Quality Control Manager	Quality Control Manager	Quality Control Manager
	Credits_Positions_CertMgr	Certification Manager	Certification Manager	Certification Manager	Certification Manager	Certification Manager	Certification Manager	Certification Manager	Certification Manager	Certification Manager	Certification Manager	Certification Manager	Certification Manager	Certification Manager	Certification Manager
	Credits_Positions_EngServicesPrjMgr	Engineering Services Project Managers	Engineering Services Project Managers	Engineering Services Project Managers	Engineering Services Project Managers	Engineering Services Project Managers	Engineering Services Project Managers	Engineering Services Project Managers	Engineering Services Project Managers	Engineering Services Project Managers	Engineering Services Project Managers	Engineering Services Project Managers	Engineering Services Project Managers	Engineering Services Project Managers	Engineering Services Project Managers
	Credits_Positions_PubProdSupportDir	Publishing & Product Support Director	Publishing & Product Support Director	Publishing & Product Support Director	Publishing & Product Support Director	Publishing & Product Support Director	Publishing & Product Support Director	Publishing & Product Support Director	Publishing & Product Support Director	Publishing & Product Support Director	Publishing & Product Support Director	Publishing & Product Support Director	Publishing & Product Support Director	Publishing & Product Support Director	Publishing & Product Support Director
	Credits_Positions_HeadofPR	Head of PR, Community & Event	Head of PR, Community & Event	Head of PR, Community & Event	Head of PR, Community & Event	Head of PR, Community & Event	Head of PR, Community & Event	Head of PR, Community & Event	Head of PR, Community & Event	Head of PR, Community & Event	Head of PR, Community & Event	Head of PR, Community & Event	Head of PR, Community & Event	Head of PR, Community & Event	Head of PR, Community & Event
	Credits_Positions_PRSpecialist	PR Specialist	PR Specialist	PR Specialist	PR Specialist	PR Specialist	PR Specialist	PR Specialist	PR Specialist	PR Specialist	PR Specialist	PR Specialist	PR Specialist	PR Specialist	PR Specialist
	Credits_Positions_IPStrategy	IP Strategy & Marketing Manager	IP Strategy & Marketing Manager	IP Strategy & Marketing Manager	IP Strategy & Marketing Manager	IP Strategy & Marketing Manager	IP Strategy & Marketing Manager	IP Strategy & Marketing Manager	IP Strategy & Marketing Manager	IP Strategy & Marketing Manager	IP Strategy & Marketing Manager	IP Strategy & Marketing Manager	IP Strategy & Marketing Manager	IP Strategy & Marketing Manager	IP Strategy & Marketing Manager
	Credits_Positions_ProductMgr	Product Manager	Product Manager	Product Manager	Product Manager	Product Manager	Product Manager	Product Manager	Product Manager	Product Manager	Product Manager	Product Manager	Product Manager	Product Manager	Product Manager
	Credits_Positions_VPIberica3rd	VP Iberica & 3rd Parties Division	VP Iberica & 3rd Parties Division	VP Iberica & 3rd Parties Division	VP Iberica & 3rd Parties Division	VP Iberica & 3rd Parties Division	VP Iberica & 3rd Parties Division	VP Iberica & 3rd Parties Division	VP Iberica & 3rd Parties Division	VP Iberica & 3rd Parties Division	VP Iberica & 3rd Parties Division	VP Iberica & 3rd Parties Division	VP Iberica & 3rd Parties Division	VP Iberica & 3rd Parties Division	VP Iberica & 3rd Parties Division
	Credits_Positions_BusDev3rdMgr	Business Development & 3rd Parties Manager	Business Development & 3rd Parties Manager	Business Development & 3rd Parties Manager	Business Development & 3rd Parties Manager	Business Development & 3rd Parties Manager	Business Development & 3rd Parties Manager	Business Development & 3rd Parties Manager	Business Development & 3rd Parties Manager	Business Development & 3rd Parties Manager	Business Development & 3rd Parties Manager	Business Development & 3rd Parties Manager	Business Development & 3rd Parties Manager	Business Development & 3rd Parties Manager	Business Development & 3rd Parties Manager
	Credits_Positions_GESMgr	GES Manager	GES Manager	GES Manager	GES Manager	GES Manager	GES Manager	GES Manager	GES Manager	GES Manager	GES Manager	GES Manager	GES Manager	GES Manager	GES Manager
	Credits_Positions_JGameCAnalyst	Junior Game Content Analyst	Junior Game Content Analyst	Junior Game Content Analyst	Junior Game Content Analyst	Junior Game Content Analyst	Junior Game Content Analyst	Junior Game Content Analyst	Junior Game Content Analyst	Junior Game Content Analyst	Junior Game Content Analyst	Junior Game Content Analyst	Junior Game Content Analyst	Junior Game Content Analyst	Junior Game Content Analyst
	Credits_Positions_MarketResMgr	Market Research Manager	Market Research Manager	Market Research Manager	Market Research Manager	Market Research Manager	Market Research Manager	Market Research Manager	Market Research Manager	Market Research Manager	Market Research Manager	Market Research Manager	Market Research Manager	Market Research Manager	Market Research Manager
	Credits_Positions_JunMAnalyst	Junior Market Analyst	Junior Market Analyst	Junior Market Analyst	Junior Market Analyst	Junior Market Analyst	Junior Market Analyst	Junior Market Analyst	Junior Market Analyst	Junior Market Analyst	Junior Market Analyst	Junior Market Analyst	Junior Market Analyst	Junior Market Analyst	Junior Market Analyst
	Credits_Positions_StrMAnalyst	Strategic Marketing Analyst	Strategic Marketing Analyst	Strategic Marketing Analyst	Strategic Marketing Analyst	Strategic Marketing Analyst	Strategic Marketing Analyst	Strategic Marketing Analyst	Strategic Marketing Analyst	Strategic Marketing Analyst	Strategic Marketing Analyst	Strategic Marketing Analyst	Strategic Marketing Analyst	Strategic Marketing Analyst	Strategic Marketing Analyst
	Credits_Positions_SalesReporting	Sales Reporting	Sales Reporting	Sales Reporting	Sales Reporting	Sales Reporting	Sales Reporting	Sales Reporting	Sales Reporting	Sales Reporting	Sales Reporting	Sales Reporting	Sales Reporting	Sales Reporting	Sales Reporting
	Credits_Positions_CreativeDesigner	Creative Designer	Creative Designer	Creative Designer	Creative Designer	Creative Designer	Creative Designer	Creative Designer	Creative Designer	Creative Designer	Creative Designer	Creative Designer	Creative Designer	Creative Designer	Creative Designer
	Credits_Positions_ComMgrLeader	Community Manager Team Leader	Community Manager Team Leader	Community Manager Team Leader	Community Manager Team Leader	Community Manager Team Leader	Community Manager Team Leader	Community Manager Team Leader	Community Manager Team Leader	Community Manager Team Leader	Community Manager Team Leader	Community Manager Team Leader	Community Manager Team Leader	Community Manager Team Leader	Community Manager Team Leader
	Credits_Positions_ComMgr	Community Manager	Community Manager	Community Manager	Community Manager	Community Manager	Community Manager	Community Manager	Community Manager	Community Manager	Community Manager	Community Manager	Community Manager	Community Manager	Community Manager
	Credits_Positions_ComMgrAssist	Community Manager Assistant	Community Manager Assistant	Community Manager Assistant	Community Manager Assistant	Community Manager Assistant	Community Manager Assistant	Community Manager Assistant	Community Manager Assistant	Community Manager Assistant	Community Manager Assistant	Community Manager Assistant	Community Manager Assistant	Community Manager Assistant	Community Manager Assistant
	Credits_Positions_eCRMAssistant	e-CRM Assistant	e-CRM Assistant	e-CRM Assistant	e-CRM Assistant	e-CRM Assistant	e-CRM Assistant	e-CRM Assistant	e-CRM Assistant	e-CRM Assistant	e-CRM Assistant	e-CRM Assistant	e-CRM Assistant	e-CRM Assistant	e-CRM Assistant
	Credits_Positions_WebMgrJr	Web Project Manager Jr.	Web Project Manager Jr.	Web Project Manager Jr.	Web Project Manager Jr.	Web Project Manager Jr.	Web Project Manager Jr.	Web Project Manager Jr.	Web Project Manager Jr.	Web Project Manager Jr.	Web Project Manager Jr.	Web Project Manager Jr.	Web Project Manager Jr.	Web Project Manager Jr.	Web Project Manager Jr.
	Credits_Positions_WebMgr	Web Project Manager	Web Project Manager	Web Project Manager	Web Project Manager	Web Project Manager	Web Project Manager	Web Project Manager	Web Project Manager	Web Project Manager	Web Project Manager	Web Project Manager	Web Project Manager	Web Project Manager	Web Project Manager
	Credits_Positions_DCMgr	Digital Content Manager	Digital Content Manager	Digital Content Manager	Digital Content Manager	Digital Content Manager	Digital Content Manager	Digital Content Manager	Digital Content Manager	Digital Content Manager	Digital Content Manager	Digital Content Manager	Digital Content Manager	Digital Content Manager	Digital Content Manager
	Credits_Positions_DSMgr	Digital Sales Manager	Digital Sales Manager	Digital Sales Manager	Digital Sales Manager	Digital Sales Manager	Digital Sales Manager	Digital Sales Manager	Digital Sales Manager	Digital Sales Manager	Digital Sales Manager	Digital Sales Manager	Digital Sales Manager	Digital Sales Manager	Digital Sales Manager
	Credits_Positions_DBUnitDirector	Digital Business Unit Director	Digital Business Unit Director	Digital Business Unit Director	Digital Business Unit Director	Digital Business Unit Director	Digital Business Unit Director	Digital Business Unit Director	Digital Business Unit Director	Digital Business Unit Director	Digital Business Unit Director	Digital Business Unit Director	Digital Business Unit Director	Digital Business Unit Director	Digital Business Unit Director
	Credits_Positions_VPofIP	VP of IP Strategy, PR / Marketing	VP of IP Strategy, PR / Marketing	VP of IP Strategy, PR / Marketing	VP of IP Strategy, PR / Marketing	VP of IP Strategy, PR / Marketing	VP of IP Strategy, PR / Marketing	VP of IP Strategy, PR / Marketing	VP of IP Strategy, PR / Marketing	VP of IP Strategy, PR / Marketing	VP of IP Strategy, PR / Marketing	VP of IP Strategy, PR / Marketing	VP of IP Strategy, PR / Marketing	VP of IP Strategy, PR / Marketing	VP of IP Strategy, PR / Marketing
	Credits_Positions_PckMgr	Packaging Project Manager	Packaging Project Manager	Packaging Project Manager	Packaging Project Manager	Packaging Project Manager	Packaging Project Manager	Packaging Project Manager	Packaging Project Manager	Packaging Project Manager	Packaging Project Manager	Packaging Project Manager	Packaging Project Manager	Packaging Project Manager	Packaging Project Manager
	Credits_Positions_ManPrintDir	Manufacturing & Printed Materials Director	Manufacturing & Printed Materials Director	Manufacturing & Printed Materials Director	Manufacturing & Printed Materials Director	Manufacturing & Printed Materials Director	Manufacturing & Printed Materials Director	Manufacturing & Printed Materials Director	Manufacturing & Printed Materials Director	Manufacturing & Printed Materials Director	Manufacturing & Printed Materials Director	Manufacturing & Printed Materials Director	Manufacturing & Printed Materials Director	Manufacturing & Printed Materials Director	Manufacturing & Printed Materials Director
	Credits_Positions_SupCoord	Supply Chain Coordinator	Supply Chain Coordinator	Supply Chain Coordinator	Supply Chain Coordinator	Supply Chain Coordinator	Supply Chain Coordinator	Supply Chain Coordinator	Supply Chain Coordinator	Supply Chain Coordinator	Supply Chain Coordinator	Supply Chain Coordinator	Supply Chain Coordinator	Supply Chain Coordinator	Supply Chain Coordinator
	Credits_Positions_SupMgr	Supply Chain Coordinator	Supply Chain Coordinator	Supply Chain Coordinator	Supply Chain Coordinator	Supply Chain Coordinator	Supply Chain Coordinator	Supply Chain Coordinator	Supply Chain Coordinator	Supply Chain Coordinator	Supply Chain Coordinator	Supply Chain Coordinator	Supply Chain Coordinator	Supply Chain Coordinator	Supply Chain Coordinator
	Credits_Positions_SalesAdmin	Sales Administration	Sales Administration	Sales Administration	Sales Administration	Sales Administration	Sales Administration	Sales Administration	Sales Administration	Sales Administration	Sales Administration	Sales Administration	Sales Administration	Sales Administration	Sales Administration
	Credits_Positions_ManCoord	Manufacturing Coordinator	Manufacturing Coordinator	Manufacturing Coordinator	Manufacturing Coordinator	Manufacturing Coordinator	Manufacturing Coordinator	Manufacturing Coordinator	Manufacturing Coordinator	Manufacturing Coordinator	Manufacturing Coordinator	Manufacturing Coordinator	Manufacturing Coordinator	Manufacturing Coordinator	Manufacturing Coordinator
	Credits_Positions_CorPlanMgr	Corporate Planning & Finance Manager	Corporate Planning & Finance Manager	Corporate Planning & Finance Manager	Corporate Planning & Finance Manager	Corporate Planning & Finance Manager	Corporate Planning & Finance Manager	Corporate Planning & Finance Manager	Corporate Planning & Finance Manager	Corporate Planning & Finance Manager	Corporate Planning & Finance Manager	Corporate Planning & Finance Manager	Corporate Planning & Finance Manager	Corporate Planning & Finance Manager	Corporate Planning & Finance Manager
	Credits_Positions_VPDistOp	VP Distribution Operations	VP Distribution Operations	VP Distribution Operations	VP Distribution Operations	VP Distribution Operations	VP Distribution Operations	VP Distribution Operations	VP Distribution Operations	VP Distribution Operations	VP Distribution Operations	VP Distribution Operations	VP Distribution Operations	VP Distribution Operations	VP Distribution Operations
	Credits_Positions_SenDirMgr	Senior Director Development Strategy & Management	Senior Director Development Strategy & Management	Senior Director Development Strategy & Management	Senior Director Development Strategy & Management	Senior Director Development Strategy & Management	Senior Director Development Strategy & Management	Senior Director Development Strategy & Management	Senior Director Development Strategy & Management	Senior Director Development Strategy & Management	Senior Director Development Strategy & Management	Senior Director Development Strategy & Management	Senior Director Development Strategy & Management	Senior Director Development Strategy & Management	Senior Director Development Strategy & Management
	Credits_Positions_SVPDev	SVP Production & Development	SVP Production & Development	SVP Production & Development	SVP Production & Development	SVP Production & Development	SVP Production & Development	SVP Production & Development	SVP Production & Development	SVP Production & Development	SVP Production & Development	SVP Production & Development	SVP Production & Development	SVP Production & Development	SVP Production & Development
	Credits_Positions_LocMarketing	Local Marketing	Local Marketing	Local Marketing	Local Marketing	Local Marketing	Local Marketing	Local Marketing	Local Marketing	Local Marketing	Local Marketing	Local Marketing	Local Marketing	Local Marketing	Local Marketing
	Credits_Positions_UK	UK	UK	UK	UK	UK	UK	UK	UK	UK	UK	UK	UK	UK	UK
	Credits_Positions_FrBe	France / Belgium	France / Belgium	France / Belgium	France / Belgium	France / Belgium	France / Belgium	France / Belgium	France / Belgium	France / Belgium	France / Belgium	France / Belgium	France / Belgium	France / Belgium	France / Belgium
	Credits_Positions_Deutschland	Deutschland	Deutschland	Deutschland	Deutschland	Deutschland	Deutschland	Deutschland	Deutschland	Deutschland	Deutschland	Deutschland	Deutschland	Deutschland	Deutschland
	Credits_Positions_Iberica	Iberica	Iberica	Iberica	Iberica	Iberica	Iberica	Iberica	Iberica	Iberica	Iberica	Iberica	Iberica	Iberica	Iberica
	Credits_Positions_Italy	Italy	Italy	Italy	Italy	Italy	Italy	Italy	Italy	Italy	Italy	Italy	Italy	Italy	Italy
	Credits_Positions_Nord	Nordic / Netherlands	Nordic / Netherlands	Nordic / Netherlands	Nordic / Netherlands	Nordic / Netherlands	Nordic / Netherlands	Nordic / Netherlands	Nordic / Netherlands	Nordic / Netherlands	Nordic / Netherlands	Nordic / Netherlands	Nordic / Netherlands	Nordic / Netherlands	Nordic / Netherlands
	Credits_Positions_Hellas	Hellas	Hellas	Hellas	Hellas	Hellas	Hellas	Hellas	Hellas	Hellas	Hellas	Hellas	Hellas	Hellas	Hellas
	Credits_Positions_EasternEurope	Eastern Europe	Eastern Europe	Eastern Europe	Eastern Europe	Eastern Europe	Eastern Europe	Eastern Europe	Eastern Europe	Eastern Europe	Eastern Europe	Eastern Europe	Eastern Europe	Eastern Europe	Eastern Europe
	Credits_Positions_Australia	Australia	Australia	Australia	Australia	Australia	Australia	Australia	Australia	Australia	Australia	Australia	Australia	Australia	Australia
	Credits_Positions_ChairmanCEO	Chairman & CEO	Chairman & CEO	Chairman & CEO	Chairman & CEO	Chairman & CEO	Chairman & CEO	Chairman & CEO	Chairman & CEO	Chairman & CEO	Chairman & CEO	Chairman & CEO	Chairman & CEO	Chairman & CEO	Chairman & CEO
	Credits_Positions_PresidentCOO	President & COO	President & COO	President & COO	President & COO	President & COO	President & COO	President & COO	President & COO	President & COO	President & COO	President & COO	President & COO	President & COO	President & COO
	Credits_Positions_ExecutiveVPCFO	Executive VP & CFO	Executive VP & CFO	Executive VP & CFO	Executive VP & CFO	Executive VP & CFO	Executive VP & CFO	Executive VP & CFO	Executive VP & CFO	Executive VP & CFO	Executive VP & CFO	Executive VP & CFO	Executive VP & CFO	Executive VP & CFO	Executive VP & CFO
	Credits_Positions_ProdSrv	PRODUCTION SERVICES	PRODUCTION SERVICES	PRODUCTION SERVICES	PRODUCTION SERVICES	PRODUCTION SERVICES	PRODUCTION SERVICES	PRODUCTION SERVICES	PRODUCTION SERVICES	PRODUCTION SERVICES	PRODUCTION SERVICES	PRODUCTION SERVICES	PRODUCTION SERVICES	PRODUCTION SERVICES	PRODUCTION SERVICES
	Credits_Positions_SenDirPS	Senior Director, Production Services	Senior Director, Production Services	Senior Director, Production Services	Senior Director, Production Services	Senior Director, Production Services	Senior Director, Production Services	Senior Director, Production Services	Senior Director, Production Services	Senior Director, Production Services	Senior Director, Production Services	Senior Director, Production Services	Senior Director, Production Services	Senior Director, Production Services	Senior Director, Production Services
	Credits_Positions_SenProd	Senior Producer	Senior Producer	Senior Producer	Senior Producer	Senior Producer	Senior Producer	Senior Producer	Senior Producer	Senior Producer	Senior Producer	Senior Producer	Senior Producer	Senior Producer	Senior Producer
	Credits_Positions_SenMgrLoc	Senior Manager, Localization	Senior Manager, Localization	Senior Manager, Localization	Senior Manager, Localization	Senior Manager, Localization	Senior Manager, Localization	Senior Manager, Localization	Senior Manager, Localization	Senior Manager, Localization	Senior Manager, Localization	Senior Manager, Localization	Senior Manager, Localization	Senior Manager, Localization	Senior Manager, Localization
	Credits_Positions_SenLocProd	Senior Localization Producer	Senior Localization Producer	Senior Localization Producer	Senior Localization Producer	Senior Localization Producer	Senior Localization Producer	Senior Localization Producer	Senior Localization Producer	Senior Localization Producer	Senior Localization Producer	Senior Localization Producer	Senior Localization Producer	Senior Localization Producer	Senior Localization Producer
	Credits_Positions_PubIPStr	PUBLISHING & IP STRATEGY	PUBLISHING & IP STRATEGY	PUBLISHING & IP STRATEGY	PUBLISHING & IP STRATEGY	PUBLISHING & IP STRATEGY	PUBLISHING & IP STRATEGY	PUBLISHING & IP STRATEGY	PUBLISHING & IP STRATEGY	PUBLISHING & IP STRATEGY	PUBLISHING & IP STRATEGY	PUBLISHING & IP STRATEGY	PUBLISHING & IP STRATEGY	PUBLISHING & IP STRATEGY	PUBLISHING & IP STRATEGY
	Credits_Positions_VPPubIPStr	VP, Publishing & IP Strategy	VP, Publishing & IP Strategy	VP, Publishing & IP Strategy	VP, Publishing & IP Strategy	VP, Publishing & IP Strategy	VP, Publishing & IP Strategy	VP, Publishing & IP Strategy	VP, Publishing & IP Strategy	VP, Publishing & IP Strategy	VP, Publishing & IP Strategy	VP, Publishing & IP Strategy	VP, Publishing & IP Strategy	VP, Publishing & IP Strategy	VP, Publishing & IP Strategy
	Credits_Positions_PubIPStrPos	Publishing & IP Strategy	Publishing & IP Strategy	Publishing & IP Strategy	Publishing & IP Strategy	Publishing & IP Strategy	Publishing & IP Strategy	Publishing & IP Strategy	Publishing & IP Strategy	Publishing & IP Strategy	Publishing & IP Strategy	Publishing & IP Strategy	Publishing & IP Strategy	Publishing & IP Strategy	Publishing & IP Strategy
	Credits_Positions_Ops	OPERATIONS	OPERATIONS	OPERATIONS	OPERATIONS	OPERATIONS	OPERATIONS	OPERATIONS	OPERATIONS	OPERATIONS	OPERATIONS	OPERATIONS	OPERATIONS	OPERATIONS	OPERATIONS
	Credits_Positions_DirAppOp	Director, Applications & Operations	Director, Applications & Operations	Director, Applications & Operations	Director, Applications & Operations	Director, Applications & Operations	Director, Applications & Operations	Director, Applications & Operations	Director, Applications & Operations	Director, Applications & Operations	Director, Applications & Operations	Director, Applications & Operations	Director, Applications & Operations	Director, Applications & Operations	Director, Applications & Operations
	Credits_Positions_SenOpMgr	Senior Operations Manager	Senior Operations Manager	Senior Operations Manager	Senior Operations Manager	Senior Operations Manager	Senior Operations Manager	Senior Operations Manager	Senior Operations Manager	Senior Operations Manager	Senior Operations Manager	Senior Operations Manager	Senior Operations Manager	Senior Operations Manager	Senior Operations Manager
	Credits_Positions_OpAn	Operations Analyst	Operations Analyst	Operations Analyst	Operations Analyst	Operations Analyst	Operations Analyst	Operations Analyst	Operations Analyst	Operations Analyst	Operations Analyst	Operations Analyst	Operations Analyst	Operations Analyst	Operations Analyst
	Credits_Positions_SalesMark	SALES & MARKETING	SALES & MARKETING	SALES & MARKETING	SALES & MARKETING	SALES & MARKETING	SALES & MARKETING	SALES & MARKETING	SALES & MARKETING	SALES & MARKETING	SALES & MARKETING	SALES & MARKETING	SALES & MARKETING	SALES & MARKETING	SALES & MARKETING
	Credits_Positions_SenVicePSM	Senior Vice President of Sales & Marketing	Senior Vice President of Sales & Marketing	Senior Vice President of Sales & Marketing	Senior Vice President of Sales & Marketing	Senior Vice President of Sales & Marketing	Senior Vice President of Sales & Marketing	Senior Vice President of Sales & Marketing	Senior Vice President of Sales & Marketing	Senior Vice President of Sales & Marketing	Senior Vice President of Sales & Marketing	Senior Vice President of Sales & Marketing	Senior Vice President of Sales & Marketing	Senior Vice President of Sales & Marketing	Senior Vice President of Sales & Marketing
	Credits_Positions_DirSalesOps	Director, Sales Operations	Director, Sales Operations	Director, Sales Operations	Director, Sales Operations	Director, Sales Operations	Director, Sales Operations	Director, Sales Operations	Director, Sales Operations	Director, Sales Operations	Director, Sales Operations	Director, Sales Operations	Director, Sales Operations	Director, Sales Operations	Director, Sales Operations
	Credits_Positions_SenDirSales	Senior Director, Sales	Senior Director, Sales	Senior Director, Sales	Senior Director, Sales	Senior Director, Sales	Senior Director, Sales	Senior Director, Sales	Senior Director, Sales	Senior Director, Sales	Senior Director, Sales	Senior Director, Sales	Senior Director, Sales	Senior Director, Sales	Senior Director, Sales
	Credits_Positions_DirSales	Director, Sales	Director, Sales	Director, Sales	Director, Sales	Director, Sales	Director, Sales	Director, Sales	Director, Sales	Director, Sales	Director, Sales	Director, Sales	Director, Sales	Director, Sales	Director, Sales
	Credits_Positions_DirRetailMarketing	Director, Retail & Channel Marketing	Director, Retail & Channel Marketing	Director, Retail & Channel Marketing	Director, Retail & Channel Marketing	Director, Retail & Channel Marketing	Director, Retail & Channel Marketing	Director, Retail & Channel Marketing	Director, Retail & Channel Marketing	Director, Retail & Channel Marketing	Director, Retail & Channel Marketing	Director, Retail & Channel Marketing	Director, Retail & Channel Marketing	Director, Retail & Channel Marketing	Director, Retail & Channel Marketing
	Credits_Positions_SalesAnalyst	Sales Analyst	Sales Analyst	Sales Analyst	Sales Analyst	Sales Analyst	Sales Analyst	Sales Analyst	Sales Analyst	Sales Analyst	Sales Analyst	Sales Analyst	Sales Analyst	Sales Analyst	Sales Analyst
	Credits_Positions_TrafficCoord	Traffic Coordinator	Traffic Coordinator	Traffic Coordinator	Traffic Coordinator	Traffic Coordinator	Traffic Coordinator	Traffic Coordinator	Traffic Coordinator	Traffic Coordinator	Traffic Coordinator	Traffic Coordinator	Traffic Coordinator	Traffic Coordinator	Traffic Coordinator
	Credits_Positions_DirOfMarketing	Director of Marketing	Director of Marketing	Director of Marketing	Director of Marketing	Director of Marketing	Director of Marketing	Director of Marketing	Director of Marketing	Director of Marketing	Director of Marketing	Director of Marketing	Director of Marketing	Director of Marketing	Director of Marketing
	Credits_Positions_DirPubRel	Director, Public Relations	Director, Public Relations	Director, Public Relations	Director, Public Relations	Director, Public Relations	Director, Public Relations	Director, Public Relations	Director, Public Relations	Director, Public Relations	Director, Public Relations	Director, Public Relations	Director, Public Relations	Director, Public Relations	Director, Public Relations
	Credits_Positions_SenPubRelSp	Senior Public Relations Specialist	Senior Public Relations Specialist	Senior Public Relations Specialist	Senior Public Relations Specialist	Senior Public Relations Specialist	Senior Public Relations Specialist	Senior Public Relations Specialist	Senior Public Relations Specialist	Senior Public Relations Specialist	Senior Public Relations Specialist	Senior Public Relations Specialist	Senior Public Relations Specialist	Senior Public Relations Specialist	Senior Public Relations Specialist
	Credits_Positions_AsPubRelSp	Associate Public Relations Specialist	Associate Public Relations Specialist	Associate Public Relations Specialist	Associate Public Relations Specialist	Associate Public Relations Specialist	Associate Public Relations Specialist	Associate Public Relations Specialist	Associate Public Relations Specialist	Associate Public Relations Specialist	Associate Public Relations Specialist	Associate Public Relations Specialist	Associate Public Relations Specialist	Associate Public Relations Specialist	Associate Public Relations Specialist
	Credits_Positions_EveMan	Events Manager	Events Manager	Events Manager	Events Manager	Events Manager	Events Manager	Events Manager	Events Manager	Events Manager	Events Manager	Events Manager	Events Manager	Events Manager	Events Manager
	Credits_Positions_DigMarkDev	Digital Marketing Manager	Digital Marketing Manager	Digital Marketing Manager	Digital Marketing Manager	Digital Marketing Manager	Digital Marketing Manager	Digital Marketing Manager	Digital Marketing Manager	Digital Marketing Manager	Digital Marketing Manager	Digital Marketing Manager	Digital Marketing Manager	Digital Marketing Manager	Digital Marketing Manager
	Credits_Positions_DirMarkSrvBrand	Director, Marketing Services & Branding	Director, Marketing Services & Branding	Director, Marketing Services & Branding	Director, Marketing Services & Branding	Director, Marketing Services & Branding	Director, Marketing Services & Branding	Director, Marketing Services & Branding	Director, Marketing Services & Branding	Director, Marketing Services & Branding	Director, Marketing Services & Branding	Director, Marketing Services & Branding	Director, Marketing Services & Branding	Director, Marketing Services & Branding	Director, Marketing Services & Branding
	Credits_Positions_SenVidEd	Senior Video Editor	Senior Video Editor	Senior Video Editor	Senior Video Editor	Senior Video Editor	Senior Video Editor	Senior Video Editor	Senior Video Editor	Senior Video Editor	Senior Video Editor	Senior Video Editor	Senior Video Editor	Senior Video Editor	Senior Video Editor
	Credits_Positions_InteractiveDesigner	InteractiveDesigner	InteractiveDesigner	InteractiveDesigner	InteractiveDesigner	InteractiveDesigner	InteractiveDesigner	InteractiveDesigner	InteractiveDesigner	InteractiveDesigner	InteractiveDesigner	InteractiveDesigner	InteractiveDesigner	InteractiveDesigner	InteractiveDesigner
	Credits_Positions_QualAs	QUALITY ASSURANCE	QUALITY ASSURANCE	QUALITY ASSURANCE	QUALITY ASSURANCE	QUALITY ASSURANCE	QUALITY ASSURANCE	QUALITY ASSURANCE	QUALITY ASSURANCE	QUALITY ASSURANCE	QUALITY ASSURANCE	QUALITY ASSURANCE	QUALITY ASSURANCE	QUALITY ASSURANCE	QUALITY ASSURANCE
	Credits_Positions_CQCMgr	CQC Manager	CQC Manager	CQC Manager	CQC Manager	CQC Manager	CQC Manager	CQC Manager	CQC Manager	CQC Manager	CQC Manager	CQC Manager	CQC Manager	CQC Manager	CQC Manager
	Credits_Positions_SenPrjCoord	Senior Project Coordinator	Senior Project Coordinator	Senior Project Coordinator	Senior Project Coordinator	Senior Project Coordinator	Senior Project Coordinator	Senior Project Coordinator	Senior Project Coordinator	Senior Project Coordinator	Senior Project Coordinator	Senior Project Coordinator	Senior Project Coordinator	Senior Project Coordinator	Senior Project Coordinator
	Credits_Positions_SenQALead	Senior QA Lead	Senior QA Lead	Senior QA Lead	Senior QA Lead	Senior QA Lead	Senior QA Lead	Senior QA Lead	Senior QA Lead	Senior QA Lead	Senior QA Lead	Senior QA Lead	Senior QA Lead	Senior QA Lead	Senior QA Lead
	Credits_Positions_CustSup	CUSTOMER SUPPORT	CUSTOMER SUPPORT	CUSTOMER SUPPORT	CUSTOMER SUPPORT	CUSTOMER SUPPORT	CUSTOMER SUPPORT	CUSTOMER SUPPORT	CUSTOMER SUPPORT	CUSTOMER SUPPORT	CUSTOMER SUPPORT	CUSTOMER SUPPORT	CUSTOMER SUPPORT	CUSTOMER SUPPORT	CUSTOMER SUPPORT
	Credits_Positions_CustSupMgr	Customer Support Manager	Customer Support Manager	Customer Support Manager	Customer Support Manager	Customer Support Manager	Customer Support Manager	Customer Support Manager	Customer Support Manager	Customer Support Manager	Customer Support Manager	Customer Support Manager	Customer Support Manager	Customer Support Manager	Customer Support Manager
	Credits_Positions_CustSupRep	Customer Support Representative	Customer Support Representative	Customer Support Representative	Customer Support Representative	Customer Support Representative	Customer Support Representative	Customer Support Representative	Customer Support Representative	Customer Support Representative	Customer Support Representative	Customer Support Representative	Customer Support Representative	Customer Support Representative	Customer Support Representative
	Credits_Positions_LocTeam	Localisation Team	Localisation Team	Localisation Team	Localisation Team	Localisation Team	Localisation Team	Localisation Team	Localisation Team	Localisation Team	Localisation Team	Localisation Team	Localisation Team	Localisation Team	Localisation Team
	Credits_Positions_LocQA	Localisation QA	Localisation QA	Localisation QA	Localisation QA	Localisation QA	Localisation QA	Localisation QA	Localisation QA	Localisation QA	Localisation QA	Localisation QA	Localisation QA	Localisation QA	Localisation QA
	Credits_Positions_PrjMgr	Project Manager	Project Manager	Project Manager	Project Manager	Project Manager	Project Manager	Project Manager	Project Manager	Project Manager	Project Manager	Project Manager	Project Manager	Project Manager	Project Manager
	Credits_Positions_PrjLead	Project Lead	Project Lead	Project Lead	Project Lead	Project Lead	Project Lead	Project Lead	Project Lead	Project Lead	Project Lead	Project Lead	Project Lead	Project Lead	Project Lead
	Credits_Positions_TestLeads	Test Leads	Test Leads	Test Leads	Test Leads	Test Leads	Test Leads	Test Leads	Test Leads	Test Leads	Test Leads	Test Leads	Test Leads	Test Leads	Test Leads
	Credits_Positions_Testers	Testers	Testers	Testers	Testers	Testers	Testers	Testers	Testers	Testers	Testers	Testers	Testers	Testers	Testers
	Credits_Positions_SpecThx	Special Thanks	Special Thanks	Special Thanks	Special Thanks	Special Thanks	Special Thanks	Special Thanks	Special Thanks	Special Thanks	Special Thanks	Special Thanks	Special Thanks	Special Thanks	Special Thanks
	Credits_Positions_VoiceOverEng	Voice Over Engeneer	Voice Over Engeneer	Voice Over Engeneer	Voice Over Engeneer	Voice Over Engeneer	Voice Over Engeneer	Voice Over Engeneer	Voice Over Engeneer	Voice Over Engeneer	Voice Over Engeneer	Voice Over Engeneer	Voice Over Engeneer	Voice Over Engeneer	Voice Over Engeneer
	Credits_Positions_AssistSndEditor	Assistant Sound Editor	Assistant Sound Editor	Assistant Sound Editor	Assistant Sound Editor	Assistant Sound Editor	Assistant Sound Editor	Assistant Sound Editor	Assistant Sound Editor	Assistant Sound Editor	Assistant Sound Editor	Assistant Sound Editor	Assistant Sound Editor	Assistant Sound Editor	Assistant Sound Editor
	Credits_Positions_Music	Music	Music	Music	Music	Music	Music	Music	Music	Music	Music	Music	Music	Music	Music
	Credits_Positions_Composer	Composer	Composer	Composer	Composer	Composer	Composer	Composer	Composer	Composer	Composer	Composer	Composer	Composer	Composer
	Credits_Positions_ScoreMixer	Score Mixer	Score Mixer	Score Mixer	Score Mixer	Score Mixer	Score Mixer	Score Mixer	Score Mixer	Score Mixer	Score Mixer	Score Mixer	Score Mixer	Score Mixer	Score Mixer
	Credits_Positions_Vocalist	Vocalist	Vocalist	Vocalist	Vocalist	Vocalist	Vocalist	Vocalist	Vocalist	Vocalist	Vocalist	Vocalist	Vocalist	Vocalist	Vocalist
	Credits_Positions_Guitars	Guitars	Guitars	Guitars	Guitars	Guitars	Guitars	Guitars	Guitars	Guitars	Guitars	Guitars	Guitars	Guitars	Guitars
	Credits_Positions_Drums	Drums	Drums	Drums	Drums	Drums	Drums	Drums	Drums	Drums	Drums	Drums	Drums	Drums	Drums
	Credits_Positions_AddPercussionPrg	Additional Percussion Programming	Additional Percussion Programming	Additional Percussion Programming	Additional Percussion Programming	Additional Percussion Programming	Additional Percussion Programming	Additional Percussion Programming	Additional Percussion Programming	Additional Percussion Programming	Additional Percussion Programming	Additional Percussion Programming	Additional Percussion Programming	Additional Percussion Programming	Additional Percussion Programming
	Credits_Positions_Assistant	Assistant	Assistant	Assistant	Assistant	Assistant	Assistant	Assistant	Assistant	Assistant	Assistant	Assistant	Assistant	Assistant	Assistant
	Credits_Positions_DemoScoreMixer	DemoScoreMixer	DemoScoreMixer	DemoScoreMixer	DemoScoreMixer	DemoScoreMixer	DemoScoreMixer	DemoScoreMixer	DemoScoreMixer	DemoScoreMixer	DemoScoreMixer	DemoScoreMixer	DemoScoreMixer	DemoScoreMixer	DemoScoreMixer
	Credits_Positions_VoiceActors	Voice Actors	Voice Actors	Voice Actors	Voice Actors	Voice Actors	Voice Actors	Voice Actors	Voice Actors	Voice Actors	Voice Actors	Voice Actors	Voice Actors	Voice Actors	Voice Actors
	Credits_Positions_MusSndThx	Music and Sound Thanks	Music and Sound Thanks	Music and Sound Thanks	Music and Sound Thanks	Music and Sound Thanks	Music and Sound Thanks	Music and Sound Thanks	Music and Sound Thanks	Music and Sound Thanks	Music and Sound Thanks	Music and Sound Thanks	Music and Sound Thanks	Music and Sound Thanks	Music and Sound Thanks
	Credits_Positions_AudioDir	Audio Director	Audio Director	Audio Director	Audio Director	Audio Director	Audio Director	Audio Director	Audio Director	Audio Director	Audio Director	Audio Director	Audio Director	Audio Director	Audio Director
	Credits_Positions_SndDesigner	Sound Designer	Sound Designer	Sound Designer	Sound Designer	Sound Designer	Sound Designer	Sound Designer	Sound Designer	Sound Designer	Sound Designer	Sound Designer	Sound Designer	Sound Designer	Sound Designer
	Credits_Positions_AddVoiceOverEng	Additional Voice Over Engineer	Additional Voice Over Engineer	Additional Voice Over Engineer	Additional Voice Over Engineer	Additional Voice Over Engineer	Additional Voice Over Engineer	Additional Voice Over Engineer	Additional Voice Over Engineer	Additional Voice Over Engineer	Additional Voice Over Engineer	Additional Voice Over Engineer	Additional Voice Over Engineer	Additional Voice Over Engineer	Additional Voice Over Engineer
	Credits_Positions_SndEditor	Sound Editor	Sound Editor	Sound Editor	Sound Editor	Sound Editor	Sound Editor	Sound Editor	Sound Editor	Sound Editor	Sound Editor	Sound Editor	Sound Editor	Sound Editor	Sound Editor
	Credits_Positions_PlatformLeads	Platform Leads	Platform Leads	Platform Leads	Platform Leads	Platform Leads	Platform Leads	Platform Leads	Platform Leads	Platform Leads	Platform Leads	Platform Leads	Platform Leads	Platform Leads	Platform Leads
	Credits_Positions_Licensors	Licensors	Licensors	Licensors	Licensors	Licensors	Licensors	Licensors	Licensors	Licensors	Licensors	Licensors	Licensors	Licensors	Licensors
	Credits_Positions_ThirdParty	Third-Party Software	Third-Party Software	Third-Party Software	Third-Party Software	Third-Party Software	Third-Party Software	Third-Party Software	Third-Party Software	Third-Party Software	Third-Party Software	Third-Party Software	Third-Party Software	Third-Party Software	Third-Party Software
	Credits_Positions_CQCTesters	CQC Testers	CQC Testers	CQC Testers	CQC Testers	CQC Testers	CQC Testers	CQC Testers	CQC Testers	CQC Testers	CQC Testers	CQC Testers	CQC Testers	CQC Testers	CQC Testers
	Credits_Positions_LeadTester	Lead Tester	Lead Tester	Lead Tester	Lead Tester	Lead Tester	Lead Tester	Lead Tester	Lead Tester	Lead Tester	Lead Tester	Lead Tester	Lead Tester	Lead Tester	Lead Tester
	Credits_Positions_LocTesters	Localisation Testers	Localisation Testers	Localisation Testers	Localisation Testers	Localisation Testers	Localisation Testers	Localisation Testers	Localisation Testers	Localisation Testers	Localisation Testers	Localisation Testers	Localisation Testers	Localisation Testers	Localisation Testers
	Credits_Positions_2DVehiclesArtist	2D Vehicles Artist	2D Vehicles Artist	2D Vehicles Artist	2D Vehicles Artist	2D Vehicles Artist	2D Vehicles Artist	2D Vehicles Artist	2D Vehicles Artist	2D Vehicles Artist	2D Vehicles Artist	2D Vehicles Artist	2D Vehicles Artist	2D Vehicles Artist	2D Vehicles Artist
	Credits_Positions_AdditionalCompositio	Additional Composition	Additional Composition	Additional Composition	Additional Composition	Additional Composition	Additional Composition	Additional Composition	Additional Composition	Additional Composition	Additional Composition	Additional Composition	Additional Composition	Additional Composition	Additional Composition
	Credits_Positions_Administration	Administration	Administration	Administration	Administration	Administration	Administration	Administration	Administration	Administration	Administration	Administration	Administration	Administration	Administration
	Credits_Positions_AiPhysicsProgrammer	AI Physics Programmer	AI Physics Programmer	AI Physics Programmer	AI Physics Programmer	AI Physics Programmer	AI Physics Programmer	AI Physics Programmer	AI Physics Programmer	AI Physics Programmer	AI Physics Programmer	AI Physics Programmer	AI Physics Programmer	AI Physics Programmer	AI Physics Programmer
	Credits_Positions_AnimationCharacters	Animation/Characters	Animation/Characters	Animation/Characters	Animation/Characters	Animation/Characters	Animation/Characters	Animation/Characters	Animation/Characters	Animation/Characters	Animation/Characters	Animation/Characters	Animation/Characters	Animation/Characters	Animation/Characters
	Credits_Positions_AssistantAccountant	Assistant Accountant	Assistant Accountant	Assistant Accountant	Assistant Accountant	Assistant Accountant	Assistant Accountant	Assistant Accountant	Assistant Accountant	Assistant Accountant	Assistant Accountant	Assistant Accountant	Assistant Accountant	Assistant Accountant	Assistant Accountant
	Credits_Positions_AssistantScorePrepar	Assistant Score Preparation	Assistant Score Preparation	Assistant Score Preparation	Assistant Score Preparation	Assistant Score Preparation	Assistant Score Preparation	Assistant Score Preparation	Assistant Score Preparation	Assistant Score Preparation	Assistant Score Preparation	Assistant Score Preparation	Assistant Score Preparation	Assistant Score Preparation	Assistant Score Preparation
	Credits_Positions_AudioProgrammer	Audio Programmer	Audio Programmer	Audio Programmer	Audio Programmer	Audio Programmer	Audio Programmer	Audio Programmer	Audio Programmer	Audio Programmer	Audio Programmer	Audio Programmer	Audio Programmer	Audio Programmer	Audio Programmer
	Credits_Positions_BackendSolutionInGam	Backend-Solution & In-game Advertising	Backend-Solution & In-game Advertising	Backend-Solution & In-game Advertising	Backend-Solution & In-game Advertising	Backend-Solution & In-game Advertising	Backend-Solution & In-game Advertising	Backend-Solution & In-game Advertising	Backend-Solution & In-game Advertising	Backend-Solution & In-game Advertising	Backend-Solution & In-game Advertising	Backend-Solution & In-game Advertising	Backend-Solution & In-game Advertising	Backend-Solution & In-game Advertising	Backend-Solution & In-game Advertising
	Credits_Positions_BuildManagementIt	Build Management & IT	Build Management & IT	Build Management & IT	Build Management & IT	Build Management & IT	Build Management & IT	Build Management & IT	Build Management & IT	Build Management & IT	Build Management & IT	Build Management & IT	Build Management & IT	Build Management & IT	Build Management & IT
	Credits_Positions_BusinessIntelligence	Business Intelligence Specialist	Business Intelligence Specialist	Business Intelligence Specialist	Business Intelligence Specialist	Business Intelligence Specialist	Business Intelligence Specialist	Business Intelligence Specialist	Business Intelligence Specialist	Business Intelligence Specialist	Business Intelligence Specialist	Business Intelligence Specialist	Business Intelligence Specialist	Business Intelligence Specialist	Business Intelligence Specialist
	Credits_Positions_CharacterAnimationAr	Character & Animation Artist	Character & Animation Artist	Character & Animation Artist	Character & Animation Artist	Character & Animation Artist	Character & Animation Artist	Character & Animation Artist	Character & Animation Artist	Character & Animation Artist	Character & Animation Artist	Character & Animation Artist	Character & Animation Artist	Character & Animation Artist	Character & Animation Artist
	Credits_Positions_CharacterAnimationMa	Character & Animation Manager	Character & Animation Manager	Character & Animation Manager	Character & Animation Manager	Character & Animation Manager	Character & Animation Manager	Character & Animation Manager	Character & Animation Manager	Character & Animation Manager	Character & Animation Manager	Character & Animation Manager	Character & Animation Manager	Character & Animation Manager	Character & Animation Manager
	Credits_Positions_CharacterArtist	Character Artist	Character Artist	Character Artist	Character Artist	Character Artist	Character Artist	Character Artist	Character Artist	Character Artist	Character Artist	Character Artist	Character Artist	Character Artist	Character Artist
	Credits_Positions_ChiefExecutiveOffice	Chief Executive Officer	Chief Executive Officer	Chief Executive Officer	Chief Executive Officer	Chief Executive Officer	Chief Executive Officer	Chief Executive Officer	Chief Executive Officer	Chief Executive Officer	Chief Executive Officer	Chief Executive Officer	Chief Executive Officer	Chief Executive Officer	Chief Executive Officer
	Credits_Positions_ChiefFinanceOfficer	Chief Finance Officer	Chief Finance Officer	Chief Finance Officer	Chief Finance Officer	Chief Finance Officer	Chief Finance Officer	Chief Finance Officer	Chief Finance Officer	Chief Finance Officer	Chief Finance Officer	Chief Finance Officer	Chief Finance Officer	Chief Finance Officer	Chief Finance Officer
	Credits_Positions_ChiefTechnicalOffice	Chief Technical Officer	Chief Technical Officer	Chief Technical Officer	Chief Technical Officer	Chief Technical Officer	Chief Technical Officer	Chief Technical Officer	Chief Technical Officer	Chief Technical Officer	Chief Technical Officer	Chief Technical Officer	Chief Technical Officer	Chief Technical Officer	Chief Technical Officer
	Credits_Positions_CommunityManagement	Community Management	Community Management	Community Management	Community Management	Community Management	Community Management	Community Management	Community Management	Community Management	Community Management	Community Management	Community Management	Community Management	Community Management
	Credits_Positions_ComposerAndAudioDire	Composer and Audio Director	Composer and Audio Director	Composer and Audio Director	Composer and Audio Director	Composer and Audio Director	Composer and Audio Director	Composer and Audio Director	Composer and Audio Director	Composer and Audio Director	Composer and Audio Director	Composer and Audio Director	Composer and Audio Director	Composer and Audio Director	Composer and Audio Director
	Credits_Positions_Concept2DArtist	Concept & 2D Artist	Concept & 2D Artist	Concept & 2D Artist	Concept & 2D Artist	Concept & 2D Artist	Concept & 2D Artist	Concept & 2D Artist	Concept & 2D Artist	Concept & 2D Artist	Concept & 2D Artist	Concept & 2D Artist	Concept & 2D Artist	Concept & 2D Artist	Concept & 2D Artist
	Credits_Positions_DirectorOfProduction	Director of Production	Director of Production	Director of Production	Director of Production	Director of Production	Director of Production	Director of Production	Director of Production	Director of Production	Director of Production	Director of Production	Director of Production	Director of Production	Director of Production
	Credits_Positions_Environments	Environments	Environments	Environments	Environments	Environments	Environments	Environments	Environments	Environments	Environments	Environments	Environments	Environments	Environments
	Credits_Positions_ExecutiveProducer	Executive Producer	Executive Producer	Executive Producer	Executive Producer	Executive Producer	Executive Producer	Executive Producer	Executive Producer	Executive Producer	Executive Producer	Executive Producer	Executive Producer	Executive Producer	Executive Producer
	Credits_Positions_FunctionalityQa	Functionality QA	Functionality QA	Functionality QA	Functionality QA	Functionality QA	Functionality QA	Functionality QA	Functionality QA	Functionality QA	Functionality QA	Functionality QA	Functionality QA	Functionality QA	Functionality QA
	Credits_Positions_GameBabies	Game Babies	Game Babies	Game Babies	Game Babies	Game Babies	Game Babies	Game Babies	Game Babies	Game Babies	Game Babies	Game Babies	Game Babies	Game Babies	Game Babies
	Credits_Positions_GameDirector	Game Director	Game Director	Game Director	Game Director	Game Director	Game Director	Game Director	Game Director	Game Director	Game Director	Game Director	Game Director	Game Director	Game Director
	Credits_Positions_GameplayProgrammer	Gameplay Programmer	Gameplay Programmer	Gameplay Programmer	Gameplay Programmer	Gameplay Programmer	Gameplay Programmer	Gameplay Programmer	Gameplay Programmer	Gameplay Programmer	Gameplay Programmer	Gameplay Programmer	Gameplay Programmer	Gameplay Programmer	Gameplay Programmer
	Credits_Positions_Gui	GUI	GUI	GUI	GUI	GUI	GUI	GUI	GUI	GUI	GUI	GUI	GUI	GUI	GUI
	Credits_Positions_HeadOfDevelopment	Head of Development	Head of Development	Head of Development	Head of Development	Head of Development	Head of Development	Head of Development	Head of Development	Head of Development	Head of Development	Head of Development	Head of Development	Head of Development	Head of Development
	Credits_Positions_HeadOfProduction	Head of Production	Head of Production	Head of Production	Head of Production	Head of Production	Head of Production	Head of Production	Head of Production	Head of Production	Head of Production	Head of Production	Head of Production	Head of Production	Head of Production
	Credits_Positions_HrManager	HR Manager	HR Manager	HR Manager	HR Manager	HR Manager	HR Manager	HR Manager	HR Manager	HR Manager	HR Manager	HR Manager	HR Manager	HR Manager	HR Manager
	Credits_Positions_InternationalSalesDi	International Sales Director	International Sales Director	International Sales Director	International Sales Director	International Sales Director	International Sales Director	International Sales Director	International Sales Director	International Sales Director	International Sales Director	International Sales Director	International Sales Director	International Sales Director	International Sales Director
	Credits_Positions_JuniorVehicleArtist	Junior Vehicle Artist	Junior Vehicle Artist	Junior Vehicle Artist	Junior Vehicle Artist	Junior Vehicle Artist	Junior Vehicle Artist	Junior Vehicle Artist	Junior Vehicle Artist	Junior Vehicle Artist	Junior Vehicle Artist	Junior Vehicle Artist	Junior Vehicle Artist	Junior Vehicle Artist	Junior Vehicle Artist
	Credits_Positions_LauncherDevelopment	Launcher Development	Launcher Development	Launcher Development	Launcher Development	Launcher Development	Launcher Development	Launcher Development	Launcher Development	Launcher Development	Launcher Development	Launcher Development	Launcher Development	Launcher Development	Launcher Development
	Credits_Positions_LeadAnimator	Lead Animator	Lead Animator	Lead Animator	Lead Animator	Lead Animator	Lead Animator	Lead Animator	Lead Animator	Lead Animator	Lead Animator	Lead Animator	Lead Animator	Lead Animator	Lead Animator
	Credits_Positions_LeadDesigner	Lead Designer	Lead Designer	Lead Designer	Lead Designer	Lead Designer	Lead Designer	Lead Designer	Lead Designer	Lead Designer	Lead Designer	Lead Designer	Lead Designer	Lead Designer	Lead Designer
	Credits_Positions_LeadEnvironmentArtis	Lead Environment Artist	Lead Environment Artist	Lead Environment Artist	Lead Environment Artist	Lead Environment Artist	Lead Environment Artist	Lead Environment Artist	Lead Environment Artist	Lead Environment Artist	Lead Environment Artist	Lead Environment Artist	Lead Environment Artist	Lead Environment Artist	Lead Environment Artist
	Credits_Positions_LeadQa	Lead QA	Lead QA	Lead QA	Lead QA	Lead QA	Lead QA	Lead QA	Lead QA	Lead QA	Lead QA	Lead QA	Lead QA	Lead QA	Lead QA
	Credits_Positions_LeadSoundAudioDesign	Lead Sound & Audio Designer	Lead Sound & Audio Designer	Lead Sound & Audio Designer	Lead Sound & Audio Designer	Lead Sound & Audio Designer	Lead Sound & Audio Designer	Lead Sound & Audio Designer	Lead Sound & Audio Designer	Lead Sound & Audio Designer	Lead Sound & Audio Designer	Lead Sound & Audio Designer	Lead Sound & Audio Designer	Lead Sound & Audio Designer	Lead Sound & Audio Designer
	Credits_Positions_LeadTechnicalVehicle	Lead Technical Vehicle Artist	Lead Technical Vehicle Artist	Lead Technical Vehicle Artist	Lead Technical Vehicle Artist	Lead Technical Vehicle Artist	Lead Technical Vehicle Artist	Lead Technical Vehicle Artist	Lead Technical Vehicle Artist	Lead Technical Vehicle Artist	Lead Technical Vehicle Artist	Lead Technical Vehicle Artist	Lead Technical Vehicle Artist	Lead Technical Vehicle Artist	Lead Technical Vehicle Artist
	Credits_Positions_LeadUiProgrammer	Lead UI Programmer	Lead UI Programmer	Lead UI Programmer	Lead UI Programmer	Lead UI Programmer	Lead UI Programmer	Lead UI Programmer	Lead UI Programmer	Lead UI Programmer	Lead UI Programmer	Lead UI Programmer	Lead UI Programmer	Lead UI Programmer	Lead UI Programmer
	Credits_Positions_LeadVehicleArtist	Lead Vehicle Artist	Lead Vehicle Artist	Lead Vehicle Artist	Lead Vehicle Artist	Lead Vehicle Artist	Lead Vehicle Artist	Lead Vehicle Artist	Lead Vehicle Artist	Lead Vehicle Artist	Lead Vehicle Artist	Lead Vehicle Artist	Lead Vehicle Artist	Lead Vehicle Artist	Lead Vehicle Artist
	Credits_Positions_Localisation	Localisation	Localisation	Localisation	Localisation	Localisation	Localisation	Localisation	Localisation	Localisation	Localisation	Localisation	Localisation	Localisation	Localisation
	Credits_Positions_ManagementAccountant	Management Accountant	Management Accountant	Management Accountant	Management Accountant	Management Accountant	Management Accountant	Management Accountant	Management Accountant	Management Accountant	Management Accountant	Management Accountant	Management Accountant	Management Accountant	Management Accountant
	Credits_Positions_ManagingProducer	Managing Producer	Managing Producer	Managing Producer	Managing Producer	Managing Producer	Managing Producer	Managing Producer	Managing Producer	Managing Producer	Managing Producer	Managing Producer	Managing Producer	Managing Producer	Managing Producer
	Credits_Positions_Marketing	Marketing	Marketing	Marketing	Marketing	Marketing	Marketing	Marketing	Marketing	Marketing	Marketing	Marketing	Marketing	Marketing	Marketing
	Credits_Positions_MusicMasteringEngine	Music Mastering Engineer	Music Mastering Engineer	Music Mastering Engineer	Music Mastering Engineer	Music Mastering Engineer	Music Mastering Engineer	Music Mastering Engineer	Music Mastering Engineer	Music Mastering Engineer	Music Mastering Engineer	Music Mastering Engineer	Music Mastering Engineer	Music Mastering Engineer	Music Mastering Engineer
	Credits_Positions_OfficeAdministrator	Office Administrator	Office Administrator	Office Administrator	Office Administrator	Office Administrator	Office Administrator	Office Administrator	Office Administrator	Office Administrator	Office Administrator	Office Administrator	Office Administrator	Office Administrator	Office Administrator
	Credits_Positions_OnlineProgrammer	Online Programmer	Online Programmer	Online Programmer	Online Programmer	Online Programmer	Online Programmer	Online Programmer	Online Programmer	Online Programmer	Online Programmer	Online Programmer	Online Programmer	Online Programmer	Online Programmer
	Credits_Positions_OrchestralContractor	Orchestral Contractor and Conductor	Orchestral Contractor and Conductor	Orchestral Contractor and Conductor	Orchestral Contractor and Conductor	Orchestral Contractor and Conductor	Orchestral Contractor and Conductor	Orchestral Contractor and Conductor	Orchestral Contractor and Conductor	Orchestral Contractor and Conductor	Orchestral Contractor and Conductor	Orchestral Contractor and Conductor	Orchestral Contractor and Conductor	Orchestral Contractor and Conductor	Orchestral Contractor and Conductor
	Credits_Positions_OrchestrationAndScor	Orchestration and Score Preparation	Orchestration and Score Preparation	Orchestration and Score Preparation	Orchestration and Score Preparation	Orchestration and Score Preparation	Orchestration and Score Preparation	Orchestration and Score Preparation	Orchestration and Score Preparation	Orchestration and Score Preparation	Orchestration and Score Preparation	Orchestration and Score Preparation	Orchestration and Score Preparation	Orchestration and Score Preparation	Orchestration and Score Preparation
	Credits_Positions_Physics	Physics	Physics	Physics	Physics	Physics	Physics	Physics	Physics	Physics	Physics	Physics	Physics	Physics	Physics
	Credits_Positions_PhysicsLead	Physics Lead	Physics Lead	Physics Lead	Physics Lead	Physics Lead	Physics Lead	Physics Lead	Physics Lead	Physics Lead	Physics Lead	Physics Lead	Physics Lead	Physics Lead	Physics Lead
	Credits_Positions_PhysicsProgrammer	Physics Programmer	Physics Programmer	Physics Programmer	Physics Programmer	Physics Programmer	Physics Programmer	Physics Programmer	Physics Programmer	Physics Programmer	Physics Programmer	Physics Programmer	Physics Programmer	Physics Programmer	Physics Programmer
	Credits_Positions_ProductionAdvisors	Production Advisors	Production Advisors	Production Advisors	Production Advisors	Production Advisors	Production Advisors	Production Advisors	Production Advisors	Production Advisors	Production Advisors	Production Advisors	Production Advisors	Production Advisors	Production Advisors
	Credits_Positions_ProductionConsultant	Production Consultant	Production Consultant	Production Consultant	Production Consultant	Production Consultant	Production Consultant	Production Consultant	Production Consultant	Production Consultant	Production Consultant	Production Consultant	Production Consultant	Production Consultant	Production Consultant
	Credits_Positions_ProjectLeadGameplayP	Project Lead Gameplay Programmer	Project Lead Gameplay Programmer	Project Lead Gameplay Programmer	Project Lead Gameplay Programmer	Project Lead Gameplay Programmer	Project Lead Gameplay Programmer	Project Lead Gameplay Programmer	Project Lead Gameplay Programmer	Project Lead Gameplay Programmer	Project Lead Gameplay Programmer	Project Lead Gameplay Programmer	Project Lead Gameplay Programmer	Project Lead Gameplay Programmer	Project Lead Gameplay Programmer
	Credits_Positions_ProjectQaLead	Project QA Lead	Project QA Lead	Project QA Lead	Project QA Lead	Project QA Lead	Project QA Lead	Project QA Lead	Project QA Lead	Project QA Lead	Project QA Lead	Project QA Lead	Project QA Lead	Project QA Lead	Project QA Lead
	Credits_Positions_PublicRelations	Public Relations	Public Relations	Public Relations	Public Relations	Public Relations	Public Relations	Public Relations	Public Relations	Public Relations	Public Relations	Public Relations	Public Relations	Public Relations	Public Relations
	Credits_Positions_PublishingQa	Publishing QA	Publishing QA	Publishing QA	Publishing QA	Publishing QA	Publishing QA	Publishing QA	Publishing QA	Publishing QA	Publishing QA	Publishing QA	Publishing QA	Publishing QA	Publishing QA
	Credits_Positions_QaAndProductionAssis	QA and Production Assistant	QA and Production Assistant	QA and Production Assistant	QA and Production Assistant	QA and Production Assistant	QA and Production Assistant	QA and Production Assistant	QA and Production Assistant	QA and Production Assistant	QA and Production Assistant	QA and Production Assistant	QA and Production Assistant	QA and Production Assistant	QA and Production Assistant
	Credits_Positions_SalesConsultant	Sales Consultant 	Sales Consultant 	Sales Consultant 	Sales Consultant 	Sales Consultant 	Sales Consultant 	Sales Consultant 	Sales Consultant 	Sales Consultant 	Sales Consultant 	Sales Consultant 	Sales Consultant 	Sales Consultant 	Sales Consultant 
	Credits_Positions_SalesDirector	Sales Director	Sales Director	Sales Director	Sales Director	Sales Director	Sales Director	Sales Director	Sales Director	Sales Director	Sales Director	Sales Director	Sales Director	Sales Director	Sales Director
	Credits_Positions_SalesKeyAccount	Sales Key Account	Sales Key Account	Sales Key Account	Sales Key Account	Sales Key Account	Sales Key Account	Sales Key Account	Sales Key Account	Sales Key Account	Sales Key Account	Sales Key Account	Sales Key Account	Sales Key Account	Sales Key Account
	Credits_Positions_ScoreCoordinator	Score Coordinator	Score Coordinator	Score Coordinator	Score Coordinator	Score Coordinator	Score Coordinator	Score Coordinator	Score Coordinator	Score Coordinator	Score Coordinator	Score Coordinator	Score Coordinator	Score Coordinator	Score Coordinator
	Credits_Positions_ScoreMixerAndSoundEn	Score Mixer and Sound Engineer	Score Mixer and Sound Engineer	Score Mixer and Sound Engineer	Score Mixer and Sound Engineer	Score Mixer and Sound Engineer	Score Mixer and Sound Engineer	Score Mixer and Sound Engineer	Score Mixer and Sound Engineer	Score Mixer and Sound Engineer	Score Mixer and Sound Engineer	Score Mixer and Sound Engineer	Score Mixer and Sound Engineer	Score Mixer and Sound Engineer	Score Mixer and Sound Engineer
	Credits_Positions_SeniorConsultant	Senior Consultant	Senior Consultant	Senior Consultant	Senior Consultant	Senior Consultant	Senior Consultant	Senior Consultant	Senior Consultant	Senior Consultant	Senior Consultant	Senior Consultant	Senior Consultant	Senior Consultant	Senior Consultant
	Credits_Positions_SeniorEnvironmentArt	Senior Environment Artist	Senior Environment Artist	Senior Environment Artist	Senior Environment Artist	Senior Environment Artist	Senior Environment Artist	Senior Environment Artist	Senior Environment Artist	Senior Environment Artist	Senior Environment Artist	Senior Environment Artist	Senior Environment Artist	Senior Environment Artist	Senior Environment Artist
	Credits_Positions_SeniorGameplayProgra	Senior Gameplay Programmer	Senior Gameplay Programmer	Senior Gameplay Programmer	Senior Gameplay Programmer	Senior Gameplay Programmer	Senior Gameplay Programmer	Senior Gameplay Programmer	Senior Gameplay Programmer	Senior Gameplay Programmer	Senior Gameplay Programmer	Senior Gameplay Programmer	Senior Gameplay Programmer	Senior Gameplay Programmer	Senior Gameplay Programmer
	Credits_Positions_SeniorNetworkProgram	Senior Network Programmer	Senior Network Programmer	Senior Network Programmer	Senior Network Programmer	Senior Network Programmer	Senior Network Programmer	Senior Network Programmer	Senior Network Programmer	Senior Network Programmer	Senior Network Programmer	Senior Network Programmer	Senior Network Programmer	Senior Network Programmer	Senior Network Programmer
	Credits_Positions_SeniorPhysicsProgram	Senior Physics Programmer	Senior Physics Programmer	Senior Physics Programmer	Senior Physics Programmer	Senior Physics Programmer	Senior Physics Programmer	Senior Physics Programmer	Senior Physics Programmer	Senior Physics Programmer	Senior Physics Programmer	Senior Physics Programmer	Senior Physics Programmer	Senior Physics Programmer	Senior Physics Programmer
	Credits_Positions_SeniorPrincipalEnvir	Senior Principal Environment Artist	Senior Principal Environment Artist	Senior Principal Environment Artist	Senior Principal Environment Artist	Senior Principal Environment Artist	Senior Principal Environment Artist	Senior Principal Environment Artist	Senior Principal Environment Artist	Senior Principal Environment Artist	Senior Principal Environment Artist	Senior Principal Environment Artist	Senior Principal Environment Artist	Senior Principal Environment Artist	Senior Principal Environment Artist
	Credits_Positions_SeniorQaTechnician	Senior QA Technician	Senior QA Technician	Senior QA Technician	Senior QA Technician	Senior QA Technician	Senior QA Technician	Senior QA Technician	Senior QA Technician	Senior QA Technician	Senior QA Technician	Senior QA Technician	Senior QA Technician	Senior QA Technician	Senior QA Technician
	Credits_Positions_SeniorRenderToolsPro	Senior Render & Tools Programmer	Senior Render & Tools Programmer	Senior Render & Tools Programmer	Senior Render & Tools Programmer	Senior Render & Tools Programmer	Senior Render & Tools Programmer	Senior Render & Tools Programmer	Senior Render & Tools Programmer	Senior Render & Tools Programmer	Senior Render & Tools Programmer	Senior Render & Tools Programmer	Senior Render & Tools Programmer	Senior Render & Tools Programmer	Senior Render & Tools Programmer
	Credits_Positions_SeniorSoundAudioDesi	Senior Sound & Audio Designer	Senior Sound & Audio Designer	Senior Sound & Audio Designer	Senior Sound & Audio Designer	Senior Sound & Audio Designer	Senior Sound & Audio Designer	Senior Sound & Audio Designer	Senior Sound & Audio Designer	Senior Sound & Audio Designer	Senior Sound & Audio Designer	Senior Sound & Audio Designer	Senior Sound & Audio Designer	Senior Sound & Audio Designer	Senior Sound & Audio Designer
	Credits_Positions_SeniorTechnicalAnima	Senior Technical Animator	Senior Technical Animator	Senior Technical Animator	Senior Technical Animator	Senior Technical Animator	Senior Technical Animator	Senior Technical Animator	Senior Technical Animator	Senior Technical Animator	Senior Technical Animator	Senior Technical Animator	Senior Technical Animator	Senior Technical Animator	Senior Technical Animator
	Credits_Positions_SeniorToolsProgramme	Senior Tools Programmer	Senior Tools Programmer	Senior Tools Programmer	Senior Tools Programmer	Senior Tools Programmer	Senior Tools Programmer	Senior Tools Programmer	Senior Tools Programmer	Senior Tools Programmer	Senior Tools Programmer	Senior Tools Programmer	Senior Tools Programmer	Senior Tools Programmer	Senior Tools Programmer
	Credits_Positions_SeniorVehicleArtist	Senior Vehicle Artist	Senior Vehicle Artist	Senior Vehicle Artist	Senior Vehicle Artist	Senior Vehicle Artist	Senior Vehicle Artist	Senior Vehicle Artist	Senior Vehicle Artist	Senior Vehicle Artist	Senior Vehicle Artist	Senior Vehicle Artist	Senior Vehicle Artist	Senior Vehicle Artist	Senior Vehicle Artist
	Credits_Positions_ServerTechnicalLeadP	Server Technical Lead Programmer	Server Technical Lead Programmer	Server Technical Lead Programmer	Server Technical Lead Programmer	Server Technical Lead Programmer	Server Technical Lead Programmer	Server Technical Lead Programmer	Server Technical Lead Programmer	Server Technical Lead Programmer	Server Technical Lead Programmer	Server Technical Lead Programmer	Server Technical Lead Programmer	Server Technical Lead Programmer	Server Technical Lead Programmer
	Credits_Positions_SoundAudioDesigner	Sound & Audio Designer	Sound & Audio Designer	Sound & Audio Designer	Sound & Audio Designer	Sound & Audio Designer	Sound & Audio Designer	Sound & Audio Designer	Sound & Audio Designer	Sound & Audio Designer	Sound & Audio Designer	Sound & Audio Designer	Sound & Audio Designer	Sound & Audio Designer	Sound & Audio Designer
	Credits_Positions_SoundAudioDirector	Sound & Audio Director	Sound & Audio Director	Sound & Audio Director	Sound & Audio Director	Sound & Audio Director	Sound & Audio Director	Sound & Audio Director	Sound & Audio Director	Sound & Audio Director	Sound & Audio Director	Sound & Audio Director	Sound & Audio Director	Sound & Audio Director	Sound & Audio Director
	Credits_Positions_SubLeadOnlineProgram	Sub-Lead Online Programmer	Sub-Lead Online Programmer	Sub-Lead Online Programmer	Sub-Lead Online Programmer	Sub-Lead Online Programmer	Sub-Lead Online Programmer	Sub-Lead Online Programmer	Sub-Lead Online Programmer	Sub-Lead Online Programmer	Sub-Lead Online Programmer	Sub-Lead Online Programmer	Sub-Lead Online Programmer	Sub-Lead Online Programmer	Sub-Lead Online Programmer
	Credits_Positions_TechnicalComplianceQ	Technical Compliance QA	Technical Compliance QA	Technical Compliance QA	Technical Compliance QA	Technical Compliance QA	Technical Compliance QA	Technical Compliance QA	Technical Compliance QA	Technical Compliance QA	Technical Compliance QA	Technical Compliance QA	Technical Compliance QA	Technical Compliance QA	Technical Compliance QA
	Credits_Positions_TechnicalPartners	Technical Partners	Technical Partners	Technical Partners	Technical Partners	Technical Partners	Technical Partners	Technical Partners	Technical Partners	Technical Partners	Technical Partners	Technical Partners	Technical Partners	Technical Partners	Technical Partners
	Credits_Positions_TechnicalQaCoordinat	Technical QA Coordinator	Technical QA Coordinator	Technical QA Coordinator	Technical QA Coordinator	Technical QA Coordinator	Technical QA Coordinator	Technical QA Coordinator	Technical QA Coordinator	Technical QA Coordinator	Technical QA Coordinator	Technical QA Coordinator	Technical QA Coordinator	Technical QA Coordinator	Technical QA Coordinator
	Credits_Positions_ToolsLead	Tools Lead	Tools Lead	Tools Lead	Tools Lead	Tools Lead	Tools Lead	Tools Lead	Tools Lead	Tools Lead	Tools Lead	Tools Lead	Tools Lead	Tools Lead	Tools Lead
	Credits_Positions_ToolsProgrammer	Tools Programmer	Tools Programmer	Tools Programmer	Tools Programmer	Tools Programmer	Tools Programmer	Tools Programmer	Tools Programmer	Tools Programmer	Tools Programmer	Tools Programmer	Tools Programmer	Tools Programmer	Tools Programmer
	Credits_Positions_TrailerProduction	Trailer Production	Trailer Production	Trailer Production	Trailer Production	Trailer Production	Trailer Production	Trailer Production	Trailer Production	Trailer Production	Trailer Production	Trailer Production	Trailer Production	Trailer Production	Trailer Production
	Credits_Positions_UiArtist	UI Artist	UI Artist	UI Artist	UI Artist	UI Artist	UI Artist	UI Artist	UI Artist	UI Artist	UI Artist	UI Artist	UI Artist	UI Artist	UI Artist
	Credits_Positions_UiProgrammer	UI Programmer	UI Programmer	UI Programmer	UI Programmer	UI Programmer	UI Programmer	UI Programmer	UI Programmer	UI Programmer	UI Programmer	UI Programmer	UI Programmer	UI Programmer	UI Programmer
	Credits_Positions_UxCreator	UX Creator	UX Creator	UX Creator	UX Creator	UX Creator	UX Creator	UX Creator	UX Creator	UX Creator	UX Creator	UX Creator	UX Creator	UX Creator	UX Creator
	Credits_Positions_VehicleArtist	Vehicle Artist	Vehicle Artist	Vehicle Artist	Vehicle Artist	Vehicle Artist	Vehicle Artist	Vehicle Artist	Vehicle Artist	Vehicle Artist	Vehicle Artist	Vehicle Artist	Vehicle Artist	Vehicle Artist	Vehicle Artist
	Credits_Positions_VehiclePhysics	Vehicle Physics	Vehicle Physics	Vehicle Physics	Vehicle Physics	Vehicle Physics	Vehicle Physics	Vehicle Physics	Vehicle Physics	Vehicle Physics	Vehicle Physics	Vehicle Physics	Vehicle Physics	Vehicle Physics	Vehicle Physics
	Credits_Positions_Website	Website	Website	Website	Website	Website	Website	Website	Website	Website	Website	Website	Website	Website	Website
	Credits_Positions_VideoDirector	Video Director	Video Director	Video Director	Video Director	Video Director	Video Director	Video Director	Video Director	Video Director	Video Director	Video Director	Video Director	Video Director	Video Director
	Credits_Positions_HeadOfOnline	Head Of Online	Head Of Online	Head Of Online	Head Of Online	Head Of Online	Head Of Online	Head Of Online	Head Of Online	Head Of Online	Head Of Online	Head Of Online	Head Of Online	Head Of Online	Head Of Online
	Credits_Positions_ChiefCommercialOffic	Chief Commercial Officer	Chief Commercial Officer	Chief Commercial Officer	Chief Commercial Officer	Chief Commercial Officer	Chief Commercial Officer	Chief Commercial Officer	Chief Commercial Officer	Chief Commercial Officer	Chief Commercial Officer	Chief Commercial Officer	Chief Commercial Officer	Chief Commercial Officer	Chief Commercial Officer
	Credits_Positions_CarHandling	Car Handling	Car Handling	Car Handling	Car Handling	Car Handling	Car Handling	Car Handling	Car Handling	Car Handling	Car Handling	Car Handling	Car Handling	Car Handling	Car Handling
	Credits_Positions_TechnicalVehicleLead	Technical Vehicle Lead	Technical Vehicle Lead	Technical Vehicle Lead	Technical Vehicle Lead	Technical Vehicle Lead	Technical Vehicle Lead	Technical Vehicle Lead	Technical Vehicle Lead	Technical Vehicle Lead	Technical Vehicle Lead	Technical Vehicle Lead	Technical Vehicle Lead	Technical Vehicle Lead	Technical Vehicle Lead
	Credits_Positions_CarHandlingTeam	Car Handling Team 	Car Handling Team 	Car Handling Team 	Car Handling Team 	Car Handling Team 	Car Handling Team 	Car Handling Team 	Car Handling Team 	Car Handling Team 	Car Handling Team 	Car Handling Team 	Car Handling Team 	Car Handling Team 	Car Handling Team 
	Credits_Positions_ArtManager	Art Manager	Art Manager	Art Manager	Art Manager	Art Manager	Art Manager	Art Manager	Art Manager	Art Manager	Art Manager	Art Manager	Art Manager	Art Manager	Art Manager
	Credits_Positions_UiTeam	UI Team	UI Team	UI Team	UI Team	UI Team	UI Team	UI Team	UI Team	UI Team	UI Team	UI Team	UI Team	UI Team	UI Team
	Credits_Positions_UserInterface	User Interface	User Interface	User Interface	User Interface	User Interface	User Interface	User Interface	User Interface	User Interface	User Interface	User Interface	User Interface	User Interface	User Interface
	Credits_Positions_SoundAndMusicDirecto	Sound And Music Director	Sound And Music Director	Sound And Music Director	Sound And Music Director	Sound And Music Director	Sound And Music Director	Sound And Music Director	Sound And Music Director	Sound And Music Director	Sound And Music Director	Sound And Music Director	Sound And Music Director	Sound And Music Director	Sound And Music Director
	Credits_Positions_HeadOfAudio	Head Of Audio 	Head Of Audio 	Head Of Audio 	Head Of Audio 	Head Of Audio 	Head Of Audio 	Head Of Audio 	Head Of Audio 	Head Of Audio 	Head Of Audio 	Head Of Audio 	Head Of Audio 	Head Of Audio 	Head Of Audio 
	Credits_Positions_Cinematics	Cinematics	Cinematics	Cinematics	Cinematics	Cinematics	Cinematics	Cinematics	Cinematics	Cinematics	Cinematics	Cinematics	Cinematics	Cinematics	Cinematics
	Credits_Positions_CinematicsTeam	Cinematics Team	Cinematics Team	Cinematics Team	Cinematics Team	Cinematics Team	Cinematics Team	Cinematics Team	Cinematics Team	Cinematics Team	Cinematics Team	Cinematics Team	Cinematics Team	Cinematics Team	Cinematics Team
	Credits_Positions_QaLead	QA Lead	QA Lead	QA Lead	QA Lead	QA Lead	QA Lead	QA Lead	QA Lead	QA Lead	QA Lead	QA Lead	QA Lead	QA Lead	QA Lead
	Credits_Positions_Mediacom	Mediacom	Mediacom	Mediacom	Mediacom	Mediacom	Mediacom	Mediacom	Mediacom	Mediacom	Mediacom	Mediacom	Mediacom	Mediacom	Mediacom
	Credits_Positions_HeadOfCommunications	Head of Communications	Head of Communications	Head of Communications	Head of Communications	Head of Communications	Head of Communications	Head of Communications	Head of Communications	Head of Communications	Head of Communications	Head of Communications	Head of Communications	Head of Communications	Head of Communications
	Credits_Positions_MarketingAndEsportsM	Marketing And Esports Manager	Marketing And Esports Manager	Marketing And Esports Manager	Marketing And Esports Manager	Marketing And Esports Manager	Marketing And Esports Manager	Marketing And Esports Manager	Marketing And Esports Manager	Marketing And Esports Manager	Marketing And Esports Manager	Marketing And Esports Manager	Marketing And Esports Manager	Marketing And Esports Manager	Marketing And Esports Manager
	Credits_Positions_LicensingManager	Licensing Manager	Licensing Manager	Licensing Manager	Licensing Manager	Licensing Manager	Licensing Manager	Licensing Manager	Licensing Manager	Licensing Manager	Licensing Manager	Licensing Manager	Licensing Manager	Licensing Manager	Licensing Manager
	Credits_Positions_WebTeam	Web Team	Web Team	Web Team	Web Team	Web Team	Web Team	Web Team	Web Team	Web Team	Web Team	Web Team	Web Team	Web Team	Web Team
	Credits_Positions_ReportingManager	Reporting Manager	Reporting Manager	Reporting Manager	Reporting Manager	Reporting Manager	Reporting Manager	Reporting Manager	Reporting Manager	Reporting Manager	Reporting Manager	Reporting Manager	Reporting Manager	Reporting Manager	Reporting Manager
	Credits_Positions_AdminTeam	Administration Team	Administration Team	Administration Team	Administration Team	Administration Team	Administration Team	Administration Team	Administration Team	Administration Team	Administration Team	Administration Team	Administration Team	Administration Team	Administration Team
	Credits_Positions_SupportedBy	Supported By	Supported By	Supported By	Supported By	Supported By	Supported By	Supported By	Supported By	Supported By	Supported By	Supported By	Supported By	Supported By	Supported By
	Credits_Positions_AudioTeam	Audio Team	Audio Team	Audio Team	Audio Team	Audio Team	Audio Team	Audio Team	Audio Team	Audio Team	Audio Team	Audio Team	Audio Team	Audio Team	Audio Team
	Credits_Content_CreditsContent	<list> <position> AUTOMOBILISTA 2 <emptyline> <position> Developed By <list> Reiza Studios Ltda. <emptyline> <position> POWERED BY <list> Madness Engine LiveTrack 3.0 <emptyline> <emptyline>  <position> TRACK MODELLING & GENERAL ART LEAD <list> Ilya Malyuev <emptyline> <emptyline>  <position> TRACK ART <list> Felipe Bezerra Gregory Boundy Patrick Giranthon Carlos Gozalvez Alen Cepin Gunnar Frei Mario Morais Frederick Alonso Ilja Jusupov Sulivan Oliveira Frank Alexandre Joradson Rodrigues Renju Therakathu Alex Sawczuk Sau Fung Hiew Alec Moody Bruno Afonseca R.Debashish Evan Herbert Luc Van Camp Davida Brumla William Elliott Benz Lewis <emptyline> <emptyline>  <position> TV CAMERA DESIGN <list> Todd Norbury Luigi Campastri <emptyline> <emptyline>  <position> VEHICLE ART <list> Alexander Nabutovskiy Bala Sivaram Roger Lopes Charles Robillard Ilja Jusupov Sulivan Oliveira Rob Thompson Pavel Koshkin Thiago Izequiel Koen Calleyl Murilo Zimmer Kreso Franic Balamurugan S Akhil K Padmanabhan Amal Krishnan CA Benedict Casper Lambert <emptyline> <emptyline>  <position> SHADER DESIGNER <list> Casper Kemp <emptyline> <emptyline>  <position> PROGRAMMING <list> Giancarlo Rampanelli Dave Stephenson Domagoj Lovric Otso Lahti Oliver Weghofer Casper Kemp <emptyline> <emptyline>  <position> VEHICLE PHYSICS & FFB <list> Renato Simioni Niels Heusinkveld Otso Lahti Thomas Tessmer Gregory Boundy Domagoj Lovric Daniel Charalambou Lars Herrmann <emptyline> <emptyline>  <position> AI DEVELOPMENT <list> Renato Simioni Giancarlo Rampanelli Gregory Boundy <emptyline> <emptyline>  <position> AUDIO DESIGN <list> Domagoj Lovric Saad Mughal Lucas Augusto Casemiro Ilya Malyuev <emptyline> <emptyline>  <position> INTERFACE PROGRAMMING & DESIGN <list> Dave Stephenson Chris Williams Daniel Charalambou Pavel Koshkin <emptyline> <emptyline>  <position> COMMUNITY & MARKETING  <list> Pavel Koshkin Thiago Izequiel Filipe Steiner Lars Herrmann <emptyline> <emptyline>  <position> INTERNAL TESTING TEAM <list> Marc Collins Marius Huisman Andrei Constantin Ettore Sapienza Jimmy Maltez Alexandre Sene Peter Stefani Luke Blum Jim Nobbs Jonathan Noe Boris Schalk Niklas Schmidt  Stef Volckaerts <emptyline> <emptyline>  <position> THANKS TO: <list> AJ Weber Kevin Boland Jan Frischkorn Paul Scargill Anders Johansson Vicko Hazdovac Martin Olivera Artem Emolov Robert Dibley Matt York Stefano Bozzy Fabian Baquetti Afonso Rodrigues Kiko Tocci Alisson Gandi Alexandre Sene Toninho Motta Roberto Moraes Tito Morestoni Raphael Abbate Felipe Faria Artur Fernandes Andre Bragantini Jr.  Felipe Giaffone Zeca Giaffone Marcello Hirsch Mauricio Slaviero Fernando Julianelli Roberto Zullino Felipe Zullino Juliano Moro Enzo Brocker Jorge Abujamra Neto Fernando Paiva Dave Stanley Rune Morling Tim Wheatley Fabio Ribeiro Tony Binelli Roberto Lacombe Niltao Amaral Cleiton Krause Jim Nobbs Jonathan Noe Boris Schalk John Ellis Roar McRipHelmet Young Il Yoon Michael Enright Wolfgang Herold <emptyline> <emptyline>  <position> SPECIAL THANKS TO: <list> Slightly Mad Studios Straight4 Studios  Ian Bell Andy Garton Ged Keaveney  Gjon Camaj Melinda Neil Arthur Virapin <emptyline> <emptyline>  <position> WEATHER DATA PROVIDER <list> OpenWeather™ <emptyline> <emptyline>  <position> PROPRIETARY INFORMATION. <list> Any file, information, content, idea, or other parts  relating to this product, or its development or format  is proprietary to Reiza Studios Ltda. <emptyline> Third-party brands and names are the property of their respective owners and used under license. <emptyline> (c) 2024 Reiza Studios Ltda <emptyline> All Rights Reserved. <emptyline> <emptyline> <emptyline> <emptyline> <emptyline> <emptyline>	<list> <position> AUTOMOBILISTA 2 <emptyline> <position> Developed By <list> Reiza Studios Ltda. <emptyline> <position> POWERED BY <list> Madness Engine LiveTrack 3.0 <emptyline> <emptyline>  <position> TRACK MODELLING & GENERAL ART LEAD <list> Ilya Malyuev <emptyline> <emptyline>  <position> TRACK ART <list> Felipe Bezerra Gregory Boundy Patrick Giranthon Carlos Gozalvez Alen Cepin Gunnar Frei Mario Morais Frederick Alonso Ilja Jusupov Sulivan Oliveira Frank Alexandre Joradson Rodrigues Renju Therakathu Alex Sawczuk Sau Fung Hiew Alec Moody Bruno Afonseca R.Debashish Evan Herbert Luc Van Camp Davida Brumla William Elliott Benz Lewis <emptyline> <emptyline>  <position> TV CAMERA DESIGN <list> Todd Norbury Luigi Campastri <emptyline> <emptyline>  <position> VEHICLE ART <list> Alexander Nabutovskiy Bala Sivaram Roger Lopes Charles Robillard Ilja Jusupov Sulivan Oliveira Rob Thompson Pavel Koshkin Thiago Izequiel Koen Calleyl Murilo Zimmer Kreso Franic Balamurugan S Akhil K Padmanabhan Amal Krishnan CA Benedict Casper Lambert <emptyline> <emptyline>  <position> SHADER DESIGNER <list> Casper Kemp <emptyline> <emptyline>  <position> PROGRAMMING <list> Giancarlo Rampanelli Dave Stephenson Domagoj Lovric Otso Lahti Oliver Weghofer Casper Kemp <emptyline> <emptyline>  <position> VEHICLE PHYSICS & FFB <list> Renato Simioni Niels Heusinkveld Otso Lahti Thomas Tessmer Gregory Boundy Domagoj Lovric Daniel Charalambou Lars Herrmann <emptyline> <emptyline>  <position> AI DEVELOPMENT <list> Renato Simioni Giancarlo Rampanelli Gregory Boundy <emptyline> <emptyline>  <position> AUDIO DESIGN <list> Domagoj Lovric Saad Mughal Lucas Augusto Casemiro Ilya Malyuev <emptyline> <emptyline>  <position> INTERFACE PROGRAMMING & DESIGN <list> Dave Stephenson Chris Williams Daniel Charalambou Pavel Koshkin <emptyline> <emptyline>  <position> COMMUNITY & MARKETING  <list> Pavel Koshkin Thiago Izequiel Filipe Steiner Lars Herrmann <emptyline> <emptyline>  <position> INTERNAL TESTING TEAM <list> Marc Collins Marius Huisman Andrei Constantin Ettore Sapienza Jimmy Maltez Alexandre Sene Peter Stefani Luke Blum Jim Nobbs Jonathan Noe Boris Schalk Niklas Schmidt  Stef Volckaerts <emptyline> <emptyline>  <position> THANKS TO: <list> AJ Weber Kevin Boland Jan Frischkorn Paul Scargill Anders Johansson Vicko Hazdovac Martin Olivera Artem Emolov Robert Dibley Matt York Stefano Bozzy Fabian Baquetti Afonso Rodrigues Kiko Tocci Alisson Gandi Alexandre Sene Toninho Motta Roberto Moraes Tito Morestoni Raphael Abbate Felipe Faria Artur Fernandes Andre Bragantini Jr.  Felipe Giaffone Zeca Giaffone Marcello Hirsch Mauricio Slaviero Fernando Julianelli Roberto Zullino Felipe Zullino Juliano Moro Enzo Brocker Jorge Abujamra Neto Fernando Paiva Dave Stanley Rune Morling Tim Wheatley Fabio Ribeiro Tony Binelli Roberto Lacombe Niltao Amaral Cleiton Krause Jim Nobbs Jonathan Noe Boris Schalk John Ellis Roar McRipHelmet Young Il Yoon Michael Enright Wolfgang Herold <emptyline> <emptyline>  <position> SPECIAL THANKS TO: <list> Slightly Mad Studios Straight4 Studios  Ian Bell Andy Garton Ged Keaveney  Gjon Camaj Melinda Neil Arthur Virapin <emptyline> <emptyline>  <position> WEATHER DATA PROVIDER <list> OpenWeather™ <emptyline> <emptyline>  <position> PROPRIETARY INFORMATION. <list> Any file, information, content, idea, or other parts  relating to this product, or its development or format  is proprietary to Reiza Studios Ltda. <emptyline> Third-party brands and names are the property of their respective owners and used under license. <emptyline> (c) 2024 Reiza Studios Ltda <emptyline> All Rights Reserved. <emptyline> <emptyline> <emptyline> <emptyline> <emptyline> <emptyline>	<list> <position> AUTOMOBILISTA 2 <emptyline> <position> Developed By <list> Reiza Studios Ltda. <emptyline> <position> POWERED BY <list> Madness Engine LiveTrack 3.0 <emptyline> <emptyline>  <position> TRACK MODELLING & GENERAL ART LEAD <list> Ilya Malyuev <emptyline> <emptyline>  <position> TRACK ART <list> Felipe Bezerra Gregory Boundy Patrick Giranthon Carlos Gozalvez Alen Cepin Gunnar Frei Mario Morais Frederick Alonso Ilja Jusupov Sulivan Oliveira Frank Alexandre Joradson Rodrigues Renju Therakathu Alex Sawczuk Sau Fung Hiew Alec Moody Bruno Afonseca R.Debashish Evan Herbert Luc Van Camp Davida Brumla William Elliott Benz Lewis <emptyline> <emptyline>  <position> TV CAMERA DESIGN <list> Todd Norbury Luigi Campastri <emptyline> <emptyline>  <position> VEHICLE ART <list> Alexander Nabutovskiy Bala Sivaram Roger Lopes Charles Robillard Ilja Jusupov Sulivan Oliveira Rob Thompson Pavel Koshkin Thiago Izequiel Koen Calleyl Murilo Zimmer Kreso Franic Balamurugan S Akhil K Padmanabhan Amal Krishnan CA Benedict Casper Lambert <emptyline> <emptyline>  <position> SHADER DESIGNER <list> Casper Kemp <emptyline> <emptyline>  <position> PROGRAMMING <list> Giancarlo Rampanelli Dave Stephenson Domagoj Lovric Otso Lahti Oliver Weghofer Casper Kemp <emptyline> <emptyline>  <position> VEHICLE PHYSICS & FFB <list> Renato Simioni Niels Heusinkveld Otso Lahti Thomas Tessmer Gregory Boundy Domagoj Lovric Daniel Charalambou Lars Herrmann <emptyline> <emptyline>  <position> AI DEVELOPMENT <list> Renato Simioni Giancarlo Rampanelli Gregory Boundy <emptyline> <emptyline>  <position> AUDIO DESIGN <list> Domagoj Lovric Saad Mughal Lucas Augusto Casemiro Ilya Malyuev <emptyline> <emptyline>  <position> INTERFACE PROGRAMMING & DESIGN <list> Dave Stephenson Chris Williams Daniel Charalambou Pavel Koshkin <emptyline> <emptyline>  <position> COMMUNITY & MARKETING  <list> Pavel Koshkin Thiago Izequiel Filipe Steiner Lars Herrmann <emptyline> <emptyline>  <position> INTERNAL TESTING TEAM <list> Marc Collins Marius Huisman Andrei Constantin Ettore Sapienza Jimmy Maltez Alexandre Sene Peter Stefani Luke Blum Jim Nobbs Jonathan Noe Boris Schalk Niklas Schmidt  Stef Volckaerts <emptyline> <emptyline>  <position> THANKS TO: <list> AJ Weber Kevin Boland Jan Frischkorn Paul Scargill Anders Johansson Vicko Hazdovac Martin Olivera Artem Emolov Robert Dibley Matt York Stefano Bozzy Fabian Baquetti Afonso Rodrigues Kiko Tocci Alisson Gandi Alexandre Sene Toninho Motta Roberto Moraes Tito Morestoni Raphael Abbate Felipe Faria Artur Fernandes Andre Bragantini Jr.  Felipe Giaffone Zeca Giaffone Marcello Hirsch Mauricio Slaviero Fernando Julianelli Roberto Zullino Felipe Zullino Juliano Moro Enzo Brocker Jorge Abujamra Neto Fernando Paiva Dave Stanley Rune Morling Tim Wheatley Fabio Ribeiro Tony Binelli Roberto Lacombe Niltao Amaral Cleiton Krause Jim Nobbs Jonathan Noe Boris Schalk John Ellis Roar McRipHelmet Young Il Yoon Michael Enright Wolfgang Herold <emptyline> <emptyline>  <position> SPECIAL THANKS TO: <list> Slightly Mad Studios Straight4 Studios  Ian Bell Andy Garton Ged Keaveney  Gjon Camaj Melinda Neil Arthur Virapin <emptyline> <emptyline>  <position> WEATHER DATA PROVIDER <list> OpenWeather™ <emptyline> <emptyline>  <position> PROPRIETARY INFORMATION. <list> Any file, information, content, idea, or other parts  relating to this product, or its development or format  is proprietary to Reiza Studios Ltda. <emptyline> Third-party brands and names are the property of their respective owners and used under license. <emptyline> (c) 2024 Reiza Studios Ltda <emptyline> All Rights Reserved. <emptyline> <emptyline> <emptyline> <emptyline> <emptyline> <emptyline>	<list> <position> AUTOMOBILISTA 2 <emptyline> <position> Developed By <list> Reiza Studios Ltda. <emptyline> <position> POWERED BY <list> Madness Engine LiveTrack 3.0 <emptyline> <emptyline>  <position> TRACK MODELLING & GENERAL ART LEAD <list> Ilya Malyuev <emptyline> <emptyline>  <position> TRACK ART <list> Felipe Bezerra Gregory Boundy Patrick Giranthon Carlos Gozalvez Alen Cepin Gunnar Frei Mario Morais Frederick Alonso Ilja Jusupov Sulivan Oliveira Frank Alexandre Joradson Rodrigues Renju Therakathu Alex Sawczuk Sau Fung Hiew Alec Moody Bruno Afonseca R.Debashish Evan Herbert Luc Van Camp Davida Brumla William Elliott Benz Lewis <emptyline> <emptyline>  <position> TV CAMERA DESIGN <list> Todd Norbury Luigi Campastri <emptyline> <emptyline>  <position> VEHICLE ART <list> Alexander Nabutovskiy Bala Sivaram Roger Lopes Charles Robillard Ilja Jusupov Sulivan Oliveira Rob Thompson Pavel Koshkin Thiago Izequiel Koen Calleyl Murilo Zimmer Kreso Franic Balamurugan S Akhil K Padmanabhan Amal Krishnan CA Benedict Casper Lambert <emptyline> <emptyline>  <position> SHADER DESIGNER <list> Casper Kemp <emptyline> <emptyline>  <position> PROGRAMMING <list> Giancarlo Rampanelli Dave Stephenson Domagoj Lovric Otso Lahti Oliver Weghofer Casper Kemp <emptyline> <emptyline>  <position> VEHICLE PHYSICS & FFB <list> Renato Simioni Niels Heusinkveld Otso Lahti Thomas Tessmer Gregory Boundy Domagoj Lovric Daniel Charalambou Lars Herrmann <emptyline> <emptyline>  <position> AI DEVELOPMENT <list> Renato Simioni Giancarlo Rampanelli Gregory Boundy <emptyline> <emptyline>  <position> AUDIO DESIGN <list> Domagoj Lovric Saad Mughal Lucas Augusto Casemiro Ilya Malyuev <emptyline> <emptyline>  <position> INTERFACE PROGRAMMING & DESIGN <list> Dave Stephenson Chris Williams Daniel Charalambou Pavel Koshkin <emptyline> <emptyline>  <position> COMMUNITY & MARKETING  <list> Pavel Koshkin Thiago Izequiel Filipe Steiner Lars Herrmann <emptyline> <emptyline>  <position> INTERNAL TESTING TEAM <list> Marc Collins Marius Huisman Andrei Constantin Ettore Sapienza Jimmy Maltez Alexandre Sene Peter Stefani Luke Blum Jim Nobbs Jonathan Noe Boris Schalk Niklas Schmidt  Stef Volckaerts <emptyline> <emptyline>  <position> THANKS TO: <list> AJ Weber Kevin Boland Jan Frischkorn Paul Scargill Anders Johansson Vicko Hazdovac Martin Olivera Artem Emolov Robert Dibley Matt York Stefano Bozzy Fabian Baquetti Afonso Rodrigues Kiko Tocci Alisson Gandi Alexandre Sene Toninho Motta Roberto Moraes Tito Morestoni Raphael Abbate Felipe Faria Artur Fernandes Andre Bragantini Jr.  Felipe Giaffone Zeca Giaffone Marcello Hirsch Mauricio Slaviero Fernando Julianelli Roberto Zullino Felipe Zullino Juliano Moro Enzo Brocker Jorge Abujamra Neto Fernando Paiva Dave Stanley Rune Morling Tim Wheatley Fabio Ribeiro Tony Binelli Roberto Lacombe Niltao Amaral Cleiton Krause Jim Nobbs Jonathan Noe Boris Schalk John Ellis Roar McRipHelmet Young Il Yoon Michael Enright Wolfgang Herold <emptyline> <emptyline>  <position> SPECIAL THANKS TO: <list> Slightly Mad Studios Straight4 Studios  Ian Bell Andy Garton Ged Keaveney  Gjon Camaj Melinda Neil Arthur Virapin <emptyline> <emptyline>  <position> WEATHER DATA PROVIDER <list> OpenWeather™ <emptyline> <emptyline>  <position> PROPRIETARY INFORMATION. <list> Any file, information, content, idea, or other parts  relating to this product, or its development or format  is proprietary to Reiza Studios Ltda. <emptyline> Third-party brands and names are the property of their respective owners and used under license. <emptyline> (c) 2024 Reiza Studios Ltda <emptyline> All Rights Reserved. <emptyline> <emptyline> <emptyline> <emptyline> <emptyline> <emptyline>	<list> <position> AUTOMOBILISTA 2 <emptyline> <position> Developed By <list> Reiza Studios Ltda. <emptyline> <position> POWERED BY <list> Madness Engine LiveTrack 3.0 <emptyline> <emptyline>  <position> TRACK MODELLING & GENERAL ART LEAD <list> Ilya Malyuev <emptyline> <emptyline>  <position> TRACK ART <list> Felipe Bezerra Gregory Boundy Patrick Giranthon Carlos Gozalvez Alen Cepin Gunnar Frei Mario Morais Frederick Alonso Ilja Jusupov Sulivan Oliveira Frank Alexandre Joradson Rodrigues Renju Therakathu Alex Sawczuk Sau Fung Hiew Alec Moody Bruno Afonseca R.Debashish Evan Herbert Luc Van Camp Davida Brumla William Elliott Benz Lewis <emptyline> <emptyline>  <position> TV CAMERA DESIGN <list> Todd Norbury Luigi Campastri <emptyline> <emptyline>  <position> VEHICLE ART <list> Alexander Nabutovskiy Bala Sivaram Roger Lopes Charles Robillard Ilja Jusupov Sulivan Oliveira Rob Thompson Pavel Koshkin Thiago Izequiel Koen Calleyl Murilo Zimmer Kreso Franic Balamurugan S Akhil K Padmanabhan Amal Krishnan CA Benedict Casper Lambert <emptyline> <emptyline>  <position> SHADER DESIGNER <list> Casper Kemp <emptyline> <emptyline>  <position> PROGRAMMING <list> Giancarlo Rampanelli Dave Stephenson Domagoj Lovric Otso Lahti Oliver Weghofer Casper Kemp <emptyline> <emptyline>  <position> VEHICLE PHYSICS & FFB <list> Renato Simioni Niels Heusinkveld Otso Lahti Thomas Tessmer Gregory Boundy Domagoj Lovric Daniel Charalambou Lars Herrmann <emptyline> <emptyline>  <position> AI DEVELOPMENT <list> Renato Simioni Giancarlo Rampanelli Gregory Boundy <emptyline> <emptyline>  <position> AUDIO DESIGN <list> Domagoj Lovric Saad Mughal Lucas Augusto Casemiro Ilya Malyuev <emptyline> <emptyline>  <position> INTERFACE PROGRAMMING & DESIGN <list> Dave Stephenson Chris Williams Daniel Charalambou Pavel Koshkin <emptyline> <emptyline>  <position> COMMUNITY & MARKETING  <list> Pavel Koshkin Thiago Izequiel Filipe Steiner Lars Herrmann <emptyline> <emptyline>  <position> INTERNAL TESTING TEAM <list> Marc Collins Marius Huisman Andrei Constantin Ettore Sapienza Jimmy Maltez Alexandre Sene Peter Stefani Luke Blum Jim Nobbs Jonathan Noe Boris Schalk Niklas Schmidt  Stef Volckaerts <emptyline> <emptyline>  <position> THANKS TO: <list> AJ Weber Kevin Boland Jan Frischkorn Paul Scargill Anders Johansson Vicko Hazdovac Martin Olivera Artem Emolov Robert Dibley Matt York Stefano Bozzy Fabian Baquetti Afonso Rodrigues Kiko Tocci Alisson Gandi Alexandre Sene Toninho Motta Roberto Moraes Tito Morestoni Raphael Abbate Felipe Faria Artur Fernandes Andre Bragantini Jr.  Felipe Giaffone Zeca Giaffone Marcello Hirsch Mauricio Slaviero Fernando Julianelli Roberto Zullino Felipe Zullino Juliano Moro Enzo Brocker Jorge Abujamra Neto Fernando Paiva Dave Stanley Rune Morling Tim Wheatley Fabio Ribeiro Tony Binelli Roberto Lacombe Niltao Amaral Cleiton Krause Jim Nobbs Jonathan Noe Boris Schalk John Ellis Roar McRipHelmet Young Il Yoon Michael Enright Wolfgang Herold <emptyline> <emptyline>  <position> SPECIAL THANKS TO: <list> Slightly Mad Studios Straight4 Studios  Ian Bell Andy Garton Ged Keaveney  Gjon Camaj Melinda Neil Arthur Virapin <emptyline> <emptyline>  <position> WEATHER DATA PROVIDER <list> OpenWeather™ <emptyline> <emptyline>  <position> PROPRIETARY INFORMATION. <list> Any file, information, content, idea, or other parts  relating to this product, or its development or format  is proprietary to Reiza Studios Ltda. <emptyline> Third-party brands and names are the property of their respective owners and used under license. <emptyline> (c) 2024 Reiza Studios Ltda <emptyline> All Rights Reserved. <emptyline> <emptyline> <emptyline> <emptyline> <emptyline> <emptyline>	<list> <position> AUTOMOBILISTA 2 <emptyline> <position> Developed By <list> Reiza Studios Ltda. <emptyline> <position> POWERED BY <list> Madness Engine LiveTrack 3.0 <emptyline> <emptyline>  <position> TRACK MODELLING & GENERAL ART LEAD <list> Ilya Malyuev <emptyline> <emptyline>  <position> TRACK ART <list> Felipe Bezerra Gregory Boundy Patrick Giranthon Carlos Gozalvez Alen Cepin Gunnar Frei Mario Morais Frederick Alonso Ilja Jusupov Sulivan Oliveira Frank Alexandre Joradson Rodrigues Renju Therakathu Alex Sawczuk Sau Fung Hiew Alec Moody Bruno Afonseca R.Debashish Evan Herbert Luc Van Camp Davida Brumla William Elliott Benz Lewis <emptyline> <emptyline>  <position> TV CAMERA DESIGN <list> Todd Norbury Luigi Campastri <emptyline> <emptyline>  <position> VEHICLE ART <list> Alexander Nabutovskiy Bala Sivaram Roger Lopes Charles Robillard Ilja Jusupov Sulivan Oliveira Rob Thompson Pavel Koshkin Thiago Izequiel Koen Calleyl Murilo Zimmer Kreso Franic Balamurugan S Akhil K Padmanabhan Amal Krishnan CA Benedict Casper Lambert <emptyline> <emptyline>  <position> SHADER DESIGNER <list> Casper Kemp <emptyline> <emptyline>  <position> PROGRAMMING <list> Giancarlo Rampanelli Dave Stephenson Domagoj Lovric Otso Lahti Oliver Weghofer Casper Kemp <emptyline> <emptyline>  <position> VEHICLE PHYSICS & FFB <list> Renato Simioni Niels Heusinkveld Otso Lahti Thomas Tessmer Gregory Boundy Domagoj Lovric Daniel Charalambou Lars Herrmann <emptyline> <emptyline>  <position> AI DEVELOPMENT <list> Renato Simioni Giancarlo Rampanelli Gregory Boundy <emptyline> <emptyline>  <position> AUDIO DESIGN <list> Domagoj Lovric Saad Mughal Lucas Augusto Casemiro Ilya Malyuev <emptyline> <emptyline>  <position> INTERFACE PROGRAMMING & DESIGN <list> Dave Stephenson Chris Williams Daniel Charalambou Pavel Koshkin <emptyline> <emptyline>  <position> COMMUNITY & MARKETING  <list> Pavel Koshkin Thiago Izequiel Filipe Steiner Lars Herrmann <emptyline> <emptyline>  <position> INTERNAL TESTING TEAM <list> Marc Collins Marius Huisman Andrei Constantin Ettore Sapienza Jimmy Maltez Alexandre Sene Peter Stefani Luke Blum Jim Nobbs Jonathan Noe Boris Schalk Niklas Schmidt  Stef Volckaerts <emptyline> <emptyline>  <position> THANKS TO: <list> AJ Weber Kevin Boland Jan Frischkorn Paul Scargill Anders Johansson Vicko Hazdovac Martin Olivera Artem Emolov Robert Dibley Matt York Stefano Bozzy Fabian Baquetti Afonso Rodrigues Kiko Tocci Alisson Gandi Alexandre Sene Toninho Motta Roberto Moraes Tito Morestoni Raphael Abbate Felipe Faria Artur Fernandes Andre Bragantini Jr.  Felipe Giaffone Zeca Giaffone Marcello Hirsch Mauricio Slaviero Fernando Julianelli Roberto Zullino Felipe Zullino Juliano Moro Enzo Brocker Jorge Abujamra Neto Fernando Paiva Dave Stanley Rune Morling Tim Wheatley Fabio Ribeiro Tony Binelli Roberto Lacombe Niltao Amaral Cleiton Krause Jim Nobbs Jonathan Noe Boris Schalk John Ellis Roar McRipHelmet Young Il Yoon Michael Enright Wolfgang Herold <emptyline> <emptyline>  <position> SPECIAL THANKS TO: <list> Slightly Mad Studios Straight4 Studios  Ian Bell Andy Garton Ged Keaveney  Gjon Camaj Melinda Neil Arthur Virapin <emptyline> <emptyline>  <position> WEATHER DATA PROVIDER <list> OpenWeather™ <emptyline> <emptyline>  <position> PROPRIETARY INFORMATION. <list> Any file, information, content, idea, or other parts  relating to this product, or its development or format  is proprietary to Reiza Studios Ltda. <emptyline> Third-party brands and names are the property of their respective owners and used under license. <emptyline> (c) 2024 Reiza Studios Ltda <emptyline> All Rights Reserved. <emptyline> <emptyline> <emptyline> <emptyline> <emptyline> <emptyline>	<list> <position> AUTOMOBILISTA 2 <emptyline> <position> Developed By <list> Reiza Studios Ltda. <emptyline> <position> POWERED BY <list> Madness Engine LiveTrack 3.0 <emptyline> <emptyline>  <position> TRACK MODELLING & GENERAL ART LEAD <list> Ilya Malyuev <emptyline> <emptyline>  <position> TRACK ART <list> Felipe Bezerra Gregory Boundy Patrick Giranthon Carlos Gozalvez Alen Cepin Gunnar Frei Mario Morais Frederick Alonso Ilja Jusupov Sulivan Oliveira Frank Alexandre Joradson Rodrigues Renju Therakathu Alex Sawczuk Sau Fung Hiew Alec Moody Bruno Afonseca R.Debashish Evan Herbert Luc Van Camp Davida Brumla William Elliott Benz Lewis <emptyline> <emptyline>  <position> TV CAMERA DESIGN <list> Todd Norbury Luigi Campastri <emptyline> <emptyline>  <position> VEHICLE ART <list> Alexander Nabutovskiy Bala Sivaram Roger Lopes Charles Robillard Ilja Jusupov Sulivan Oliveira Rob Thompson Pavel Koshkin Thiago Izequiel Koen Calleyl Murilo Zimmer Kreso Franic Balamurugan S Akhil K Padmanabhan Amal Krishnan CA Benedict Casper Lambert <emptyline> <emptyline>  <position> SHADER DESIGNER <list> Casper Kemp <emptyline> <emptyline>  <position> PROGRAMMING <list> Giancarlo Rampanelli Dave Stephenson Domagoj Lovric Otso Lahti Oliver Weghofer Casper Kemp <emptyline> <emptyline>  <position> VEHICLE PHYSICS & FFB <list> Renato Simioni Niels Heusinkveld Otso Lahti Thomas Tessmer Gregory Boundy Domagoj Lovric Daniel Charalambou Lars Herrmann <emptyline> <emptyline>  <position> AI DEVELOPMENT <list> Renato Simioni Giancarlo Rampanelli Gregory Boundy <emptyline> <emptyline>  <position> AUDIO DESIGN <list> Domagoj Lovric Saad Mughal Lucas Augusto Casemiro Ilya Malyuev <emptyline> <emptyline>  <position> INTERFACE PROGRAMMING & DESIGN <list> Dave Stephenson Chris Williams Daniel Charalambou Pavel Koshkin <emptyline> <emptyline>  <position> COMMUNITY & MARKETING  <list> Pavel Koshkin Thiago Izequiel Filipe Steiner Lars Herrmann <emptyline> <emptyline>  <position> INTERNAL TESTING TEAM <list> Marc Collins Marius Huisman Andrei Constantin Ettore Sapienza Jimmy Maltez Alexandre Sene Peter Stefani Luke Blum Jim Nobbs Jonathan Noe Boris Schalk Niklas Schmidt  Stef Volckaerts <emptyline> <emptyline>  <position> THANKS TO: <list> AJ Weber Kevin Boland Jan Frischkorn Paul Scargill Anders Johansson Vicko Hazdovac Martin Olivera Artem Emolov Robert Dibley Matt York Stefano Bozzy Fabian Baquetti Afonso Rodrigues Kiko Tocci Alisson Gandi Alexandre Sene Toninho Motta Roberto Moraes Tito Morestoni Raphael Abbate Felipe Faria Artur Fernandes Andre Bragantini Jr.  Felipe Giaffone Zeca Giaffone Marcello Hirsch Mauricio Slaviero Fernando Julianelli Roberto Zullino Felipe Zullino Juliano Moro Enzo Brocker Jorge Abujamra Neto Fernando Paiva Dave Stanley Rune Morling Tim Wheatley Fabio Ribeiro Tony Binelli Roberto Lacombe Niltao Amaral Cleiton Krause Jim Nobbs Jonathan Noe Boris Schalk John Ellis Roar McRipHelmet Young Il Yoon Michael Enright Wolfgang Herold <emptyline> <emptyline>  <position> SPECIAL THANKS TO: <list> Slightly Mad Studios Straight4 Studios  Ian Bell Andy Garton Ged Keaveney  Gjon Camaj Melinda Neil Arthur Virapin <emptyline> <emptyline>  <position> WEATHER DATA PROVIDER <list> OpenWeather™ <emptyline> <emptyline>  <position> PROPRIETARY INFORMATION. <list> Any file, information, content, idea, or other parts  relating to this product, or its development or format  is proprietary to Reiza Studios Ltda. <emptyline> Third-party brands and names are the property of their respective owners and used under license. <emptyline> (c) 2024 Reiza Studios Ltda <emptyline> All Rights Reserved. <emptyline> <emptyline> <emptyline> <emptyline> <emptyline> <emptyline>	<list> <position> AUTOMOBILISTA 2 <emptyline> <position> Developed By <list> Reiza Studios Ltda. <emptyline> <position> POWERED BY <list> Madness Engine LiveTrack 3.0 <emptyline> <emptyline>  <position> TRACK MODELLING & GENERAL ART LEAD <list> Ilya Malyuev <emptyline> <emptyline>  <position> TRACK ART <list> Felipe Bezerra Gregory Boundy Patrick Giranthon Carlos Gozalvez Alen Cepin Gunnar Frei Mario Morais Frederick Alonso Ilja Jusupov Sulivan Oliveira Frank Alexandre Joradson Rodrigues Renju Therakathu Alex Sawczuk Sau Fung Hiew Alec Moody Bruno Afonseca R.Debashish Evan Herbert Luc Van Camp Davida Brumla William Elliott Benz Lewis <emptyline> <emptyline>  <position> TV CAMERA DESIGN <list> Todd Norbury Luigi Campastri <emptyline> <emptyline>  <position> VEHICLE ART <list> Alexander Nabutovskiy Bala Sivaram Roger Lopes Charles Robillard Ilja Jusupov Sulivan Oliveira Rob Thompson Pavel Koshkin Thiago Izequiel Koen Calleyl Murilo Zimmer Kreso Franic Balamurugan S Akhil K Padmanabhan Amal Krishnan CA Benedict Casper Lambert <emptyline> <emptyline>  <position> SHADER DESIGNER <list> Casper Kemp <emptyline> <emptyline>  <position> PROGRAMMING <list> Giancarlo Rampanelli Dave Stephenson Domagoj Lovric Otso Lahti Oliver Weghofer Casper Kemp <emptyline> <emptyline>  <position> VEHICLE PHYSICS & FFB <list> Renato Simioni Niels Heusinkveld Otso Lahti Thomas Tessmer Gregory Boundy Domagoj Lovric Daniel Charalambou Lars Herrmann <emptyline> <emptyline>  <position> AI DEVELOPMENT <list> Renato Simioni Giancarlo Rampanelli Gregory Boundy <emptyline> <emptyline>  <position> AUDIO DESIGN <list> Domagoj Lovric Saad Mughal Lucas Augusto Casemiro Ilya Malyuev <emptyline> <emptyline>  <position> INTERFACE PROGRAMMING & DESIGN <list> Dave Stephenson Chris Williams Daniel Charalambou Pavel Koshkin <emptyline> <emptyline>  <position> COMMUNITY & MARKETING  <list> Pavel Koshkin Thiago Izequiel Filipe Steiner Lars Herrmann <emptyline> <emptyline>  <position> INTERNAL TESTING TEAM <list> Marc Collins Marius Huisman Andrei Constantin Ettore Sapienza Jimmy Maltez Alexandre Sene Peter Stefani Luke Blum Jim Nobbs Jonathan Noe Boris Schalk Niklas Schmidt  Stef Volckaerts <emptyline> <emptyline>  <position> THANKS TO: <list> AJ Weber Kevin Boland Jan Frischkorn Paul Scargill Anders Johansson Vicko Hazdovac Martin Olivera Artem Emolov Robert Dibley Matt York Stefano Bozzy Fabian Baquetti Afonso Rodrigues Kiko Tocci Alisson Gandi Alexandre Sene Toninho Motta Roberto Moraes Tito Morestoni Raphael Abbate Felipe Faria Artur Fernandes Andre Bragantini Jr.  Felipe Giaffone Zeca Giaffone Marcello Hirsch Mauricio Slaviero Fernando Julianelli Roberto Zullino Felipe Zullino Juliano Moro Enzo Brocker Jorge Abujamra Neto Fernando Paiva Dave Stanley Rune Morling Tim Wheatley Fabio Ribeiro Tony Binelli Roberto Lacombe Niltao Amaral Cleiton Krause Jim Nobbs Jonathan Noe Boris Schalk John Ellis Roar McRipHelmet Young Il Yoon Michael Enright Wolfgang Herold <emptyline> <emptyline>  <position> SPECIAL THANKS TO: <list> Slightly Mad Studios Straight4 Studios  Ian Bell Andy Garton Ged Keaveney  Gjon Camaj Melinda Neil Arthur Virapin <emptyline> <emptyline>  <position> WEATHER DATA PROVIDER <list> OpenWeather™ <emptyline> <emptyline>  <position> PROPRIETARY INFORMATION. <list> Any file, information, content, idea, or other parts  relating to this product, or its development or format  is proprietary to Reiza Studios Ltda. <emptyline> Third-party brands and names are the property of their respective owners and used under license. <emptyline> (c) 2024 Reiza Studios Ltda <emptyline> All Rights Reserved. <emptyline> <emptyline> <emptyline> <emptyline> <emptyline> <emptyline>	<list> <position> AUTOMOBILISTA 2 <emptyline> <position> Developed By <list> Reiza Studios Ltda. <emptyline> <position> POWERED BY <list> Madness Engine LiveTrack 3.0 <emptyline> <emptyline>  <position> TRACK MODELLING & GENERAL ART LEAD <list> Ilya Malyuev <emptyline> <emptyline>  <position> TRACK ART <list> Felipe Bezerra Gregory Boundy Patrick Giranthon Carlos Gozalvez Alen Cepin Gunnar Frei Mario Morais Frederick Alonso Ilja Jusupov Sulivan Oliveira Frank Alexandre Joradson Rodrigues Renju Therakathu Alex Sawczuk Sau Fung Hiew Alec Moody Bruno Afonseca R.Debashish Evan Herbert Luc Van Camp Davida Brumla William Elliott Benz Lewis <emptyline> <emptyline>  <position> TV CAMERA DESIGN <list> Todd Norbury Luigi Campastri <emptyline> <emptyline>  <position> VEHICLE ART <list> Alexander Nabutovskiy Bala Sivaram Roger Lopes Charles Robillard Ilja Jusupov Sulivan Oliveira Rob Thompson Pavel Koshkin Thiago Izequiel Koen Calleyl Murilo Zimmer Kreso Franic Balamurugan S Akhil K Padmanabhan Amal Krishnan CA Benedict Casper Lambert <emptyline> <emptyline>  <position> SHADER DESIGNER <list> Casper Kemp <emptyline> <emptyline>  <position> PROGRAMMING <list> Giancarlo Rampanelli Dave Stephenson Domagoj Lovric Otso Lahti Oliver Weghofer Casper Kemp <emptyline> <emptyline>  <position> VEHICLE PHYSICS & FFB <list> Renato Simioni Niels Heusinkveld Otso Lahti Thomas Tessmer Gregory Boundy Domagoj Lovric Daniel Charalambou Lars Herrmann <emptyline> <emptyline>  <position> AI DEVELOPMENT <list> Renato Simioni Giancarlo Rampanelli Gregory Boundy <emptyline> <emptyline>  <position> AUDIO DESIGN <list> Domagoj Lovric Saad Mughal Lucas Augusto Casemiro Ilya Malyuev <emptyline> <emptyline>  <position> INTERFACE PROGRAMMING & DESIGN <list> Dave Stephenson Chris Williams Daniel Charalambou Pavel Koshkin <emptyline> <emptyline>  <position> COMMUNITY & MARKETING  <list> Pavel Koshkin Thiago Izequiel Filipe Steiner Lars Herrmann <emptyline> <emptyline>  <position> INTERNAL TESTING TEAM <list> Marc Collins Marius Huisman Andrei Constantin Ettore Sapienza Jimmy Maltez Alexandre Sene Peter Stefani Luke Blum Jim Nobbs Jonathan Noe Boris Schalk Niklas Schmidt  Stef Volckaerts <emptyline> <emptyline>  <position> THANKS TO: <list> AJ Weber Kevin Boland Jan Frischkorn Paul Scargill Anders Johansson Vicko Hazdovac Martin Olivera Artem Emolov Robert Dibley Matt York Stefano Bozzy Fabian Baquetti Afonso Rodrigues Kiko Tocci Alisson Gandi Alexandre Sene Toninho Motta Roberto Moraes Tito Morestoni Raphael Abbate Felipe Faria Artur Fernandes Andre Bragantini Jr.  Felipe Giaffone Zeca Giaffone Marcello Hirsch Mauricio Slaviero Fernando Julianelli Roberto Zullino Felipe Zullino Juliano Moro Enzo Brocker Jorge Abujamra Neto Fernando Paiva Dave Stanley Rune Morling Tim Wheatley Fabio Ribeiro Tony Binelli Roberto Lacombe Niltao Amaral Cleiton Krause Jim Nobbs Jonathan Noe Boris Schalk John Ellis Roar McRipHelmet Young Il Yoon Michael Enright Wolfgang Herold <emptyline> <emptyline>  <position> SPECIAL THANKS TO: <list> Slightly Mad Studios Straight4 Studios  Ian Bell Andy Garton Ged Keaveney  Gjon Camaj Melinda Neil Arthur Virapin <emptyline> <emptyline>  <position> WEATHER DATA PROVIDER <list> OpenWeather™ <emptyline> <emptyline>  <position> PROPRIETARY INFORMATION. <list> Any file, information, content, idea, or other parts  relating to this product, or its development or format  is proprietary to Reiza Studios Ltda. <emptyline> Third-party brands and names are the property of their respective owners and used under license. <emptyline> (c) 2024 Reiza Studios Ltda <emptyline> All Rights Reserved. <emptyline> <emptyline> <emptyline> <emptyline> <emptyline> <emptyline>	<list> <position> AUTOMOBILISTA 2 <emptyline> <position> Developed By <list> Reiza Studios Ltda. <emptyline> <position> POWERED BY <list> Madness Engine LiveTrack 3.0 <emptyline> <emptyline>  <position> TRACK MODELLING & GENERAL ART LEAD <list> Ilya Malyuev <emptyline> <emptyline>  <position> TRACK ART <list> Felipe Bezerra Gregory Boundy Patrick Giranthon Carlos Gozalvez Alen Cepin Gunnar Frei Mario Morais Frederick Alonso Ilja Jusupov Sulivan Oliveira Frank Alexandre Joradson Rodrigues Renju Therakathu Alex Sawczuk Sau Fung Hiew Alec Moody Bruno Afonseca R.Debashish Evan Herbert Luc Van Camp Davida Brumla William Elliott Benz Lewis <emptyline> <emptyline>  <position> TV CAMERA DESIGN <list> Todd Norbury Luigi Campastri <emptyline> <emptyline>  <position> VEHICLE ART <list> Alexander Nabutovskiy Bala Sivaram Roger Lopes Charles Robillard Ilja Jusupov Sulivan Oliveira Rob Thompson Pavel Koshkin Thiago Izequiel Koen Calleyl Murilo Zimmer Kreso Franic Balamurugan S Akhil K Padmanabhan Amal Krishnan CA Benedict Casper Lambert <emptyline> <emptyline>  <position> SHADER DESIGNER <list> Casper Kemp <emptyline> <emptyline>  <position> PROGRAMMING <list> Giancarlo Rampanelli Dave Stephenson Domagoj Lovric Otso Lahti Oliver Weghofer Casper Kemp <emptyline> <emptyline>  <position> VEHICLE PHYSICS & FFB <list> Renato Simioni Niels Heusinkveld Otso Lahti Thomas Tessmer Gregory Boundy Domagoj Lovric Daniel Charalambou Lars Herrmann <emptyline> <emptyline>  <position> AI DEVELOPMENT <list> Renato Simioni Giancarlo Rampanelli Gregory Boundy <emptyline> <emptyline>  <position> AUDIO DESIGN <list> Domagoj Lovric Saad Mughal Lucas Augusto Casemiro Ilya Malyuev <emptyline> <emptyline>  <position> INTERFACE PROGRAMMING & DESIGN <list> Dave Stephenson Chris Williams Daniel Charalambou Pavel Koshkin <emptyline> <emptyline>  <position> COMMUNITY & MARKETING  <list> Pavel Koshkin Thiago Izequiel Filipe Steiner Lars Herrmann <emptyline> <emptyline>  <position> INTERNAL TESTING TEAM <list> Marc Collins Marius Huisman Andrei Constantin Ettore Sapienza Jimmy Maltez Alexandre Sene Peter Stefani Luke Blum Jim Nobbs Jonathan Noe Boris Schalk Niklas Schmidt  Stef Volckaerts <emptyline> <emptyline>  <position> THANKS TO: <list> AJ Weber Kevin Boland Jan Frischkorn Paul Scargill Anders Johansson Vicko Hazdovac Martin Olivera Artem Emolov Robert Dibley Matt York Stefano Bozzy Fabian Baquetti Afonso Rodrigues Kiko Tocci Alisson Gandi Alexandre Sene Toninho Motta Roberto Moraes Tito Morestoni Raphael Abbate Felipe Faria Artur Fernandes Andre Bragantini Jr.  Felipe Giaffone Zeca Giaffone Marcello Hirsch Mauricio Slaviero Fernando Julianelli Roberto Zullino Felipe Zullino Juliano Moro Enzo Brocker Jorge Abujamra Neto Fernando Paiva Dave Stanley Rune Morling Tim Wheatley Fabio Ribeiro Tony Binelli Roberto Lacombe Niltao Amaral Cleiton Krause Jim Nobbs Jonathan Noe Boris Schalk John Ellis Roar McRipHelmet Young Il Yoon Michael Enright Wolfgang Herold <emptyline> <emptyline>  <position> SPECIAL THANKS TO: <list> Slightly Mad Studios Straight4 Studios  Ian Bell Andy Garton Ged Keaveney  Gjon Camaj Melinda Neil Arthur Virapin <emptyline> <emptyline>  <position> WEATHER DATA PROVIDER <list> OpenWeather™ <emptyline> <emptyline>  <position> PROPRIETARY INFORMATION. <list> Any file, information, content, idea, or other parts  relating to this product, or its development or format  is proprietary to Reiza Studios Ltda. <emptyline> Third-party brands and names are the property of their respective owners and used under license. <emptyline> (c) 2024 Reiza Studios Ltda <emptyline> All Rights Reserved. <emptyline> <emptyline> <emptyline> <emptyline> <emptyline> <emptyline>	<list> <position> AUTOMOBILISTA 2 <emptyline> <position> Developed By <list> Reiza Studios Ltda. <emptyline> <position> POWERED BY <list> Madness Engine LiveTrack 3.0 <emptyline> <emptyline>  <position> TRACK MODELLING & GENERAL ART LEAD <list> Ilya Malyuev <emptyline> <emptyline>  <position> TRACK ART <list> Felipe Bezerra Gregory Boundy Patrick Giranthon Carlos Gozalvez Alen Cepin Gunnar Frei Mario Morais Frederick Alonso Ilja Jusupov Sulivan Oliveira Frank Alexandre Joradson Rodrigues Renju Therakathu Alex Sawczuk Sau Fung Hiew Alec Moody Bruno Afonseca R.Debashish Evan Herbert Luc Van Camp Davida Brumla William Elliott Benz Lewis <emptyline> <emptyline>  <position> TV CAMERA DESIGN <list> Todd Norbury Luigi Campastri <emptyline> <emptyline>  <position> VEHICLE ART <list> Alexander Nabutovskiy Bala Sivaram Roger Lopes Charles Robillard Ilja Jusupov Sulivan Oliveira Rob Thompson Pavel Koshkin Thiago Izequiel Koen Calleyl Murilo Zimmer Kreso Franic Balamurugan S Akhil K Padmanabhan Amal Krishnan CA Benedict Casper Lambert <emptyline> <emptyline>  <position> SHADER DESIGNER <list> Casper Kemp <emptyline> <emptyline>  <position> PROGRAMMING <list> Giancarlo Rampanelli Dave Stephenson Domagoj Lovric Otso Lahti Oliver Weghofer Casper Kemp <emptyline> <emptyline>  <position> VEHICLE PHYSICS & FFB <list> Renato Simioni Niels Heusinkveld Otso Lahti Thomas Tessmer Gregory Boundy Domagoj Lovric Daniel Charalambou Lars Herrmann <emptyline> <emptyline>  <position> AI DEVELOPMENT <list> Renato Simioni Giancarlo Rampanelli Gregory Boundy <emptyline> <emptyline>  <position> AUDIO DESIGN <list> Domagoj Lovric Saad Mughal Lucas Augusto Casemiro Ilya Malyuev <emptyline> <emptyline>  <position> INTERFACE PROGRAMMING & DESIGN <list> Dave Stephenson Chris Williams Daniel Charalambou Pavel Koshkin <emptyline> <emptyline>  <position> COMMUNITY & MARKETING  <list> Pavel Koshkin Thiago Izequiel Filipe Steiner Lars Herrmann <emptyline> <emptyline>  <position> INTERNAL TESTING TEAM <list> Marc Collins Marius Huisman Andrei Constantin Ettore Sapienza Jimmy Maltez Alexandre Sene Peter Stefani Luke Blum Jim Nobbs Jonathan Noe Boris Schalk Niklas Schmidt  Stef Volckaerts <emptyline> <emptyline>  <position> THANKS TO: <list> AJ Weber Kevin Boland Jan Frischkorn Paul Scargill Anders Johansson Vicko Hazdovac Martin Olivera Artem Emolov Robert Dibley Matt York Stefano Bozzy Fabian Baquetti Afonso Rodrigues Kiko Tocci Alisson Gandi Alexandre Sene Toninho Motta Roberto Moraes Tito Morestoni Raphael Abbate Felipe Faria Artur Fernandes Andre Bragantini Jr.  Felipe Giaffone Zeca Giaffone Marcello Hirsch Mauricio Slaviero Fernando Julianelli Roberto Zullino Felipe Zullino Juliano Moro Enzo Brocker Jorge Abujamra Neto Fernando Paiva Dave Stanley Rune Morling Tim Wheatley Fabio Ribeiro Tony Binelli Roberto Lacombe Niltao Amaral Cleiton Krause Jim Nobbs Jonathan Noe Boris Schalk John Ellis Roar McRipHelmet Young Il Yoon Michael Enright Wolfgang Herold <emptyline> <emptyline>  <position> SPECIAL THANKS TO: <list> Slightly Mad Studios Straight4 Studios  Ian Bell Andy Garton Ged Keaveney  Gjon Camaj Melinda Neil Arthur Virapin <emptyline> <emptyline>  <position> WEATHER DATA PROVIDER <list> OpenWeather™ <emptyline> <emptyline>  <position> PROPRIETARY INFORMATION. <list> Any file, information, content, idea, or other parts  relating to this product, or its development or format  is proprietary to Reiza Studios Ltda. <emptyline> Third-party brands and names are the property of their respective owners and used under license. <emptyline> (c) 2024 Reiza Studios Ltda <emptyline> All Rights Reserved. <emptyline> <emptyline> <emptyline> <emptyline> <emptyline> <emptyline>	<list> <position> AUTOMOBILISTA 2 <emptyline> <position> Developed By <list> Reiza Studios Ltda. <emptyline> <position> POWERED BY <list> Madness Engine LiveTrack 3.0 <emptyline> <emptyline>  <position> TRACK MODELLING & GENERAL ART LEAD <list> Ilya Malyuev <emptyline> <emptyline>  <position> TRACK ART <list> Felipe Bezerra Gregory Boundy Patrick Giranthon Carlos Gozalvez Alen Cepin Gunnar Frei Mario Morais Frederick Alonso Ilja Jusupov Sulivan Oliveira Frank Alexandre Joradson Rodrigues Renju Therakathu Alex Sawczuk Sau Fung Hiew Alec Moody Bruno Afonseca R.Debashish Evan Herbert Luc Van Camp Davida Brumla William Elliott Benz Lewis <emptyline> <emptyline>  <position> TV CAMERA DESIGN <list> Todd Norbury Luigi Campastri <emptyline> <emptyline>  <position> VEHICLE ART <list> Alexander Nabutovskiy Bala Sivaram Roger Lopes Charles Robillard Ilja Jusupov Sulivan Oliveira Rob Thompson Pavel Koshkin Thiago Izequiel Koen Calleyl Murilo Zimmer Kreso Franic Balamurugan S Akhil K Padmanabhan Amal Krishnan CA Benedict Casper Lambert <emptyline> <emptyline>  <position> SHADER DESIGNER <list> Casper Kemp <emptyline> <emptyline>  <position> PROGRAMMING <list> Giancarlo Rampanelli Dave Stephenson Domagoj Lovric Otso Lahti Oliver Weghofer Casper Kemp <emptyline> <emptyline>  <position> VEHICLE PHYSICS & FFB <list> Renato Simioni Niels Heusinkveld Otso Lahti Thomas Tessmer Gregory Boundy Domagoj Lovric Daniel Charalambou Lars Herrmann <emptyline> <emptyline>  <position> AI DEVELOPMENT <list> Renato Simioni Giancarlo Rampanelli Gregory Boundy <emptyline> <emptyline>  <position> AUDIO DESIGN <list> Domagoj Lovric Saad Mughal Lucas Augusto Casemiro Ilya Malyuev <emptyline> <emptyline>  <position> INTERFACE PROGRAMMING & DESIGN <list> Dave Stephenson Chris Williams Daniel Charalambou Pavel Koshkin <emptyline> <emptyline>  <position> COMMUNITY & MARKETING  <list> Pavel Koshkin Thiago Izequiel Filipe Steiner Lars Herrmann <emptyline> <emptyline>  <position> INTERNAL TESTING TEAM <list> Marc Collins Marius Huisman Andrei Constantin Ettore Sapienza Jimmy Maltez Alexandre Sene Peter Stefani Luke Blum Jim Nobbs Jonathan Noe Boris Schalk Niklas Schmidt  Stef Volckaerts <emptyline> <emptyline>  <position> THANKS TO: <list> AJ Weber Kevin Boland Jan Frischkorn Paul Scargill Anders Johansson Vicko Hazdovac Martin Olivera Artem Emolov Robert Dibley Matt York Stefano Bozzy Fabian Baquetti Afonso Rodrigues Kiko Tocci Alisson Gandi Alexandre Sene Toninho Motta Roberto Moraes Tito Morestoni Raphael Abbate Felipe Faria Artur Fernandes Andre Bragantini Jr.  Felipe Giaffone Zeca Giaffone Marcello Hirsch Mauricio Slaviero Fernando Julianelli Roberto Zullino Felipe Zullino Juliano Moro Enzo Brocker Jorge Abujamra Neto Fernando Paiva Dave Stanley Rune Morling Tim Wheatley Fabio Ribeiro Tony Binelli Roberto Lacombe Niltao Amaral Cleiton Krause Jim Nobbs Jonathan Noe Boris Schalk John Ellis Roar McRipHelmet Young Il Yoon Michael Enright Wolfgang Herold <emptyline> <emptyline>  <position> SPECIAL THANKS TO: <list> Slightly Mad Studios Straight4 Studios  Ian Bell Andy Garton Ged Keaveney  Gjon Camaj Melinda Neil Arthur Virapin <emptyline> <emptyline>  <position> WEATHER DATA PROVIDER <list> OpenWeather™ <emptyline> <emptyline>  <position> PROPRIETARY INFORMATION. <list> Any file, information, content, idea, or other parts  relating to this product, or its development or format  is proprietary to Reiza Studios Ltda. <emptyline> Third-party brands and names are the property of their respective owners and used under license. <emptyline> (c) 2024 Reiza Studios Ltda <emptyline> All Rights Reserved. <emptyline> <emptyline> <emptyline> <emptyline> <emptyline> <emptyline>	<list> <position> AUTOMOBILISTA 2 <emptyline> <position> Developed By <list> Reiza Studios Ltda. <emptyline> <position> POWERED BY <list> Madness Engine LiveTrack 3.0 <emptyline> <emptyline>  <position> TRACK MODELLING & GENERAL ART LEAD <list> Ilya Malyuev <emptyline> <emptyline>  <position> TRACK ART <list> Felipe Bezerra Gregory Boundy Patrick Giranthon Carlos Gozalvez Alen Cepin Gunnar Frei Mario Morais Frederick Alonso Ilja Jusupov Sulivan Oliveira Frank Alexandre Joradson Rodrigues Renju Therakathu Alex Sawczuk Sau Fung Hiew Alec Moody Bruno Afonseca R.Debashish Evan Herbert Luc Van Camp Davida Brumla William Elliott Benz Lewis <emptyline> <emptyline>  <position> TV CAMERA DESIGN <list> Todd Norbury Luigi Campastri <emptyline> <emptyline>  <position> VEHICLE ART <list> Alexander Nabutovskiy Bala Sivaram Roger Lopes Charles Robillard Ilja Jusupov Sulivan Oliveira Rob Thompson Pavel Koshkin Thiago Izequiel Koen Calleyl Murilo Zimmer Kreso Franic Balamurugan S Akhil K Padmanabhan Amal Krishnan CA Benedict Casper Lambert <emptyline> <emptyline>  <position> SHADER DESIGNER <list> Casper Kemp <emptyline> <emptyline>  <position> PROGRAMMING <list> Giancarlo Rampanelli Dave Stephenson Domagoj Lovric Otso Lahti Oliver Weghofer Casper Kemp <emptyline> <emptyline>  <position> VEHICLE PHYSICS & FFB <list> Renato Simioni Niels Heusinkveld Otso Lahti Thomas Tessmer Gregory Boundy Domagoj Lovric Daniel Charalambou Lars Herrmann <emptyline> <emptyline>  <position> AI DEVELOPMENT <list> Renato Simioni Giancarlo Rampanelli Gregory Boundy <emptyline> <emptyline>  <position> AUDIO DESIGN <list> Domagoj Lovric Saad Mughal Lucas Augusto Casemiro Ilya Malyuev <emptyline> <emptyline>  <position> INTERFACE PROGRAMMING & DESIGN <list> Dave Stephenson Chris Williams Daniel Charalambou Pavel Koshkin <emptyline> <emptyline>  <position> COMMUNITY & MARKETING  <list> Pavel Koshkin Thiago Izequiel Filipe Steiner Lars Herrmann <emptyline> <emptyline>  <position> INTERNAL TESTING TEAM <list> Marc Collins Marius Huisman Andrei Constantin Ettore Sapienza Jimmy Maltez Alexandre Sene Peter Stefani Luke Blum Jim Nobbs Jonathan Noe Boris Schalk Niklas Schmidt  Stef Volckaerts <emptyline> <emptyline>  <position> THANKS TO: <list> AJ Weber Kevin Boland Jan Frischkorn Paul Scargill Anders Johansson Vicko Hazdovac Martin Olivera Artem Emolov Robert Dibley Matt York Stefano Bozzy Fabian Baquetti Afonso Rodrigues Kiko Tocci Alisson Gandi Alexandre Sene Toninho Motta Roberto Moraes Tito Morestoni Raphael Abbate Felipe Faria Artur Fernandes Andre Bragantini Jr.  Felipe Giaffone Zeca Giaffone Marcello Hirsch Mauricio Slaviero Fernando Julianelli Roberto Zullino Felipe Zullino Juliano Moro Enzo Brocker Jorge Abujamra Neto Fernando Paiva Dave Stanley Rune Morling Tim Wheatley Fabio Ribeiro Tony Binelli Roberto Lacombe Niltao Amaral Cleiton Krause Jim Nobbs Jonathan Noe Boris Schalk John Ellis Roar McRipHelmet Young Il Yoon Michael Enright Wolfgang Herold <emptyline> <emptyline>  <position> SPECIAL THANKS TO: <list> Slightly Mad Studios Straight4 Studios  Ian Bell Andy Garton Ged Keaveney  Gjon Camaj Melinda Neil Arthur Virapin <emptyline> <emptyline>  <position> WEATHER DATA PROVIDER <list> OpenWeather™ <emptyline> <emptyline>  <position> PROPRIETARY INFORMATION. <list> Any file, information, content, idea, or other parts  relating to this product, or its development or format  is proprietary to Reiza Studios Ltda. <emptyline> Third-party brands and names are the property of their respective owners and used under license. <emptyline> (c) 2024 Reiza Studios Ltda <emptyline> All Rights Reserved. <emptyline> <emptyline> <emptyline> <emptyline> <emptyline> <emptyline>	<list> <position> AUTOMOBILISTA 2 <emptyline> <position> Developed By <list> Reiza Studios Ltda. <emptyline> <position> POWERED BY <list> Madness Engine LiveTrack 3.0 <emptyline> <emptyline>  <position> TRACK MODELLING & GENERAL ART LEAD <list> Ilya Malyuev <emptyline> <emptyline>  <position> TRACK ART <list> Felipe Bezerra Gregory Boundy Patrick Giranthon Carlos Gozalvez Alen Cepin Gunnar Frei Mario Morais Frederick Alonso Ilja Jusupov Sulivan Oliveira Frank Alexandre Joradson Rodrigues Renju Therakathu Alex Sawczuk Sau Fung Hiew Alec Moody Bruno Afonseca R.Debashish Evan Herbert Luc Van Camp Davida Brumla William Elliott Benz Lewis <emptyline> <emptyline>  <position> TV CAMERA DESIGN <list> Todd Norbury Luigi Campastri <emptyline> <emptyline>  <position> VEHICLE ART <list> Alexander Nabutovskiy Bala Sivaram Roger Lopes Charles Robillard Ilja Jusupov Sulivan Oliveira Rob Thompson Pavel Koshkin Thiago Izequiel Koen Calleyl Murilo Zimmer Kreso Franic Balamurugan S Akhil K Padmanabhan Amal Krishnan CA Benedict Casper Lambert <emptyline> <emptyline>  <position> SHADER DESIGNER <list> Casper Kemp <emptyline> <emptyline>  <position> PROGRAMMING <list> Giancarlo Rampanelli Dave Stephenson Domagoj Lovric Otso Lahti Oliver Weghofer Casper Kemp <emptyline> <emptyline>  <position> VEHICLE PHYSICS & FFB <list> Renato Simioni Niels Heusinkveld Otso Lahti Thomas Tessmer Gregory Boundy Domagoj Lovric Daniel Charalambou Lars Herrmann <emptyline> <emptyline>  <position> AI DEVELOPMENT <list> Renato Simioni Giancarlo Rampanelli Gregory Boundy <emptyline> <emptyline>  <position> AUDIO DESIGN <list> Domagoj Lovric Saad Mughal Lucas Augusto Casemiro Ilya Malyuev <emptyline> <emptyline>  <position> INTERFACE PROGRAMMING & DESIGN <list> Dave Stephenson Chris Williams Daniel Charalambou Pavel Koshkin <emptyline> <emptyline>  <position> COMMUNITY & MARKETING  <list> Pavel Koshkin Thiago Izequiel Filipe Steiner Lars Herrmann <emptyline> <emptyline>  <position> INTERNAL TESTING TEAM <list> Marc Collins Marius Huisman Andrei Constantin Ettore Sapienza Jimmy Maltez Alexandre Sene Peter Stefani Luke Blum Jim Nobbs Jonathan Noe Boris Schalk Niklas Schmidt  Stef Volckaerts <emptyline> <emptyline>  <position> THANKS TO: <list> AJ Weber Kevin Boland Jan Frischkorn Paul Scargill Anders Johansson Vicko Hazdovac Martin Olivera Artem Emolov Robert Dibley Matt York Stefano Bozzy Fabian Baquetti Afonso Rodrigues Kiko Tocci Alisson Gandi Alexandre Sene Toninho Motta Roberto Moraes Tito Morestoni Raphael Abbate Felipe Faria Artur Fernandes Andre Bragantini Jr.  Felipe Giaffone Zeca Giaffone Marcello Hirsch Mauricio Slaviero Fernando Julianelli Roberto Zullino Felipe Zullino Juliano Moro Enzo Brocker Jorge Abujamra Neto Fernando Paiva Dave Stanley Rune Morling Tim Wheatley Fabio Ribeiro Tony Binelli Roberto Lacombe Niltao Amaral Cleiton Krause Jim Nobbs Jonathan Noe Boris Schalk John Ellis Roar McRipHelmet Young Il Yoon Michael Enright Wolfgang Herold <emptyline> <emptyline>  <position> SPECIAL THANKS TO: <list> Slightly Mad Studios Straight4 Studios  Ian Bell Andy Garton Ged Keaveney  Gjon Camaj Melinda Neil Arthur Virapin <emptyline> <emptyline>  <position> WEATHER DATA PROVIDER <list> OpenWeather™ <emptyline> <emptyline>  <position> PROPRIETARY INFORMATION. <list> Any file, information, content, idea, or other parts  relating to this product, or its development or format  is proprietary to Reiza Studios Ltda. <emptyline> Third-party brands and names are the property of their respective owners and used under license. <emptyline> (c) 2024 Reiza Studios Ltda <emptyline> All Rights Reserved. <emptyline> <emptyline> <emptyline> <emptyline> <emptyline> <emptyline>
	Credits_Content_CreditsContentSMS	<list> <header> Project CARS 2 <emptyline> <emptyline> <position> Slightly Mad Studios <emptyline> <emptyline> <position> Head of Slightly Mad Studios <list> Ian Bell - Chief Executive Officer <emptyline> <emptyline> <emptyline>  <position> Art <list> Darren White – Art Director <emptyline> <emptyline> <emptyline>  <position> Art: Character <list> Vit Budin – Character Artist Aleš Filka – Character Artist & Animator Tomáš Flak – 2D & Concept Artist Peter Gerhát – Lead Animator  Lukas Mensik - Characters and Animations Manager Marlon R. Nunez – Character Artist & Animator František Resl – Character Artist Zbyněk Trávnický – Technical Animator <emptyline> <emptyline> <emptyline>  <position> Art: Environment <list> Mark Adams - Art Manager Luis Barata - Environment Artist Chris Barnes - Senior Environment Artist Michal Beran - Senior Environment Artist Richard Berwick - Senior Environment Artist Gary Browne - Senior Environment Artist David Brumla - Senior Environment Artist Karl Davies - Senior Environment Artist Andrea Fabris - Senior Environment Artist Dave Flynn - Senior Environment Artist Martin Franek - Environment Artist Kateřina Habrová - Environment Artist Michal Jeschke - Senior Environment Artist James Kett - Principal Artist Petr Klvač - Environment Artist Siu Jone Lee - Senior Environment Artist Andrew Liddle - Senior Environment Artist Andreas Moll - Senior Principal Artist Sven Moll - Senior Principal Artist Jan Pavelko - Environment Artist David Rezac - Senior Environment Artist Cassius Rodrigues - Senior Environment Artist Oscar Soper - Lead Environment Artist Tomas Trlica - Environment Artist Jose Perez De Vries - Senior Environment Artist Darren Wakeman - Senior Environment Artist <emptyline> <emptyline> <emptyline>  <position> Art: Vehicles  <list> Sean Barron -  Junior Vehicle Artist  Tarran Booth – Vehicle Artist Jean-François Bouchard – Senior Vehicle Artist Matt Clark - Senior Vehicle Artist Vincent Dambreville – Vehicle Artist Ivo Franic – Vehicle Artist Kreso Franic – Vehicle Artist Jan Frischkorn - Vehicle Art Manager Vicko Hazdovac – Vehicle Artist Ralph Hummerich – Vehicle Artist Kunal Jain – Vehicle Artist Daniel Karlsson - Senior Vehicle Artist Jacek Kosieradzki – Vehicle Artist Ales Ogrinc – Vehicle Artist Gustavo Olivera – Vehicle Art Lead Martin Olivera – Vehicle Artist  Stanisław Potulski – Vehicle Artist Perran Truran - Senior Vehicle Artist Jaroslav Turna - Vehicle Artist <emptyline> <emptyline> <emptyline>  <position> Audio <list> Jon Bailey – Voice Over Recording Engineer Rashid Hille – Sound Designer Eilam Hoffman – Location Sound Recordist Vanesa Lorena Tate - Head of Audio Paul Scargill - Audio Programmer Gergely Szelei - Audio Programmer László Vincze - Senior Sound Designer Lewis Williams - Junior Audio Designer <emptyline> <emptyline> <emptyline>  <position> Car Handling <list> Doug Arnao - Senior Physics / AI Engineer  Jussi Karjalainen – Handling QA Lead  Casey Ringley - Technical Vehicle Lead Andrew Weber - Physics Programmer <emptyline> <emptyline> <emptyline>  <position> Cinematics <list> Ed Mas - Video Director Paul Shuker - Cinematics and Video Assistant <emptyline> <emptyline> <emptyline>  <position> Code <list> Steve Dunn – Technical Director <emptyline> <emptyline> <emptyline>  <position> Code: Gameplay <list> Gergely Bencze - Gameplay Programmer Dominic Clarke - Gameplay Programmer  Stuart Hunt - Senior Gameplay Programmer  Bob Ives - Gameplay Programmer Anders Johansson - Lead Gameplay Programmer Michael Lalaounis - Gameplay Programmer Rick Lamb - Gameplay Programmer Are Leistad - Gameplay Programmer Martin Moravec - Gameplay Programmer Ian Sweeny - Senior Gameplay Programmer James Vipond - Gameplay Programmer Mark Watson - Senior Gameplay Programmer Steven Wright - Gameplay Programmer <emptyline> <emptyline> <emptyline>  <position> Code: Online <list> Ian Bird - Online Programmer  Thomas Gomes - Online Programmer  Victor Khomskiy - Online Programmer  Mike Laskey - Head of Online Alexandru Marian - Online Programmer Pablo Medina - Online Programmer Mike Montgomery - Online Programmer Michal Řeháček – Server Programmer Štěpán Vondrák - Online Programmer  Iain Wallington - Lead Online Programmer  James Woollard - Online Programmer <emptyline> <emptyline> <emptyline>  <position> Code: Physics & AI <list> Peter Arbet - Physics Programmer  Jiří Boldyš - Physics Programmer  Artem Ermolov - Lead Physics and AI Programmer Christian Ferrario – AI Programmer Dmitry Meleshkin - Physics Programmer  Steven Walker - Physics and AI Programmer <emptyline> <emptyline> <emptyline>  <position> Code: Render <list> Kevin Boland – Principal Render Engineer  Robert Dibley - Lead Render Programmer Tim Lewis - Render Programmer Fabio Luchetta - Senior Render Programmer  Tim Mann - Low Level Cross-Platform Render Engineer Ivo Novak – Render Programmer <emptyline> <emptyline> <emptyline>  <position> Code: Tools <list> John Atkinson – Senior Tools Programmer James Boulton - Senior Tools Programmer  Andy Clark - Lead Tools Programmer Gábor Mónus - Senior Tools Programmer Jack O’Neill - Tools Programmer Daniel Wheeler - Senior Tools Programmer <emptyline> <emptyline> <emptyline>  <position> Design <list> Andy Tudor – Creative Director  Stephen Viljoen – Game Director Matt York – Junior Designer <emptyline> <emptyline> <emptyline>  <position> Graphical User Interface <list> Laurence Alexander – UI Creator  Sean Fitzpatrick – Text Designer Damian Furlong – Senior UI Programmer Nicholas Jablonowski – Senior UI Programmer Derek Payne – Lead UI Programmer Fernando Pedace – UI Designer Andy Rogers – UI Programmer Richard Steer – Senior UI Programmer <emptyline> <emptyline> <emptyline>  <position> Mediacom <list> Joe Barron – Marketing and Esports Manager  Nathan Bell – Web and Social Media Officer Patrick Kulinski – Manual Editor Alex Martini – Head of Communications Rob Massey – Analytics Manager Melinda Neil – Licensing Manager Rob Prange – Web Content Adminstrator <emptyline> <emptyline> <emptyline>  <position> Music <list> Stephen Baysted - Composer Andy Brown - Conductor / Orchestral Contractor Amanda Cook - Musician: Acoustic Guitar Caroline Dale - Musician: Cello Peter Gregson - Musician: Cello John Harvey - Drums / Electric Guitars Jake Jackson - Score Mixer / Score Producer Susan Legg - Featured Vocalist / Piano Guy Michelmore - Additional Music Simon Whiteside - Orchestrator / Score Preparation <emptyline> Music performed by The London Metropolitan Orchestra Music recorded and mixed at Air Lyndhurst Studios, London <emptyline> <emptyline> <emptyline>  <position> Production <list> Umer Ahmad – Assistant Producer  Dave Bramhall – Senior Producer Andy Cherry – Producer Benjamin Fischer – Assistant Producer and Community Manager Jarek Kleiber – Senior Production Support Pete Morrish – Director of Production  John Wray – Production Assistant <emptyline> <emptyline> <emptyline>  <position> Quality Assurance <list> Thomas Bromyard – QA Tester  Tom Brown - QA Manager Tom Curtis - QA Lead Aaron Groves – QA Tester Viktor Kolomiets – Build Manager Filipe Malaquias – QA Tester Christopher Newsum – QA Tester Bruno Pereira – QA Tester  Angus Winnard – QA Tester <emptyline> <emptyline> <emptyline>  <position> Pro Drivers <list> Ben Collins Mitchell DeJong Oliver Eriksson   Vaughn Gittin Jr Nicolas Hamilton Tommy Milner René Rast <emptyline> <emptyline> <emptyline>  <position> Management <list> Rod Chong – Chief Commercial Officer Andy Garton - Head of Development  Ged Keaveney - Chief Technical Officer Mark Pressburg - Chief Finance Officer Frank Veyder - Chief Operations Officer <emptyline> <emptyline> <emptyline>  <position> Administration <list> Margaret Bieniek-Maluszczak - Office Administrator Sally Daligan – Reporting Manager Musanna Muhit - Officer Manager Vittorio Rapa - IT Manager Dickon Springate - Assistant Accountant  Ana Tiza - HR Manager <emptyline> <emptyline> <emptyline>  <position> Additional Vehicle Art <list> Jurgen Braem  Sebastian Brunner  Guillermo Hargreaves Alex Hobbs Eric Kuebler  Che Hoe Lau Michael Peters Mitchel Saad Christian Schmidt Nigel Teags Jaime Lopez Trujillo <emptyline> <emptyline> <emptyline>  <position> Game Babies <list> Lucas Akihito Barnes Nina Simone Bell  Emily Boland Rosalie Bouchard Matyáš Brumla Samson Clark Tabatha Clark  Sonny Alfred Curtis Enzo Dambreville Timofey Ermolov Darragh Fitzpatrick Ada Alyss Furlong Arabella Julie Hoey  Ondřej Jeschke Kika Kleiber Elisabeth Melanie Moll Ester Moravcová Charlotte Maisie O'Neill Frank Jack Sweeny Elen Travnicka Aurelia Jasmine Tudor <emptyline> <emptyline> <emptyline>  <position> Special Thanks <list> Nik Ammar Pole Position Productions  The Audio Guys <emptyline> <emptyline> <emptyline>  <position> ACME <list> Kevin Malling Julie Malling John Wang Tyson Hill Brandon Acree <emptyline> <emptyline> <emptyline>  <position> Glass Egg Digital Media  <list> Thuy Le Hoang Nguyen Tu Tran Cam <emptyline> <emptyline> <emptyline>  <position> SkinzWraps Racing <emptyline> <emptyline> <emptyline>  <position> Intel Corporation <list> George Bain Leigh Davies Bartosz Boczula Patrick J Farrell <emptyline> <emptyline> <emptyline>  <position> Technology Partners <list> Simon Newby - 6T3 Eric Mindjimba - Thrustmaster Christopher McKelvy - Oculus Rift Thomas Jackermeier - Fanatec Roy Kerkhoff - Playseat Nevil Slade - Vesaro Curtis Brown - Logitech Phil Scott - NVidia Glen Chou - True Scale Miniatures <emptyline> <emptyline> <emptyline>   <position> BANDAI NAMCO Entertainment Europe S.A.S <emptyline> <list> Goran Marinković - Producer Manuela Riboldi - Localisation Project Manager Sohail Daniel - Localisation Project Manager Franck Genty - Localisation Manager Bertrand Mangin - Quality Control Project Manager Olivier Robin - Quality Control Manager Claire McGowan - Certification Manager Stéphane Entéric - Engineering Services Project Managers Emeric Polin - Engineering Services Project Managers Samuel Gatté - Publishing & Product Support Senior Director  Chris Altiparmakis - Product Manager Arnaud Staebler - 3rd party IP Strategy and Marketing Manager Morgane Ah Kong - PR Manager Héloïse Ribeaucourt - Events Manager André Persson - PR, Communication & Events Director  Alexandre Vision-Bonnet - Game Content Analyst & Designer Jocelyn Cioffi - GES Manager Rudy Pantoustier - Junior Market Analyst Julie Joet - Market Research Manager Patrick Rose - Business & Product Analyst Alberto Gonzalez Lorca - VP Business Development Pablo Rodriguez Fernandez - Business Development Manager Denis Ferrier - Business Development Manager Vincent Hattenberger - Creative Designer Gwen Ruby - Creative Assistants Anne Laure Bouton - Creative Assistants Anthony Grabit - Community Manager Team Leader Isshak Ferdjani - European Community Managers Laurence Patey - E-Commerce Manager Romain Chantelot - CRM Project Manager Julia Crusot - CRM Project Manager Junior Lucas Guedot - Web Master Bertrand Amiard - Web Project Manager Jérôme Chatelain - Digital Sales Managers Anthony Macaré - Digital Business Unit Director Hervé Hoerdt - VP Marketing & Digital Mieko Murakami - Sales Reporting & License relation Sandrine Dubois - Packaging Project Manager  Céline Vilgicquel - Packaging Project Manager & Marketing Support Caroline Fauchille - Manufacturing & Printed Materials Director Delphine Doncieux - Supply Chain Coordinators Mike Shaw - Supply Chain Coordinators Nicolas Guérard - Supply Chain Manager Laura Testud - Manufacturing Coordinator Marine Thevenet - Lawyer Stéphanie d'Ornano - Legal Manager Frederic Armitano Grivel - SVP Legal & Business Affairs Kunio Ikoma - VP Corporate Planning & Finance Christophe Delanoy - VP Distribution Operations Masataka Nemoto - Senior Director Development Strategy & Management Yoshi Niki - SVP Production & Development Naoki Katashima - President & COO <emptyline> <emptyline> <emptyline>  <position> Local Marketing Team <list> Phil Brannelly - UK Olivier Reocreux - France Alexandre Billaud - Belgium David Razaghi - Deutschland Laura Aznar - Iberica Marco Caputo - Italy Alexandre Billaud - Netherlands  Andreas Juliusson - Nordic  George Soulogiannis - Hellas Oleg Khazhinskiy - Eastern Europe Stephen O'Leary - Australia <emptyline> <emptyline> <emptyline>  <position> GlobalStep Services Pvt. Ltd. <list> Sumit Arora - QA Director Piyoosh Sah - QA Manager Neeraj Bhardwaj - Test Coordinator Saurabh Tarolkar - Test Lead Zishan Khan - Test Lead <position> Testers <list> Keshav Subhash Kale Altaf Shabbir Pathan Kishore Kumar T S Mayank Sharma Sujata Gundewar Preetam Khomane Nirav Narendra More Dheeraj Gadve R. Chandrasekher Reddy P. Vivek Abhijit Madhukar Doiphode Prashant Gulab Medhe Rahul Saini Abhijeet G. Kakpure Pramod Hambir Vishal Kakade Sagar Dhamankar Prashant Lolage Arnold Nirmal Ashish Appaso Patil Debashish Saha Devashish Mishra Gaurav Oak Harjee Anand Harshad K Kshirsagar Himanshu Shrivastava Jasmine Bhaldar Kalpesh Deelip Chavan Kanishk Sanjay Sahay Kusumesh Vyas Latif Husain Mayur Sharad Dorle Md Ilteza Alam  Mohammad Shadab Ali Mohit Kumar Bhatnagar Pooja Rikibe Prashant Pawar Purva Zarkar Shreyas M. Ranade Simjo Simon Swapnil Najan Tejas S. Vaidya Tushar Dubey Vipul Vijaykumar Powar <emptyline> <emptyline> <emptyline>  <position> Keywords International <list> Thomas Courtonne - Project Manager  Davi Almeida de Souza - Test Lead <position> Testers <list> Grégory Alliot Moulay-Toumi Sabri Perry Mainville Virginie Cloutier-Brassard Chiara Di Modica Alessandro Tenza Manuel Ravazzini Patricia Raabe Simran Karir Sebastian Schneider Alba La Orden Garcia Clara Guzman Noelia Penin Garcia Evgeniya Kozyreva Vladimir Kozin Andrei Pivovar Adam Dabrowski Natalia Mieczynska Aleksandra Wanda Jozwiak <emptyline>  <position> Maverick Media LTD <emptyline> <emptyline> <emptyline>  <position> BANDAI NAMCO Entertainment America Inc. <emptyline>  <position> Executive Management <list> Mark Tsuji - President & CEO Hide Irie - Executive VP & COO Shuji Nakata - Executive VP & CFO <emptyline> <emptyline> <emptyline>  <position> Publishing & IP Strategy <list> Taka Akiyama - VP, Publishing & IP Strategy Tad Hirabayashi - Senior Director, Production Services Rey Jimenez - Producer Knut Grossmann - Localization Manager Carmen Vega-Reina - Localization Project Manager Takeshi Miyazoe - Senior Director, IP Strategy Shoya Yamazaki - Manager, IP Strategy Nao Takeda - Manager, IP Strategy Kyoko Acheson - Manager, IP Strategy Jhune De La Cruz - Digital Business Manager Kahlil Najar - Digital Channel Marketing Manager Garrett Miller - Digital Content Specialist David Wood - Senior Manager, Business Development Tomomi Takahashi - Administrative Assistant <emptyline> <emptyline> <emptyline>  <position> Operations <list> Hans Lui - Director, Applications & Operations Jennifer Tersigni - Senior Operations Manager David Wang - Operations Analyst Shin Young - Applications Support Specialist Miriam Beltran - Travel Administrator Korey Belanger - Office Manager <emptyline> <emptyline> <emptyline>  <position> Sales <list> Chris Gilbert - Senior Vice President of Sales & Marketing Melani Windham - Senior Director of Sales Terry Carlson - Director, Sales Operations Laura Yoshioka - Sr. Director, Retail Marketing and Merchandising Bob Johnson - Senior Channel Marketing Manager May Hayes - Senior Sales Operations Specialist <emptyline> <emptyline> <emptyline>  <position> Marketing and PR <list> Eric Hartness - Vice President of Marketing Dennis Lee - Director, Brand Marketing Raymond So - Brand Manager Denny Chiu - Director, Communications & Social Media Nick O’Leary - Senior Public Relations Specialist Jason Cline - Events Manager Alia Oda - Event Planner Dalton Link - Social Marketing & Community Manager Cyrus Wesson - Social Marketing & Community Specialist Dmitryi Khlynin - Community Specialist Jeremy Caine - Interactive Designer Michael Le - Graphic Artist <emptyline> <emptyline> <emptyline>  <position> Legal and Business Affairs <list> Martin Nguyen - Senior Associate Attorney Patrick Lundell - Associate Attorney Rafael Orozco - Associate Attorney Matthew Datum - Associate Attorney Reina Nagai - IP Administrator <emptyline> <emptyline> <emptyline>  <position> Quality Assurance <list> David Moya - QA Manager Jesse Mejia - CQC Supervisor Y Pham - Project Coordinator Johnny Moya - Senior CQC Coordinator Cameo Wininger - CQC Coordinator Jonathan Price - CQC Coordinator Matt Peterson - CQC Coordinator Merwin del Rosario - CQC Coordinator Adrian Escultura - CQC Tester Adrian Serafica - CQC Tester Arnold Feener - CQC Tester Brendan Duley - CQC Tester Dustin Tran - CQC Tester Ian Nunes - CQC Tester Josh Daily - CQC Tester Luke Gardner - CQC Tester Matthew Cain - CQC Tester Nicholas Malouf - CQC Tester Samuel Reiter - CQC Tester Steven Wilton - CQC Tester Xonie Martin - CQC Tester <emptyline> <emptyline> <emptyline>  <position> Keywords International <list> Maurizio Cigoli - QA Project Manager Luis Izquierdo - Project Lead Leonardo Akimoto - LQA Brazilian Portuguese Jose Suarez - LQA Latin American Spanish Sara Bourgeois - LQA French Canadian <emptyline> <emptyline> <emptyline>  <position> Customer Support <list> Jesus Barragan - Customer Service Manager Takumi Kobayashi - Sr. Customer Service Representatives Ryan Phung - Sr. Customer Service Representatives Michael Gu - Customer Service Representatives Ryan Hamaguchi - Customer Service Representatives <emptyline> <emptyline> <emptyline>   <position> BANDAI NAMCO Entertainment Asia Pte Ltd. <emptyline>  <list> Gerard Noonan - Senior Vice President & MD Asia & Pacific Richard Taylor - Regional Finance Director Hiroaki Ochiai - SVP Business Development Asia Pacific Jennifer Poulson - SVP Marketing Asia William Wang - Managing Director (Taiwan) Chad Park (Korea) - General Manager Rainel Tan (Singapore) - General Manager Yoichiro Mogi - IP Strategy Manager Asia Pacific Tag Chang (Korea) - Associate Product Manager Eshley Gao (Singapore) - Associate Product Manager Hailey Shin - Associate Product Assistant (Korea) Hamid Rahman - Country Manager (Hong Kong) Carrie Hsiao (Taiwan) - Marketing Manager Jung-eun Oh (Korea - Marketing Manager Ronan Fong (Hong Kong) - Marketing Manager Sophia Lek (Singapore) - Marketing Manager Debbie Chu - Product Manager & PR (Taiwan) Tobias Chang - Product Manager & PR (Taiwan) Zoe Kao - Product Manager & PR (Taiwan) Joanna Fong - PR Assistant Manager (Taiwan) Vito Lee - Marketing Assistant (Korea) Diony Kum - Marketing Assistant (Korea) Catherine Abigail Santos (Philippines) - Marketing & Accounts Executive Renee Lim - Logistics And Account Coordinator (Singapore) Jessie Hsieh - Art Designer & Operations Coordinator (Taiwan) Lin Pei Hsia - Art Designer & Operations Coordinator (Taiwan) Benny Tsai (Taiwan) - Sales Manager Nicholas Ng (Malaysia, S.E.A) - Sales Manager Peter Yang (Taiwan) - Sales Representative Angeline Ang (Singapore) - Finance Manager KD Kim (Korea) - Finance Manager Vivian Liu (Taiwan) - Finance Manager Amy Soong - Senior Accounts Executive (Singapore) Betty Chen - Accountant (Taiwan) Carol Huang - Accountant (Taiwan) Chang Yuan Gang - Localisation Manager Chloe Lee (Korea) - Localisation Manager Daniel Cao (Singapore) - Localisation Manager Ash Kim - Localisation Assistant (Korea) Tsai Mulan - Localisation Project Leader (Taiwan) Chang Kang - Traditional Chinese Localisation Team Chen Pei Yu - Traditional Chinese Localisation Team Chien Chin Hsien - Traditional Chinese Localisation Team Hsieh Wan Chi - Traditional Chinese Localisation Team Hsu Tsai Ying - Traditional Chinese Localisation Team Hsu Yu Han - Traditional Chinese Localisation Team Lee Yi Shuan - Traditional Chinese Localisation Team Lin Chih Yen - Traditional Chinese Localisation Team Chiang Chi Che - Traditional Chinese QA Project Leader  Huang Shih Wei - Traditional Chinese QA Project Leader  Yu Chiao Huai - Traditional Chinese QA Project Leader  Wang Kuan Chun - Traditional Chinese QA Project Leader  Chen Chun Chih - Traditional Chinese Localisation Tester Chen Xian Zhe - Traditional Chinese Localisation Tester Chien Shih Siang - Traditional Chinese Localisation Tester Chou Yuan - Traditional Chinese Localisation Tester Hsu Kuo Huang - Traditional Chinese Localisation Tester Wang Jing Ting - Traditional Chinese Localisation Tester Wang Yan Zhe - Traditional Chinese Localisation Tester Wu Chi An - Traditional Chinese Localisation Tester Ki Moon Lee - Korean Localisation Team Bird Lee - Korean Localisation Tester Jae Jin Yi - Korean Localisation Tester In Keon Kang - Korean Localisation Tester Ji Yeon Jung - Korean Localisation Tester Duk Woo Kim - Korean Localisation Tester AltJapan Co., Ltd - Singapore Localisation Team Ethan Sia Chee Keong - English QA Project Leader  Ahmad Fuad Bin Ahiari - Singapore Localisation Tester (NYP Intern) Damian Ang Ming Guang - Singapore Localisation Tester (NYP Intern) <emptyline> <emptyline> <emptyline>   <position> BANDAI NAMCO Entertainment Inc. <emptyline> <list> Satoshi Oshita - Executive Producer Hirotaka Reizei - Executive Producer Daisuke Uchiyama - General Producer Ryuichiro Baba - General Producer Kazutoki Kono - Chief Producer Satoshi Otsuka - International Producer Tsuyoshi Koda - International Producer Manabu Shimomoto - Producer Tomoya Yoshida - Special Thanks <emptyline> <emptyline> <emptyline>  <position> Quality Assurance - Functionality QA <list> Tomoaki Imanishi Ryou Tanaka Akihide Ono Ryuuta Sano Masashi Aoyama Kaname Nakano Takashi Shimogaito Natsuki Koyama Shinya Sasaki Kouki Iwao Masaya Nakata <emptyline> <emptyline> <emptyline>  <position> Customer Service - Quality Assurance <list> Keita Kiso Takashi Sawai Miku Takamatsu <emptyline> <emptyline> <emptyline>  <position> Promotion <list> Kenta Seino Yasuko Sato Satoshi Nakauchi Onur Guenduez <emptyline> <emptyline> <emptyline>  <position> Sales & Marketing <list> Taiki Yasuko Masaki Hoshiai Hidekazu Naito Yuta Fukami Noriyuki Tanaka Yumi Maiguma  Kazuki Konishi  <emptyline> <emptyline> <emptyline>  <position> Production Support <list> Tomomi Arakawa Tomomi Fujisawa <emptyline> <emptyline> <emptyline>  <position> Localization <list> Eiichi Ikeda Takayuki Tsuji Tatsuji Michihiro Claudio Cascone Hideyoshi Misawa <emptyline> <emptyline> <emptyline>  <position> Quality Assurance Support <list> Hiroyuki Tsujii Sho Tanaka Hiroshi Araki Megan O'leary Tatsuya Wada Kiriyo Tanaka <emptyline> <emptyline> <emptyline>  <position> WMD <position> Thank you for your continued support, we couldn't have done it without you. <emptyline>  <position> WMD VIP's <list> Alex Lindstrem David Lansade Eyal Alsaud Henning Weidhase James Loucks Kyle Pearson Ross Clabburn Sven Markowski Thomas Lockers Thomas Taschler Toni Harkonen <emptyline> <emptyline> <emptyline>  <position> Special Thanks <list> Aaron Clark Aaron Coleman Aaron Parker Aaron Ritzau Aaron Turner Adam Higgs Adam Lindsey Adam Preston Adam Sharpe Adam Viljoen Adam Wilewski Ade Young Adelaida Afonso Adrian Smith Adriano James Piras Adrien Lopes Aidan Taylor Alain Jimeno Alain Kohler Alan Bertenshaw Alan Cheung Alan Nelson Alan Smith Aldo Zampatti Alec Barker Alejandro Montero Aleksander Otterstad Aleksandr Timkov Ales Permozer Alessandro De Carolis Alessio Beninato Alessio Vismara Alex Greenland Alex Porter Alex Stahlhut Alexander Dornheim Alexander Mueller Alexander Santos Alexandre Amirizian Alexey Kuntsevich Alfie Pugh Allan T. Olsen Allen Clarke Anders Peterson Andre Henschel Andre Kaestner Andreas Gremme Andreas Hader Andreas Kittlaus Andreas Seeger Andreas Traub Andreas van Wingerden Andreas Wunder Andrej Akopian Andrej Svajger Andrew Adamson Andrew Currens Andrew Jones Andrew Moseley Andrew Myers Andrew Todd Andrew Wise Andy Edwards Andy Weinberger Ang Li Angel G Criniti Anthony Azzari Anthony Haddox Anti Telkinen Antoine le Campion Antonio Benitez Antonio Rodriguez Clotet Antony Boland Ari Antero Arnaud Hirtz Arnaud Segre Arne Jurgens Arno Bisquolm Ashley Horton Aurelien Duval Aurelien Walpen Axel Dietzel Barrett Ettel Bart van Kleven Basim Alhejaili Bastian Hellmann Benjamin Beacock Benjamin Beier Benjamin Benichou Benjamin Beyer Benjamin Fischer Benjamin Menger Benjamin Weisenfeld Benjamin Winter Bent Granheim Bernd Resch Bernd Schmidt Bernd Schwarzinger Beys Nordine Bob Romano Bohuslav Lacina Boris Demidov Botond Vasarhelyi Brad Bodily Braden Williams Bradley Parrott Bradley Rossetti Bram Vanbuel Brandon Andrew Lee Brandon Bosch Brandon Clark Brandon Limkemann Brent Blihovde Brent Seeliger Brook Murray Cameron Brewster Cameron Howell Carl Morton Carl Shaw Carlos Dominiak Carlos Esteves Cedric Flouret Chadd Lowe Charles Mader Chee Keong Lau Chihoon Ahn Choserot Michael Chris Arnett Chris Aubert Chris Baumann Chris Candelaria Chris Goatcher Chris Kunz Chris Miller Chris Morris Chris Mosley Chris Payne Chris Rae Chris Stenersen Chris Twigger Chrisi Schmidt Christiaan van Beilen Christian Banks Christian Geihe Christian Gomolka Christian Hagemann Christian Hellman Christian Mutz Christian Pabinger Christian Paul Christian Pillwein Christian Quaynor Christian Schmidt Christian Schroeder Christian Schumann Christian Steinhaeusser Christian van Rooyen Christoffer Almgren Christoph Brandstetter Christoph Laux Christoph Schmidt Christophe Cador Christophe De Greef Christopher Aspden Christopher Cassidy Christopher Davis Christopher Dorn Christopher Frantz Christopher Gray Christopher Hauser Christopher Lord Christopher McEnteer Christopher Porter Christopher Reekie Chuck Duhon CJ Yi Clement Moriceau Cleon Waterberg Clive Morrison Codrin Purice Colin McKay Condamine Florian Copin Michael Corrado Raucea Craig Jorgensen Craig Moon Craig Parkes Cyril Declercq Damian Hall Dan OBrien Dan Thorpe Daniel Bader Daniel Boeckmann Daniel Dorion Daniel Krissel Daniel Meister Daniel Perez Daniel Saik Daniela Siekiera Daniele Vianini Danny Park Danny Schmid Danny Vlaar Daren Ludvigson Darin Salisbury Dario Walker Darrel King Darren Henderson Darren Leeson Darren Muir Darren Symons Darryl Mills Dave Arthur Dave Higgs Dave Holland Dave Richardson David Allak David Bishop David Bornkessel David Burton David Commons David E. Lengel David Haggar David Ham David Ingram David Ironside David Kneller David Knipp David Majidimehr David Marin David Marquez Mato David Merino Perez David Neighbour David Payne David Pym David Saunders David Sharples David Smith David Stuecker David Summers David Vangheluwe David Vickery David Waymouth Davy Van den Abbeele Dean Welfare Denis Besic Denis Eder Martinez Pineda Dennie de Groot Dennis Pohlmann Derek Millar Derrick Ritchie Detlev Hartenstein Devin Smith Devon Massan Dirk Dietrich Dirk Voegele Dmitry Afanasyev Dominic Schoenberner Dong-Gyu Park Dong-Seok Lee Drew Mackay Drew Meisberger Duprez Laurent Dustin Johnson Edson Souza Edward Garland Edward McLean Eike Stender Elliot Janssens Eneas Martinez Costa Enrico Bertolo Enrico Gerosa Erdinc Binyal Eric Bilodeau Eric Dukes Eric Kuebler Eric Lasley Eric Mayuk Eric Schroeder Erich Christen Erich Harvey Erick Gaudreault Erik Hofmann Erik Schramm Erik Uran Erwan Decroix Erwin Berkers Espen Gundersen Espen S. Andresen Eugene Flerko Fabio Calcio-Gandino Fabrice Brigati Fabrice Jourquin Fabrice Vancomerbeck Falk Guenther Felipe Becker Felix Overroedder Felix Renneberg Ferdinand Dernai Ferdinand Schwarzer Fernando Peneda Florian Faistauer Florian Talou Florian Witte Flouret Alexandre Fontaine Loic Francesco Cinque Francis Doria Franck Darstein Franck Herve Franck Montaigne Francois Chevallier Francois Feugier Francois Heitz Frank Kleefeldt Frank Lehmann Frank Schroeder Frederic Davin Frederic Le Palud Fredrik Olofsson Friedrich Riemschneider G. Auriol Gabriel Swietlicki Gareth Harwood Gareth Robinson Gareth Vaughan Garry Holcombe Garvin Kruthof Gary Hunt Gary White Geoffrey Schild Georg Naujoks Georg Swaczyna George Brushwood George Patterson George Shannon George Usoh Gerald Scherr Gerke van Keimpema Giacomo Galeotti Gian-Luca Mateo Gianko Scaglione Gilles Eberhardt Giovanni Tomaselli Glenn Briden Goetze Tobias Gordon Hislop Graham Bartsch Graham Goodrich Graham Hawkins Graham Ritter Graham Watson Greg Corbyn Greg Pillhofer Greg Southall Greg Williams Greg Wright Gregg Mandell Guanchen Liu Guido Dettweiler Guillaume Brunner Guillermo Hargreaves Gunther Roels Gunther Wicht Hanno Peng Don Chlevl Hans Silbernagel Hans-Rolf Schade Harald Kristian Gauslaa Haroon Ashraf Hayden Purvis Heiko Wenzel Hendrik Seitz Henk de Jong Henning Schirk Herbert Waller Hermann Thomas Holger Neitzel Holzer Rene Hugh Shillingford Huib Reijnders Ian Brown Ilya Babansky Ingo Schumann Ingvar Petur Thorsteinsson Ivan Dumalovski Janjusic J Kosieradzki Jacob Urbschat-Satterfield Jagdeep Rai Jaime Lopez Trujillo Jake Southcombe James Alston James Brooks James Eavis James Lithiby James Newman James Smith James Staples James Turbett James Wall Jamie Matthews Jan Berka Jan Flieshardt Jan Fortun Jan Horsky Jan Studenski Jani Mustonen Jani Sihvonen Jannik Strelow Janusz Krasek Jared Broddle Jaroslav Kraif Jason Ganz Jason Mackay Jason Penny Jason Schmidtlein Jason Watson Javier Marcos Jay Elwanger Jay Vigo Jean Christophe Jean Marie Muggianu Jean Marth Jean-francois Le Chenechal Jean-marie Jolibois Jean-Sebastien Charlot Jean-Yves Mercy Jeff Lima Jens Hoefling Jens Schmitt Jeremy Brunel Jeremy Hittle Jeremy Spinks Jeroen van Gelder Jerome Powell Jerry Jacob Vakayil Jesko Weber Jesse Brown Jesse Fahrenkrog Jessy Burgamy Joachim Thiebe Joao Simoes Jochen Klasen Joe Borde Joe Coach Joe Moore Joe Tompkins Joel Lobo Joerg Felgendreher Joerg Giezenaar Joerg Vahldieck Joeri Blootacker Johan Kemper Johan Leroy Johan Marx Johannes Gaganas Johannes Riese Johannes Wieser John Dashey John Hargreaves John Higginbotham John Montgomery John Sant John Shore John Stegman John Tomlinson Jon Burrell Jon Davies Jon Hadden Jon Large Jon Over Jon Trotter Jonas Thomsen Jonathan Carrigan Jonathan Lamela Jonathan Le Clercq Jonathan Padilla Jonathan Vauhkonen Jonathan Waltman Joni Aaltio Joost Korngold Jordi Rodriguez Gresa Jose Anaya Jose Angel Morales Calvache Jose Rivera Joseph Gossen Joseph Marques Joseph Rampelberg Joseph Russo Joseph Schles Joseph Stearn Josh Brocksopp Joshua Healy Joshua Heising Juan Manuel Sanchez Manzano Juergen Flock Juergen Oberreiter Jukka Hautajarvi Julian Oejen Julien Boisaubert Julien Lavoie Junior Basilio Juraj Mamrilla Jurgen Braem Jussi Viljami Karjalainen Justin Gay Justin Hackett Justin Strickland Kai Lochbaum Karim Saissi Karl Mitson Karsten Kremer Karsten Schiemer Kay Schurig Keith Brunnenkant Keith Partyka Ken Owers Kent Bergstrom Kent Nielsen Kevin IJpelaan Kevin Kirkbride Kevin Lawrence Kevin McKenzie Kevin Ochoa Kevin Richardson Kevin Welsh Kieran Jones Kieran Poole Kieran Vella Kim Flawwoo Andersson Kirk Kosinski Klaus-Juergen Weber Knodel David Kobus de Villiers Konrad Kostecki Konstantin Broemmelsiek Koos Rotgans Kourattana Abhay Kowal Peter Kris Dekeyser Kristof Depreitere Kristoffer Bergset Kyfan Stevens Kyron de Haas Lacorre Mickael Nicolas Lacourte-Barbadaux Lars Rosenquist Lasse Ryhanen Laud Barnor Laurent Rizzi Laurent Zender Leander Patzak Lei Liu Leigh Renfrow Leo Graae Leon Garcia Liam Cubley Lindsay Smith Lionel Beasse Llewellyn St David Luca Antonini Luca Cambianica Luca Rassek Lucas Brits Lukas Elmer Lukas Fort Lukas Kamb Lukas van Eck Luke Wojtaszek Lyndon Wright M.J. Lisseveld Mads Krog Jensen Maik Manke Manuel Ballbe Manuel Duerr Manuel Morgenroth Marc Kressmann Marc Packenius Marc Verhoef Marcel Beck Marcel Bloch Marcel Hulsbergen Marcel Jaekel Marcel Jeske Marcel Kleene Marcel Spuehler Marcel Wernegger Marco Engelage Marco Gotz Marco Mosch Marco Olivieri Marco Roth Marcus Blech Marcus Gleitsmann Marcus Johansson Marcus Meyer Marcus Winnig Marek Haase Mario Goebbels Mario Navarrete Mario Scherrer Marius Adams Mark Abbott Mark AuBuchon Mark Barrow Mark Bevan Mark Blanes Mark Bond Mark Carbonaro Mark Doran Mark Dowling Mark Goldfinch Mark Holland Mark Laybourne Mark Leighton Mark Roberts Mark Rueb Mark Smith Mark Turnbull Mark Walker Marko Adrian Markus Beckmann Markus Falkner Markus Meyerhofer Markus Schlabritz Markus Siegmeth Markus Ullrich Marten Johansson Martin G Webb Martin Hartmann Martin Hudson Martin Kucera Martin Lorgnier Martin Schaeller Martin Skytte Martin Thielen Martin Webb Marton Szamos Martyn Breed Marvin Theel Mas Jonathan Massimiliano Franchelli Mathias Veyrun Matt Muirhead Matt O Brien Matt Pierce Matt Webb Matt York Matteo Stirati Matthew Brown Matthew Gibbs Matthew Hargreaves Matthew Julian Matthew Lewis Matthew Minson Matthew Mul Matthew Rushton Matthias Arndt Matthias Beck Matthias Dorst Matthias Jacob Matthias Neber Matthias Schonder Maurice Boeschen Maurizio Lazzeretti Maurizio Posapiano Mauro Fernandez de Bobadilla Mauro Tobon Max Spooner Maxime Parquet Maxime Platon Maximilian Woerlein Michael Ball Michael Baumert Michael Bieber Michael Colomer Michael D Mckeown Michael Dew Michael Dorricott Michael Frnka Michael Herrmann Michael Knoblach Michael Laube Michael Lehneis Michael Marhenke-Richter Michael Matzen Michael Maxwell Michael Meus Michael Milem Michael Norrby Michael Peters Michael Pleym Michael Prahl Michael Repplinger Michael Schmid Michael Steiner Michael Uth Michal Bielik Michal Sofron Michel Fouvet Mick Leighton Mikael Stanne Mike Cowing Mike Dhanpat Mike Gagg Mike Hoffmann Mike van Meerbeek Mike vom Scheidt Mikko Makela Milan Danek Milan Holt Mirko Giorgi Miroslav Bettermann Mitchel Saad Mohamed Gaalich Mohammed El Gueriri Morgan Henstridge Moritz Schickel Moriz Fischer Morten Rousing Fachmann Natan Patel Nathan Kammerud Nedo Radulovic Neil Bateman Neil Brett Neil Farren Neil Hopwood Nelson Badillo Nevil Wigbels Nicholas Chong Nicholas Gregory Nick Claydon Nick Degnan Nick Garland Nick Thornhill Nick Weekes Nico Ernst Nicolas Balland Nicolas Flamand Nigel Teags Niklas Silen Nils Ruwisch Norman Morton Oli Gill Oliver Ginzel Oliver Goehring Oliver Kaiser Oliver Rademacher Oliver Schwing Omar El-Edrissi Ornulf Hagen Oscar Perez Oyvind Nordahl Oyvind Nordbo Pablo Sanchez Parker Korpak Pascal Gatsu Pascal Meyrou Pascal Welsch Patrick Dobler Patrick Gleichmann Patrick Gries Patrick Kulinski Patrick Leventhal Patrick Pomes Patrick Seeger Patrick Strippel Patrick Theysohn Patrik Marek Paul Coburn Paul DeBili Paul Hahn Paul Jackson Paul Pridham Paul Stolber Paul Taylor Paul van der Linden Paul Velasco Paul Walker Paul Yeung Pedro Antunes Pedro Braz Caria Pedro Grave Pedro Rodrigues Per Ricktun Per Rosing Mogensen Peter Andersson Peter Avelovski Peter Boutestijn Peter Chalmers Peter Karanitsch Peter Klawitter Peter Kless Peter Marquardt Peter Stuart Peter Swiatek Peter Vermeulen Petr Strecker Petr Vojkovsky Petri Niemenmaa Phil Denty Philip Bocock Philipp Ackermann Philipp Enderes Philipp Stratmann Philippe Dufour Phillip Jones Pierre Irby Pilaud Fabien Pontus Skoglund Prayoga Hadi Setiawan Quentin Laveau Rafael Sempruch Rafal Ranuszkiewicz Raffaele La Sala Raj Sharma Ralf Huisman Ralf Truttmann Ralph Burger Rambert Yohann Ramiro Correa Randall Kipker Randall Kravarik Ray Heimbuch Raymond de Vries Rene Guenon Rene Liivanurm Rene Owara Rene Regatschnig Rene Wehrmann Reto Marti Reto Marty Ricardo Almeida Richard Barrett Richard Booms Richard Cook Richard Navone Richard Touzimsky Rikki Jenkins Riley Lucier Rob Cowing Rob Denekamp Rob Greenhalgh Rob Huxtable Rob Massen Rob Simms Rob Thompsett Robby Timmermans Robert Dekker Robert Evans Robert Gardiner Robert Lidstrom Robert Lineburg Robert Reagh Robert Schulze Robert Stuart Robert Yates Rodney Tawia Roel de Meulder Roger Graham Roger Prynne Rogier Schaap Roland Franzl Roland Krystaszek Roland Respondek Romain Belorgey Romain Capdeville Romain Rukse Roman Mika Ronald Scheerder Ross Drinkwater Rouch Jean-Guillaume Roucourt Rony Roy Butler Ruedi Zimmermann Rune Morling Ryan Conaway Ryan Parker Ryan Richter Saidur Ali Sam Blease Sampo Jarvinen Sampo Mustonen Samuel Lobietti Samuel Painchaud Sandeep Singh Dhanjal Sander Keus Sascha Haub Sascha Straub Savelkoul Tom Scott Adair Scott Coleman Scott Gibson Scott Hoarty Scott Richardson Sean Foster Sean Lobjoit Sebastian Brunner Sebastian Krogull Sebastian Pechner Sebastian Schillag Sebastian Schlager Sebastian Schweiger Sebastian Wokraczka Sebastien Guglielmi Sebastien roubinet Shane Leksell Shane Stoney Shawn Silsbee Shayne Joseph Paul Shogo Kihara Silas Greiner Silvio Carlos Camolesi Silvio Szekely Simon Bresche Simon Davey Simon Hannaford Simon Hodge Simon Messerli Simon Paynton Simon Reed Simon Welch Simone Barisonzi Sofian Moukhaiar-Senac Spencer McCarthy Stef Volckaerts Stefan Almeida Stefan Biley Stefan Bosch Stefan Delalut Stefan Forster Stefan Hennig Stefan Ihl Stefan Jeppesen Stefan Monz Stefan Nydegger Stefan Oberboersch Stefan Pagenberg Stefan Pitzl Stefan Sulies Stefano Malnati Stefano Pecchio Stefano Pianoterra Steffen Deszczka Stella Lionel Stephan Czekay Stephan Goldenberg Stephan Prinz Stephane Sola Stephen Bacchus Stephen Jubb Stephen Kelly Stephen Way Stephen White Steve Berwald Steve Bird Steve Hew Steve Hoessler Steve Jones Steve Redding Steve Swangler Steve Unsen Steve White Steven Beyer Steven Johnson Steven Labbe Stuart Phillips Suzuki Ryouhei Svein Andre Nilsen Sven Bender Sven Lippmann Sven Ungerecht Sylvain Antoni Sylvain Caillat Tapio Vepsalainen Tatu Teittinen Teddy Yeboah Teemu Koskinen Terrell Olvera Tetsuo Kimura Thibault Scheffmann Thierry Chabanne Thierry Degeilh Thilo Ascher Thomas Einoeder Thomas Goesling Thomas Groener Thomas Hirschi Thomas Hoenen Thomas Keaveney Thomas Kloeters Thomas Knecht Thomas Lademann Thomas Lund Thomas Mayrhofer Thomas Mouren Thorsten Lingnau Tiago Fortuna Till Grapentin Tim Cox Tim Eles Tim Foster Tim Lundy Tim Venker Tim Wielens Timi Tuohenmaa Tobias Gloeckner Tobias Kiel Tobias Scheit Todd Norbury Tom Cornwell Tom Erik Risan Tom Goad Tom Ivar Arntsen Tom Pettersson Tommaso Rossato Tonny Draijer Tony Bull Tony Richards Tony Rickard Tony Ward Torsten Schmitt Travis Lamming Trent White Trever Braun Trevor Austin Tristan Matheson-Mayne Tyler Sinquefield Ulrich Diedrichsen Valerio Giolitto Victor Moraal Vikram Subramaniam Vincent Boulard Vincent Druart Vincent Zijlstra Vincenzo Giagheddu Vladimir Kulev Volker Keim Volker Wenski Warren Murfin William Fisher Wolf Herold Wolfgang Reh Xavier Bourgeois Xiong Yang Xristo Papageorgas Yann Kowalkiewicz Yannick Prevot Yannick Steinhauer Youcef Benyarou Zdeno Kubina Ziyu Guo <emptyline> <emptyline> <emptyline>  <position> Supported by <list> Adam Dougherty Adam Rusling Aleksi Marjusaari Alex Day Alex Salmon Alexandre Bersano Alfiero Ventura Alizard Christian Anders Wallgren Andre Gava Andre Marcos Andrea Bona Andrej Lueders Andrew Banfield Anthony Labarre Anton Volkov Arne Pannecoucque Avenel Adrien Bart Van den Broeck Bastian Schings Beeck Wolfgang Benjamin Alapetite Benjamin Aul Benjamin Schuette Benny Dean Bernd Ohlsen Bevan Roberts Brady Warren Brendan Langlois Brett Loubser Brian George Brock Williams Bruce Maytum Carion Guillaume Cesar Correa Chad Kopec Charles Verity Chee Hoe Lau Chris Lessig Christian Heinlein Christian Nutz Christoff Rampf Clive Reeves Damian Papen Dan Britton Dan Stockwell Daniel Borges Daniel Hedman Daniel Holbling Daniel Sipowicz Daniel Thomazelli Darley Laetitia Dave Peat David Filippone David Golob David Gross David LeGresley David Sosnowski Dennis Hart Diego Colafabio Diego Xavier Dominik Pflegerl Dominik Uebelhoer Donald Brooks Douglas Ries Dustin Ward Enrico Weichhold Enrique Nava Gonzalez Enrique Perez Cabedo Eric Dufour Eric Koudijs Fabian Kraus Fabien Bouteuil Fabrice Tessier Finn Verkerk Florian Laub Frank Lobers Freulon Nicolas Gareth Smith Garrick Wheeler Gavin Thomas Gene Day Georgel Eric Gerard Raccio Giuliano Golfieri Gordon Mowvley Gregory Choubana Grigoli Manuel Guerin Jimmy Guillaume Cortes Guillemoto Claude Gusthiot Maxime Haroldo Dijigov Heiko Gehrig Heiko Risse Helmut Bachmayr Hirokazu Oka Hugo Vieira Humberto Barreira Iker Mingo Israel Gallegos Jan Sterba Jarno Perala Jason Betts Jason Hsu Jason Schumacher Javier Rios Joachim Koppenhoefer Joao Bonifacio Joerg Mertin Johan Malmsten Johan Sanders John Rayson Jon Grintz Jonatan Larsson Joni Harju Jordi Rodrigo Roma Juan Luis Garcia Asmar Justin White Kai Podoklinski Kay Ekanayake Keven Menard Kevin Ellis Kevin Watts Kieran Chauhan Klaus Thon Kouhei Hata Kristopher Cobb Lars Klingman Lasse Skjoett Hansen Leandro Melo Lecomte Tristan Lombard Florian Luca Perin Lukas Ljungdahl Manuel Kamela Marco Ficara Marco Mauri Mario Gilcher Mario Macri Marius Pedersen Mark Bosman Mark Bratley Mark Bushell Mark Cooke Markus Pichler Martin Bell Martin Hauber Matej Klocek Mathieu Gebel Matt Cocks Matthew Cholerton Matthew Kennedy Matthew Thomas Maxime Monnet Meier Michael Mevlut Koc Michael Decker Michael Dorn Michael Konrad Michael Lorenz Michael McEvoy Michael Miesenberger Nathan Burtenshaw Nathan Jermyn Nicolas Pavie Nishan Baruah Oliver Abrahamsson Omer Candar Ondrej Vesely Pacula Martin Paolo Guiotto Pascal Groen Peter Bjoerk Peter Dimitri Peter Gertsson Peter Jamieson Philipp Eiselt Philipp Haenel Philipp Hofmaninger Philippe Evrard Quido Dekker Rafael Alcolea Rainer Huentemeier Ralf Trautwein Ralf Waspe Ramon Galera Raphael Smith Rasmus Lundstrom Rene Drawert Rene Hossfeld Richard McVeigh Robert Green Robin Sillars Roger Lee Sami Vahtera Sandro Draeger Santeri Rahkamaa Scott Haines Sebastian Barz Sebastien Milliot Simon Carbonnel Simon Strohmenger Sinan Mercan Sjoerd Huksloot Stefan Klause Stefan Krokowski Stefan Steinwasser Steffen Schluessler Stephen Collis Stephen Walsh Steve Seidelmann Teemu Karvinen Thiebault Debatty Thomas Granofszky Thomas Kramwinkel Thomas Meissner Thomas Olivaux Thomas Schleimer Thomas Wiercioch Timo Klostermann Timon Putzker Tobias Wellmann Tom Hutchins Tyler Grinnell Ulrich Straller Vinod Chandran William Parr Xabier Sanchez Yang Hongbo <emptyline> <emptyline> <emptyline>  <position> AEMS <list> Adam Stadler Adriano Sapetti Al Clarke Albert Bensusan Alejandro Fernandez Alessandro Balzan Alex Krugman Alex Meader Alex Nunez Allan Ng Andreas Eriksson Andreas Falkner Andrew Arroyo Andrew Thompson Andrew Wojteczko Andy Barnes Andy Blackmore Anna Degen Anne Bernard Anne Bernard Annemie Claesen Anthony Cheshire Aris Barios Arnold Eugenio Arthur Virapin Ashley Lynch Aurélie Glandais Autumn Soriano Beatrice Karlsson Becki Nile Ben Brown Ben Chong Ben Conrad Bisi Ezerioha Blair Dupree Blane Burnettt Bob West Boris Puddu Brad Beardow Brad Folz Brandon Adams Braun Smith Brett Hauschild Brian Dwyer Brian Knudson Bruce B. Frederick Bruce Garfield Bryan Alvardo Bryn Musselwhite Caroline Fallara Casey Cooper Johnson Charlotte Lumley Chico Kodama Chris Agajanian Chris Considine Chris Douglas Chris Protheroe Chris Raschke Chris Tague Chris Tate Christer Loow Christian Schick Christina Nielsen Christoph Ebenschwaiger Chuck Neal CJ Wilson Claudia Geissmann Clayton Triggs Clive Chapman Cory Burns Craig Cavalier Daniel Bandoly Daniel Cross Daniela Russell, Darren Geal Dave Phelps David Black David Fernandez David Isaacs David Ridley Declan Brennan Dennis Homberg Dennis Schwitzer Dirk Starksen Dirk Theimann Donnyelle Evans Dyan Williams Dylan Fraser Efrain, Enrico Diano Eji Tada Elena Azzali Elisa Mignini Emeline Wilson Emma Pastor Ethan Bregman Eunice Biondi Fabian Weingart Fiammetta Ginestra Florian Hagemann Florian Pitout Frank Rehak Fraser Handley Frederic Colaux Fu Yang Gary Fong George Ciordas George Kviloria Glen Chou Greg Gill Hannes Tribelnig Hannes Zanon Hayley Robinson Hedi Kim Helmut Wahl Hikaru Fujii Hiroshi Sano Hunter Skipworth Hyodo Tomomi Ian Briggs J. David Rich Jacob Agajanian James Crook James Hinchcliffe James Kirkham James Nagahashi James Rumsey Jane Mcleod Jarrod Stapley JC Waterhouse Jeff Darks Jeff Glover Jeff Neal Jen Horsey Jeremy Peirson Jerry Thienprasiddhi Jesse Wood Jillian Scheden Jim Michaelian John Chiboroski John Church Jon Barrett Jon Denton Jordon Roberts Jorge De La Torres, Jorge Rivera Julie Peyssard Jun Imai Junichi Tokuda Justin Ocello Kai Mensing Karen Schnurr Kei Muira Keith Jones Kenji Sumino Kenny Krajnik Kevin Taylor Klarissa Freibott Kris Skellenger Kristian Berg Kristian Dean Kyle Lloyd Larry Chen Laura Clever Lauren Sheridan Linden Farrow Lindsay Ross Liza Markle Louise Price Luca Bellisomo Luca Venturi Mad Mike Whiddett Marc Lewis Marc Unger Marcel Orban Maria Pia Rocca Marie Christine Ravon Mario Di Dato Marion Eisenberger Mark Bentley Mark Jones Mark Lemmer Mark Tingey Mary Lou Haen Masaya Yumeda Mat McCallum Matt Crooke Matt Levin Matt Monroe Matt Tuccillo Matt Wright Matt Young Matteo Gianotti Matthew Levin Matthias Czabok Matthias Scheffler Max (Massimiliano) Marsiaj Michael Burch Michael Gibbs Michael Grassl Michael Keyser Michael London Michael Schneider Michael Scully Michael Shank Michael Staskin Michael Teichmann Michaela Dorcikova Michal Klouda Mike Beckhusen Mike Chung Mike Hagedorn Mike Johnson Miriam Rodriguez de Lizana Mirko Lubner Mirko Markfort Miroslav Konopka Mizoguchi Kagefumi Monica Pauperas Murray Adams Natasha Dyson Nathan Freke Nathan Shriver Neill Briggs Nicole Garside Nigel Land Pascal Ursi Pascale Fleuridas Pascale Lavie Patrick Germain Patrick Mulligan Paul Zwicky-Ross Paulo Pinheiro Peter Cunningham Phillip Grenier Pierre Nicolet Pierre Nicolet Preston Calvert Quentin Frismand Rafael Navarro Ravi Dolwani René Buttler Riccardo Pezzetta Richard Barsamian Richard Hoare Richard King Rob Barnes Robin Selbach Roman Moser Romi Diana Doser Rosella Locatelli Ryan Carpenter Ryan Davis Ryu Asada Sabrina Asperti Sam Minchington Sandrine Weyders Sandy Althaus Sarah Edlinger Scott Lindley Seadon Baker Sean Horvath Sean Kleinschuster Sebastian Bagley Sebastian Hornung Sebastian Schmalz Shige Suganuma Shinjo Tsuyoshi Silvia Montsori Simon Haas Staci Langham Stefan Steinwasser Stephanie D'aprigny Steve Fields Steve Sare Steve Vandervate Thomas Gleibs Thomas Herbst Thomas Koch Thomas Muehlenz Thomas Radkovic Timo Frings Tobias Haasis Tomo Hisanaga Toni Calderon Toni Whiddett Tony Attwood Tony Balde Toshi Nakamae Travis Montgomery Trent Goodwin Trevor Wert Valerio Piersanti Vaughn Gittin Jr Vera Wessolek Victor Carrillo Vincent Vosse Vitale Alessandro Maffezzini Wakana Kosumi Warren Overton Will Brown Willett Considine Yannick Yvin Yoshiaki Hashimura Yoshihiro Sakamoto Yoshiyasu Takezawa <emptyline> <emptyline> <emptyline>   <position> External Partners <emptyline> <list> 'FMOD studios' and 'Firelight Technologies'  <emptyline>  REV technology used under license from Crankcase Audio Inc. <emptyline>  Uses Oodle. Copyright © 2008-2017 by RAD Game Tools, inc.   <emptyline>  Uses Bink Video. Copyright © 1997 – 2017 by Rad Game Tools, Inc   <emptyline>  Development tools and related technology provided under license from Logitech.  © 2001-2017 Logitech.  All rights reserved.  <emptyline>  Trademarks, design patents and copyrights are used with the approval of  the owner of Agajanian Racing <emptyline>  “Aston Martin”, “Aston Martin Racing” and related logos and other trademarks  are owned, licensed and/or used by Aston Martin and Aston Martin Racing.   These trademarks may not be used, amended and/or reproduced without permission.  All rights are reserved. <emptyline>  Trademarks, design patents and copyrights are used with the approval of the  owner of AUDI AG <emptyline>  Trademarks, design patents and copyrights are used with the approval of  the owner of Briggs Automotive Company (BAC) Limited <emptyline>  Produced under licence from Bentley Motors Limited England. “Bentley”, the ‘B’  in wings device and other associated logos and names are trademarks of  Bentley Motors Limited. The body designs of Bentley motor cars are protected  by Bentley Motors Limited under design, trademark and trade dress regulations <emptyline>  The BMW logo and BMW wordmark are trademarks of BMW AG and are used under license. <emptyline>  General Motors Trademarks used under license to Slightly Mad Studios Ltd <emptyline>  Caterham and associated logos and trade dress are registered trademarks of  Caterham Cars Ltd and are used under license. <emptyline>  The name and design of CITROËN and DS are used with the permission of  Automobiles CITROËN <emptyline>  Produced under license of Ferrari S.p.A. The name FERRARI, the PRANCING HORSE device, all associated logos and distinctive designs are property of  Ferrari S.p.A. The body designs of the Ferrari cars are protected as  Ferrari S.p.A. property under design, trademark and trade dress regulations. <emptyline>  Ford Trademarks and Trade Dress used under license to Slightly Mad Studios Ltd <emptyline>  Trademarks, design patents and copyrights are used under licence from  Ginetta Cars Limited <emptyline>  For Honda Automobiles: Honda Official Licensed Product. Designed, manufactured and distributed by or  for Slightly Mad Studios. Honda, the “H” logo, Honda vehicles and their trade  dress, and all associated vehicle emblems, logos, marks and names are trademarks  and intellectual property of Honda Motor Co., Ltd. All rights reserved. <emptyline>  For Acura Automobiles: Acura Official Licensed Product. Designed, manufactured and distributed by or  for Slightly Mad Studios. Acura, the “A” logo, Acura vehicles and their trade  dress, and all associated vehicle emblems, logos, marks and names are trademarks  and intellectual property of Honda Motor Co., Ltd. All rights reserved." <emptyline>  Trademarks of Brickyard Trademarks Inc. used with permission <emptyline>  Jaguar and the leaper device are trademarks owned and licensed by  Jaguar Land Rover Limited <emptyline>  All KTM vehicles, vehicle names, designs and logos are trademarks of KTM AG. <emptyline>  The trademarks, copyrights and design rights in and associated with Lamborghini,  Lamborghini with Bull and Shield Device are used under license from Automobili  Lamborghini S.p.A., Italy <emptyline>  Ligier and associated logos and trade dress are registered trademarks of Everspeed  for Onroak Automotive and are used under license. <emptyline>  Approved and licensed by Classic Team Lotus Ltd <emptyline>  Mazda Motor Corporation Approval No. 20019 <emptyline>  Manufactured under license from McLaren Automotive Limited.The McLaren name  and logo are registered trademarks of McLaren <emptyline>  “Mercedes-Benz” and “Three pointed star in a ring” are trademarks of Daimler AG  and used under license by Slightly Mad Studios Ltd. <emptyline>  MITSUBISHI MOTORS and  emblems are trademarks of MITSUBISHI MOTORS CORPORATION  and used under license to Slightly Mad Studios Limited. <emptyline>  MOTUL, the MOTUL LOGO and 300 V are registered trademarks of MOTUL (SA).  All rights reserved” and the Licensed Designs are protected by“© MOTUL’s  copyright – 1995- All rights reserved <emptyline>  Trademarks of Nissan Motor Co., Ltd. used under license to Slightly Mad Studios.  81-27617-22520 <emptyline>  Trademarks, design patents and copyrights are used with the approval of the  owner of OMSE. <emptyline>  "Opel Trademarks used under license to Slightly Mad Studios Ltd - Les marques Opel  sont utilisées sous license par Slightly Mad Studios Ltd" <emptyline>  Trademarks, design patents and copyrights are used with the approval of the  owner of ORECA SAS. <emptyline>  The trademarks PAGANI and Pagani Automobili and Huayra and Zonda are registered  trademarks and used under license from HORACIO PAGANI S.P.A., Italy <emptyline>  Panoz LLC vehicle models and trademarks are subject to copyright and other  intellectual property protection. Used with permission of Panoz LLC, a division  of Green4U Technologies, Inc. All rights reserved. <emptyline>  Under License of Porsche AG <emptyline>  Radical Sportscars Official Licensed Product. Designed, manufactured and distributed  by or for Slightly Mad Studios. Radical Sports Cars, Radical, the “R” logo, Radical  vehicles and their trade dress, and all associated vehicle emblems, logos, marks and  names are trademarks and intellectual property of Radical Sportscars Limited.  All rights reserved. <emptyline>  "RENAULT Official Licensed Products. Vehicle Models and Trademarks protected by  intellectual property laws. Used with permission of RENAULT. All rights reserved" <emptyline>  Under license of Toyota Motor Corporation <emptyline>  The name and design of Autodromo Internacional Do Algarve are used with the permission  of Parkalgar - Parques Tecnologicos e Desportivos, S.A.  <emptyline>  The name and design of the Mount Panorama Motor Racing Circuit are used with the permission  of Bathurst Regional Council <emptyline>  The name and design of Brands Hatch are used with the permission of Motorsport Vision Ltd. <emptyline>  Trademarks of Automotocrom Brno,a.s. used with permission <emptyline>  The name and design of Cadwell Park are used with the permission of Motorsport Vision Ltd. <emptyline>  The name and design of Circuit de Catalunya and Circuit de Barcelona-Catalunya are used  with the permission of Circuits de Catalunya, S.L. <emptyline>  Trademarks of Circuit of the Americas LLC used with permission <emptyline>  DAYTONA® is a registered trademark of the International Speedway, Inc. and licensed to  International Speedway Corporation. <emptyline>  Trademarks and likeness of DirtFish, LLC used with permission <emptyline>  "The Donington Park name, graphic design and logo are registered and protected  under UK and European law and similarly, those copyrights of all Donington's  partners and sponsors included in the track design and layouts for this game  are also protected under relevant laws. Any unauthorised breaches, misuse,  or misrepresentation of any of these copyrights, designs and logos will be  pursued to the fullest extent of the applicable law". <emptyline>  The name and design of Dubai Autodrome circuit are used with the permission  of Dubai Autodrome LLC. <emptyline>  Fuji Speedway Copyright ©Fuji International Speedway Co., Ltd. All rights reserved. <emptyline>  Trademarks of Hockenheim-Ring GmbH used with permission <emptyline>  Trademarks of Formula Imola S.P.A. used with permission <emptyline>  Trademarks of Brickyard Trademarks Inc. used with permission <emptyline>  Trademarks of Knockhill Racing Circuit Ltd used with permission <emptyline>  Trademarks of Sports car Racing Association of the Monterey Peninsula  "SCRAMP" used with permission <emptyline>  Slightly Mad Studios usage of Lånkebanen's/HellRX's track design is licensed  and approved by NAF Motorsport Trøndelag <emptyline>  24H Le Mans official Licensed product. Le Mans TM 2017. <emptyline>  Rallycross Lohéac - trademark of Association Sportive du Rallycross de Lohéac  - France used under license to Slightly Mad Studios Ltd <emptyline>  Trademarks of Grand Prix Association of Long Beach, LLC. used with permission <emptyline>  The name and design of the Lydden Hill Race Circuit are used with the permission of  Lydden Race Circuit Ltd. <emptyline>  The likeness and trade dress of the Track “Autodromo Nazionale Monza” , the name of  the track and the associated logos are exclusive properties of S.I.A.S. S.p.A. -  Autodromo Nazionale Monza. <emptyline>  The name and design of the Nürburgring Race Circuits are used with the permission of  capricorn Nürburgring GmbH. <emptyline>  The name and design of the Motorsport Arena Oschersleben are used with the permission of  Motorsport Arena Oschersleben GmbH. <emptyline>  The name and design of Oulton Park are used with the permission of Motorsport Vision Ltd. <emptyline>  Under License of Porsche AG <emptyline>  Trademarks of Projekt Spielberg GmbH & Co KG used with permission <emptyline>  The name and design of Road America are used with the permission of  Road America Inc. <emptyline>  “Red Bull® Marks are licensed by Red Bull GmbH/Austria” <emptyline>  The name and design of Ruapuna Park are used with the permission of  The Canterbury Car Club. <emptyline>  © Silverstone Circuits Limited 2017 <emptyline>  The name and design of Snetterton are used with the permission of  Motorsport Vision Ltd. <emptyline>  Sonoma Raceway is a trademark of Speedway Properties Company, LLC <emptyline>  Copyright ©SUGO Co.,Ltd. All rights reserved. <emptyline>  "Texas Motor Speedway ® is a registered trademark of Speedway Properties Company, LLC,  registered in the U.S. The Globe Logo ® is a registered trademark of Speedway Properties  Company, LLC, registered in the U.S." <emptyline>  WATKINS GLEN® is a registered trademark of the International Speedway, Inc. and licensed  to International Speedway Corporation. <emptyline>  The name and design of Willow Springs International Raceway are used with the permission  of Christopher C. Huth General Manager and Owner of Willow Springs International Raceway. <emptyline>  The Track Marks, designs, logo and trademark of Zhuhai International Circuit are licensed  by Zhuhai International Circuit Ltd. <emptyline>  The name and design of Circuit Zolder are used with the permission of Circuit Zolder Inc. <emptyline>  PIRELLI and PIRELLI logo are trademarks of Pirelli & C. S.p.A.; PZERO is a trademark of  Pirelli Tyre S.p.A. All trademarks are used under license <emptyline> <emptyline> <emptyline>       	<list> <header> Project CARS 2 <emptyline> <emptyline> <position> Slightly Mad Studios <emptyline> <emptyline> <position> Head of Slightly Mad Studios <list> Ian Bell - Chief Executive Officer <emptyline> <emptyline> <emptyline>  <position> Art <list> Darren White – Art Director <emptyline> <emptyline> <emptyline>  <position> Art: Character <list> Vit Budin – Character Artist Aleš Filka – Character Artist & Animator Tomáš Flak – 2D & Concept Artist Peter Gerhát – Lead Animator  Lukas Mensik - Characters and Animations Manager Marlon R. Nunez – Character Artist & Animator František Resl – Character Artist Zbyněk Trávnický – Technical Animator <emptyline> <emptyline> <emptyline>  <position> Art: Environment <list> Mark Adams - Art Manager Luis Barata - Environment Artist Chris Barnes - Senior Environment Artist Michal Beran - Senior Environment Artist Richard Berwick - Senior Environment Artist Gary Browne - Senior Environment Artist David Brumla - Senior Environment Artist Karl Davies - Senior Environment Artist Andrea Fabris - Senior Environment Artist Dave Flynn - Senior Environment Artist Martin Franek - Environment Artist Kateřina Habrová - Environment Artist Michal Jeschke - Senior Environment Artist James Kett - Principal Artist Petr Klvač - Environment Artist Siu Jone Lee - Senior Environment Artist Andrew Liddle - Senior Environment Artist Andreas Moll - Senior Principal Artist Sven Moll - Senior Principal Artist Jan Pavelko - Environment Artist David Rezac - Senior Environment Artist Cassius Rodrigues - Senior Environment Artist Oscar Soper - Lead Environment Artist Tomas Trlica - Environment Artist Jose Perez De Vries - Senior Environment Artist Darren Wakeman - Senior Environment Artist <emptyline> <emptyline> <emptyline>  <position> Art: Vehicles  <list> Sean Barron -  Junior Vehicle Artist  Tarran Booth – Vehicle Artist Jean-François Bouchard – Senior Vehicle Artist Matt Clark - Senior Vehicle Artist Vincent Dambreville – Vehicle Artist Ivo Franic – Vehicle Artist Kreso Franic – Vehicle Artist Jan Frischkorn - Vehicle Art Manager Vicko Hazdovac – Vehicle Artist Ralph Hummerich – Vehicle Artist Kunal Jain – Vehicle Artist Daniel Karlsson - Senior Vehicle Artist Jacek Kosieradzki – Vehicle Artist Ales Ogrinc – Vehicle Artist Gustavo Olivera – Vehicle Art Lead Martin Olivera – Vehicle Artist  Stanisław Potulski – Vehicle Artist Perran Truran - Senior Vehicle Artist Jaroslav Turna - Vehicle Artist <emptyline> <emptyline> <emptyline>  <position> Audio <list> Jon Bailey – Voice Over Recording Engineer Rashid Hille – Sound Designer Eilam Hoffman – Location Sound Recordist Vanesa Lorena Tate - Head of Audio Paul Scargill - Audio Programmer Gergely Szelei - Audio Programmer László Vincze - Senior Sound Designer Lewis Williams - Junior Audio Designer <emptyline> <emptyline> <emptyline>  <position> Car Handling <list> Doug Arnao - Senior Physics / AI Engineer  Jussi Karjalainen – Handling QA Lead  Casey Ringley - Technical Vehicle Lead Andrew Weber - Physics Programmer <emptyline> <emptyline> <emptyline>  <position> Cinematics <list> Ed Mas - Video Director Paul Shuker - Cinematics and Video Assistant <emptyline> <emptyline> <emptyline>  <position> Code <list> Steve Dunn – Technical Director <emptyline> <emptyline> <emptyline>  <position> Code: Gameplay <list> Gergely Bencze - Gameplay Programmer Dominic Clarke - Gameplay Programmer  Stuart Hunt - Senior Gameplay Programmer  Bob Ives - Gameplay Programmer Anders Johansson - Lead Gameplay Programmer Michael Lalaounis - Gameplay Programmer Rick Lamb - Gameplay Programmer Are Leistad - Gameplay Programmer Martin Moravec - Gameplay Programmer Ian Sweeny - Senior Gameplay Programmer James Vipond - Gameplay Programmer Mark Watson - Senior Gameplay Programmer Steven Wright - Gameplay Programmer <emptyline> <emptyline> <emptyline>  <position> Code: Online <list> Ian Bird - Online Programmer  Thomas Gomes - Online Programmer  Victor Khomskiy - Online Programmer  Mike Laskey - Head of Online Alexandru Marian - Online Programmer Pablo Medina - Online Programmer Mike Montgomery - Online Programmer Michal Řeháček – Server Programmer Štěpán Vondrák - Online Programmer  Iain Wallington - Lead Online Programmer  James Woollard - Online Programmer <emptyline> <emptyline> <emptyline>  <position> Code: Physics & AI <list> Peter Arbet - Physics Programmer  Jiří Boldyš - Physics Programmer  Artem Ermolov - Lead Physics and AI Programmer Christian Ferrario – AI Programmer Dmitry Meleshkin - Physics Programmer  Steven Walker - Physics and AI Programmer <emptyline> <emptyline> <emptyline>  <position> Code: Render <list> Kevin Boland – Principal Render Engineer  Robert Dibley - Lead Render Programmer Tim Lewis - Render Programmer Fabio Luchetta - Senior Render Programmer  Tim Mann - Low Level Cross-Platform Render Engineer Ivo Novak – Render Programmer <emptyline> <emptyline> <emptyline>  <position> Code: Tools <list> John Atkinson – Senior Tools Programmer James Boulton - Senior Tools Programmer  Andy Clark - Lead Tools Programmer Gábor Mónus - Senior Tools Programmer Jack O’Neill - Tools Programmer Daniel Wheeler - Senior Tools Programmer <emptyline> <emptyline> <emptyline>  <position> Design <list> Andy Tudor – Creative Director  Stephen Viljoen – Game Director Matt York – Junior Designer <emptyline> <emptyline> <emptyline>  <position> Graphical User Interface <list> Laurence Alexander – UI Creator  Sean Fitzpatrick – Text Designer Damian Furlong – Senior UI Programmer Nicholas Jablonowski – Senior UI Programmer Derek Payne – Lead UI Programmer Fernando Pedace – UI Designer Andy Rogers – UI Programmer Richard Steer – Senior UI Programmer <emptyline> <emptyline> <emptyline>  <position> Mediacom <list> Joe Barron – Marketing and Esports Manager  Nathan Bell – Web and Social Media Officer Patrick Kulinski – Manual Editor Alex Martini – Head of Communications Rob Massey – Analytics Manager Melinda Neil – Licensing Manager Rob Prange – Web Content Adminstrator <emptyline> <emptyline> <emptyline>  <position> Music <list> Stephen Baysted - Composer Andy Brown - Conductor / Orchestral Contractor Amanda Cook - Musician: Acoustic Guitar Caroline Dale - Musician: Cello Peter Gregson - Musician: Cello John Harvey - Drums / Electric Guitars Jake Jackson - Score Mixer / Score Producer Susan Legg - Featured Vocalist / Piano Guy Michelmore - Additional Music Simon Whiteside - Orchestrator / Score Preparation <emptyline> Music performed by The London Metropolitan Orchestra Music recorded and mixed at Air Lyndhurst Studios, London <emptyline> <emptyline> <emptyline>  <position> Production <list> Umer Ahmad – Assistant Producer  Dave Bramhall – Senior Producer Andy Cherry – Producer Benjamin Fischer – Assistant Producer and Community Manager Jarek Kleiber – Senior Production Support Pete Morrish – Director of Production  John Wray – Production Assistant <emptyline> <emptyline> <emptyline>  <position> Quality Assurance <list> Thomas Bromyard – QA Tester  Tom Brown - QA Manager Tom Curtis - QA Lead Aaron Groves – QA Tester Viktor Kolomiets – Build Manager Filipe Malaquias – QA Tester Christopher Newsum – QA Tester Bruno Pereira – QA Tester  Angus Winnard – QA Tester <emptyline> <emptyline> <emptyline>  <position> Pro Drivers <list> Ben Collins Mitchell DeJong Oliver Eriksson   Vaughn Gittin Jr Nicolas Hamilton Tommy Milner René Rast <emptyline> <emptyline> <emptyline>  <position> Management <list> Rod Chong – Chief Commercial Officer Andy Garton - Head of Development  Ged Keaveney - Chief Technical Officer Mark Pressburg - Chief Finance Officer Frank Veyder - Chief Operations Officer <emptyline> <emptyline> <emptyline>  <position> Administration <list> Margaret Bieniek-Maluszczak - Office Administrator Sally Daligan – Reporting Manager Musanna Muhit - Officer Manager Vittorio Rapa - IT Manager Dickon Springate - Assistant Accountant  Ana Tiza - HR Manager <emptyline> <emptyline> <emptyline>  <position> Additional Vehicle Art <list> Jurgen Braem  Sebastian Brunner  Guillermo Hargreaves Alex Hobbs Eric Kuebler  Che Hoe Lau Michael Peters Mitchel Saad Christian Schmidt Nigel Teags Jaime Lopez Trujillo <emptyline> <emptyline> <emptyline>  <position> Game Babies <list> Lucas Akihito Barnes Nina Simone Bell  Emily Boland Rosalie Bouchard Matyáš Brumla Samson Clark Tabatha Clark  Sonny Alfred Curtis Enzo Dambreville Timofey Ermolov Darragh Fitzpatrick Ada Alyss Furlong Arabella Julie Hoey  Ondřej Jeschke Kika Kleiber Elisabeth Melanie Moll Ester Moravcová Charlotte Maisie O'Neill Frank Jack Sweeny Elen Travnicka Aurelia Jasmine Tudor <emptyline> <emptyline> <emptyline>  <position> Special Thanks <list> Nik Ammar Pole Position Productions  The Audio Guys <emptyline> <emptyline> <emptyline>  <position> ACME <list> Kevin Malling Julie Malling John Wang Tyson Hill Brandon Acree <emptyline> <emptyline> <emptyline>  <position> Glass Egg Digital Media  <list> Thuy Le Hoang Nguyen Tu Tran Cam <emptyline> <emptyline> <emptyline>  <position> SkinzWraps Racing <emptyline> <emptyline> <emptyline>  <position> Intel Corporation <list> George Bain Leigh Davies Bartosz Boczula Patrick J Farrell <emptyline> <emptyline> <emptyline>  <position> Technology Partners <list> Simon Newby - 6T3 Eric Mindjimba - Thrustmaster Christopher McKelvy - Oculus Rift Thomas Jackermeier - Fanatec Roy Kerkhoff - Playseat Nevil Slade - Vesaro Curtis Brown - Logitech Phil Scott - NVidia Glen Chou - True Scale Miniatures <emptyline> <emptyline> <emptyline>   <position> BANDAI NAMCO Entertainment Europe S.A.S <emptyline> <list> Goran Marinković - Producer Manuela Riboldi - Localisation Project Manager Sohail Daniel - Localisation Project Manager Franck Genty - Localisation Manager Bertrand Mangin - Quality Control Project Manager Olivier Robin - Quality Control Manager Claire McGowan - Certification Manager Stéphane Entéric - Engineering Services Project Managers Emeric Polin - Engineering Services Project Managers Samuel Gatté - Publishing & Product Support Senior Director  Chris Altiparmakis - Product Manager Arnaud Staebler - 3rd party IP Strategy and Marketing Manager Morgane Ah Kong - PR Manager Héloïse Ribeaucourt - Events Manager André Persson - PR, Communication & Events Director  Alexandre Vision-Bonnet - Game Content Analyst & Designer Jocelyn Cioffi - GES Manager Rudy Pantoustier - Junior Market Analyst Julie Joet - Market Research Manager Patrick Rose - Business & Product Analyst Alberto Gonzalez Lorca - VP Business Development Pablo Rodriguez Fernandez - Business Development Manager Denis Ferrier - Business Development Manager Vincent Hattenberger - Creative Designer Gwen Ruby - Creative Assistants Anne Laure Bouton - Creative Assistants Anthony Grabit - Community Manager Team Leader Isshak Ferdjani - European Community Managers Laurence Patey - E-Commerce Manager Romain Chantelot - CRM Project Manager Julia Crusot - CRM Project Manager Junior Lucas Guedot - Web Master Bertrand Amiard - Web Project Manager Jérôme Chatelain - Digital Sales Managers Anthony Macaré - Digital Business Unit Director Hervé Hoerdt - VP Marketing & Digital Mieko Murakami - Sales Reporting & License relation Sandrine Dubois - Packaging Project Manager  Céline Vilgicquel - Packaging Project Manager & Marketing Support Caroline Fauchille - Manufacturing & Printed Materials Director Delphine Doncieux - Supply Chain Coordinators Mike Shaw - Supply Chain Coordinators Nicolas Guérard - Supply Chain Manager Laura Testud - Manufacturing Coordinator Marine Thevenet - Lawyer Stéphanie d'Ornano - Legal Manager Frederic Armitano Grivel - SVP Legal & Business Affairs Kunio Ikoma - VP Corporate Planning & Finance Christophe Delanoy - VP Distribution Operations Masataka Nemoto - Senior Director Development Strategy & Management Yoshi Niki - SVP Production & Development Naoki Katashima - President & COO <emptyline> <emptyline> <emptyline>  <position> Local Marketing Team <list> Phil Brannelly - UK Olivier Reocreux - France Alexandre Billaud - Belgium David Razaghi - Deutschland Laura Aznar - Iberica Marco Caputo - Italy Alexandre Billaud - Netherlands  Andreas Juliusson - Nordic  George Soulogiannis - Hellas Oleg Khazhinskiy - Eastern Europe Stephen O'Leary - Australia <emptyline> <emptyline> <emptyline>  <position> GlobalStep Services Pvt. Ltd. <list> Sumit Arora - QA Director Piyoosh Sah - QA Manager Neeraj Bhardwaj - Test Coordinator Saurabh Tarolkar - Test Lead Zishan Khan - Test Lead <position> Testers <list> Keshav Subhash Kale Altaf Shabbir Pathan Kishore Kumar T S Mayank Sharma Sujata Gundewar Preetam Khomane Nirav Narendra More Dheeraj Gadve R. Chandrasekher Reddy P. Vivek Abhijit Madhukar Doiphode Prashant Gulab Medhe Rahul Saini Abhijeet G. Kakpure Pramod Hambir Vishal Kakade Sagar Dhamankar Prashant Lolage Arnold Nirmal Ashish Appaso Patil Debashish Saha Devashish Mishra Gaurav Oak Harjee Anand Harshad K Kshirsagar Himanshu Shrivastava Jasmine Bhaldar Kalpesh Deelip Chavan Kanishk Sanjay Sahay Kusumesh Vyas Latif Husain Mayur Sharad Dorle Md Ilteza Alam  Mohammad Shadab Ali Mohit Kumar Bhatnagar Pooja Rikibe Prashant Pawar Purva Zarkar Shreyas M. Ranade Simjo Simon Swapnil Najan Tejas S. Vaidya Tushar Dubey Vipul Vijaykumar Powar <emptyline> <emptyline> <emptyline>  <position> Keywords International <list> Thomas Courtonne - Project Manager  Davi Almeida de Souza - Test Lead <position> Testers <list> Grégory Alliot Moulay-Toumi Sabri Perry Mainville Virginie Cloutier-Brassard Chiara Di Modica Alessandro Tenza Manuel Ravazzini Patricia Raabe Simran Karir Sebastian Schneider Alba La Orden Garcia Clara Guzman Noelia Penin Garcia Evgeniya Kozyreva Vladimir Kozin Andrei Pivovar Adam Dabrowski Natalia Mieczynska Aleksandra Wanda Jozwiak <emptyline>  <position> Maverick Media LTD <emptyline> <emptyline> <emptyline>  <position> BANDAI NAMCO Entertainment America Inc. <emptyline>  <position> Executive Management <list> Mark Tsuji - President & CEO Hide Irie - Executive VP & COO Shuji Nakata - Executive VP & CFO <emptyline> <emptyline> <emptyline>  <position> Publishing & IP Strategy <list> Taka Akiyama - VP, Publishing & IP Strategy Tad Hirabayashi - Senior Director, Production Services Rey Jimenez - Producer Knut Grossmann - Localization Manager Carmen Vega-Reina - Localization Project Manager Takeshi Miyazoe - Senior Director, IP Strategy Shoya Yamazaki - Manager, IP Strategy Nao Takeda - Manager, IP Strategy Kyoko Acheson - Manager, IP Strategy Jhune De La Cruz - Digital Business Manager Kahlil Najar - Digital Channel Marketing Manager Garrett Miller - Digital Content Specialist David Wood - Senior Manager, Business Development Tomomi Takahashi - Administrative Assistant <emptyline> <emptyline> <emptyline>  <position> Operations <list> Hans Lui - Director, Applications & Operations Jennifer Tersigni - Senior Operations Manager David Wang - Operations Analyst Shin Young - Applications Support Specialist Miriam Beltran - Travel Administrator Korey Belanger - Office Manager <emptyline> <emptyline> <emptyline>  <position> Sales <list> Chris Gilbert - Senior Vice President of Sales & Marketing Melani Windham - Senior Director of Sales Terry Carlson - Director, Sales Operations Laura Yoshioka - Sr. Director, Retail Marketing and Merchandising Bob Johnson - Senior Channel Marketing Manager May Hayes - Senior Sales Operations Specialist <emptyline> <emptyline> <emptyline>  <position> Marketing and PR <list> Eric Hartness - Vice President of Marketing Dennis Lee - Director, Brand Marketing Raymond So - Brand Manager Denny Chiu - Director, Communications & Social Media Nick O’Leary - Senior Public Relations Specialist Jason Cline - Events Manager Alia Oda - Event Planner Dalton Link - Social Marketing & Community Manager Cyrus Wesson - Social Marketing & Community Specialist Dmitryi Khlynin - Community Specialist Jeremy Caine - Interactive Designer Michael Le - Graphic Artist <emptyline> <emptyline> <emptyline>  <position> Legal and Business Affairs <list> Martin Nguyen - Senior Associate Attorney Patrick Lundell - Associate Attorney Rafael Orozco - Associate Attorney Matthew Datum - Associate Attorney Reina Nagai - IP Administrator <emptyline> <emptyline> <emptyline>  <position> Quality Assurance <list> David Moya - QA Manager Jesse Mejia - CQC Supervisor Y Pham - Project Coordinator Johnny Moya - Senior CQC Coordinator Cameo Wininger - CQC Coordinator Jonathan Price - CQC Coordinator Matt Peterson - CQC Coordinator Merwin del Rosario - CQC Coordinator Adrian Escultura - CQC Tester Adrian Serafica - CQC Tester Arnold Feener - CQC Tester Brendan Duley - CQC Tester Dustin Tran - CQC Tester Ian Nunes - CQC Tester Josh Daily - CQC Tester Luke Gardner - CQC Tester Matthew Cain - CQC Tester Nicholas Malouf - CQC Tester Samuel Reiter - CQC Tester Steven Wilton - CQC Tester Xonie Martin - CQC Tester <emptyline> <emptyline> <emptyline>  <position> Keywords International <list> Maurizio Cigoli - QA Project Manager Luis Izquierdo - Project Lead Leonardo Akimoto - LQA Brazilian Portuguese Jose Suarez - LQA Latin American Spanish Sara Bourgeois - LQA French Canadian <emptyline> <emptyline> <emptyline>  <position> Customer Support <list> Jesus Barragan - Customer Service Manager Takumi Kobayashi - Sr. Customer Service Representatives Ryan Phung - Sr. Customer Service Representatives Michael Gu - Customer Service Representatives Ryan Hamaguchi - Customer Service Representatives <emptyline> <emptyline> <emptyline>   <position> BANDAI NAMCO Entertainment Asia Pte Ltd. <emptyline>  <list> Gerard Noonan - Senior Vice President & MD Asia & Pacific Richard Taylor - Regional Finance Director Hiroaki Ochiai - SVP Business Development Asia Pacific Jennifer Poulson - SVP Marketing Asia William Wang - Managing Director (Taiwan) Chad Park (Korea) - General Manager Rainel Tan (Singapore) - General Manager Yoichiro Mogi - IP Strategy Manager Asia Pacific Tag Chang (Korea) - Associate Product Manager Eshley Gao (Singapore) - Associate Product Manager Hailey Shin - Associate Product Assistant (Korea) Hamid Rahman - Country Manager (Hong Kong) Carrie Hsiao (Taiwan) - Marketing Manager Jung-eun Oh (Korea - Marketing Manager Ronan Fong (Hong Kong) - Marketing Manager Sophia Lek (Singapore) - Marketing Manager Debbie Chu - Product Manager & PR (Taiwan) Tobias Chang - Product Manager & PR (Taiwan) Zoe Kao - Product Manager & PR (Taiwan) Joanna Fong - PR Assistant Manager (Taiwan) Vito Lee - Marketing Assistant (Korea) Diony Kum - Marketing Assistant (Korea) Catherine Abigail Santos (Philippines) - Marketing & Accounts Executive Renee Lim - Logistics And Account Coordinator (Singapore) Jessie Hsieh - Art Designer & Operations Coordinator (Taiwan) Lin Pei Hsia - Art Designer & Operations Coordinator (Taiwan) Benny Tsai (Taiwan) - Sales Manager Nicholas Ng (Malaysia, S.E.A) - Sales Manager Peter Yang (Taiwan) - Sales Representative Angeline Ang (Singapore) - Finance Manager KD Kim (Korea) - Finance Manager Vivian Liu (Taiwan) - Finance Manager Amy Soong - Senior Accounts Executive (Singapore) Betty Chen - Accountant (Taiwan) Carol Huang - Accountant (Taiwan) Chang Yuan Gang - Localisation Manager Chloe Lee (Korea) - Localisation Manager Daniel Cao (Singapore) - Localisation Manager Ash Kim - Localisation Assistant (Korea) Tsai Mulan - Localisation Project Leader (Taiwan) Chang Kang - Traditional Chinese Localisation Team Chen Pei Yu - Traditional Chinese Localisation Team Chien Chin Hsien - Traditional Chinese Localisation Team Hsieh Wan Chi - Traditional Chinese Localisation Team Hsu Tsai Ying - Traditional Chinese Localisation Team Hsu Yu Han - Traditional Chinese Localisation Team Lee Yi Shuan - Traditional Chinese Localisation Team Lin Chih Yen - Traditional Chinese Localisation Team Chiang Chi Che - Traditional Chinese QA Project Leader  Huang Shih Wei - Traditional Chinese QA Project Leader  Yu Chiao Huai - Traditional Chinese QA Project Leader  Wang Kuan Chun - Traditional Chinese QA Project Leader  Chen Chun Chih - Traditional Chinese Localisation Tester Chen Xian Zhe - Traditional Chinese Localisation Tester Chien Shih Siang - Traditional Chinese Localisation Tester Chou Yuan - Traditional Chinese Localisation Tester Hsu Kuo Huang - Traditional Chinese Localisation Tester Wang Jing Ting - Traditional Chinese Localisation Tester Wang Yan Zhe - Traditional Chinese Localisation Tester Wu Chi An - Traditional Chinese Localisation Tester Ki Moon Lee - Korean Localisation Team Bird Lee - Korean Localisation Tester Jae Jin Yi - Korean Localisation Tester In Keon Kang - Korean Localisation Tester Ji Yeon Jung - Korean Localisation Tester Duk Woo Kim - Korean Localisation Tester AltJapan Co., Ltd - Singapore Localisation Team Ethan Sia Chee Keong - English QA Project Leader  Ahmad Fuad Bin Ahiari - Singapore Localisation Tester (NYP Intern) Damian Ang Ming Guang - Singapore Localisation Tester (NYP Intern) <emptyline> <emptyline> <emptyline>   <position> BANDAI NAMCO Entertainment Inc. <emptyline> <list> Satoshi Oshita - Executive Producer Hirotaka Reizei - Executive Producer Daisuke Uchiyama - General Producer Ryuichiro Baba - General Producer Kazutoki Kono - Chief Producer Satoshi Otsuka - International Producer Tsuyoshi Koda - International Producer Manabu Shimomoto - Producer Tomoya Yoshida - Special Thanks <emptyline> <emptyline> <emptyline>  <position> Quality Assurance - Functionality QA <list> Tomoaki Imanishi Ryou Tanaka Akihide Ono Ryuuta Sano Masashi Aoyama Kaname Nakano Takashi Shimogaito Natsuki Koyama Shinya Sasaki Kouki Iwao Masaya Nakata <emptyline> <emptyline> <emptyline>  <position> Customer Service - Quality Assurance <list> Keita Kiso Takashi Sawai Miku Takamatsu <emptyline> <emptyline> <emptyline>  <position> Promotion <list> Kenta Seino Yasuko Sato Satoshi Nakauchi Onur Guenduez <emptyline> <emptyline> <emptyline>  <position> Sales & Marketing <list> Taiki Yasuko Masaki Hoshiai Hidekazu Naito Yuta Fukami Noriyuki Tanaka Yumi Maiguma  Kazuki Konishi  <emptyline> <emptyline> <emptyline>  <position> Production Support <list> Tomomi Arakawa Tomomi Fujisawa <emptyline> <emptyline> <emptyline>  <position> Localization <list> Eiichi Ikeda Takayuki Tsuji Tatsuji Michihiro Claudio Cascone Hideyoshi Misawa <emptyline> <emptyline> <emptyline>  <position> Quality Assurance Support <list> Hiroyuki Tsujii Sho Tanaka Hiroshi Araki Megan O'leary Tatsuya Wada Kiriyo Tanaka <emptyline> <emptyline> <emptyline>  <position> WMD <position> Thank you for your continued support, we couldn't have done it without you. <emptyline>  <position> WMD VIP's <list> Alex Lindstrem David Lansade Eyal Alsaud Henning Weidhase James Loucks Kyle Pearson Ross Clabburn Sven Markowski Thomas Lockers Thomas Taschler Toni Harkonen <emptyline> <emptyline> <emptyline>  <position> Special Thanks <list> Aaron Clark Aaron Coleman Aaron Parker Aaron Ritzau Aaron Turner Adam Higgs Adam Lindsey Adam Preston Adam Sharpe Adam Viljoen Adam Wilewski Ade Young Adelaida Afonso Adrian Smith Adriano James Piras Adrien Lopes Aidan Taylor Alain Jimeno Alain Kohler Alan Bertenshaw Alan Cheung Alan Nelson Alan Smith Aldo Zampatti Alec Barker Alejandro Montero Aleksander Otterstad Aleksandr Timkov Ales Permozer Alessandro De Carolis Alessio Beninato Alessio Vismara Alex Greenland Alex Porter Alex Stahlhut Alexander Dornheim Alexander Mueller Alexander Santos Alexandre Amirizian Alexey Kuntsevich Alfie Pugh Allan T. Olsen Allen Clarke Anders Peterson Andre Henschel Andre Kaestner Andreas Gremme Andreas Hader Andreas Kittlaus Andreas Seeger Andreas Traub Andreas van Wingerden Andreas Wunder Andrej Akopian Andrej Svajger Andrew Adamson Andrew Currens Andrew Jones Andrew Moseley Andrew Myers Andrew Todd Andrew Wise Andy Edwards Andy Weinberger Ang Li Angel G Criniti Anthony Azzari Anthony Haddox Anti Telkinen Antoine le Campion Antonio Benitez Antonio Rodriguez Clotet Antony Boland Ari Antero Arnaud Hirtz Arnaud Segre Arne Jurgens Arno Bisquolm Ashley Horton Aurelien Duval Aurelien Walpen Axel Dietzel Barrett Ettel Bart van Kleven Basim Alhejaili Bastian Hellmann Benjamin Beacock Benjamin Beier Benjamin Benichou Benjamin Beyer Benjamin Fischer Benjamin Menger Benjamin Weisenfeld Benjamin Winter Bent Granheim Bernd Resch Bernd Schmidt Bernd Schwarzinger Beys Nordine Bob Romano Bohuslav Lacina Boris Demidov Botond Vasarhelyi Brad Bodily Braden Williams Bradley Parrott Bradley Rossetti Bram Vanbuel Brandon Andrew Lee Brandon Bosch Brandon Clark Brandon Limkemann Brent Blihovde Brent Seeliger Brook Murray Cameron Brewster Cameron Howell Carl Morton Carl Shaw Carlos Dominiak Carlos Esteves Cedric Flouret Chadd Lowe Charles Mader Chee Keong Lau Chihoon Ahn Choserot Michael Chris Arnett Chris Aubert Chris Baumann Chris Candelaria Chris Goatcher Chris Kunz Chris Miller Chris Morris Chris Mosley Chris Payne Chris Rae Chris Stenersen Chris Twigger Chrisi Schmidt Christiaan van Beilen Christian Banks Christian Geihe Christian Gomolka Christian Hagemann Christian Hellman Christian Mutz Christian Pabinger Christian Paul Christian Pillwein Christian Quaynor Christian Schmidt Christian Schroeder Christian Schumann Christian Steinhaeusser Christian van Rooyen Christoffer Almgren Christoph Brandstetter Christoph Laux Christoph Schmidt Christophe Cador Christophe De Greef Christopher Aspden Christopher Cassidy Christopher Davis Christopher Dorn Christopher Frantz Christopher Gray Christopher Hauser Christopher Lord Christopher McEnteer Christopher Porter Christopher Reekie Chuck Duhon CJ Yi Clement Moriceau Cleon Waterberg Clive Morrison Codrin Purice Colin McKay Condamine Florian Copin Michael Corrado Raucea Craig Jorgensen Craig Moon Craig Parkes Cyril Declercq Damian Hall Dan OBrien Dan Thorpe Daniel Bader Daniel Boeckmann Daniel Dorion Daniel Krissel Daniel Meister Daniel Perez Daniel Saik Daniela Siekiera Daniele Vianini Danny Park Danny Schmid Danny Vlaar Daren Ludvigson Darin Salisbury Dario Walker Darrel King Darren Henderson Darren Leeson Darren Muir Darren Symons Darryl Mills Dave Arthur Dave Higgs Dave Holland Dave Richardson David Allak David Bishop David Bornkessel David Burton David Commons David E. Lengel David Haggar David Ham David Ingram David Ironside David Kneller David Knipp David Majidimehr David Marin David Marquez Mato David Merino Perez David Neighbour David Payne David Pym David Saunders David Sharples David Smith David Stuecker David Summers David Vangheluwe David Vickery David Waymouth Davy Van den Abbeele Dean Welfare Denis Besic Denis Eder Martinez Pineda Dennie de Groot Dennis Pohlmann Derek Millar Derrick Ritchie Detlev Hartenstein Devin Smith Devon Massan Dirk Dietrich Dirk Voegele Dmitry Afanasyev Dominic Schoenberner Dong-Gyu Park Dong-Seok Lee Drew Mackay Drew Meisberger Duprez Laurent Dustin Johnson Edson Souza Edward Garland Edward McLean Eike Stender Elliot Janssens Eneas Martinez Costa Enrico Bertolo Enrico Gerosa Erdinc Binyal Eric Bilodeau Eric Dukes Eric Kuebler Eric Lasley Eric Mayuk Eric Schroeder Erich Christen Erich Harvey Erick Gaudreault Erik Hofmann Erik Schramm Erik Uran Erwan Decroix Erwin Berkers Espen Gundersen Espen S. Andresen Eugene Flerko Fabio Calcio-Gandino Fabrice Brigati Fabrice Jourquin Fabrice Vancomerbeck Falk Guenther Felipe Becker Felix Overroedder Felix Renneberg Ferdinand Dernai Ferdinand Schwarzer Fernando Peneda Florian Faistauer Florian Talou Florian Witte Flouret Alexandre Fontaine Loic Francesco Cinque Francis Doria Franck Darstein Franck Herve Franck Montaigne Francois Chevallier Francois Feugier Francois Heitz Frank Kleefeldt Frank Lehmann Frank Schroeder Frederic Davin Frederic Le Palud Fredrik Olofsson Friedrich Riemschneider G. Auriol Gabriel Swietlicki Gareth Harwood Gareth Robinson Gareth Vaughan Garry Holcombe Garvin Kruthof Gary Hunt Gary White Geoffrey Schild Georg Naujoks Georg Swaczyna George Brushwood George Patterson George Shannon George Usoh Gerald Scherr Gerke van Keimpema Giacomo Galeotti Gian-Luca Mateo Gianko Scaglione Gilles Eberhardt Giovanni Tomaselli Glenn Briden Goetze Tobias Gordon Hislop Graham Bartsch Graham Goodrich Graham Hawkins Graham Ritter Graham Watson Greg Corbyn Greg Pillhofer Greg Southall Greg Williams Greg Wright Gregg Mandell Guanchen Liu Guido Dettweiler Guillaume Brunner Guillermo Hargreaves Gunther Roels Gunther Wicht Hanno Peng Don Chlevl Hans Silbernagel Hans-Rolf Schade Harald Kristian Gauslaa Haroon Ashraf Hayden Purvis Heiko Wenzel Hendrik Seitz Henk de Jong Henning Schirk Herbert Waller Hermann Thomas Holger Neitzel Holzer Rene Hugh Shillingford Huib Reijnders Ian Brown Ilya Babansky Ingo Schumann Ingvar Petur Thorsteinsson Ivan Dumalovski Janjusic J Kosieradzki Jacob Urbschat-Satterfield Jagdeep Rai Jaime Lopez Trujillo Jake Southcombe James Alston James Brooks James Eavis James Lithiby James Newman James Smith James Staples James Turbett James Wall Jamie Matthews Jan Berka Jan Flieshardt Jan Fortun Jan Horsky Jan Studenski Jani Mustonen Jani Sihvonen Jannik Strelow Janusz Krasek Jared Broddle Jaroslav Kraif Jason Ganz Jason Mackay Jason Penny Jason Schmidtlein Jason Watson Javier Marcos Jay Elwanger Jay Vigo Jean Christophe Jean Marie Muggianu Jean Marth Jean-francois Le Chenechal Jean-marie Jolibois Jean-Sebastien Charlot Jean-Yves Mercy Jeff Lima Jens Hoefling Jens Schmitt Jeremy Brunel Jeremy Hittle Jeremy Spinks Jeroen van Gelder Jerome Powell Jerry Jacob Vakayil Jesko Weber Jesse Brown Jesse Fahrenkrog Jessy Burgamy Joachim Thiebe Joao Simoes Jochen Klasen Joe Borde Joe Coach Joe Moore Joe Tompkins Joel Lobo Joerg Felgendreher Joerg Giezenaar Joerg Vahldieck Joeri Blootacker Johan Kemper Johan Leroy Johan Marx Johannes Gaganas Johannes Riese Johannes Wieser John Dashey John Hargreaves John Higginbotham John Montgomery John Sant John Shore John Stegman John Tomlinson Jon Burrell Jon Davies Jon Hadden Jon Large Jon Over Jon Trotter Jonas Thomsen Jonathan Carrigan Jonathan Lamela Jonathan Le Clercq Jonathan Padilla Jonathan Vauhkonen Jonathan Waltman Joni Aaltio Joost Korngold Jordi Rodriguez Gresa Jose Anaya Jose Angel Morales Calvache Jose Rivera Joseph Gossen Joseph Marques Joseph Rampelberg Joseph Russo Joseph Schles Joseph Stearn Josh Brocksopp Joshua Healy Joshua Heising Juan Manuel Sanchez Manzano Juergen Flock Juergen Oberreiter Jukka Hautajarvi Julian Oejen Julien Boisaubert Julien Lavoie Junior Basilio Juraj Mamrilla Jurgen Braem Jussi Viljami Karjalainen Justin Gay Justin Hackett Justin Strickland Kai Lochbaum Karim Saissi Karl Mitson Karsten Kremer Karsten Schiemer Kay Schurig Keith Brunnenkant Keith Partyka Ken Owers Kent Bergstrom Kent Nielsen Kevin IJpelaan Kevin Kirkbride Kevin Lawrence Kevin McKenzie Kevin Ochoa Kevin Richardson Kevin Welsh Kieran Jones Kieran Poole Kieran Vella Kim Flawwoo Andersson Kirk Kosinski Klaus-Juergen Weber Knodel David Kobus de Villiers Konrad Kostecki Konstantin Broemmelsiek Koos Rotgans Kourattana Abhay Kowal Peter Kris Dekeyser Kristof Depreitere Kristoffer Bergset Kyfan Stevens Kyron de Haas Lacorre Mickael Nicolas Lacourte-Barbadaux Lars Rosenquist Lasse Ryhanen Laud Barnor Laurent Rizzi Laurent Zender Leander Patzak Lei Liu Leigh Renfrow Leo Graae Leon Garcia Liam Cubley Lindsay Smith Lionel Beasse Llewellyn St David Luca Antonini Luca Cambianica Luca Rassek Lucas Brits Lukas Elmer Lukas Fort Lukas Kamb Lukas van Eck Luke Wojtaszek Lyndon Wright M.J. Lisseveld Mads Krog Jensen Maik Manke Manuel Ballbe Manuel Duerr Manuel Morgenroth Marc Kressmann Marc Packenius Marc Verhoef Marcel Beck Marcel Bloch Marcel Hulsbergen Marcel Jaekel Marcel Jeske Marcel Kleene Marcel Spuehler Marcel Wernegger Marco Engelage Marco Gotz Marco Mosch Marco Olivieri Marco Roth Marcus Blech Marcus Gleitsmann Marcus Johansson Marcus Meyer Marcus Winnig Marek Haase Mario Goebbels Mario Navarrete Mario Scherrer Marius Adams Mark Abbott Mark AuBuchon Mark Barrow Mark Bevan Mark Blanes Mark Bond Mark Carbonaro Mark Doran Mark Dowling Mark Goldfinch Mark Holland Mark Laybourne Mark Leighton Mark Roberts Mark Rueb Mark Smith Mark Turnbull Mark Walker Marko Adrian Markus Beckmann Markus Falkner Markus Meyerhofer Markus Schlabritz Markus Siegmeth Markus Ullrich Marten Johansson Martin G Webb Martin Hartmann Martin Hudson Martin Kucera Martin Lorgnier Martin Schaeller Martin Skytte Martin Thielen Martin Webb Marton Szamos Martyn Breed Marvin Theel Mas Jonathan Massimiliano Franchelli Mathias Veyrun Matt Muirhead Matt O Brien Matt Pierce Matt Webb Matt York Matteo Stirati Matthew Brown Matthew Gibbs Matthew Hargreaves Matthew Julian Matthew Lewis Matthew Minson Matthew Mul Matthew Rushton Matthias Arndt Matthias Beck Matthias Dorst Matthias Jacob Matthias Neber Matthias Schonder Maurice Boeschen Maurizio Lazzeretti Maurizio Posapiano Mauro Fernandez de Bobadilla Mauro Tobon Max Spooner Maxime Parquet Maxime Platon Maximilian Woerlein Michael Ball Michael Baumert Michael Bieber Michael Colomer Michael D Mckeown Michael Dew Michael Dorricott Michael Frnka Michael Herrmann Michael Knoblach Michael Laube Michael Lehneis Michael Marhenke-Richter Michael Matzen Michael Maxwell Michael Meus Michael Milem Michael Norrby Michael Peters Michael Pleym Michael Prahl Michael Repplinger Michael Schmid Michael Steiner Michael Uth Michal Bielik Michal Sofron Michel Fouvet Mick Leighton Mikael Stanne Mike Cowing Mike Dhanpat Mike Gagg Mike Hoffmann Mike van Meerbeek Mike vom Scheidt Mikko Makela Milan Danek Milan Holt Mirko Giorgi Miroslav Bettermann Mitchel Saad Mohamed Gaalich Mohammed El Gueriri Morgan Henstridge Moritz Schickel Moriz Fischer Morten Rousing Fachmann Natan Patel Nathan Kammerud Nedo Radulovic Neil Bateman Neil Brett Neil Farren Neil Hopwood Nelson Badillo Nevil Wigbels Nicholas Chong Nicholas Gregory Nick Claydon Nick Degnan Nick Garland Nick Thornhill Nick Weekes Nico Ernst Nicolas Balland Nicolas Flamand Nigel Teags Niklas Silen Nils Ruwisch Norman Morton Oli Gill Oliver Ginzel Oliver Goehring Oliver Kaiser Oliver Rademacher Oliver Schwing Omar El-Edrissi Ornulf Hagen Oscar Perez Oyvind Nordahl Oyvind Nordbo Pablo Sanchez Parker Korpak Pascal Gatsu Pascal Meyrou Pascal Welsch Patrick Dobler Patrick Gleichmann Patrick Gries Patrick Kulinski Patrick Leventhal Patrick Pomes Patrick Seeger Patrick Strippel Patrick Theysohn Patrik Marek Paul Coburn Paul DeBili Paul Hahn Paul Jackson Paul Pridham Paul Stolber Paul Taylor Paul van der Linden Paul Velasco Paul Walker Paul Yeung Pedro Antunes Pedro Braz Caria Pedro Grave Pedro Rodrigues Per Ricktun Per Rosing Mogensen Peter Andersson Peter Avelovski Peter Boutestijn Peter Chalmers Peter Karanitsch Peter Klawitter Peter Kless Peter Marquardt Peter Stuart Peter Swiatek Peter Vermeulen Petr Strecker Petr Vojkovsky Petri Niemenmaa Phil Denty Philip Bocock Philipp Ackermann Philipp Enderes Philipp Stratmann Philippe Dufour Phillip Jones Pierre Irby Pilaud Fabien Pontus Skoglund Prayoga Hadi Setiawan Quentin Laveau Rafael Sempruch Rafal Ranuszkiewicz Raffaele La Sala Raj Sharma Ralf Huisman Ralf Truttmann Ralph Burger Rambert Yohann Ramiro Correa Randall Kipker Randall Kravarik Ray Heimbuch Raymond de Vries Rene Guenon Rene Liivanurm Rene Owara Rene Regatschnig Rene Wehrmann Reto Marti Reto Marty Ricardo Almeida Richard Barrett Richard Booms Richard Cook Richard Navone Richard Touzimsky Rikki Jenkins Riley Lucier Rob Cowing Rob Denekamp Rob Greenhalgh Rob Huxtable Rob Massen Rob Simms Rob Thompsett Robby Timmermans Robert Dekker Robert Evans Robert Gardiner Robert Lidstrom Robert Lineburg Robert Reagh Robert Schulze Robert Stuart Robert Yates Rodney Tawia Roel de Meulder Roger Graham Roger Prynne Rogier Schaap Roland Franzl Roland Krystaszek Roland Respondek Romain Belorgey Romain Capdeville Romain Rukse Roman Mika Ronald Scheerder Ross Drinkwater Rouch Jean-Guillaume Roucourt Rony Roy Butler Ruedi Zimmermann Rune Morling Ryan Conaway Ryan Parker Ryan Richter Saidur Ali Sam Blease Sampo Jarvinen Sampo Mustonen Samuel Lobietti Samuel Painchaud Sandeep Singh Dhanjal Sander Keus Sascha Haub Sascha Straub Savelkoul Tom Scott Adair Scott Coleman Scott Gibson Scott Hoarty Scott Richardson Sean Foster Sean Lobjoit Sebastian Brunner Sebastian Krogull Sebastian Pechner Sebastian Schillag Sebastian Schlager Sebastian Schweiger Sebastian Wokraczka Sebastien Guglielmi Sebastien roubinet Shane Leksell Shane Stoney Shawn Silsbee Shayne Joseph Paul Shogo Kihara Silas Greiner Silvio Carlos Camolesi Silvio Szekely Simon Bresche Simon Davey Simon Hannaford Simon Hodge Simon Messerli Simon Paynton Simon Reed Simon Welch Simone Barisonzi Sofian Moukhaiar-Senac Spencer McCarthy Stef Volckaerts Stefan Almeida Stefan Biley Stefan Bosch Stefan Delalut Stefan Forster Stefan Hennig Stefan Ihl Stefan Jeppesen Stefan Monz Stefan Nydegger Stefan Oberboersch Stefan Pagenberg Stefan Pitzl Stefan Sulies Stefano Malnati Stefano Pecchio Stefano Pianoterra Steffen Deszczka Stella Lionel Stephan Czekay Stephan Goldenberg Stephan Prinz Stephane Sola Stephen Bacchus Stephen Jubb Stephen Kelly Stephen Way Stephen White Steve Berwald Steve Bird Steve Hew Steve Hoessler Steve Jones Steve Redding Steve Swangler Steve Unsen Steve White Steven Beyer Steven Johnson Steven Labbe Stuart Phillips Suzuki Ryouhei Svein Andre Nilsen Sven Bender Sven Lippmann Sven Ungerecht Sylvain Antoni Sylvain Caillat Tapio Vepsalainen Tatu Teittinen Teddy Yeboah Teemu Koskinen Terrell Olvera Tetsuo Kimura Thibault Scheffmann Thierry Chabanne Thierry Degeilh Thilo Ascher Thomas Einoeder Thomas Goesling Thomas Groener Thomas Hirschi Thomas Hoenen Thomas Keaveney Thomas Kloeters Thomas Knecht Thomas Lademann Thomas Lund Thomas Mayrhofer Thomas Mouren Thorsten Lingnau Tiago Fortuna Till Grapentin Tim Cox Tim Eles Tim Foster Tim Lundy Tim Venker Tim Wielens Timi Tuohenmaa Tobias Gloeckner Tobias Kiel Tobias Scheit Todd Norbury Tom Cornwell Tom Erik Risan Tom Goad Tom Ivar Arntsen Tom Pettersson Tommaso Rossato Tonny Draijer Tony Bull Tony Richards Tony Rickard Tony Ward Torsten Schmitt Travis Lamming Trent White Trever Braun Trevor Austin Tristan Matheson-Mayne Tyler Sinquefield Ulrich Diedrichsen Valerio Giolitto Victor Moraal Vikram Subramaniam Vincent Boulard Vincent Druart Vincent Zijlstra Vincenzo Giagheddu Vladimir Kulev Volker Keim Volker Wenski Warren Murfin William Fisher Wolf Herold Wolfgang Reh Xavier Bourgeois Xiong Yang Xristo Papageorgas Yann Kowalkiewicz Yannick Prevot Yannick Steinhauer Youcef Benyarou Zdeno Kubina Ziyu Guo <emptyline> <emptyline> <emptyline>  <position> Supported by <list> Adam Dougherty Adam Rusling Aleksi Marjusaari Alex Day Alex Salmon Alexandre Bersano Alfiero Ventura Alizard Christian Anders Wallgren Andre Gava Andre Marcos Andrea Bona Andrej Lueders Andrew Banfield Anthony Labarre Anton Volkov Arne Pannecoucque Avenel Adrien Bart Van den Broeck Bastian Schings Beeck Wolfgang Benjamin Alapetite Benjamin Aul Benjamin Schuette Benny Dean Bernd Ohlsen Bevan Roberts Brady Warren Brendan Langlois Brett Loubser Brian George Brock Williams Bruce Maytum Carion Guillaume Cesar Correa Chad Kopec Charles Verity Chee Hoe Lau Chris Lessig Christian Heinlein Christian Nutz Christoff Rampf Clive Reeves Damian Papen Dan Britton Dan Stockwell Daniel Borges Daniel Hedman Daniel Holbling Daniel Sipowicz Daniel Thomazelli Darley Laetitia Dave Peat David Filippone David Golob David Gross David LeGresley David Sosnowski Dennis Hart Diego Colafabio Diego Xavier Dominik Pflegerl Dominik Uebelhoer Donald Brooks Douglas Ries Dustin Ward Enrico Weichhold Enrique Nava Gonzalez Enrique Perez Cabedo Eric Dufour Eric Koudijs Fabian Kraus Fabien Bouteuil Fabrice Tessier Finn Verkerk Florian Laub Frank Lobers Freulon Nicolas Gareth Smith Garrick Wheeler Gavin Thomas Gene Day Georgel Eric Gerard Raccio Giuliano Golfieri Gordon Mowvley Gregory Choubana Grigoli Manuel Guerin Jimmy Guillaume Cortes Guillemoto Claude Gusthiot Maxime Haroldo Dijigov Heiko Gehrig Heiko Risse Helmut Bachmayr Hirokazu Oka Hugo Vieira Humberto Barreira Iker Mingo Israel Gallegos Jan Sterba Jarno Perala Jason Betts Jason Hsu Jason Schumacher Javier Rios Joachim Koppenhoefer Joao Bonifacio Joerg Mertin Johan Malmsten Johan Sanders John Rayson Jon Grintz Jonatan Larsson Joni Harju Jordi Rodrigo Roma Juan Luis Garcia Asmar Justin White Kai Podoklinski Kay Ekanayake Keven Menard Kevin Ellis Kevin Watts Kieran Chauhan Klaus Thon Kouhei Hata Kristopher Cobb Lars Klingman Lasse Skjoett Hansen Leandro Melo Lecomte Tristan Lombard Florian Luca Perin Lukas Ljungdahl Manuel Kamela Marco Ficara Marco Mauri Mario Gilcher Mario Macri Marius Pedersen Mark Bosman Mark Bratley Mark Bushell Mark Cooke Markus Pichler Martin Bell Martin Hauber Matej Klocek Mathieu Gebel Matt Cocks Matthew Cholerton Matthew Kennedy Matthew Thomas Maxime Monnet Meier Michael Mevlut Koc Michael Decker Michael Dorn Michael Konrad Michael Lorenz Michael McEvoy Michael Miesenberger Nathan Burtenshaw Nathan Jermyn Nicolas Pavie Nishan Baruah Oliver Abrahamsson Omer Candar Ondrej Vesely Pacula Martin Paolo Guiotto Pascal Groen Peter Bjoerk Peter Dimitri Peter Gertsson Peter Jamieson Philipp Eiselt Philipp Haenel Philipp Hofmaninger Philippe Evrard Quido Dekker Rafael Alcolea Rainer Huentemeier Ralf Trautwein Ralf Waspe Ramon Galera Raphael Smith Rasmus Lundstrom Rene Drawert Rene Hossfeld Richard McVeigh Robert Green Robin Sillars Roger Lee Sami Vahtera Sandro Draeger Santeri Rahkamaa Scott Haines Sebastian Barz Sebastien Milliot Simon Carbonnel Simon Strohmenger Sinan Mercan Sjoerd Huksloot Stefan Klause Stefan Krokowski Stefan Steinwasser Steffen Schluessler Stephen Collis Stephen Walsh Steve Seidelmann Teemu Karvinen Thiebault Debatty Thomas Granofszky Thomas Kramwinkel Thomas Meissner Thomas Olivaux Thomas Schleimer Thomas Wiercioch Timo Klostermann Timon Putzker Tobias Wellmann Tom Hutchins Tyler Grinnell Ulrich Straller Vinod Chandran William Parr Xabier Sanchez Yang Hongbo <emptyline> <emptyline> <emptyline>  <position> AEMS <list> Adam Stadler Adriano Sapetti Al Clarke Albert Bensusan Alejandro Fernandez Alessandro Balzan Alex Krugman Alex Meader Alex Nunez Allan Ng Andreas Eriksson Andreas Falkner Andrew Arroyo Andrew Thompson Andrew Wojteczko Andy Barnes Andy Blackmore Anna Degen Anne Bernard Anne Bernard Annemie Claesen Anthony Cheshire Aris Barios Arnold Eugenio Arthur Virapin Ashley Lynch Aurélie Glandais Autumn Soriano Beatrice Karlsson Becki Nile Ben Brown Ben Chong Ben Conrad Bisi Ezerioha Blair Dupree Blane Burnettt Bob West Boris Puddu Brad Beardow Brad Folz Brandon Adams Braun Smith Brett Hauschild Brian Dwyer Brian Knudson Bruce B. Frederick Bruce Garfield Bryan Alvardo Bryn Musselwhite Caroline Fallara Casey Cooper Johnson Charlotte Lumley Chico Kodama Chris Agajanian Chris Considine Chris Douglas Chris Protheroe Chris Raschke Chris Tague Chris Tate Christer Loow Christian Schick Christina Nielsen Christoph Ebenschwaiger Chuck Neal CJ Wilson Claudia Geissmann Clayton Triggs Clive Chapman Cory Burns Craig Cavalier Daniel Bandoly Daniel Cross Daniela Russell, Darren Geal Dave Phelps David Black David Fernandez David Isaacs David Ridley Declan Brennan Dennis Homberg Dennis Schwitzer Dirk Starksen Dirk Theimann Donnyelle Evans Dyan Williams Dylan Fraser Efrain, Enrico Diano Eji Tada Elena Azzali Elisa Mignini Emeline Wilson Emma Pastor Ethan Bregman Eunice Biondi Fabian Weingart Fiammetta Ginestra Florian Hagemann Florian Pitout Frank Rehak Fraser Handley Frederic Colaux Fu Yang Gary Fong George Ciordas George Kviloria Glen Chou Greg Gill Hannes Tribelnig Hannes Zanon Hayley Robinson Hedi Kim Helmut Wahl Hikaru Fujii Hiroshi Sano Hunter Skipworth Hyodo Tomomi Ian Briggs J. David Rich Jacob Agajanian James Crook James Hinchcliffe James Kirkham James Nagahashi James Rumsey Jane Mcleod Jarrod Stapley JC Waterhouse Jeff Darks Jeff Glover Jeff Neal Jen Horsey Jeremy Peirson Jerry Thienprasiddhi Jesse Wood Jillian Scheden Jim Michaelian John Chiboroski John Church Jon Barrett Jon Denton Jordon Roberts Jorge De La Torres, Jorge Rivera Julie Peyssard Jun Imai Junichi Tokuda Justin Ocello Kai Mensing Karen Schnurr Kei Muira Keith Jones Kenji Sumino Kenny Krajnik Kevin Taylor Klarissa Freibott Kris Skellenger Kristian Berg Kristian Dean Kyle Lloyd Larry Chen Laura Clever Lauren Sheridan Linden Farrow Lindsay Ross Liza Markle Louise Price Luca Bellisomo Luca Venturi Mad Mike Whiddett Marc Lewis Marc Unger Marcel Orban Maria Pia Rocca Marie Christine Ravon Mario Di Dato Marion Eisenberger Mark Bentley Mark Jones Mark Lemmer Mark Tingey Mary Lou Haen Masaya Yumeda Mat McCallum Matt Crooke Matt Levin Matt Monroe Matt Tuccillo Matt Wright Matt Young Matteo Gianotti Matthew Levin Matthias Czabok Matthias Scheffler Max (Massimiliano) Marsiaj Michael Burch Michael Gibbs Michael Grassl Michael Keyser Michael London Michael Schneider Michael Scully Michael Shank Michael Staskin Michael Teichmann Michaela Dorcikova Michal Klouda Mike Beckhusen Mike Chung Mike Hagedorn Mike Johnson Miriam Rodriguez de Lizana Mirko Lubner Mirko Markfort Miroslav Konopka Mizoguchi Kagefumi Monica Pauperas Murray Adams Natasha Dyson Nathan Freke Nathan Shriver Neill Briggs Nicole Garside Nigel Land Pascal Ursi Pascale Fleuridas Pascale Lavie Patrick Germain Patrick Mulligan Paul Zwicky-Ross Paulo Pinheiro Peter Cunningham Phillip Grenier Pierre Nicolet Pierre Nicolet Preston Calvert Quentin Frismand Rafael Navarro Ravi Dolwani René Buttler Riccardo Pezzetta Richard Barsamian Richard Hoare Richard King Rob Barnes Robin Selbach Roman Moser Romi Diana Doser Rosella Locatelli Ryan Carpenter Ryan Davis Ryu Asada Sabrina Asperti Sam Minchington Sandrine Weyders Sandy Althaus Sarah Edlinger Scott Lindley Seadon Baker Sean Horvath Sean Kleinschuster Sebastian Bagley Sebastian Hornung Sebastian Schmalz Shige Suganuma Shinjo Tsuyoshi Silvia Montsori Simon Haas Staci Langham Stefan Steinwasser Stephanie D'aprigny Steve Fields Steve Sare Steve Vandervate Thomas Gleibs Thomas Herbst Thomas Koch Thomas Muehlenz Thomas Radkovic Timo Frings Tobias Haasis Tomo Hisanaga Toni Calderon Toni Whiddett Tony Attwood Tony Balde Toshi Nakamae Travis Montgomery Trent Goodwin Trevor Wert Valerio Piersanti Vaughn Gittin Jr Vera Wessolek Victor Carrillo Vincent Vosse Vitale Alessandro Maffezzini Wakana Kosumi Warren Overton Will Brown Willett Considine Yannick Yvin Yoshiaki Hashimura Yoshihiro Sakamoto Yoshiyasu Takezawa <emptyline> <emptyline> <emptyline>   <position> External Partners <emptyline> <list> 'FMOD studios' and 'Firelight Technologies'  <emptyline>  REV technology used under license from Crankcase Audio Inc. <emptyline>  Uses Oodle. Copyright © 2008-2017 by RAD Game Tools, inc.   <emptyline>  Uses Bink Video. Copyright © 1997 – 2017 by Rad Game Tools, Inc   <emptyline>  Development tools and related technology provided under license from Logitech.  © 2001-2017 Logitech.  All rights reserved.  <emptyline>  Trademarks, design patents and copyrights are used with the approval of  the owner of Agajanian Racing <emptyline>  “Aston Martin”, “Aston Martin Racing” and related logos and other trademarks  are owned, licensed and/or used by Aston Martin and Aston Martin Racing.   These trademarks may not be used, amended and/or reproduced without permission.  All rights are reserved. <emptyline>  Trademarks, design patents and copyrights are used with the approval of the  owner of AUDI AG <emptyline>  Trademarks, design patents and copyrights are used with the approval of  the owner of Briggs Automotive Company (BAC) Limited <emptyline>  Produced under licence from Bentley Motors Limited England. “Bentley”, the ‘B’  in wings device and other associated logos and names are trademarks of  Bentley Motors Limited. The body designs of Bentley motor cars are protected  by Bentley Motors Limited under design, trademark and trade dress regulations <emptyline>  The BMW logo and BMW wordmark are trademarks of BMW AG and are used under license. <emptyline>  General Motors Trademarks used under license to Slightly Mad Studios Ltd <emptyline>  Caterham and associated logos and trade dress are registered trademarks of  Caterham Cars Ltd and are used under license. <emptyline>  The name and design of CITROËN and DS are used with the permission of  Automobiles CITROËN <emptyline>  Produced under license of Ferrari S.p.A. The name FERRARI, the PRANCING HORSE device, all associated logos and distinctive designs are property of  Ferrari S.p.A. The body designs of the Ferrari cars are protected as  Ferrari S.p.A. property under design, trademark and trade dress regulations. <emptyline>  Ford Trademarks and Trade Dress used under license to Slightly Mad Studios Ltd <emptyline>  Trademarks, design patents and copyrights are used under licence from  Ginetta Cars Limited <emptyline>  For Honda Automobiles: Honda Official Licensed Product. Designed, manufactured and distributed by or  for Slightly Mad Studios. Honda, the “H” logo, Honda vehicles and their trade  dress, and all associated vehicle emblems, logos, marks and names are trademarks  and intellectual property of Honda Motor Co., Ltd. All rights reserved. <emptyline>  For Acura Automobiles: Acura Official Licensed Product. Designed, manufactured and distributed by or  for Slightly Mad Studios. Acura, the “A” logo, Acura vehicles and their trade  dress, and all associated vehicle emblems, logos, marks and names are trademarks  and intellectual property of Honda Motor Co., Ltd. All rights reserved." <emptyline>  Trademarks of Brickyard Trademarks Inc. used with permission <emptyline>  Jaguar and the leaper device are trademarks owned and licensed by  Jaguar Land Rover Limited <emptyline>  All KTM vehicles, vehicle names, designs and logos are trademarks of KTM AG. <emptyline>  The trademarks, copyrights and design rights in and associated with Lamborghini,  Lamborghini with Bull and Shield Device are used under license from Automobili  Lamborghini S.p.A., Italy <emptyline>  Ligier and associated logos and trade dress are registered trademarks of Everspeed  for Onroak Automotive and are used under license. <emptyline>  Approved and licensed by Classic Team Lotus Ltd <emptyline>  Mazda Motor Corporation Approval No. 20019 <emptyline>  Manufactured under license from McLaren Automotive Limited.The McLaren name  and logo are registered trademarks of McLaren <emptyline>  “Mercedes-Benz” and “Three pointed star in a ring” are trademarks of Daimler AG  and used under license by Slightly Mad Studios Ltd. <emptyline>  MITSUBISHI MOTORS and  emblems are trademarks of MITSUBISHI MOTORS CORPORATION  and used under license to Slightly Mad Studios Limited. <emptyline>  MOTUL, the MOTUL LOGO and 300 V are registered trademarks of MOTUL (SA).  All rights reserved” and the Licensed Designs are protected by“© MOTUL’s  copyright – 1995- All rights reserved <emptyline>  Trademarks of Nissan Motor Co., Ltd. used under license to Slightly Mad Studios.  81-27617-22520 <emptyline>  Trademarks, design patents and copyrights are used with the approval of the  owner of OMSE. <emptyline>  "Opel Trademarks used under license to Slightly Mad Studios Ltd - Les marques Opel  sont utilisées sous license par Slightly Mad Studios Ltd" <emptyline>  Trademarks, design patents and copyrights are used with the approval of the  owner of ORECA SAS. <emptyline>  The trademarks PAGANI and Pagani Automobili and Huayra and Zonda are registered  trademarks and used under license from HORACIO PAGANI S.P.A., Italy <emptyline>  Panoz LLC vehicle models and trademarks are subject to copyright and other  intellectual property protection. Used with permission of Panoz LLC, a division  of Green4U Technologies, Inc. All rights reserved. <emptyline>  Under License of Porsche AG <emptyline>  Radical Sportscars Official Licensed Product. Designed, manufactured and distributed  by or for Slightly Mad Studios. Radical Sports Cars, Radical, the “R” logo, Radical  vehicles and their trade dress, and all associated vehicle emblems, logos, marks and  names are trademarks and intellectual property of Radical Sportscars Limited.  All rights reserved. <emptyline>  "RENAULT Official Licensed Products. Vehicle Models and Trademarks protected by  intellectual property laws. Used with permission of RENAULT. All rights reserved" <emptyline>  Under license of Toyota Motor Corporation <emptyline>  The name and design of Autodromo Internacional Do Algarve are used with the permission  of Parkalgar - Parques Tecnologicos e Desportivos, S.A.  <emptyline>  The name and design of the Mount Panorama Motor Racing Circuit are used with the permission  of Bathurst Regional Council <emptyline>  The name and design of Brands Hatch are used with the permission of Motorsport Vision Ltd. <emptyline>  Trademarks of Automotocrom Brno,a.s. used with permission <emptyline>  The name and design of Cadwell Park are used with the permission of Motorsport Vision Ltd. <emptyline>  The name and design of Circuit de Catalunya and Circuit de Barcelona-Catalunya are used  with the permission of Circuits de Catalunya, S.L. <emptyline>  Trademarks of Circuit of the Americas LLC used with permission <emptyline>  DAYTONA® is a registered trademark of the International Speedway, Inc. and licensed to  International Speedway Corporation. <emptyline>  Trademarks and likeness of DirtFish, LLC used with permission <emptyline>  "The Donington Park name, graphic design and logo are registered and protected  under UK and European law and similarly, those copyrights of all Donington's  partners and sponsors included in the track design and layouts for this game  are also protected under relevant laws. Any unauthorised breaches, misuse,  or misrepresentation of any of these copyrights, designs and logos will be  pursued to the fullest extent of the applicable law". <emptyline>  The name and design of Dubai Autodrome circuit are used with the permission  of Dubai Autodrome LLC. <emptyline>  Fuji Speedway Copyright ©Fuji International Speedway Co., Ltd. All rights reserved. <emptyline>  Trademarks of Hockenheim-Ring GmbH used with permission <emptyline>  Trademarks of Formula Imola S.P.A. used with permission <emptyline>  Trademarks of Brickyard Trademarks Inc. used with permission <emptyline>  Trademarks of Knockhill Racing Circuit Ltd used with permission <emptyline>  Trademarks of Sports car Racing Association of the Monterey Peninsula  "SCRAMP" used with permission <emptyline>  Slightly Mad Studios usage of Lånkebanen's/HellRX's track design is licensed  and approved by NAF Motorsport Trøndelag <emptyline>  24H Le Mans official Licensed product. Le Mans TM 2017. <emptyline>  Rallycross Lohéac - trademark of Association Sportive du Rallycross de Lohéac  - France used under license to Slightly Mad Studios Ltd <emptyline>  Trademarks of Grand Prix Association of Long Beach, LLC. used with permission <emptyline>  The name and design of the Lydden Hill Race Circuit are used with the permission of  Lydden Race Circuit Ltd. <emptyline>  The likeness and trade dress of the Track “Autodromo Nazionale Monza” , the name of  the track and the associated logos are exclusive properties of S.I.A.S. S.p.A. -  Autodromo Nazionale Monza. <emptyline>  The name and design of the Nürburgring Race Circuits are used with the permission of  capricorn Nürburgring GmbH. <emptyline>  The name and design of the Motorsport Arena Oschersleben are used with the permission of  Motorsport Arena Oschersleben GmbH. <emptyline>  The name and design of Oulton Park are used with the permission of Motorsport Vision Ltd. <emptyline>  Under License of Porsche AG <emptyline>  Trademarks of Projekt Spielberg GmbH & Co KG used with permission <emptyline>  The name and design of Road America are used with the permission of  Road America Inc. <emptyline>  “Red Bull® Marks are licensed by Red Bull GmbH/Austria” <emptyline>  The name and design of Ruapuna Park are used with the permission of  The Canterbury Car Club. <emptyline>  © Silverstone Circuits Limited 2017 <emptyline>  The name and design of Snetterton are used with the permission of  Motorsport Vision Ltd. <emptyline>  Sonoma Raceway is a trademark of Speedway Properties Company, LLC <emptyline>  Copyright ©SUGO Co.,Ltd. All rights reserved. <emptyline>  "Texas Motor Speedway ® is a registered trademark of Speedway Properties Company, LLC,  registered in the U.S. The Globe Logo ® is a registered trademark of Speedway Properties  Company, LLC, registered in the U.S." <emptyline>  WATKINS GLEN® is a registered trademark of the International Speedway, Inc. and licensed  to International Speedway Corporation. <emptyline>  The name and design of Willow Springs International Raceway are used with the permission  of Christopher C. Huth General Manager and Owner of Willow Springs International Raceway. <emptyline>  The Track Marks, designs, logo and trademark of Zhuhai International Circuit are licensed  by Zhuhai International Circuit Ltd. <emptyline>  The name and design of Circuit Zolder are used with the permission of Circuit Zolder Inc. <emptyline>  PIRELLI and PIRELLI logo are trademarks of Pirelli & C. S.p.A.; PZERO is a trademark of  Pirelli Tyre S.p.A. All trademarks are used under license <emptyline> <emptyline> <emptyline>       	<list> <header> Project CARS 2 <emptyline> <emptyline> <position> Slightly Mad Studios <emptyline> <emptyline> <position> Head of Slightly Mad Studios <list> Ian Bell - Chief Executive Officer <emptyline> <emptyline> <emptyline>  <position> Art <list> Darren White – Art Director <emptyline> <emptyline> <emptyline>  <position> Art: Character <list> Vit Budin – Character Artist Aleš Filka – Character Artist & Animator Tomáš Flak – 2D & Concept Artist Peter Gerhát – Lead Animator  Lukas Mensik - Characters and Animations Manager Marlon R. Nunez – Character Artist & Animator František Resl – Character Artist Zbyněk Trávnický – Technical Animator <emptyline> <emptyline> <emptyline>  <position> Art: Environment <list> Mark Adams - Art Manager Luis Barata - Environment Artist Chris Barnes - Senior Environment Artist Michal Beran - Senior Environment Artist Richard Berwick - Senior Environment Artist Gary Browne - Senior Environment Artist David Brumla - Senior Environment Artist Karl Davies - Senior Environment Artist Andrea Fabris - Senior Environment Artist Dave Flynn - Senior Environment Artist Martin Franek - Environment Artist Kateřina Habrová - Environment Artist Michal Jeschke - Senior Environment Artist James Kett - Principal Artist Petr Klvač - Environment Artist Siu Jone Lee - Senior Environment Artist Andrew Liddle - Senior Environment Artist Andreas Moll - Senior Principal Artist Sven Moll - Senior Principal Artist Jan Pavelko - Environment Artist David Rezac - Senior Environment Artist Cassius Rodrigues - Senior Environment Artist Oscar Soper - Lead Environment Artist Tomas Trlica - Environment Artist Jose Perez De Vries - Senior Environment Artist Darren Wakeman - Senior Environment Artist <emptyline> <emptyline> <emptyline>  <position> Art: Vehicles  <list> Sean Barron -  Junior Vehicle Artist  Tarran Booth – Vehicle Artist Jean-François Bouchard – Senior Vehicle Artist Matt Clark - Senior Vehicle Artist Vincent Dambreville – Vehicle Artist Ivo Franic – Vehicle Artist Kreso Franic – Vehicle Artist Jan Frischkorn - Vehicle Art Manager Vicko Hazdovac – Vehicle Artist Ralph Hummerich – Vehicle Artist Kunal Jain – Vehicle Artist Daniel Karlsson - Senior Vehicle Artist Jacek Kosieradzki – Vehicle Artist Ales Ogrinc – Vehicle Artist Gustavo Olivera – Vehicle Art Lead Martin Olivera – Vehicle Artist  Stanisław Potulski – Vehicle Artist Perran Truran - Senior Vehicle Artist Jaroslav Turna - Vehicle Artist <emptyline> <emptyline> <emptyline>  <position> Audio <list> Jon Bailey – Voice Over Recording Engineer Rashid Hille – Sound Designer Eilam Hoffman – Location Sound Recordist Vanesa Lorena Tate - Head of Audio Paul Scargill - Audio Programmer Gergely Szelei - Audio Programmer László Vincze - Senior Sound Designer Lewis Williams - Junior Audio Designer <emptyline> <emptyline> <emptyline>  <position> Car Handling <list> Doug Arnao - Senior Physics / AI Engineer  Jussi Karjalainen – Handling QA Lead  Casey Ringley - Technical Vehicle Lead Andrew Weber - Physics Programmer <emptyline> <emptyline> <emptyline>  <position> Cinematics <list> Ed Mas - Video Director Paul Shuker - Cinematics and Video Assistant <emptyline> <emptyline> <emptyline>  <position> Code <list> Steve Dunn – Technical Director <emptyline> <emptyline> <emptyline>  <position> Code: Gameplay <list> Gergely Bencze - Gameplay Programmer Dominic Clarke - Gameplay Programmer  Stuart Hunt - Senior Gameplay Programmer  Bob Ives - Gameplay Programmer Anders Johansson - Lead Gameplay Programmer Michael Lalaounis - Gameplay Programmer Rick Lamb - Gameplay Programmer Are Leistad - Gameplay Programmer Martin Moravec - Gameplay Programmer Ian Sweeny - Senior Gameplay Programmer James Vipond - Gameplay Programmer Mark Watson - Senior Gameplay Programmer Steven Wright - Gameplay Programmer <emptyline> <emptyline> <emptyline>  <position> Code: Online <list> Ian Bird - Online Programmer  Thomas Gomes - Online Programmer  Victor Khomskiy - Online Programmer  Mike Laskey - Head of Online Alexandru Marian - Online Programmer Pablo Medina - Online Programmer Mike Montgomery - Online Programmer Michal Řeháček – Server Programmer Štěpán Vondrák - Online Programmer  Iain Wallington - Lead Online Programmer  James Woollard - Online Programmer <emptyline> <emptyline> <emptyline>  <position> Code: Physics & AI <list> Peter Arbet - Physics Programmer  Jiří Boldyš - Physics Programmer  Artem Ermolov - Lead Physics and AI Programmer Christian Ferrario – AI Programmer Dmitry Meleshkin - Physics Programmer  Steven Walker - Physics and AI Programmer <emptyline> <emptyline> <emptyline>  <position> Code: Render <list> Kevin Boland – Principal Render Engineer  Robert Dibley - Lead Render Programmer Tim Lewis - Render Programmer Fabio Luchetta - Senior Render Programmer  Tim Mann - Low Level Cross-Platform Render Engineer Ivo Novak – Render Programmer <emptyline> <emptyline> <emptyline>  <position> Code: Tools <list> John Atkinson – Senior Tools Programmer James Boulton - Senior Tools Programmer  Andy Clark - Lead Tools Programmer Gábor Mónus - Senior Tools Programmer Jack O’Neill - Tools Programmer Daniel Wheeler - Senior Tools Programmer <emptyline> <emptyline> <emptyline>  <position> Design <list> Andy Tudor – Creative Director  Stephen Viljoen – Game Director Matt York – Junior Designer <emptyline> <emptyline> <emptyline>  <position> Graphical User Interface <list> Laurence Alexander – UI Creator  Sean Fitzpatrick – Text Designer Damian Furlong – Senior UI Programmer Nicholas Jablonowski – Senior UI Programmer Derek Payne – Lead UI Programmer Fernando Pedace – UI Designer Andy Rogers – UI Programmer Richard Steer – Senior UI Programmer <emptyline> <emptyline> <emptyline>  <position> Mediacom <list> Joe Barron – Marketing and Esports Manager  Nathan Bell – Web and Social Media Officer Patrick Kulinski – Manual Editor Alex Martini – Head of Communications Rob Massey – Analytics Manager Melinda Neil – Licensing Manager Rob Prange – Web Content Adminstrator <emptyline> <emptyline> <emptyline>  <position> Music <list> Stephen Baysted - Composer Andy Brown - Conductor / Orchestral Contractor Amanda Cook - Musician: Acoustic Guitar Caroline Dale - Musician: Cello Peter Gregson - Musician: Cello John Harvey - Drums / Electric Guitars Jake Jackson - Score Mixer / Score Producer Susan Legg - Featured Vocalist / Piano Guy Michelmore - Additional Music Simon Whiteside - Orchestrator / Score Preparation <emptyline> Music performed by The London Metropolitan Orchestra Music recorded and mixed at Air Lyndhurst Studios, London <emptyline> <emptyline> <emptyline>  <position> Production <list> Umer Ahmad – Assistant Producer  Dave Bramhall – Senior Producer Andy Cherry – Producer Benjamin Fischer – Assistant Producer and Community Manager Jarek Kleiber – Senior Production Support Pete Morrish – Director of Production  John Wray – Production Assistant <emptyline> <emptyline> <emptyline>  <position> Quality Assurance <list> Thomas Bromyard – QA Tester  Tom Brown - QA Manager Tom Curtis - QA Lead Aaron Groves – QA Tester Viktor Kolomiets – Build Manager Filipe Malaquias – QA Tester Christopher Newsum – QA Tester Bruno Pereira – QA Tester  Angus Winnard – QA Tester <emptyline> <emptyline> <emptyline>  <position> Pro Drivers <list> Ben Collins Mitchell DeJong Oliver Eriksson   Vaughn Gittin Jr Nicolas Hamilton Tommy Milner René Rast <emptyline> <emptyline> <emptyline>  <position> Management <list> Rod Chong – Chief Commercial Officer Andy Garton - Head of Development  Ged Keaveney - Chief Technical Officer Mark Pressburg - Chief Finance Officer Frank Veyder - Chief Operations Officer <emptyline> <emptyline> <emptyline>  <position> Administration <list> Margaret Bieniek-Maluszczak - Office Administrator Sally Daligan – Reporting Manager Musanna Muhit - Officer Manager Vittorio Rapa - IT Manager Dickon Springate - Assistant Accountant  Ana Tiza - HR Manager <emptyline> <emptyline> <emptyline>  <position> Additional Vehicle Art <list> Jurgen Braem  Sebastian Brunner  Guillermo Hargreaves Alex Hobbs Eric Kuebler  Che Hoe Lau Michael Peters Mitchel Saad Christian Schmidt Nigel Teags Jaime Lopez Trujillo <emptyline> <emptyline> <emptyline>  <position> Game Babies <list> Lucas Akihito Barnes Nina Simone Bell  Emily Boland Rosalie Bouchard Matyáš Brumla Samson Clark Tabatha Clark  Sonny Alfred Curtis Enzo Dambreville Timofey Ermolov Darragh Fitzpatrick Ada Alyss Furlong Arabella Julie Hoey  Ondřej Jeschke Kika Kleiber Elisabeth Melanie Moll Ester Moravcová Charlotte Maisie O'Neill Frank Jack Sweeny Elen Travnicka Aurelia Jasmine Tudor <emptyline> <emptyline> <emptyline>  <position> Special Thanks <list> Nik Ammar Pole Position Productions  The Audio Guys <emptyline> <emptyline> <emptyline>  <position> ACME <list> Kevin Malling Julie Malling John Wang Tyson Hill Brandon Acree <emptyline> <emptyline> <emptyline>  <position> Glass Egg Digital Media  <list> Thuy Le Hoang Nguyen Tu Tran Cam <emptyline> <emptyline> <emptyline>  <position> SkinzWraps Racing <emptyline> <emptyline> <emptyline>  <position> Intel Corporation <list> George Bain Leigh Davies Bartosz Boczula Patrick J Farrell <emptyline> <emptyline> <emptyline>  <position> Technology Partners <list> Simon Newby - 6T3 Eric Mindjimba - Thrustmaster Christopher McKelvy - Oculus Rift Thomas Jackermeier - Fanatec Roy Kerkhoff - Playseat Nevil Slade - Vesaro Curtis Brown - Logitech Phil Scott - NVidia Glen Chou - True Scale Miniatures <emptyline> <emptyline> <emptyline>   <position> BANDAI NAMCO Entertainment Europe S.A.S <emptyline> <list> Goran Marinković - Producer Manuela Riboldi - Localisation Project Manager Sohail Daniel - Localisation Project Manager Franck Genty - Localisation Manager Bertrand Mangin - Quality Control Project Manager Olivier Robin - Quality Control Manager Claire McGowan - Certification Manager Stéphane Entéric - Engineering Services Project Managers Emeric Polin - Engineering Services Project Managers Samuel Gatté - Publishing & Product Support Senior Director  Chris Altiparmakis - Product Manager Arnaud Staebler - 3rd party IP Strategy and Marketing Manager Morgane Ah Kong - PR Manager Héloïse Ribeaucourt - Events Manager André Persson - PR, Communication & Events Director  Alexandre Vision-Bonnet - Game Content Analyst & Designer Jocelyn Cioffi - GES Manager Rudy Pantoustier - Junior Market Analyst Julie Joet - Market Research Manager Patrick Rose - Business & Product Analyst Alberto Gonzalez Lorca - VP Business Development Pablo Rodriguez Fernandez - Business Development Manager Denis Ferrier - Business Development Manager Vincent Hattenberger - Creative Designer Gwen Ruby - Creative Assistants Anne Laure Bouton - Creative Assistants Anthony Grabit - Community Manager Team Leader Isshak Ferdjani - European Community Managers Laurence Patey - E-Commerce Manager Romain Chantelot - CRM Project Manager Julia Crusot - CRM Project Manager Junior Lucas Guedot - Web Master Bertrand Amiard - Web Project Manager Jérôme Chatelain - Digital Sales Managers Anthony Macaré - Digital Business Unit Director Hervé Hoerdt - VP Marketing & Digital Mieko Murakami - Sales Reporting & License relation Sandrine Dubois - Packaging Project Manager  Céline Vilgicquel - Packaging Project Manager & Marketing Support Caroline Fauchille - Manufacturing & Printed Materials Director Delphine Doncieux - Supply Chain Coordinators Mike Shaw - Supply Chain Coordinators Nicolas Guérard - Supply Chain Manager Laura Testud - Manufacturing Coordinator Marine Thevenet - Lawyer Stéphanie d'Ornano - Legal Manager Frederic Armitano Grivel - SVP Legal & Business Affairs Kunio Ikoma - VP Corporate Planning & Finance Christophe Delanoy - VP Distribution Operations Masataka Nemoto - Senior Director Development Strategy & Management Yoshi Niki - SVP Production & Development Naoki Katashima - President & COO <emptyline> <emptyline> <emptyline>  <position> Local Marketing Team <list> Phil Brannelly - UK Olivier Reocreux - France Alexandre Billaud - Belgium David Razaghi - Deutschland Laura Aznar - Iberica Marco Caputo - Italy Alexandre Billaud - Netherlands  Andreas Juliusson - Nordic  George Soulogiannis - Hellas Oleg Khazhinskiy - Eastern Europe Stephen O'Leary - Australia <emptyline> <emptyline> <emptyline>  <position> GlobalStep Services Pvt. Ltd. <list> Sumit Arora - QA Director Piyoosh Sah - QA Manager Neeraj Bhardwaj - Test Coordinator Saurabh Tarolkar - Test Lead Zishan Khan - Test Lead <position> Testers <list> Keshav Subhash Kale Altaf Shabbir Pathan Kishore Kumar T S Mayank Sharma Sujata Gundewar Preetam Khomane Nirav Narendra More Dheeraj Gadve R. Chandrasekher Reddy P. Vivek Abhijit Madhukar Doiphode Prashant Gulab Medhe Rahul Saini Abhijeet G. Kakpure Pramod Hambir Vishal Kakade Sagar Dhamankar Prashant Lolage Arnold Nirmal Ashish Appaso Patil Debashish Saha Devashish Mishra Gaurav Oak Harjee Anand Harshad K Kshirsagar Himanshu Shrivastava Jasmine Bhaldar Kalpesh Deelip Chavan Kanishk Sanjay Sahay Kusumesh Vyas Latif Husain Mayur Sharad Dorle Md Ilteza Alam  Mohammad Shadab Ali Mohit Kumar Bhatnagar Pooja Rikibe Prashant Pawar Purva Zarkar Shreyas M. Ranade Simjo Simon Swapnil Najan Tejas S. Vaidya Tushar Dubey Vipul Vijaykumar Powar <emptyline> <emptyline> <emptyline>  <position> Keywords International <list> Thomas Courtonne - Project Manager  Davi Almeida de Souza - Test Lead <position> Testers <list> Grégory Alliot Moulay-Toumi Sabri Perry Mainville Virginie Cloutier-Brassard Chiara Di Modica Alessandro Tenza Manuel Ravazzini Patricia Raabe Simran Karir Sebastian Schneider Alba La Orden Garcia Clara Guzman Noelia Penin Garcia Evgeniya Kozyreva Vladimir Kozin Andrei Pivovar Adam Dabrowski Natalia Mieczynska Aleksandra Wanda Jozwiak <emptyline>  <position> Maverick Media LTD <emptyline> <emptyline> <emptyline>  <position> BANDAI NAMCO Entertainment America Inc. <emptyline>  <position> Executive Management <list> Mark Tsuji - President & CEO Hide Irie - Executive VP & COO Shuji Nakata - Executive VP & CFO <emptyline> <emptyline> <emptyline>  <position> Publishing & IP Strategy <list> Taka Akiyama - VP, Publishing & IP Strategy Tad Hirabayashi - Senior Director, Production Services Rey Jimenez - Producer Knut Grossmann - Localization Manager Carmen Vega-Reina - Localization Project Manager Takeshi Miyazoe - Senior Director, IP Strategy Shoya Yamazaki - Manager, IP Strategy Nao Takeda - Manager, IP Strategy Kyoko Acheson - Manager, IP Strategy Jhune De La Cruz - Digital Business Manager Kahlil Najar - Digital Channel Marketing Manager Garrett Miller - Digital Content Specialist David Wood - Senior Manager, Business Development Tomomi Takahashi - Administrative Assistant <emptyline> <emptyline> <emptyline>  <position> Operations <list> Hans Lui - Director, Applications & Operations Jennifer Tersigni - Senior Operations Manager David Wang - Operations Analyst Shin Young - Applications Support Specialist Miriam Beltran - Travel Administrator Korey Belanger - Office Manager <emptyline> <emptyline> <emptyline>  <position> Sales <list> Chris Gilbert - Senior Vice President of Sales & Marketing Melani Windham - Senior Director of Sales Terry Carlson - Director, Sales Operations Laura Yoshioka - Sr. Director, Retail Marketing and Merchandising Bob Johnson - Senior Channel Marketing Manager May Hayes - Senior Sales Operations Specialist <emptyline> <emptyline> <emptyline>  <position> Marketing and PR <list> Eric Hartness - Vice President of Marketing Dennis Lee - Director, Brand Marketing Raymond So - Brand Manager Denny Chiu - Director, Communications & Social Media Nick O’Leary - Senior Public Relations Specialist Jason Cline - Events Manager Alia Oda - Event Planner Dalton Link - Social Marketing & Community Manager Cyrus Wesson - Social Marketing & Community Specialist Dmitryi Khlynin - Community Specialist Jeremy Caine - Interactive Designer Michael Le - Graphic Artist <emptyline> <emptyline> <emptyline>  <position> Legal and Business Affairs <list> Martin Nguyen - Senior Associate Attorney Patrick Lundell - Associate Attorney Rafael Orozco - Associate Attorney Matthew Datum - Associate Attorney Reina Nagai - IP Administrator <emptyline> <emptyline> <emptyline>  <position> Quality Assurance <list> David Moya - QA Manager Jesse Mejia - CQC Supervisor Y Pham - Project Coordinator Johnny Moya - Senior CQC Coordinator Cameo Wininger - CQC Coordinator Jonathan Price - CQC Coordinator Matt Peterson - CQC Coordinator Merwin del Rosario - CQC Coordinator Adrian Escultura - CQC Tester Adrian Serafica - CQC Tester Arnold Feener - CQC Tester Brendan Duley - CQC Tester Dustin Tran - CQC Tester Ian Nunes - CQC Tester Josh Daily - CQC Tester Luke Gardner - CQC Tester Matthew Cain - CQC Tester Nicholas Malouf - CQC Tester Samuel Reiter - CQC Tester Steven Wilton - CQC Tester Xonie Martin - CQC Tester <emptyline> <emptyline> <emptyline>  <position> Keywords International <list> Maurizio Cigoli - QA Project Manager Luis Izquierdo - Project Lead Leonardo Akimoto - LQA Brazilian Portuguese Jose Suarez - LQA Latin American Spanish Sara Bourgeois - LQA French Canadian <emptyline> <emptyline> <emptyline>  <position> Customer Support <list> Jesus Barragan - Customer Service Manager Takumi Kobayashi - Sr. Customer Service Representatives Ryan Phung - Sr. Customer Service Representatives Michael Gu - Customer Service Representatives Ryan Hamaguchi - Customer Service Representatives <emptyline> <emptyline> <emptyline>   <position> BANDAI NAMCO Entertainment Asia Pte Ltd. <emptyline>  <list> Gerard Noonan - Senior Vice President & MD Asia & Pacific Richard Taylor - Regional Finance Director Hiroaki Ochiai - SVP Business Development Asia Pacific Jennifer Poulson - SVP Marketing Asia William Wang - Managing Director (Taiwan) Chad Park (Korea) - General Manager Rainel Tan (Singapore) - General Manager Yoichiro Mogi - IP Strategy Manager Asia Pacific Tag Chang (Korea) - Associate Product Manager Eshley Gao (Singapore) - Associate Product Manager Hailey Shin - Associate Product Assistant (Korea) Hamid Rahman - Country Manager (Hong Kong) Carrie Hsiao (Taiwan) - Marketing Manager Jung-eun Oh (Korea - Marketing Manager Ronan Fong (Hong Kong) - Marketing Manager Sophia Lek (Singapore) - Marketing Manager Debbie Chu - Product Manager & PR (Taiwan) Tobias Chang - Product Manager & PR (Taiwan) Zoe Kao - Product Manager & PR (Taiwan) Joanna Fong - PR Assistant Manager (Taiwan) Vito Lee - Marketing Assistant (Korea) Diony Kum - Marketing Assistant (Korea) Catherine Abigail Santos (Philippines) - Marketing & Accounts Executive Renee Lim - Logistics And Account Coordinator (Singapore) Jessie Hsieh - Art Designer & Operations Coordinator (Taiwan) Lin Pei Hsia - Art Designer & Operations Coordinator (Taiwan) Benny Tsai (Taiwan) - Sales Manager Nicholas Ng (Malaysia, S.E.A) - Sales Manager Peter Yang (Taiwan) - Sales Representative Angeline Ang (Singapore) - Finance Manager KD Kim (Korea) - Finance Manager Vivian Liu (Taiwan) - Finance Manager Amy Soong - Senior Accounts Executive (Singapore) Betty Chen - Accountant (Taiwan) Carol Huang - Accountant (Taiwan) Chang Yuan Gang - Localisation Manager Chloe Lee (Korea) - Localisation Manager Daniel Cao (Singapore) - Localisation Manager Ash Kim - Localisation Assistant (Korea) Tsai Mulan - Localisation Project Leader (Taiwan) Chang Kang - Traditional Chinese Localisation Team Chen Pei Yu - Traditional Chinese Localisation Team Chien Chin Hsien - Traditional Chinese Localisation Team Hsieh Wan Chi - Traditional Chinese Localisation Team Hsu Tsai Ying - Traditional Chinese Localisation Team Hsu Yu Han - Traditional Chinese Localisation Team Lee Yi Shuan - Traditional Chinese Localisation Team Lin Chih Yen - Traditional Chinese Localisation Team Chiang Chi Che - Traditional Chinese QA Project Leader  Huang Shih Wei - Traditional Chinese QA Project Leader  Yu Chiao Huai - Traditional Chinese QA Project Leader  Wang Kuan Chun - Traditional Chinese QA Project Leader  Chen Chun Chih - Traditional Chinese Localisation Tester Chen Xian Zhe - Traditional Chinese Localisation Tester Chien Shih Siang - Traditional Chinese Localisation Tester Chou Yuan - Traditional Chinese Localisation Tester Hsu Kuo Huang - Traditional Chinese Localisation Tester Wang Jing Ting - Traditional Chinese Localisation Tester Wang Yan Zhe - Traditional Chinese Localisation Tester Wu Chi An - Traditional Chinese Localisation Tester Ki Moon Lee - Korean Localisation Team Bird Lee - Korean Localisation Tester Jae Jin Yi - Korean Localisation Tester In Keon Kang - Korean Localisation Tester Ji Yeon Jung - Korean Localisation Tester Duk Woo Kim - Korean Localisation Tester AltJapan Co., Ltd - Singapore Localisation Team Ethan Sia Chee Keong - English QA Project Leader  Ahmad Fuad Bin Ahiari - Singapore Localisation Tester (NYP Intern) Damian Ang Ming Guang - Singapore Localisation Tester (NYP Intern) <emptyline> <emptyline> <emptyline>   <position> BANDAI NAMCO Entertainment Inc. <emptyline> <list> Satoshi Oshita - Executive Producer Hirotaka Reizei - Executive Producer Daisuke Uchiyama - General Producer Ryuichiro Baba - General Producer Kazutoki Kono - Chief Producer Satoshi Otsuka - International Producer Tsuyoshi Koda - International Producer Manabu Shimomoto - Producer Tomoya Yoshida - Special Thanks <emptyline> <emptyline> <emptyline>  <position> Quality Assurance - Functionality QA <list> Tomoaki Imanishi Ryou Tanaka Akihide Ono Ryuuta Sano Masashi Aoyama Kaname Nakano Takashi Shimogaito Natsuki Koyama Shinya Sasaki Kouki Iwao Masaya Nakata <emptyline> <emptyline> <emptyline>  <position> Customer Service - Quality Assurance <list> Keita Kiso Takashi Sawai Miku Takamatsu <emptyline> <emptyline> <emptyline>  <position> Promotion <list> Kenta Seino Yasuko Sato Satoshi Nakauchi Onur Guenduez <emptyline> <emptyline> <emptyline>  <position> Sales & Marketing <list> Taiki Yasuko Masaki Hoshiai Hidekazu Naito Yuta Fukami Noriyuki Tanaka Yumi Maiguma  Kazuki Konishi  <emptyline> <emptyline> <emptyline>  <position> Production Support <list> Tomomi Arakawa Tomomi Fujisawa <emptyline> <emptyline> <emptyline>  <position> Localization <list> Eiichi Ikeda Takayuki Tsuji Tatsuji Michihiro Claudio Cascone Hideyoshi Misawa <emptyline> <emptyline> <emptyline>  <position> Quality Assurance Support <list> Hiroyuki Tsujii Sho Tanaka Hiroshi Araki Megan O'leary Tatsuya Wada Kiriyo Tanaka <emptyline> <emptyline> <emptyline>  <position> WMD <position> Thank you for your continued support, we couldn't have done it without you. <emptyline>  <position> WMD VIP's <list> Alex Lindstrem David Lansade Eyal Alsaud Henning Weidhase James Loucks Kyle Pearson Ross Clabburn Sven Markowski Thomas Lockers Thomas Taschler Toni Harkonen <emptyline> <emptyline> <emptyline>  <position> Special Thanks <list> Aaron Clark Aaron Coleman Aaron Parker Aaron Ritzau Aaron Turner Adam Higgs Adam Lindsey Adam Preston Adam Sharpe Adam Viljoen Adam Wilewski Ade Young Adelaida Afonso Adrian Smith Adriano James Piras Adrien Lopes Aidan Taylor Alain Jimeno Alain Kohler Alan Bertenshaw Alan Cheung Alan Nelson Alan Smith Aldo Zampatti Alec Barker Alejandro Montero Aleksander Otterstad Aleksandr Timkov Ales Permozer Alessandro De Carolis Alessio Beninato Alessio Vismara Alex Greenland Alex Porter Alex Stahlhut Alexander Dornheim Alexander Mueller Alexander Santos Alexandre Amirizian Alexey Kuntsevich Alfie Pugh Allan T. Olsen Allen Clarke Anders Peterson Andre Henschel Andre Kaestner Andreas Gremme Andreas Hader Andreas Kittlaus Andreas Seeger Andreas Traub Andreas van Wingerden Andreas Wunder Andrej Akopian Andrej Svajger Andrew Adamson Andrew Currens Andrew Jones Andrew Moseley Andrew Myers Andrew Todd Andrew Wise Andy Edwards Andy Weinberger Ang Li Angel G Criniti Anthony Azzari Anthony Haddox Anti Telkinen Antoine le Campion Antonio Benitez Antonio Rodriguez Clotet Antony Boland Ari Antero Arnaud Hirtz Arnaud Segre Arne Jurgens Arno Bisquolm Ashley Horton Aurelien Duval Aurelien Walpen Axel Dietzel Barrett Ettel Bart van Kleven Basim Alhejaili Bastian Hellmann Benjamin Beacock Benjamin Beier Benjamin Benichou Benjamin Beyer Benjamin Fischer Benjamin Menger Benjamin Weisenfeld Benjamin Winter Bent Granheim Bernd Resch Bernd Schmidt Bernd Schwarzinger Beys Nordine Bob Romano Bohuslav Lacina Boris Demidov Botond Vasarhelyi Brad Bodily Braden Williams Bradley Parrott Bradley Rossetti Bram Vanbuel Brandon Andrew Lee Brandon Bosch Brandon Clark Brandon Limkemann Brent Blihovde Brent Seeliger Brook Murray Cameron Brewster Cameron Howell Carl Morton Carl Shaw Carlos Dominiak Carlos Esteves Cedric Flouret Chadd Lowe Charles Mader Chee Keong Lau Chihoon Ahn Choserot Michael Chris Arnett Chris Aubert Chris Baumann Chris Candelaria Chris Goatcher Chris Kunz Chris Miller Chris Morris Chris Mosley Chris Payne Chris Rae Chris Stenersen Chris Twigger Chrisi Schmidt Christiaan van Beilen Christian Banks Christian Geihe Christian Gomolka Christian Hagemann Christian Hellman Christian Mutz Christian Pabinger Christian Paul Christian Pillwein Christian Quaynor Christian Schmidt Christian Schroeder Christian Schumann Christian Steinhaeusser Christian van Rooyen Christoffer Almgren Christoph Brandstetter Christoph Laux Christoph Schmidt Christophe Cador Christophe De Greef Christopher Aspden Christopher Cassidy Christopher Davis Christopher Dorn Christopher Frantz Christopher Gray Christopher Hauser Christopher Lord Christopher McEnteer Christopher Porter Christopher Reekie Chuck Duhon CJ Yi Clement Moriceau Cleon Waterberg Clive Morrison Codrin Purice Colin McKay Condamine Florian Copin Michael Corrado Raucea Craig Jorgensen Craig Moon Craig Parkes Cyril Declercq Damian Hall Dan OBrien Dan Thorpe Daniel Bader Daniel Boeckmann Daniel Dorion Daniel Krissel Daniel Meister Daniel Perez Daniel Saik Daniela Siekiera Daniele Vianini Danny Park Danny Schmid Danny Vlaar Daren Ludvigson Darin Salisbury Dario Walker Darrel King Darren Henderson Darren Leeson Darren Muir Darren Symons Darryl Mills Dave Arthur Dave Higgs Dave Holland Dave Richardson David Allak David Bishop David Bornkessel David Burton David Commons David E. Lengel David Haggar David Ham David Ingram David Ironside David Kneller David Knipp David Majidimehr David Marin David Marquez Mato David Merino Perez David Neighbour David Payne David Pym David Saunders David Sharples David Smith David Stuecker David Summers David Vangheluwe David Vickery David Waymouth Davy Van den Abbeele Dean Welfare Denis Besic Denis Eder Martinez Pineda Dennie de Groot Dennis Pohlmann Derek Millar Derrick Ritchie Detlev Hartenstein Devin Smith Devon Massan Dirk Dietrich Dirk Voegele Dmitry Afanasyev Dominic Schoenberner Dong-Gyu Park Dong-Seok Lee Drew Mackay Drew Meisberger Duprez Laurent Dustin Johnson Edson Souza Edward Garland Edward McLean Eike Stender Elliot Janssens Eneas Martinez Costa Enrico Bertolo Enrico Gerosa Erdinc Binyal Eric Bilodeau Eric Dukes Eric Kuebler Eric Lasley Eric Mayuk Eric Schroeder Erich Christen Erich Harvey Erick Gaudreault Erik Hofmann Erik Schramm Erik Uran Erwan Decroix Erwin Berkers Espen Gundersen Espen S. Andresen Eugene Flerko Fabio Calcio-Gandino Fabrice Brigati Fabrice Jourquin Fabrice Vancomerbeck Falk Guenther Felipe Becker Felix Overroedder Felix Renneberg Ferdinand Dernai Ferdinand Schwarzer Fernando Peneda Florian Faistauer Florian Talou Florian Witte Flouret Alexandre Fontaine Loic Francesco Cinque Francis Doria Franck Darstein Franck Herve Franck Montaigne Francois Chevallier Francois Feugier Francois Heitz Frank Kleefeldt Frank Lehmann Frank Schroeder Frederic Davin Frederic Le Palud Fredrik Olofsson Friedrich Riemschneider G. Auriol Gabriel Swietlicki Gareth Harwood Gareth Robinson Gareth Vaughan Garry Holcombe Garvin Kruthof Gary Hunt Gary White Geoffrey Schild Georg Naujoks Georg Swaczyna George Brushwood George Patterson George Shannon George Usoh Gerald Scherr Gerke van Keimpema Giacomo Galeotti Gian-Luca Mateo Gianko Scaglione Gilles Eberhardt Giovanni Tomaselli Glenn Briden Goetze Tobias Gordon Hislop Graham Bartsch Graham Goodrich Graham Hawkins Graham Ritter Graham Watson Greg Corbyn Greg Pillhofer Greg Southall Greg Williams Greg Wright Gregg Mandell Guanchen Liu Guido Dettweiler Guillaume Brunner Guillermo Hargreaves Gunther Roels Gunther Wicht Hanno Peng Don Chlevl Hans Silbernagel Hans-Rolf Schade Harald Kristian Gauslaa Haroon Ashraf Hayden Purvis Heiko Wenzel Hendrik Seitz Henk de Jong Henning Schirk Herbert Waller Hermann Thomas Holger Neitzel Holzer Rene Hugh Shillingford Huib Reijnders Ian Brown Ilya Babansky Ingo Schumann Ingvar Petur Thorsteinsson Ivan Dumalovski Janjusic J Kosieradzki Jacob Urbschat-Satterfield Jagdeep Rai Jaime Lopez Trujillo Jake Southcombe James Alston James Brooks James Eavis James Lithiby James Newman James Smith James Staples James Turbett James Wall Jamie Matthews Jan Berka Jan Flieshardt Jan Fortun Jan Horsky Jan Studenski Jani Mustonen Jani Sihvonen Jannik Strelow Janusz Krasek Jared Broddle Jaroslav Kraif Jason Ganz Jason Mackay Jason Penny Jason Schmidtlein Jason Watson Javier Marcos Jay Elwanger Jay Vigo Jean Christophe Jean Marie Muggianu Jean Marth Jean-francois Le Chenechal Jean-marie Jolibois Jean-Sebastien Charlot Jean-Yves Mercy Jeff Lima Jens Hoefling Jens Schmitt Jeremy Brunel Jeremy Hittle Jeremy Spinks Jeroen van Gelder Jerome Powell Jerry Jacob Vakayil Jesko Weber Jesse Brown Jesse Fahrenkrog Jessy Burgamy Joachim Thiebe Joao Simoes Jochen Klasen Joe Borde Joe Coach Joe Moore Joe Tompkins Joel Lobo Joerg Felgendreher Joerg Giezenaar Joerg Vahldieck Joeri Blootacker Johan Kemper Johan Leroy Johan Marx Johannes Gaganas Johannes Riese Johannes Wieser John Dashey John Hargreaves John Higginbotham John Montgomery John Sant John Shore John Stegman John Tomlinson Jon Burrell Jon Davies Jon Hadden Jon Large Jon Over Jon Trotter Jonas Thomsen Jonathan Carrigan Jonathan Lamela Jonathan Le Clercq Jonathan Padilla Jonathan Vauhkonen Jonathan Waltman Joni Aaltio Joost Korngold Jordi Rodriguez Gresa Jose Anaya Jose Angel Morales Calvache Jose Rivera Joseph Gossen Joseph Marques Joseph Rampelberg Joseph Russo Joseph Schles Joseph Stearn Josh Brocksopp Joshua Healy Joshua Heising Juan Manuel Sanchez Manzano Juergen Flock Juergen Oberreiter Jukka Hautajarvi Julian Oejen Julien Boisaubert Julien Lavoie Junior Basilio Juraj Mamrilla Jurgen Braem Jussi Viljami Karjalainen Justin Gay Justin Hackett Justin Strickland Kai Lochbaum Karim Saissi Karl Mitson Karsten Kremer Karsten Schiemer Kay Schurig Keith Brunnenkant Keith Partyka Ken Owers Kent Bergstrom Kent Nielsen Kevin IJpelaan Kevin Kirkbride Kevin Lawrence Kevin McKenzie Kevin Ochoa Kevin Richardson Kevin Welsh Kieran Jones Kieran Poole Kieran Vella Kim Flawwoo Andersson Kirk Kosinski Klaus-Juergen Weber Knodel David Kobus de Villiers Konrad Kostecki Konstantin Broemmelsiek Koos Rotgans Kourattana Abhay Kowal Peter Kris Dekeyser Kristof Depreitere Kristoffer Bergset Kyfan Stevens Kyron de Haas Lacorre Mickael Nicolas Lacourte-Barbadaux Lars Rosenquist Lasse Ryhanen Laud Barnor Laurent Rizzi Laurent Zender Leander Patzak Lei Liu Leigh Renfrow Leo Graae Leon Garcia Liam Cubley Lindsay Smith Lionel Beasse Llewellyn St David Luca Antonini Luca Cambianica Luca Rassek Lucas Brits Lukas Elmer Lukas Fort Lukas Kamb Lukas van Eck Luke Wojtaszek Lyndon Wright M.J. Lisseveld Mads Krog Jensen Maik Manke Manuel Ballbe Manuel Duerr Manuel Morgenroth Marc Kressmann Marc Packenius Marc Verhoef Marcel Beck Marcel Bloch Marcel Hulsbergen Marcel Jaekel Marcel Jeske Marcel Kleene Marcel Spuehler Marcel Wernegger Marco Engelage Marco Gotz Marco Mosch Marco Olivieri Marco Roth Marcus Blech Marcus Gleitsmann Marcus Johansson Marcus Meyer Marcus Winnig Marek Haase Mario Goebbels Mario Navarrete Mario Scherrer Marius Adams Mark Abbott Mark AuBuchon Mark Barrow Mark Bevan Mark Blanes Mark Bond Mark Carbonaro Mark Doran Mark Dowling Mark Goldfinch Mark Holland Mark Laybourne Mark Leighton Mark Roberts Mark Rueb Mark Smith Mark Turnbull Mark Walker Marko Adrian Markus Beckmann Markus Falkner Markus Meyerhofer Markus Schlabritz Markus Siegmeth Markus Ullrich Marten Johansson Martin G Webb Martin Hartmann Martin Hudson Martin Kucera Martin Lorgnier Martin Schaeller Martin Skytte Martin Thielen Martin Webb Marton Szamos Martyn Breed Marvin Theel Mas Jonathan Massimiliano Franchelli Mathias Veyrun Matt Muirhead Matt O Brien Matt Pierce Matt Webb Matt York Matteo Stirati Matthew Brown Matthew Gibbs Matthew Hargreaves Matthew Julian Matthew Lewis Matthew Minson Matthew Mul Matthew Rushton Matthias Arndt Matthias Beck Matthias Dorst Matthias Jacob Matthias Neber Matthias Schonder Maurice Boeschen Maurizio Lazzeretti Maurizio Posapiano Mauro Fernandez de Bobadilla Mauro Tobon Max Spooner Maxime Parquet Maxime Platon Maximilian Woerlein Michael Ball Michael Baumert Michael Bieber Michael Colomer Michael D Mckeown Michael Dew Michael Dorricott Michael Frnka Michael Herrmann Michael Knoblach Michael Laube Michael Lehneis Michael Marhenke-Richter Michael Matzen Michael Maxwell Michael Meus Michael Milem Michael Norrby Michael Peters Michael Pleym Michael Prahl Michael Repplinger Michael Schmid Michael Steiner Michael Uth Michal Bielik Michal Sofron Michel Fouvet Mick Leighton Mikael Stanne Mike Cowing Mike Dhanpat Mike Gagg Mike Hoffmann Mike van Meerbeek Mike vom Scheidt Mikko Makela Milan Danek Milan Holt Mirko Giorgi Miroslav Bettermann Mitchel Saad Mohamed Gaalich Mohammed El Gueriri Morgan Henstridge Moritz Schickel Moriz Fischer Morten Rousing Fachmann Natan Patel Nathan Kammerud Nedo Radulovic Neil Bateman Neil Brett Neil Farren Neil Hopwood Nelson Badillo Nevil Wigbels Nicholas Chong Nicholas Gregory Nick Claydon Nick Degnan Nick Garland Nick Thornhill Nick Weekes Nico Ernst Nicolas Balland Nicolas Flamand Nigel Teags Niklas Silen Nils Ruwisch Norman Morton Oli Gill Oliver Ginzel Oliver Goehring Oliver Kaiser Oliver Rademacher Oliver Schwing Omar El-Edrissi Ornulf Hagen Oscar Perez Oyvind Nordahl Oyvind Nordbo Pablo Sanchez Parker Korpak Pascal Gatsu Pascal Meyrou Pascal Welsch Patrick Dobler Patrick Gleichmann Patrick Gries Patrick Kulinski Patrick Leventhal Patrick Pomes Patrick Seeger Patrick Strippel Patrick Theysohn Patrik Marek Paul Coburn Paul DeBili Paul Hahn Paul Jackson Paul Pridham Paul Stolber Paul Taylor Paul van der Linden Paul Velasco Paul Walker Paul Yeung Pedro Antunes Pedro Braz Caria Pedro Grave Pedro Rodrigues Per Ricktun Per Rosing Mogensen Peter Andersson Peter Avelovski Peter Boutestijn Peter Chalmers Peter Karanitsch Peter Klawitter Peter Kless Peter Marquardt Peter Stuart Peter Swiatek Peter Vermeulen Petr Strecker Petr Vojkovsky Petri Niemenmaa Phil Denty Philip Bocock Philipp Ackermann Philipp Enderes Philipp Stratmann Philippe Dufour Phillip Jones Pierre Irby Pilaud Fabien Pontus Skoglund Prayoga Hadi Setiawan Quentin Laveau Rafael Sempruch Rafal Ranuszkiewicz Raffaele La Sala Raj Sharma Ralf Huisman Ralf Truttmann Ralph Burger Rambert Yohann Ramiro Correa Randall Kipker Randall Kravarik Ray Heimbuch Raymond de Vries Rene Guenon Rene Liivanurm Rene Owara Rene Regatschnig Rene Wehrmann Reto Marti Reto Marty Ricardo Almeida Richard Barrett Richard Booms Richard Cook Richard Navone Richard Touzimsky Rikki Jenkins Riley Lucier Rob Cowing Rob Denekamp Rob Greenhalgh Rob Huxtable Rob Massen Rob Simms Rob Thompsett Robby Timmermans Robert Dekker Robert Evans Robert Gardiner Robert Lidstrom Robert Lineburg Robert Reagh Robert Schulze Robert Stuart Robert Yates Rodney Tawia Roel de Meulder Roger Graham Roger Prynne Rogier Schaap Roland Franzl Roland Krystaszek Roland Respondek Romain Belorgey Romain Capdeville Romain Rukse Roman Mika Ronald Scheerder Ross Drinkwater Rouch Jean-Guillaume Roucourt Rony Roy Butler Ruedi Zimmermann Rune Morling Ryan Conaway Ryan Parker Ryan Richter Saidur Ali Sam Blease Sampo Jarvinen Sampo Mustonen Samuel Lobietti Samuel Painchaud Sandeep Singh Dhanjal Sander Keus Sascha Haub Sascha Straub Savelkoul Tom Scott Adair Scott Coleman Scott Gibson Scott Hoarty Scott Richardson Sean Foster Sean Lobjoit Sebastian Brunner Sebastian Krogull Sebastian Pechner Sebastian Schillag Sebastian Schlager Sebastian Schweiger Sebastian Wokraczka Sebastien Guglielmi Sebastien roubinet Shane Leksell Shane Stoney Shawn Silsbee Shayne Joseph Paul Shogo Kihara Silas Greiner Silvio Carlos Camolesi Silvio Szekely Simon Bresche Simon Davey Simon Hannaford Simon Hodge Simon Messerli Simon Paynton Simon Reed Simon Welch Simone Barisonzi Sofian Moukhaiar-Senac Spencer McCarthy Stef Volckaerts Stefan Almeida Stefan Biley Stefan Bosch Stefan Delalut Stefan Forster Stefan Hennig Stefan Ihl Stefan Jeppesen Stefan Monz Stefan Nydegger Stefan Oberboersch Stefan Pagenberg Stefan Pitzl Stefan Sulies Stefano Malnati Stefano Pecchio Stefano Pianoterra Steffen Deszczka Stella Lionel Stephan Czekay Stephan Goldenberg Stephan Prinz Stephane Sola Stephen Bacchus Stephen Jubb Stephen Kelly Stephen Way Stephen White Steve Berwald Steve Bird Steve Hew Steve Hoessler Steve Jones Steve Redding Steve Swangler Steve Unsen Steve White Steven Beyer Steven Johnson Steven Labbe Stuart Phillips Suzuki Ryouhei Svein Andre Nilsen Sven Bender Sven Lippmann Sven Ungerecht Sylvain Antoni Sylvain Caillat Tapio Vepsalainen Tatu Teittinen Teddy Yeboah Teemu Koskinen Terrell Olvera Tetsuo Kimura Thibault Scheffmann Thierry Chabanne Thierry Degeilh Thilo Ascher Thomas Einoeder Thomas Goesling Thomas Groener Thomas Hirschi Thomas Hoenen Thomas Keaveney Thomas Kloeters Thomas Knecht Thomas Lademann Thomas Lund Thomas Mayrhofer Thomas Mouren Thorsten Lingnau Tiago Fortuna Till Grapentin Tim Cox Tim Eles Tim Foster Tim Lundy Tim Venker Tim Wielens Timi Tuohenmaa Tobias Gloeckner Tobias Kiel Tobias Scheit Todd Norbury Tom Cornwell Tom Erik Risan Tom Goad Tom Ivar Arntsen Tom Pettersson Tommaso Rossato Tonny Draijer Tony Bull Tony Richards Tony Rickard Tony Ward Torsten Schmitt Travis Lamming Trent White Trever Braun Trevor Austin Tristan Matheson-Mayne Tyler Sinquefield Ulrich Diedrichsen Valerio Giolitto Victor Moraal Vikram Subramaniam Vincent Boulard Vincent Druart Vincent Zijlstra Vincenzo Giagheddu Vladimir Kulev Volker Keim Volker Wenski Warren Murfin William Fisher Wolf Herold Wolfgang Reh Xavier Bourgeois Xiong Yang Xristo Papageorgas Yann Kowalkiewicz Yannick Prevot Yannick Steinhauer Youcef Benyarou Zdeno Kubina Ziyu Guo <emptyline> <emptyline> <emptyline>  <position> Supported by <list> Adam Dougherty Adam Rusling Aleksi Marjusaari Alex Day Alex Salmon Alexandre Bersano Alfiero Ventura Alizard Christian Anders Wallgren Andre Gava Andre Marcos Andrea Bona Andrej Lueders Andrew Banfield Anthony Labarre Anton Volkov Arne Pannecoucque Avenel Adrien Bart Van den Broeck Bastian Schings Beeck Wolfgang Benjamin Alapetite Benjamin Aul Benjamin Schuette Benny Dean Bernd Ohlsen Bevan Roberts Brady Warren Brendan Langlois Brett Loubser Brian George Brock Williams Bruce Maytum Carion Guillaume Cesar Correa Chad Kopec Charles Verity Chee Hoe Lau Chris Lessig Christian Heinlein Christian Nutz Christoff Rampf Clive Reeves Damian Papen Dan Britton Dan Stockwell Daniel Borges Daniel Hedman Daniel Holbling Daniel Sipowicz Daniel Thomazelli Darley Laetitia Dave Peat David Filippone David Golob David Gross David LeGresley David Sosnowski Dennis Hart Diego Colafabio Diego Xavier Dominik Pflegerl Dominik Uebelhoer Donald Brooks Douglas Ries Dustin Ward Enrico Weichhold Enrique Nava Gonzalez Enrique Perez Cabedo Eric Dufour Eric Koudijs Fabian Kraus Fabien Bouteuil Fabrice Tessier Finn Verkerk Florian Laub Frank Lobers Freulon Nicolas Gareth Smith Garrick Wheeler Gavin Thomas Gene Day Georgel Eric Gerard Raccio Giuliano Golfieri Gordon Mowvley Gregory Choubana Grigoli Manuel Guerin Jimmy Guillaume Cortes Guillemoto Claude Gusthiot Maxime Haroldo Dijigov Heiko Gehrig Heiko Risse Helmut Bachmayr Hirokazu Oka Hugo Vieira Humberto Barreira Iker Mingo Israel Gallegos Jan Sterba Jarno Perala Jason Betts Jason Hsu Jason Schumacher Javier Rios Joachim Koppenhoefer Joao Bonifacio Joerg Mertin Johan Malmsten Johan Sanders John Rayson Jon Grintz Jonatan Larsson Joni Harju Jordi Rodrigo Roma Juan Luis Garcia Asmar Justin White Kai Podoklinski Kay Ekanayake Keven Menard Kevin Ellis Kevin Watts Kieran Chauhan Klaus Thon Kouhei Hata Kristopher Cobb Lars Klingman Lasse Skjoett Hansen Leandro Melo Lecomte Tristan Lombard Florian Luca Perin Lukas Ljungdahl Manuel Kamela Marco Ficara Marco Mauri Mario Gilcher Mario Macri Marius Pedersen Mark Bosman Mark Bratley Mark Bushell Mark Cooke Markus Pichler Martin Bell Martin Hauber Matej Klocek Mathieu Gebel Matt Cocks Matthew Cholerton Matthew Kennedy Matthew Thomas Maxime Monnet Meier Michael Mevlut Koc Michael Decker Michael Dorn Michael Konrad Michael Lorenz Michael McEvoy Michael Miesenberger Nathan Burtenshaw Nathan Jermyn Nicolas Pavie Nishan Baruah Oliver Abrahamsson Omer Candar Ondrej Vesely Pacula Martin Paolo Guiotto Pascal Groen Peter Bjoerk Peter Dimitri Peter Gertsson Peter Jamieson Philipp Eiselt Philipp Haenel Philipp Hofmaninger Philippe Evrard Quido Dekker Rafael Alcolea Rainer Huentemeier Ralf Trautwein Ralf Waspe Ramon Galera Raphael Smith Rasmus Lundstrom Rene Drawert Rene Hossfeld Richard McVeigh Robert Green Robin Sillars Roger Lee Sami Vahtera Sandro Draeger Santeri Rahkamaa Scott Haines Sebastian Barz Sebastien Milliot Simon Carbonnel Simon Strohmenger Sinan Mercan Sjoerd Huksloot Stefan Klause Stefan Krokowski Stefan Steinwasser Steffen Schluessler Stephen Collis Stephen Walsh Steve Seidelmann Teemu Karvinen Thiebault Debatty Thomas Granofszky Thomas Kramwinkel Thomas Meissner Thomas Olivaux Thomas Schleimer Thomas Wiercioch Timo Klostermann Timon Putzker Tobias Wellmann Tom Hutchins Tyler Grinnell Ulrich Straller Vinod Chandran William Parr Xabier Sanchez Yang Hongbo <emptyline> <emptyline> <emptyline>  <position> AEMS <list> Adam Stadler Adriano Sapetti Al Clarke Albert Bensusan Alejandro Fernandez Alessandro Balzan Alex Krugman Alex Meader Alex Nunez Allan Ng Andreas Eriksson Andreas Falkner Andrew Arroyo Andrew Thompson Andrew Wojteczko Andy Barnes Andy Blackmore Anna Degen Anne Bernard Anne Bernard Annemie Claesen Anthony Cheshire Aris Barios Arnold Eugenio Arthur Virapin Ashley Lynch Aurélie Glandais Autumn Soriano Beatrice Karlsson Becki Nile Ben Brown Ben Chong Ben Conrad Bisi Ezerioha Blair Dupree Blane Burnettt Bob West Boris Puddu Brad Beardow Brad Folz Brandon Adams Braun Smith Brett Hauschild Brian Dwyer Brian Knudson Bruce B. Frederick Bruce Garfield Bryan Alvardo Bryn Musselwhite Caroline Fallara Casey Cooper Johnson Charlotte Lumley Chico Kodama Chris Agajanian Chris Considine Chris Douglas Chris Protheroe Chris Raschke Chris Tague Chris Tate Christer Loow Christian Schick Christina Nielsen Christoph Ebenschwaiger Chuck Neal CJ Wilson Claudia Geissmann Clayton Triggs Clive Chapman Cory Burns Craig Cavalier Daniel Bandoly Daniel Cross Daniela Russell, Darren Geal Dave Phelps David Black David Fernandez David Isaacs David Ridley Declan Brennan Dennis Homberg Dennis Schwitzer Dirk Starksen Dirk Theimann Donnyelle Evans Dyan Williams Dylan Fraser Efrain, Enrico Diano Eji Tada Elena Azzali Elisa Mignini Emeline Wilson Emma Pastor Ethan Bregman Eunice Biondi Fabian Weingart Fiammetta Ginestra Florian Hagemann Florian Pitout Frank Rehak Fraser Handley Frederic Colaux Fu Yang Gary Fong George Ciordas George Kviloria Glen Chou Greg Gill Hannes Tribelnig Hannes Zanon Hayley Robinson Hedi Kim Helmut Wahl Hikaru Fujii Hiroshi Sano Hunter Skipworth Hyodo Tomomi Ian Briggs J. David Rich Jacob Agajanian James Crook James Hinchcliffe James Kirkham James Nagahashi James Rumsey Jane Mcleod Jarrod Stapley JC Waterhouse Jeff Darks Jeff Glover Jeff Neal Jen Horsey Jeremy Peirson Jerry Thienprasiddhi Jesse Wood Jillian Scheden Jim Michaelian John Chiboroski John Church Jon Barrett Jon Denton Jordon Roberts Jorge De La Torres, Jorge Rivera Julie Peyssard Jun Imai Junichi Tokuda Justin Ocello Kai Mensing Karen Schnurr Kei Muira Keith Jones Kenji Sumino Kenny Krajnik Kevin Taylor Klarissa Freibott Kris Skellenger Kristian Berg Kristian Dean Kyle Lloyd Larry Chen Laura Clever Lauren Sheridan Linden Farrow Lindsay Ross Liza Markle Louise Price Luca Bellisomo Luca Venturi Mad Mike Whiddett Marc Lewis Marc Unger Marcel Orban Maria Pia Rocca Marie Christine Ravon Mario Di Dato Marion Eisenberger Mark Bentley Mark Jones Mark Lemmer Mark Tingey Mary Lou Haen Masaya Yumeda Mat McCallum Matt Crooke Matt Levin Matt Monroe Matt Tuccillo Matt Wright Matt Young Matteo Gianotti Matthew Levin Matthias Czabok Matthias Scheffler Max (Massimiliano) Marsiaj Michael Burch Michael Gibbs Michael Grassl Michael Keyser Michael London Michael Schneider Michael Scully Michael Shank Michael Staskin Michael Teichmann Michaela Dorcikova Michal Klouda Mike Beckhusen Mike Chung Mike Hagedorn Mike Johnson Miriam Rodriguez de Lizana Mirko Lubner Mirko Markfort Miroslav Konopka Mizoguchi Kagefumi Monica Pauperas Murray Adams Natasha Dyson Nathan Freke Nathan Shriver Neill Briggs Nicole Garside Nigel Land Pascal Ursi Pascale Fleuridas Pascale Lavie Patrick Germain Patrick Mulligan Paul Zwicky-Ross Paulo Pinheiro Peter Cunningham Phillip Grenier Pierre Nicolet Pierre Nicolet Preston Calvert Quentin Frismand Rafael Navarro Ravi Dolwani René Buttler Riccardo Pezzetta Richard Barsamian Richard Hoare Richard King Rob Barnes Robin Selbach Roman Moser Romi Diana Doser Rosella Locatelli Ryan Carpenter Ryan Davis Ryu Asada Sabrina Asperti Sam Minchington Sandrine Weyders Sandy Althaus Sarah Edlinger Scott Lindley Seadon Baker Sean Horvath Sean Kleinschuster Sebastian Bagley Sebastian Hornung Sebastian Schmalz Shige Suganuma Shinjo Tsuyoshi Silvia Montsori Simon Haas Staci Langham Stefan Steinwasser Stephanie D'aprigny Steve Fields Steve Sare Steve Vandervate Thomas Gleibs Thomas Herbst Thomas Koch Thomas Muehlenz Thomas Radkovic Timo Frings Tobias Haasis Tomo Hisanaga Toni Calderon Toni Whiddett Tony Attwood Tony Balde Toshi Nakamae Travis Montgomery Trent Goodwin Trevor Wert Valerio Piersanti Vaughn Gittin Jr Vera Wessolek Victor Carrillo Vincent Vosse Vitale Alessandro Maffezzini Wakana Kosumi Warren Overton Will Brown Willett Considine Yannick Yvin Yoshiaki Hashimura Yoshihiro Sakamoto Yoshiyasu Takezawa <emptyline> <emptyline> <emptyline>   <position> External Partners <emptyline> <list> 'FMOD studios' and 'Firelight Technologies'  <emptyline>  REV technology used under license from Crankcase Audio Inc. <emptyline>  Uses Oodle. Copyright © 2008-2017 by RAD Game Tools, inc.   <emptyline>  Uses Bink Video. Copyright © 1997 – 2017 by Rad Game Tools, Inc   <emptyline>  Development tools and related technology provided under license from Logitech.  © 2001-2017 Logitech.  All rights reserved.  <emptyline>  Trademarks, design patents and copyrights are used with the approval of  the owner of Agajanian Racing <emptyline>  “Aston Martin”, “Aston Martin Racing” and related logos and other trademarks  are owned, licensed and/or used by Aston Martin and Aston Martin Racing.   These trademarks may not be used, amended and/or reproduced without permission.  All rights are reserved. <emptyline>  Trademarks, design patents and copyrights are used with the approval of the  owner of AUDI AG <emptyline>  Trademarks, design patents and copyrights are used with the approval of  the owner of Briggs Automotive Company (BAC) Limited <emptyline>  Produced under licence from Bentley Motors Limited England. “Bentley”, the ‘B’  in wings device and other associated logos and names are trademarks of  Bentley Motors Limited. The body designs of Bentley motor cars are protected  by Bentley Motors Limited under design, trademark and trade dress regulations <emptyline>  The BMW logo and BMW wordmark are trademarks of BMW AG and are used under license. <emptyline>  General Motors Trademarks used under license to Slightly Mad Studios Ltd <emptyline>  Caterham and associated logos and trade dress are registered trademarks of  Caterham Cars Ltd and are used under license. <emptyline>  The name and design of CITROËN and DS are used with the permission of  Automobiles CITROËN <emptyline>  Produced under license of Ferrari S.p.A. The name FERRARI, the PRANCING HORSE device, all associated logos and distinctive designs are property of  Ferrari S.p.A. The body designs of the Ferrari cars are protected as  Ferrari S.p.A. property under design, trademark and trade dress regulations. <emptyline>  Ford Trademarks and Trade Dress used under license to Slightly Mad Studios Ltd <emptyline>  Trademarks, design patents and copyrights are used under licence from  Ginetta Cars Limited <emptyline>  For Honda Automobiles: Honda Official Licensed Product. Designed, manufactured and distributed by or  for Slightly Mad Studios. Honda, the “H” logo, Honda vehicles and their trade  dress, and all associated vehicle emblems, logos, marks and names are trademarks  and intellectual property of Honda Motor Co., Ltd. All rights reserved. <emptyline>  For Acura Automobiles: Acura Official Licensed Product. Designed, manufactured and distributed by or  for Slightly Mad Studios. Acura, the “A” logo, Acura vehicles and their trade  dress, and all associated vehicle emblems, logos, marks and names are trademarks  and intellectual property of Honda Motor Co., Ltd. All rights reserved." <emptyline>  Trademarks of Brickyard Trademarks Inc. used with permission <emptyline>  Jaguar and the leaper device are trademarks owned and licensed by  Jaguar Land Rover Limited <emptyline>  All KTM vehicles, vehicle names, designs and logos are trademarks of KTM AG. <emptyline>  The trademarks, copyrights and design rights in and associated with Lamborghini,  Lamborghini with Bull and Shield Device are used under license from Automobili  Lamborghini S.p.A., Italy <emptyline>  Ligier and associated logos and trade dress are registered trademarks of Everspeed  for Onroak Automotive and are used under license. <emptyline>  Approved and licensed by Classic Team Lotus Ltd <emptyline>  Mazda Motor Corporation Approval No. 20019 <emptyline>  Manufactured under license from McLaren Automotive Limited.The McLaren name  and logo are registered trademarks of McLaren <emptyline>  “Mercedes-Benz” and “Three pointed star in a ring” are trademarks of Daimler AG  and used under license by Slightly Mad Studios Ltd. <emptyline>  MITSUBISHI MOTORS and  emblems are trademarks of MITSUBISHI MOTORS CORPORATION  and used under license to Slightly Mad Studios Limited. <emptyline>  MOTUL, the MOTUL LOGO and 300 V are registered trademarks of MOTUL (SA).  All rights reserved” and the Licensed Designs are protected by“© MOTUL’s  copyright – 1995- All rights reserved <emptyline>  Trademarks of Nissan Motor Co., Ltd. used under license to Slightly Mad Studios.  81-27617-22520 <emptyline>  Trademarks, design patents and copyrights are used with the approval of the  owner of OMSE. <emptyline>  "Opel Trademarks used under license to Slightly Mad Studios Ltd - Les marques Opel  sont utilisées sous license par Slightly Mad Studios Ltd" <emptyline>  Trademarks, design patents and copyrights are used with the approval of the  owner of ORECA SAS. <emptyline>  The trademarks PAGANI and Pagani Automobili and Huayra and Zonda are registered  trademarks and used under license from HORACIO PAGANI S.P.A., Italy <emptyline>  Panoz LLC vehicle models and trademarks are subject to copyright and other  intellectual property protection. Used with permission of Panoz LLC, a division  of Green4U Technologies, Inc. All rights reserved. <emptyline>  Under License of Porsche AG <emptyline>  Radical Sportscars Official Licensed Product. Designed, manufactured and distributed  by or for Slightly Mad Studios. Radical Sports Cars, Radical, the “R” logo, Radical  vehicles and their trade dress, and all associated vehicle emblems, logos, marks and  names are trademarks and intellectual property of Radical Sportscars Limited.  All rights reserved. <emptyline>  "RENAULT Official Licensed Products. Vehicle Models and Trademarks protected by  intellectual property laws. Used with permission of RENAULT. All rights reserved" <emptyline>  Under license of Toyota Motor Corporation <emptyline>  The name and design of Autodromo Internacional Do Algarve are used with the permission  of Parkalgar - Parques Tecnologicos e Desportivos, S.A.  <emptyline>  The name and design of the Mount Panorama Motor Racing Circuit are used with the permission  of Bathurst Regional Council <emptyline>  The name and design of Brands Hatch are used with the permission of Motorsport Vision Ltd. <emptyline>  Trademarks of Automotocrom Brno,a.s. used with permission <emptyline>  The name and design of Cadwell Park are used with the permission of Motorsport Vision Ltd. <emptyline>  The name and design of Circuit de Catalunya and Circuit de Barcelona-Catalunya are used  with the permission of Circuits de Catalunya, S.L. <emptyline>  Trademarks of Circuit of the Americas LLC used with permission <emptyline>  DAYTONA® is a registered trademark of the International Speedway, Inc. and licensed to  International Speedway Corporation. <emptyline>  Trademarks and likeness of DirtFish, LLC used with permission <emptyline>  "The Donington Park name, graphic design and logo are registered and protected  under UK and European law and similarly, those copyrights of all Donington's  partners and sponsors included in the track design and layouts for this game  are also protected under relevant laws. Any unauthorised breaches, misuse,  or misrepresentation of any of these copyrights, designs and logos will be  pursued to the fullest extent of the applicable law". <emptyline>  The name and design of Dubai Autodrome circuit are used with the permission  of Dubai Autodrome LLC. <emptyline>  Fuji Speedway Copyright ©Fuji International Speedway Co., Ltd. All rights reserved. <emptyline>  Trademarks of Hockenheim-Ring GmbH used with permission <emptyline>  Trademarks of Formula Imola S.P.A. used with permission <emptyline>  Trademarks of Brickyard Trademarks Inc. used with permission <emptyline>  Trademarks of Knockhill Racing Circuit Ltd used with permission <emptyline>  Trademarks of Sports car Racing Association of the Monterey Peninsula  "SCRAMP" used with permission <emptyline>  Slightly Mad Studios usage of Lånkebanen's/HellRX's track design is licensed  and approved by NAF Motorsport Trøndelag <emptyline>  24H Le Mans official Licensed product. Le Mans TM 2017. <emptyline>  Rallycross Lohéac - trademark of Association Sportive du Rallycross de Lohéac  - France used under license to Slightly Mad Studios Ltd <emptyline>  Trademarks of Grand Prix Association of Long Beach, LLC. used with permission <emptyline>  The name and design of the Lydden Hill Race Circuit are used with the permission of  Lydden Race Circuit Ltd. <emptyline>  The likeness and trade dress of the Track “Autodromo Nazionale Monza” , the name of  the track and the associated logos are exclusive properties of S.I.A.S. S.p.A. -  Autodromo Nazionale Monza. <emptyline>  The name and design of the Nürburgring Race Circuits are used with the permission of  capricorn Nürburgring GmbH. <emptyline>  The name and design of the Motorsport Arena Oschersleben are used with the permission of  Motorsport Arena Oschersleben GmbH. <emptyline>  The name and design of Oulton Park are used with the permission of Motorsport Vision Ltd. <emptyline>  Under License of Porsche AG <emptyline>  Trademarks of Projekt Spielberg GmbH & Co KG used with permission <emptyline>  The name and design of Road America are used with the permission of  Road America Inc. <emptyline>  “Red Bull® Marks are licensed by Red Bull GmbH/Austria” <emptyline>  The name and design of Ruapuna Park are used with the permission of  The Canterbury Car Club. <emptyline>  © Silverstone Circuits Limited 2017 <emptyline>  The name and design of Snetterton are used with the permission of  Motorsport Vision Ltd. <emptyline>  Sonoma Raceway is a trademark of Speedway Properties Company, LLC <emptyline>  Copyright ©SUGO Co.,Ltd. All rights reserved. <emptyline>  "Texas Motor Speedway ® is a registered trademark of Speedway Properties Company, LLC,  registered in the U.S. The Globe Logo ® is a registered trademark of Speedway Properties  Company, LLC, registered in the U.S." <emptyline>  WATKINS GLEN® is a registered trademark of the International Speedway, Inc. and licensed  to International Speedway Corporation. <emptyline>  The name and design of Willow Springs International Raceway are used with the permission  of Christopher C. Huth General Manager and Owner of Willow Springs International Raceway. <emptyline>  The Track Marks, designs, logo and trademark of Zhuhai International Circuit are licensed  by Zhuhai International Circuit Ltd. <emptyline>  The name and design of Circuit Zolder are used with the permission of Circuit Zolder Inc. <emptyline>  PIRELLI and PIRELLI logo are trademarks of Pirelli & C. S.p.A.; PZERO is a trademark of  Pirelli Tyre S.p.A. All trademarks are used under license <emptyline> <emptyline> <emptyline>       	<list> <header> Project CARS 2 <emptyline> <emptyline> <position> Slightly Mad Studios <emptyline> <emptyline> <position> Head of Slightly Mad Studios <list> Ian Bell - Chief Executive Officer <emptyline> <emptyline> <emptyline>  <position> Art <list> Darren White – Art Director <emptyline> <emptyline> <emptyline>  <position> Art: Character <list> Vit Budin – Character Artist Aleš Filka – Character Artist & Animator Tomáš Flak – 2D & Concept Artist Peter Gerhát – Lead Animator  Lukas Mensik - Characters and Animations Manager Marlon R. Nunez – Character Artist & Animator František Resl – Character Artist Zbyněk Trávnický – Technical Animator <emptyline> <emptyline> <emptyline>  <position> Art: Environment <list> Mark Adams - Art Manager Luis Barata - Environment Artist Chris Barnes - Senior Environment Artist Michal Beran - Senior Environment Artist Richard Berwick - Senior Environment Artist Gary Browne - Senior Environment Artist David Brumla - Senior Environment Artist Karl Davies - Senior Environment Artist Andrea Fabris - Senior Environment Artist Dave Flynn - Senior Environment Artist Martin Franek - Environment Artist Kateřina Habrová - Environment Artist Michal Jeschke - Senior Environment Artist James Kett - Principal Artist Petr Klvač - Environment Artist Siu Jone Lee - Senior Environment Artist Andrew Liddle - Senior Environment Artist Andreas Moll - Senior Principal Artist Sven Moll - Senior Principal Artist Jan Pavelko - Environment Artist David Rezac - Senior Environment Artist Cassius Rodrigues - Senior Environment Artist Oscar Soper - Lead Environment Artist Tomas Trlica - Environment Artist Jose Perez De Vries - Senior Environment Artist Darren Wakeman - Senior Environment Artist <emptyline> <emptyline> <emptyline>  <position> Art: Vehicles  <list> Sean Barron -  Junior Vehicle Artist  Tarran Booth – Vehicle Artist Jean-François Bouchard – Senior Vehicle Artist Matt Clark - Senior Vehicle Artist Vincent Dambreville – Vehicle Artist Ivo Franic – Vehicle Artist Kreso Franic – Vehicle Artist Jan Frischkorn - Vehicle Art Manager Vicko Hazdovac – Vehicle Artist Ralph Hummerich – Vehicle Artist Kunal Jain – Vehicle Artist Daniel Karlsson - Senior Vehicle Artist Jacek Kosieradzki – Vehicle Artist Ales Ogrinc – Vehicle Artist Gustavo Olivera – Vehicle Art Lead Martin Olivera – Vehicle Artist  Stanisław Potulski – Vehicle Artist Perran Truran - Senior Vehicle Artist Jaroslav Turna - Vehicle Artist <emptyline> <emptyline> <emptyline>  <position> Audio <list> Jon Bailey – Voice Over Recording Engineer Rashid Hille – Sound Designer Eilam Hoffman – Location Sound Recordist Vanesa Lorena Tate - Head of Audio Paul Scargill - Audio Programmer Gergely Szelei - Audio Programmer László Vincze - Senior Sound Designer Lewis Williams - Junior Audio Designer <emptyline> <emptyline> <emptyline>  <position> Car Handling <list> Doug Arnao - Senior Physics / AI Engineer  Jussi Karjalainen – Handling QA Lead  Casey Ringley - Technical Vehicle Lead Andrew Weber - Physics Programmer <emptyline> <emptyline> <emptyline>  <position> Cinematics <list> Ed Mas - Video Director Paul Shuker - Cinematics and Video Assistant <emptyline> <emptyline> <emptyline>  <position> Code <list> Steve Dunn – Technical Director <emptyline> <emptyline> <emptyline>  <position> Code: Gameplay <list> Gergely Bencze - Gameplay Programmer Dominic Clarke - Gameplay Programmer  Stuart Hunt - Senior Gameplay Programmer  Bob Ives - Gameplay Programmer Anders Johansson - Lead Gameplay Programmer Michael Lalaounis - Gameplay Programmer Rick Lamb - Gameplay Programmer Are Leistad - Gameplay Programmer Martin Moravec - Gameplay Programmer Ian Sweeny - Senior Gameplay Programmer James Vipond - Gameplay Programmer Mark Watson - Senior Gameplay Programmer Steven Wright - Gameplay Programmer <emptyline> <emptyline> <emptyline>  <position> Code: Online <list> Ian Bird - Online Programmer  Thomas Gomes - Online Programmer  Victor Khomskiy - Online Programmer  Mike Laskey - Head of Online Alexandru Marian - Online Programmer Pablo Medina - Online Programmer Mike Montgomery - Online Programmer Michal Řeháček – Server Programmer Štěpán Vondrák - Online Programmer  Iain Wallington - Lead Online Programmer  James Woollard - Online Programmer <emptyline> <emptyline> <emptyline>  <position> Code: Physics & AI <list> Peter Arbet - Physics Programmer  Jiří Boldyš - Physics Programmer  Artem Ermolov - Lead Physics and AI Programmer Christian Ferrario – AI Programmer Dmitry Meleshkin - Physics Programmer  Steven Walker - Physics and AI Programmer <emptyline> <emptyline> <emptyline>  <position> Code: Render <list> Kevin Boland – Principal Render Engineer  Robert Dibley - Lead Render Programmer Tim Lewis - Render Programmer Fabio Luchetta - Senior Render Programmer  Tim Mann - Low Level Cross-Platform Render Engineer Ivo Novak – Render Programmer <emptyline> <emptyline> <emptyline>  <position> Code: Tools <list> John Atkinson – Senior Tools Programmer James Boulton - Senior Tools Programmer  Andy Clark - Lead Tools Programmer Gábor Mónus - Senior Tools Programmer Jack O’Neill - Tools Programmer Daniel Wheeler - Senior Tools Programmer <emptyline> <emptyline> <emptyline>  <position> Design <list> Andy Tudor – Creative Director  Stephen Viljoen – Game Director Matt York – Junior Designer <emptyline> <emptyline> <emptyline>  <position> Graphical User Interface <list> Laurence Alexander – UI Creator  Sean Fitzpatrick – Text Designer Damian Furlong – Senior UI Programmer Nicholas Jablonowski – Senior UI Programmer Derek Payne – Lead UI Programmer Fernando Pedace – UI Designer Andy Rogers – UI Programmer Richard Steer – Senior UI Programmer <emptyline> <emptyline> <emptyline>  <position> Mediacom <list> Joe Barron – Marketing and Esports Manager  Nathan Bell – Web and Social Media Officer Patrick Kulinski – Manual Editor Alex Martini – Head of Communications Rob Massey – Analytics Manager Melinda Neil – Licensing Manager Rob Prange – Web Content Adminstrator <emptyline> <emptyline> <emptyline>  <position> Music <list> Stephen Baysted - Composer Andy Brown - Conductor / Orchestral Contractor Amanda Cook - Musician: Acoustic Guitar Caroline Dale - Musician: Cello Peter Gregson - Musician: Cello John Harvey - Drums / Electric Guitars Jake Jackson - Score Mixer / Score Producer Susan Legg - Featured Vocalist / Piano Guy Michelmore - Additional Music Simon Whiteside - Orchestrator / Score Preparation <emptyline> Music performed by The London Metropolitan Orchestra Music recorded and mixed at Air Lyndhurst Studios, London <emptyline> <emptyline> <emptyline>  <position> Production <list> Umer Ahmad – Assistant Producer  Dave Bramhall – Senior Producer Andy Cherry – Producer Benjamin Fischer – Assistant Producer and Community Manager Jarek Kleiber – Senior Production Support Pete Morrish – Director of Production  John Wray – Production Assistant <emptyline> <emptyline> <emptyline>  <position> Quality Assurance <list> Thomas Bromyard – QA Tester  Tom Brown - QA Manager Tom Curtis - QA Lead Aaron Groves – QA Tester Viktor Kolomiets – Build Manager Filipe Malaquias – QA Tester Christopher Newsum – QA Tester Bruno Pereira – QA Tester  Angus Winnard – QA Tester <emptyline> <emptyline> <emptyline>  <position> Pro Drivers <list> Ben Collins Mitchell DeJong Oliver Eriksson   Vaughn Gittin Jr Nicolas Hamilton Tommy Milner René Rast <emptyline> <emptyline> <emptyline>  <position> Management <list> Rod Chong – Chief Commercial Officer Andy Garton - Head of Development  Ged Keaveney - Chief Technical Officer Mark Pressburg - Chief Finance Officer Frank Veyder - Chief Operations Officer <emptyline> <emptyline> <emptyline>  <position> Administration <list> Margaret Bieniek-Maluszczak - Office Administrator Sally Daligan – Reporting Manager Musanna Muhit - Officer Manager Vittorio Rapa - IT Manager Dickon Springate - Assistant Accountant  Ana Tiza - HR Manager <emptyline> <emptyline> <emptyline>  <position> Additional Vehicle Art <list> Jurgen Braem  Sebastian Brunner  Guillermo Hargreaves Alex Hobbs Eric Kuebler  Che Hoe Lau Michael Peters Mitchel Saad Christian Schmidt Nigel Teags Jaime Lopez Trujillo <emptyline> <emptyline> <emptyline>  <position> Game Babies <list> Lucas Akihito Barnes Nina Simone Bell  Emily Boland Rosalie Bouchard Matyáš Brumla Samson Clark Tabatha Clark  Sonny Alfred Curtis Enzo Dambreville Timofey Ermolov Darragh Fitzpatrick Ada Alyss Furlong Arabella Julie Hoey  Ondřej Jeschke Kika Kleiber Elisabeth Melanie Moll Ester Moravcová Charlotte Maisie O'Neill Frank Jack Sweeny Elen Travnicka Aurelia Jasmine Tudor <emptyline> <emptyline> <emptyline>  <position> Special Thanks <list> Nik Ammar Pole Position Productions  The Audio Guys <emptyline> <emptyline> <emptyline>  <position> ACME <list> Kevin Malling Julie Malling John Wang Tyson Hill Brandon Acree <emptyline> <emptyline> <emptyline>  <position> Glass Egg Digital Media  <list> Thuy Le Hoang Nguyen Tu Tran Cam <emptyline> <emptyline> <emptyline>  <position> SkinzWraps Racing <emptyline> <emptyline> <emptyline>  <position> Intel Corporation <list> George Bain Leigh Davies Bartosz Boczula Patrick J Farrell <emptyline> <emptyline> <emptyline>  <position> Technology Partners <list> Simon Newby - 6T3 Eric Mindjimba - Thrustmaster Christopher McKelvy - Oculus Rift Thomas Jackermeier - Fanatec Roy Kerkhoff - Playseat Nevil Slade - Vesaro Curtis Brown - Logitech Phil Scott - NVidia Glen Chou - True Scale Miniatures <emptyline> <emptyline> <emptyline>   <position> BANDAI NAMCO Entertainment Europe S.A.S <emptyline> <list> Goran Marinković - Producer Manuela Riboldi - Localisation Project Manager Sohail Daniel - Localisation Project Manager Franck Genty - Localisation Manager Bertrand Mangin - Quality Control Project Manager Olivier Robin - Quality Control Manager Claire McGowan - Certification Manager Stéphane Entéric - Engineering Services Project Managers Emeric Polin - Engineering Services Project Managers Samuel Gatté - Publishing & Product Support Senior Director  Chris Altiparmakis - Product Manager Arnaud Staebler - 3rd party IP Strategy and Marketing Manager Morgane Ah Kong - PR Manager Héloïse Ribeaucourt - Events Manager André Persson - PR, Communication & Events Director  Alexandre Vision-Bonnet - Game Content Analyst & Designer Jocelyn Cioffi - GES Manager Rudy Pantoustier - Junior Market Analyst Julie Joet - Market Research Manager Patrick Rose - Business & Product Analyst Alberto Gonzalez Lorca - VP Business Development Pablo Rodriguez Fernandez - Business Development Manager Denis Ferrier - Business Development Manager Vincent Hattenberger - Creative Designer Gwen Ruby - Creative Assistants Anne Laure Bouton - Creative Assistants Anthony Grabit - Community Manager Team Leader Isshak Ferdjani - European Community Managers Laurence Patey - E-Commerce Manager Romain Chantelot - CRM Project Manager Julia Crusot - CRM Project Manager Junior Lucas Guedot - Web Master Bertrand Amiard - Web Project Manager Jérôme Chatelain - Digital Sales Managers Anthony Macaré - Digital Business Unit Director Hervé Hoerdt - VP Marketing & Digital Mieko Murakami - Sales Reporting & License relation Sandrine Dubois - Packaging Project Manager  Céline Vilgicquel - Packaging Project Manager & Marketing Support Caroline Fauchille - Manufacturing & Printed Materials Director Delphine Doncieux - Supply Chain Coordinators Mike Shaw - Supply Chain Coordinators Nicolas Guérard - Supply Chain Manager Laura Testud - Manufacturing Coordinator Marine Thevenet - Lawyer Stéphanie d'Ornano - Legal Manager Frederic Armitano Grivel - SVP Legal & Business Affairs Kunio Ikoma - VP Corporate Planning & Finance Christophe Delanoy - VP Distribution Operations Masataka Nemoto - Senior Director Development Strategy & Management Yoshi Niki - SVP Production & Development Naoki Katashima - President & COO <emptyline> <emptyline> <emptyline>  <position> Local Marketing Team <list> Phil Brannelly - UK Olivier Reocreux - France Alexandre Billaud - Belgium David Razaghi - Deutschland Laura Aznar - Iberica Marco Caputo - Italy Alexandre Billaud - Netherlands  Andreas Juliusson - Nordic  George Soulogiannis - Hellas Oleg Khazhinskiy - Eastern Europe Stephen O'Leary - Australia <emptyline> <emptyline> <emptyline>  <position> GlobalStep Services Pvt. Ltd. <list> Sumit Arora - QA Director Piyoosh Sah - QA Manager Neeraj Bhardwaj - Test Coordinator Saurabh Tarolkar - Test Lead Zishan Khan - Test Lead <position> Testers <list> Keshav Subhash Kale Altaf Shabbir Pathan Kishore Kumar T S Mayank Sharma Sujata Gundewar Preetam Khomane Nirav Narendra More Dheeraj Gadve R. Chandrasekher Reddy P. Vivek Abhijit Madhukar Doiphode Prashant Gulab Medhe Rahul Saini Abhijeet G. Kakpure Pramod Hambir Vishal Kakade Sagar Dhamankar Prashant Lolage Arnold Nirmal Ashish Appaso Patil Debashish Saha Devashish Mishra Gaurav Oak Harjee Anand Harshad K Kshirsagar Himanshu Shrivastava Jasmine Bhaldar Kalpesh Deelip Chavan Kanishk Sanjay Sahay Kusumesh Vyas Latif Husain Mayur Sharad Dorle Md Ilteza Alam  Mohammad Shadab Ali Mohit Kumar Bhatnagar Pooja Rikibe Prashant Pawar Purva Zarkar Shreyas M. Ranade Simjo Simon Swapnil Najan Tejas S. Vaidya Tushar Dubey Vipul Vijaykumar Powar <emptyline> <emptyline> <emptyline>  <position> Keywords International <list> Thomas Courtonne - Project Manager  Davi Almeida de Souza - Test Lead <position> Testers <list> Grégory Alliot Moulay-Toumi Sabri Perry Mainville Virginie Cloutier-Brassard Chiara Di Modica Alessandro Tenza Manuel Ravazzini Patricia Raabe Simran Karir Sebastian Schneider Alba La Orden Garcia Clara Guzman Noelia Penin Garcia Evgeniya Kozyreva Vladimir Kozin Andrei Pivovar Adam Dabrowski Natalia Mieczynska Aleksandra Wanda Jozwiak <emptyline>  <position> Maverick Media LTD <emptyline> <emptyline> <emptyline>  <position> BANDAI NAMCO Entertainment America Inc. <emptyline>  <position> Executive Management <list> Mark Tsuji - President & CEO Hide Irie - Executive VP & COO Shuji Nakata - Executive VP & CFO <emptyline> <emptyline> <emptyline>  <position> Publishing & IP Strategy <list> Taka Akiyama - VP, Publishing & IP Strategy Tad Hirabayashi - Senior Director, Production Services Rey Jimenez - Producer Knut Grossmann - Localization Manager Carmen Vega-Reina - Localization Project Manager Takeshi Miyazoe - Senior Director, IP Strategy Shoya Yamazaki - Manager, IP Strategy Nao Takeda - Manager, IP Strategy Kyoko Acheson - Manager, IP Strategy Jhune De La Cruz - Digital Business Manager Kahlil Najar - Digital Channel Marketing Manager Garrett Miller - Digital Content Specialist David Wood - Senior Manager, Business Development Tomomi Takahashi - Administrative Assistant <emptyline> <emptyline> <emptyline>  <position> Operations <list> Hans Lui - Director, Applications & Operations Jennifer Tersigni - Senior Operations Manager David Wang - Operations Analyst Shin Young - Applications Support Specialist Miriam Beltran - Travel Administrator Korey Belanger - Office Manager <emptyline> <emptyline> <emptyline>  <position> Sales <list> Chris Gilbert - Senior Vice President of Sales & Marketing Melani Windham - Senior Director of Sales Terry Carlson - Director, Sales Operations Laura Yoshioka - Sr. Director, Retail Marketing and Merchandising Bob Johnson - Senior Channel Marketing Manager May Hayes - Senior Sales Operations Specialist <emptyline> <emptyline> <emptyline>  <position> Marketing and PR <list> Eric Hartness - Vice President of Marketing Dennis Lee - Director, Brand Marketing Raymond So - Brand Manager Denny Chiu - Director, Communications & Social Media Nick O’Leary - Senior Public Relations Specialist Jason Cline - Events Manager Alia Oda - Event Planner Dalton Link - Social Marketing & Community Manager Cyrus Wesson - Social Marketing & Community Specialist Dmitryi Khlynin - Community Specialist Jeremy Caine - Interactive Designer Michael Le - Graphic Artist <emptyline> <emptyline> <emptyline>  <position> Legal and Business Affairs <list> Martin Nguyen - Senior Associate Attorney Patrick Lundell - Associate Attorney Rafael Orozco - Associate Attorney Matthew Datum - Associate Attorney Reina Nagai - IP Administrator <emptyline> <emptyline> <emptyline>  <position> Quality Assurance <list> David Moya - QA Manager Jesse Mejia - CQC Supervisor Y Pham - Project Coordinator Johnny Moya - Senior CQC Coordinator Cameo Wininger - CQC Coordinator Jonathan Price - CQC Coordinator Matt Peterson - CQC Coordinator Merwin del Rosario - CQC Coordinator Adrian Escultura - CQC Tester Adrian Serafica - CQC Tester Arnold Feener - CQC Tester Brendan Duley - CQC Tester Dustin Tran - CQC Tester Ian Nunes - CQC Tester Josh Daily - CQC Tester Luke Gardner - CQC Tester Matthew Cain - CQC Tester Nicholas Malouf - CQC Tester Samuel Reiter - CQC Tester Steven Wilton - CQC Tester Xonie Martin - CQC Tester <emptyline> <emptyline> <emptyline>  <position> Keywords International <list> Maurizio Cigoli - QA Project Manager Luis Izquierdo - Project Lead Leonardo Akimoto - LQA Brazilian Portuguese Jose Suarez - LQA Latin American Spanish Sara Bourgeois - LQA French Canadian <emptyline> <emptyline> <emptyline>  <position> Customer Support <list> Jesus Barragan - Customer Service Manager Takumi Kobayashi - Sr. Customer Service Representatives Ryan Phung - Sr. Customer Service Representatives Michael Gu - Customer Service Representatives Ryan Hamaguchi - Customer Service Representatives <emptyline> <emptyline> <emptyline>   <position> BANDAI NAMCO Entertainment Asia Pte Ltd. <emptyline>  <list> Gerard Noonan - Senior Vice President & MD Asia & Pacific Richard Taylor - Regional Finance Director Hiroaki Ochiai - SVP Business Development Asia Pacific Jennifer Poulson - SVP Marketing Asia William Wang - Managing Director (Taiwan) Chad Park (Korea) - General Manager Rainel Tan (Singapore) - General Manager Yoichiro Mogi - IP Strategy Manager Asia Pacific Tag Chang (Korea) - Associate Product Manager Eshley Gao (Singapore) - Associate Product Manager Hailey Shin - Associate Product Assistant (Korea) Hamid Rahman - Country Manager (Hong Kong) Carrie Hsiao (Taiwan) - Marketing Manager Jung-eun Oh (Korea - Marketing Manager Ronan Fong (Hong Kong) - Marketing Manager Sophia Lek (Singapore) - Marketing Manager Debbie Chu - Product Manager & PR (Taiwan) Tobias Chang - Product Manager & PR (Taiwan) Zoe Kao - Product Manager & PR (Taiwan) Joanna Fong - PR Assistant Manager (Taiwan) Vito Lee - Marketing Assistant (Korea) Diony Kum - Marketing Assistant (Korea) Catherine Abigail Santos (Philippines) - Marketing & Accounts Executive Renee Lim - Logistics And Account Coordinator (Singapore) Jessie Hsieh - Art Designer & Operations Coordinator (Taiwan) Lin Pei Hsia - Art Designer & Operations Coordinator (Taiwan) Benny Tsai (Taiwan) - Sales Manager Nicholas Ng (Malaysia, S.E.A) - Sales Manager Peter Yang (Taiwan) - Sales Representative Angeline Ang (Singapore) - Finance Manager KD Kim (Korea) - Finance Manager Vivian Liu (Taiwan) - Finance Manager Amy Soong - Senior Accounts Executive (Singapore) Betty Chen - Accountant (Taiwan) Carol Huang - Accountant (Taiwan) Chang Yuan Gang - Localisation Manager Chloe Lee (Korea) - Localisation Manager Daniel Cao (Singapore) - Localisation Manager Ash Kim - Localisation Assistant (Korea) Tsai Mulan - Localisation Project Leader (Taiwan) Chang Kang - Traditional Chinese Localisation Team Chen Pei Yu - Traditional Chinese Localisation Team Chien Chin Hsien - Traditional Chinese Localisation Team Hsieh Wan Chi - Traditional Chinese Localisation Team Hsu Tsai Ying - Traditional Chinese Localisation Team Hsu Yu Han - Traditional Chinese Localisation Team Lee Yi Shuan - Traditional Chinese Localisation Team Lin Chih Yen - Traditional Chinese Localisation Team Chiang Chi Che - Traditional Chinese QA Project Leader  Huang Shih Wei - Traditional Chinese QA Project Leader  Yu Chiao Huai - Traditional Chinese QA Project Leader  Wang Kuan Chun - Traditional Chinese QA Project Leader  Chen Chun Chih - Traditional Chinese Localisation Tester Chen Xian Zhe - Traditional Chinese Localisation Tester Chien Shih Siang - Traditional Chinese Localisation Tester Chou Yuan - Traditional Chinese Localisation Tester Hsu Kuo Huang - Traditional Chinese Localisation Tester Wang Jing Ting - Traditional Chinese Localisation Tester Wang Yan Zhe - Traditional Chinese Localisation Tester Wu Chi An - Traditional Chinese Localisation Tester Ki Moon Lee - Korean Localisation Team Bird Lee - Korean Localisation Tester Jae Jin Yi - Korean Localisation Tester In Keon Kang - Korean Localisation Tester Ji Yeon Jung - Korean Localisation Tester Duk Woo Kim - Korean Localisation Tester AltJapan Co., Ltd - Singapore Localisation Team Ethan Sia Chee Keong - English QA Project Leader  Ahmad Fuad Bin Ahiari - Singapore Localisation Tester (NYP Intern) Damian Ang Ming Guang - Singapore Localisation Tester (NYP Intern) <emptyline> <emptyline> <emptyline>   <position> BANDAI NAMCO Entertainment Inc. <emptyline> <list> Satoshi Oshita - Executive Producer Hirotaka Reizei - Executive Producer Daisuke Uchiyama - General Producer Ryuichiro Baba - General Producer Kazutoki Kono - Chief Producer Satoshi Otsuka - International Producer Tsuyoshi Koda - International Producer Manabu Shimomoto - Producer Tomoya Yoshida - Special Thanks <emptyline> <emptyline> <emptyline>  <position> Quality Assurance - Functionality QA <list> Tomoaki Imanishi Ryou Tanaka Akihide Ono Ryuuta Sano Masashi Aoyama Kaname Nakano Takashi Shimogaito Natsuki Koyama Shinya Sasaki Kouki Iwao Masaya Nakata <emptyline> <emptyline> <emptyline>  <position> Customer Service - Quality Assurance <list> Keita Kiso Takashi Sawai Miku Takamatsu <emptyline> <emptyline> <emptyline>  <position> Promotion <list> Kenta Seino Yasuko Sato Satoshi Nakauchi Onur Guenduez <emptyline> <emptyline> <emptyline>  <position> Sales & Marketing <list> Taiki Yasuko Masaki Hoshiai Hidekazu Naito Yuta Fukami Noriyuki Tanaka Yumi Maiguma  Kazuki Konishi  <emptyline> <emptyline> <emptyline>  <position> Production Support <list> Tomomi Arakawa Tomomi Fujisawa <emptyline> <emptyline> <emptyline>  <position> Localization <list> Eiichi Ikeda Takayuki Tsuji Tatsuji Michihiro Claudio Cascone Hideyoshi Misawa <emptyline> <emptyline> <emptyline>  <position> Quality Assurance Support <list> Hiroyuki Tsujii Sho Tanaka Hiroshi Araki Megan O'leary Tatsuya Wada Kiriyo Tanaka <emptyline> <emptyline> <emptyline>  <position> WMD <position> Thank you for your continued support, we couldn't have done it without you. <emptyline>  <position> WMD VIP's <list> Alex Lindstrem David Lansade Eyal Alsaud Henning Weidhase James Loucks Kyle Pearson Ross Clabburn Sven Markowski Thomas Lockers Thomas Taschler Toni Harkonen <emptyline> <emptyline> <emptyline>  <position> Special Thanks <list> Aaron Clark Aaron Coleman Aaron Parker Aaron Ritzau Aaron Turner Adam Higgs Adam Lindsey Adam Preston Adam Sharpe Adam Viljoen Adam Wilewski Ade Young Adelaida Afonso Adrian Smith Adriano James Piras Adrien Lopes Aidan Taylor Alain Jimeno Alain Kohler Alan Bertenshaw Alan Cheung Alan Nelson Alan Smith Aldo Zampatti Alec Barker Alejandro Montero Aleksander Otterstad Aleksandr Timkov Ales Permozer Alessandro De Carolis Alessio Beninato Alessio Vismara Alex Greenland Alex Porter Alex Stahlhut Alexander Dornheim Alexander Mueller Alexander Santos Alexandre Amirizian Alexey Kuntsevich Alfie Pugh Allan T. Olsen Allen Clarke Anders Peterson Andre Henschel Andre Kaestner Andreas Gremme Andreas Hader Andreas Kittlaus Andreas Seeger Andreas Traub Andreas van Wingerden Andreas Wunder Andrej Akopian Andrej Svajger Andrew Adamson Andrew Currens Andrew Jones Andrew Moseley Andrew Myers Andrew Todd Andrew Wise Andy Edwards Andy Weinberger Ang Li Angel G Criniti Anthony Azzari Anthony Haddox Anti Telkinen Antoine le Campion Antonio Benitez Antonio Rodriguez Clotet Antony Boland Ari Antero Arnaud Hirtz Arnaud Segre Arne Jurgens Arno Bisquolm Ashley Horton Aurelien Duval Aurelien Walpen Axel Dietzel Barrett Ettel Bart van Kleven Basim Alhejaili Bastian Hellmann Benjamin Beacock Benjamin Beier Benjamin Benichou Benjamin Beyer Benjamin Fischer Benjamin Menger Benjamin Weisenfeld Benjamin Winter Bent Granheim Bernd Resch Bernd Schmidt Bernd Schwarzinger Beys Nordine Bob Romano Bohuslav Lacina Boris Demidov Botond Vasarhelyi Brad Bodily Braden Williams Bradley Parrott Bradley Rossetti Bram Vanbuel Brandon Andrew Lee Brandon Bosch Brandon Clark Brandon Limkemann Brent Blihovde Brent Seeliger Brook Murray Cameron Brewster Cameron Howell Carl Morton Carl Shaw Carlos Dominiak Carlos Esteves Cedric Flouret Chadd Lowe Charles Mader Chee Keong Lau Chihoon Ahn Choserot Michael Chris Arnett Chris Aubert Chris Baumann Chris Candelaria Chris Goatcher Chris Kunz Chris Miller Chris Morris Chris Mosley Chris Payne Chris Rae Chris Stenersen Chris Twigger Chrisi Schmidt Christiaan van Beilen Christian Banks Christian Geihe Christian Gomolka Christian Hagemann Christian Hellman Christian Mutz Christian Pabinger Christian Paul Christian Pillwein Christian Quaynor Christian Schmidt Christian Schroeder Christian Schumann Christian Steinhaeusser Christian van Rooyen Christoffer Almgren Christoph Brandstetter Christoph Laux Christoph Schmidt Christophe Cador Christophe De Greef Christopher Aspden Christopher Cassidy Christopher Davis Christopher Dorn Christopher Frantz Christopher Gray Christopher Hauser Christopher Lord Christopher McEnteer Christopher Porter Christopher Reekie Chuck Duhon CJ Yi Clement Moriceau Cleon Waterberg Clive Morrison Codrin Purice Colin McKay Condamine Florian Copin Michael Corrado Raucea Craig Jorgensen Craig Moon Craig Parkes Cyril Declercq Damian Hall Dan OBrien Dan Thorpe Daniel Bader Daniel Boeckmann Daniel Dorion Daniel Krissel Daniel Meister Daniel Perez Daniel Saik Daniela Siekiera Daniele Vianini Danny Park Danny Schmid Danny Vlaar Daren Ludvigson Darin Salisbury Dario Walker Darrel King Darren Henderson Darren Leeson Darren Muir Darren Symons Darryl Mills Dave Arthur Dave Higgs Dave Holland Dave Richardson David Allak David Bishop David Bornkessel David Burton David Commons David E. Lengel David Haggar David Ham David Ingram David Ironside David Kneller David Knipp David Majidimehr David Marin David Marquez Mato David Merino Perez David Neighbour David Payne David Pym David Saunders David Sharples David Smith David Stuecker David Summers David Vangheluwe David Vickery David Waymouth Davy Van den Abbeele Dean Welfare Denis Besic Denis Eder Martinez Pineda Dennie de Groot Dennis Pohlmann Derek Millar Derrick Ritchie Detlev Hartenstein Devin Smith Devon Massan Dirk Dietrich Dirk Voegele Dmitry Afanasyev Dominic Schoenberner Dong-Gyu Park Dong-Seok Lee Drew Mackay Drew Meisberger Duprez Laurent Dustin Johnson Edson Souza Edward Garland Edward McLean Eike Stender Elliot Janssens Eneas Martinez Costa Enrico Bertolo Enrico Gerosa Erdinc Binyal Eric Bilodeau Eric Dukes Eric Kuebler Eric Lasley Eric Mayuk Eric Schroeder Erich Christen Erich Harvey Erick Gaudreault Erik Hofmann Erik Schramm Erik Uran Erwan Decroix Erwin Berkers Espen Gundersen Espen S. Andresen Eugene Flerko Fabio Calcio-Gandino Fabrice Brigati Fabrice Jourquin Fabrice Vancomerbeck Falk Guenther Felipe Becker Felix Overroedder Felix Renneberg Ferdinand Dernai Ferdinand Schwarzer Fernando Peneda Florian Faistauer Florian Talou Florian Witte Flouret Alexandre Fontaine Loic Francesco Cinque Francis Doria Franck Darstein Franck Herve Franck Montaigne Francois Chevallier Francois Feugier Francois Heitz Frank Kleefeldt Frank Lehmann Frank Schroeder Frederic Davin Frederic Le Palud Fredrik Olofsson Friedrich Riemschneider G. Auriol Gabriel Swietlicki Gareth Harwood Gareth Robinson Gareth Vaughan Garry Holcombe Garvin Kruthof Gary Hunt Gary White Geoffrey Schild Georg Naujoks Georg Swaczyna George Brushwood George Patterson George Shannon George Usoh Gerald Scherr Gerke van Keimpema Giacomo Galeotti Gian-Luca Mateo Gianko Scaglione Gilles Eberhardt Giovanni Tomaselli Glenn Briden Goetze Tobias Gordon Hislop Graham Bartsch Graham Goodrich Graham Hawkins Graham Ritter Graham Watson Greg Corbyn Greg Pillhofer Greg Southall Greg Williams Greg Wright Gregg Mandell Guanchen Liu Guido Dettweiler Guillaume Brunner Guillermo Hargreaves Gunther Roels Gunther Wicht Hanno Peng Don Chlevl Hans Silbernagel Hans-Rolf Schade Harald Kristian Gauslaa Haroon Ashraf Hayden Purvis Heiko Wenzel Hendrik Seitz Henk de Jong Henning Schirk Herbert Waller Hermann Thomas Holger Neitzel Holzer Rene Hugh Shillingford Huib Reijnders Ian Brown Ilya Babansky Ingo Schumann Ingvar Petur Thorsteinsson Ivan Dumalovski Janjusic J Kosieradzki Jacob Urbschat-Satterfield Jagdeep Rai Jaime Lopez Trujillo Jake Southcombe James Alston James Brooks James Eavis James Lithiby James Newman James Smith James Staples James Turbett James Wall Jamie Matthews Jan Berka Jan Flieshardt Jan Fortun Jan Horsky Jan Studenski Jani Mustonen Jani Sihvonen Jannik Strelow Janusz Krasek Jared Broddle Jaroslav Kraif Jason Ganz Jason Mackay Jason Penny Jason Schmidtlein Jason Watson Javier Marcos Jay Elwanger Jay Vigo Jean Christophe Jean Marie Muggianu Jean Marth Jean-francois Le Chenechal Jean-marie Jolibois Jean-Sebastien Charlot Jean-Yves Mercy Jeff Lima Jens Hoefling Jens Schmitt Jeremy Brunel Jeremy Hittle Jeremy Spinks Jeroen van Gelder Jerome Powell Jerry Jacob Vakayil Jesko Weber Jesse Brown Jesse Fahrenkrog Jessy Burgamy Joachim Thiebe Joao Simoes Jochen Klasen Joe Borde Joe Coach Joe Moore Joe Tompkins Joel Lobo Joerg Felgendreher Joerg Giezenaar Joerg Vahldieck Joeri Blootacker Johan Kemper Johan Leroy Johan Marx Johannes Gaganas Johannes Riese Johannes Wieser John Dashey John Hargreaves John Higginbotham John Montgomery John Sant John Shore John Stegman John Tomlinson Jon Burrell Jon Davies Jon Hadden Jon Large Jon Over Jon Trotter Jonas Thomsen Jonathan Carrigan Jonathan Lamela Jonathan Le Clercq Jonathan Padilla Jonathan Vauhkonen Jonathan Waltman Joni Aaltio Joost Korngold Jordi Rodriguez Gresa Jose Anaya Jose Angel Morales Calvache Jose Rivera Joseph Gossen Joseph Marques Joseph Rampelberg Joseph Russo Joseph Schles Joseph Stearn Josh Brocksopp Joshua Healy Joshua Heising Juan Manuel Sanchez Manzano Juergen Flock Juergen Oberreiter Jukka Hautajarvi Julian Oejen Julien Boisaubert Julien Lavoie Junior Basilio Juraj Mamrilla Jurgen Braem Jussi Viljami Karjalainen Justin Gay Justin Hackett Justin Strickland Kai Lochbaum Karim Saissi Karl Mitson Karsten Kremer Karsten Schiemer Kay Schurig Keith Brunnenkant Keith Partyka Ken Owers Kent Bergstrom Kent Nielsen Kevin IJpelaan Kevin Kirkbride Kevin Lawrence Kevin McKenzie Kevin Ochoa Kevin Richardson Kevin Welsh Kieran Jones Kieran Poole Kieran Vella Kim Flawwoo Andersson Kirk Kosinski Klaus-Juergen Weber Knodel David Kobus de Villiers Konrad Kostecki Konstantin Broemmelsiek Koos Rotgans Kourattana Abhay Kowal Peter Kris Dekeyser Kristof Depreitere Kristoffer Bergset Kyfan Stevens Kyron de Haas Lacorre Mickael Nicolas Lacourte-Barbadaux Lars Rosenquist Lasse Ryhanen Laud Barnor Laurent Rizzi Laurent Zender Leander Patzak Lei Liu Leigh Renfrow Leo Graae Leon Garcia Liam Cubley Lindsay Smith Lionel Beasse Llewellyn St David Luca Antonini Luca Cambianica Luca Rassek Lucas Brits Lukas Elmer Lukas Fort Lukas Kamb Lukas van Eck Luke Wojtaszek Lyndon Wright M.J. Lisseveld Mads Krog Jensen Maik Manke Manuel Ballbe Manuel Duerr Manuel Morgenroth Marc Kressmann Marc Packenius Marc Verhoef Marcel Beck Marcel Bloch Marcel Hulsbergen Marcel Jaekel Marcel Jeske Marcel Kleene Marcel Spuehler Marcel Wernegger Marco Engelage Marco Gotz Marco Mosch Marco Olivieri Marco Roth Marcus Blech Marcus Gleitsmann Marcus Johansson Marcus Meyer Marcus Winnig Marek Haase Mario Goebbels Mario Navarrete Mario Scherrer Marius Adams Mark Abbott Mark AuBuchon Mark Barrow Mark Bevan Mark Blanes Mark Bond Mark Carbonaro Mark Doran Mark Dowling Mark Goldfinch Mark Holland Mark Laybourne Mark Leighton Mark Roberts Mark Rueb Mark Smith Mark Turnbull Mark Walker Marko Adrian Markus Beckmann Markus Falkner Markus Meyerhofer Markus Schlabritz Markus Siegmeth Markus Ullrich Marten Johansson Martin G Webb Martin Hartmann Martin Hudson Martin Kucera Martin Lorgnier Martin Schaeller Martin Skytte Martin Thielen Martin Webb Marton Szamos Martyn Breed Marvin Theel Mas Jonathan Massimiliano Franchelli Mathias Veyrun Matt Muirhead Matt O Brien Matt Pierce Matt Webb Matt York Matteo Stirati Matthew Brown Matthew Gibbs Matthew Hargreaves Matthew Julian Matthew Lewis Matthew Minson Matthew Mul Matthew Rushton Matthias Arndt Matthias Beck Matthias Dorst Matthias Jacob Matthias Neber Matthias Schonder Maurice Boeschen Maurizio Lazzeretti Maurizio Posapiano Mauro Fernandez de Bobadilla Mauro Tobon Max Spooner Maxime Parquet Maxime Platon Maximilian Woerlein Michael Ball Michael Baumert Michael Bieber Michael Colomer Michael D Mckeown Michael Dew Michael Dorricott Michael Frnka Michael Herrmann Michael Knoblach Michael Laube Michael Lehneis Michael Marhenke-Richter Michael Matzen Michael Maxwell Michael Meus Michael Milem Michael Norrby Michael Peters Michael Pleym Michael Prahl Michael Repplinger Michael Schmid Michael Steiner Michael Uth Michal Bielik Michal Sofron Michel Fouvet Mick Leighton Mikael Stanne Mike Cowing Mike Dhanpat Mike Gagg Mike Hoffmann Mike van Meerbeek Mike vom Scheidt Mikko Makela Milan Danek Milan Holt Mirko Giorgi Miroslav Bettermann Mitchel Saad Mohamed Gaalich Mohammed El Gueriri Morgan Henstridge Moritz Schickel Moriz Fischer Morten Rousing Fachmann Natan Patel Nathan Kammerud Nedo Radulovic Neil Bateman Neil Brett Neil Farren Neil Hopwood Nelson Badillo Nevil Wigbels Nicholas Chong Nicholas Gregory Nick Claydon Nick Degnan Nick Garland Nick Thornhill Nick Weekes Nico Ernst Nicolas Balland Nicolas Flamand Nigel Teags Niklas Silen Nils Ruwisch Norman Morton Oli Gill Oliver Ginzel Oliver Goehring Oliver Kaiser Oliver Rademacher Oliver Schwing Omar El-Edrissi Ornulf Hagen Oscar Perez Oyvind Nordahl Oyvind Nordbo Pablo Sanchez Parker Korpak Pascal Gatsu Pascal Meyrou Pascal Welsch Patrick Dobler Patrick Gleichmann Patrick Gries Patrick Kulinski Patrick Leventhal Patrick Pomes Patrick Seeger Patrick Strippel Patrick Theysohn Patrik Marek Paul Coburn Paul DeBili Paul Hahn Paul Jackson Paul Pridham Paul Stolber Paul Taylor Paul van der Linden Paul Velasco Paul Walker Paul Yeung Pedro Antunes Pedro Braz Caria Pedro Grave Pedro Rodrigues Per Ricktun Per Rosing Mogensen Peter Andersson Peter Avelovski Peter Boutestijn Peter Chalmers Peter Karanitsch Peter Klawitter Peter Kless Peter Marquardt Peter Stuart Peter Swiatek Peter Vermeulen Petr Strecker Petr Vojkovsky Petri Niemenmaa Phil Denty Philip Bocock Philipp Ackermann Philipp Enderes Philipp Stratmann Philippe Dufour Phillip Jones Pierre Irby Pilaud Fabien Pontus Skoglund Prayoga Hadi Setiawan Quentin Laveau Rafael Sempruch Rafal Ranuszkiewicz Raffaele La Sala Raj Sharma Ralf Huisman Ralf Truttmann Ralph Burger Rambert Yohann Ramiro Correa Randall Kipker Randall Kravarik Ray Heimbuch Raymond de Vries Rene Guenon Rene Liivanurm Rene Owara Rene Regatschnig Rene Wehrmann Reto Marti Reto Marty Ricardo Almeida Richard Barrett Richard Booms Richard Cook Richard Navone Richard Touzimsky Rikki Jenkins Riley Lucier Rob Cowing Rob Denekamp Rob Greenhalgh Rob Huxtable Rob Massen Rob Simms Rob Thompsett Robby Timmermans Robert Dekker Robert Evans Robert Gardiner Robert Lidstrom Robert Lineburg Robert Reagh Robert Schulze Robert Stuart Robert Yates Rodney Tawia Roel de Meulder Roger Graham Roger Prynne Rogier Schaap Roland Franzl Roland Krystaszek Roland Respondek Romain Belorgey Romain Capdeville Romain Rukse Roman Mika Ronald Scheerder Ross Drinkwater Rouch Jean-Guillaume Roucourt Rony Roy Butler Ruedi Zimmermann Rune Morling Ryan Conaway Ryan Parker Ryan Richter Saidur Ali Sam Blease Sampo Jarvinen Sampo Mustonen Samuel Lobietti Samuel Painchaud Sandeep Singh Dhanjal Sander Keus Sascha Haub Sascha Straub Savelkoul Tom Scott Adair Scott Coleman Scott Gibson Scott Hoarty Scott Richardson Sean Foster Sean Lobjoit Sebastian Brunner Sebastian Krogull Sebastian Pechner Sebastian Schillag Sebastian Schlager Sebastian Schweiger Sebastian Wokraczka Sebastien Guglielmi Sebastien roubinet Shane Leksell Shane Stoney Shawn Silsbee Shayne Joseph Paul Shogo Kihara Silas Greiner Silvio Carlos Camolesi Silvio Szekely Simon Bresche Simon Davey Simon Hannaford Simon Hodge Simon Messerli Simon Paynton Simon Reed Simon Welch Simone Barisonzi Sofian Moukhaiar-Senac Spencer McCarthy Stef Volckaerts Stefan Almeida Stefan Biley Stefan Bosch Stefan Delalut Stefan Forster Stefan Hennig Stefan Ihl Stefan Jeppesen Stefan Monz Stefan Nydegger Stefan Oberboersch Stefan Pagenberg Stefan Pitzl Stefan Sulies Stefano Malnati Stefano Pecchio Stefano Pianoterra Steffen Deszczka Stella Lionel Stephan Czekay Stephan Goldenberg Stephan Prinz Stephane Sola Stephen Bacchus Stephen Jubb Stephen Kelly Stephen Way Stephen White Steve Berwald Steve Bird Steve Hew Steve Hoessler Steve Jones Steve Redding Steve Swangler Steve Unsen Steve White Steven Beyer Steven Johnson Steven Labbe Stuart Phillips Suzuki Ryouhei Svein Andre Nilsen Sven Bender Sven Lippmann Sven Ungerecht Sylvain Antoni Sylvain Caillat Tapio Vepsalainen Tatu Teittinen Teddy Yeboah Teemu Koskinen Terrell Olvera Tetsuo Kimura Thibault Scheffmann Thierry Chabanne Thierry Degeilh Thilo Ascher Thomas Einoeder Thomas Goesling Thomas Groener Thomas Hirschi Thomas Hoenen Thomas Keaveney Thomas Kloeters Thomas Knecht Thomas Lademann Thomas Lund Thomas Mayrhofer Thomas Mouren Thorsten Lingnau Tiago Fortuna Till Grapentin Tim Cox Tim Eles Tim Foster Tim Lundy Tim Venker Tim Wielens Timi Tuohenmaa Tobias Gloeckner Tobias Kiel Tobias Scheit Todd Norbury Tom Cornwell Tom Erik Risan Tom Goad Tom Ivar Arntsen Tom Pettersson Tommaso Rossato Tonny Draijer Tony Bull Tony Richards Tony Rickard Tony Ward Torsten Schmitt Travis Lamming Trent White Trever Braun Trevor Austin Tristan Matheson-Mayne Tyler Sinquefield Ulrich Diedrichsen Valerio Giolitto Victor Moraal Vikram Subramaniam Vincent Boulard Vincent Druart Vincent Zijlstra Vincenzo Giagheddu Vladimir Kulev Volker Keim Volker Wenski Warren Murfin William Fisher Wolf Herold Wolfgang Reh Xavier Bourgeois Xiong Yang Xristo Papageorgas Yann Kowalkiewicz Yannick Prevot Yannick Steinhauer Youcef Benyarou Zdeno Kubina Ziyu Guo <emptyline> <emptyline> <emptyline>  <position> Supported by <list> Adam Dougherty Adam Rusling Aleksi Marjusaari Alex Day Alex Salmon Alexandre Bersano Alfiero Ventura Alizard Christian Anders Wallgren Andre Gava Andre Marcos Andrea Bona Andrej Lueders Andrew Banfield Anthony Labarre Anton Volkov Arne Pannecoucque Avenel Adrien Bart Van den Broeck Bastian Schings Beeck Wolfgang Benjamin Alapetite Benjamin Aul Benjamin Schuette Benny Dean Bernd Ohlsen Bevan Roberts Brady Warren Brendan Langlois Brett Loubser Brian George Brock Williams Bruce Maytum Carion Guillaume Cesar Correa Chad Kopec Charles Verity Chee Hoe Lau Chris Lessig Christian Heinlein Christian Nutz Christoff Rampf Clive Reeves Damian Papen Dan Britton Dan Stockwell Daniel Borges Daniel Hedman Daniel Holbling Daniel Sipowicz Daniel Thomazelli Darley Laetitia Dave Peat David Filippone David Golob David Gross David LeGresley David Sosnowski Dennis Hart Diego Colafabio Diego Xavier Dominik Pflegerl Dominik Uebelhoer Donald Brooks Douglas Ries Dustin Ward Enrico Weichhold Enrique Nava Gonzalez Enrique Perez Cabedo Eric Dufour Eric Koudijs Fabian Kraus Fabien Bouteuil Fabrice Tessier Finn Verkerk Florian Laub Frank Lobers Freulon Nicolas Gareth Smith Garrick Wheeler Gavin Thomas Gene Day Georgel Eric Gerard Raccio Giuliano Golfieri Gordon Mowvley Gregory Choubana Grigoli Manuel Guerin Jimmy Guillaume Cortes Guillemoto Claude Gusthiot Maxime Haroldo Dijigov Heiko Gehrig Heiko Risse Helmut Bachmayr Hirokazu Oka Hugo Vieira Humberto Barreira Iker Mingo Israel Gallegos Jan Sterba Jarno Perala Jason Betts Jason Hsu Jason Schumacher Javier Rios Joachim Koppenhoefer Joao Bonifacio Joerg Mertin Johan Malmsten Johan Sanders John Rayson Jon Grintz Jonatan Larsson Joni Harju Jordi Rodrigo Roma Juan Luis Garcia Asmar Justin White Kai Podoklinski Kay Ekanayake Keven Menard Kevin Ellis Kevin Watts Kieran Chauhan Klaus Thon Kouhei Hata Kristopher Cobb Lars Klingman Lasse Skjoett Hansen Leandro Melo Lecomte Tristan Lombard Florian Luca Perin Lukas Ljungdahl Manuel Kamela Marco Ficara Marco Mauri Mario Gilcher Mario Macri Marius Pedersen Mark Bosman Mark Bratley Mark Bushell Mark Cooke Markus Pichler Martin Bell Martin Hauber Matej Klocek Mathieu Gebel Matt Cocks Matthew Cholerton Matthew Kennedy Matthew Thomas Maxime Monnet Meier Michael Mevlut Koc Michael Decker Michael Dorn Michael Konrad Michael Lorenz Michael McEvoy Michael Miesenberger Nathan Burtenshaw Nathan Jermyn Nicolas Pavie Nishan Baruah Oliver Abrahamsson Omer Candar Ondrej Vesely Pacula Martin Paolo Guiotto Pascal Groen Peter Bjoerk Peter Dimitri Peter Gertsson Peter Jamieson Philipp Eiselt Philipp Haenel Philipp Hofmaninger Philippe Evrard Quido Dekker Rafael Alcolea Rainer Huentemeier Ralf Trautwein Ralf Waspe Ramon Galera Raphael Smith Rasmus Lundstrom Rene Drawert Rene Hossfeld Richard McVeigh Robert Green Robin Sillars Roger Lee Sami Vahtera Sandro Draeger Santeri Rahkamaa Scott Haines Sebastian Barz Sebastien Milliot Simon Carbonnel Simon Strohmenger Sinan Mercan Sjoerd Huksloot Stefan Klause Stefan Krokowski Stefan Steinwasser Steffen Schluessler Stephen Collis Stephen Walsh Steve Seidelmann Teemu Karvinen Thiebault Debatty Thomas Granofszky Thomas Kramwinkel Thomas Meissner Thomas Olivaux Thomas Schleimer Thomas Wiercioch Timo Klostermann Timon Putzker Tobias Wellmann Tom Hutchins Tyler Grinnell Ulrich Straller Vinod Chandran William Parr Xabier Sanchez Yang Hongbo <emptyline> <emptyline> <emptyline>  <position> AEMS <list> Adam Stadler Adriano Sapetti Al Clarke Albert Bensusan Alejandro Fernandez Alessandro Balzan Alex Krugman Alex Meader Alex Nunez Allan Ng Andreas Eriksson Andreas Falkner Andrew Arroyo Andrew Thompson Andrew Wojteczko Andy Barnes Andy Blackmore Anna Degen Anne Bernard Anne Bernard Annemie Claesen Anthony Cheshire Aris Barios Arnold Eugenio Arthur Virapin Ashley Lynch Aurélie Glandais Autumn Soriano Beatrice Karlsson Becki Nile Ben Brown Ben Chong Ben Conrad Bisi Ezerioha Blair Dupree Blane Burnettt Bob West Boris Puddu Brad Beardow Brad Folz Brandon Adams Braun Smith Brett Hauschild Brian Dwyer Brian Knudson Bruce B. Frederick Bruce Garfield Bryan Alvardo Bryn Musselwhite Caroline Fallara Casey Cooper Johnson Charlotte Lumley Chico Kodama Chris Agajanian Chris Considine Chris Douglas Chris Protheroe Chris Raschke Chris Tague Chris Tate Christer Loow Christian Schick Christina Nielsen Christoph Ebenschwaiger Chuck Neal CJ Wilson Claudia Geissmann Clayton Triggs Clive Chapman Cory Burns Craig Cavalier Daniel Bandoly Daniel Cross Daniela Russell, Darren Geal Dave Phelps David Black David Fernandez David Isaacs David Ridley Declan Brennan Dennis Homberg Dennis Schwitzer Dirk Starksen Dirk Theimann Donnyelle Evans Dyan Williams Dylan Fraser Efrain, Enrico Diano Eji Tada Elena Azzali Elisa Mignini Emeline Wilson Emma Pastor Ethan Bregman Eunice Biondi Fabian Weingart Fiammetta Ginestra Florian Hagemann Florian Pitout Frank Rehak Fraser Handley Frederic Colaux Fu Yang Gary Fong George Ciordas George Kviloria Glen Chou Greg Gill Hannes Tribelnig Hannes Zanon Hayley Robinson Hedi Kim Helmut Wahl Hikaru Fujii Hiroshi Sano Hunter Skipworth Hyodo Tomomi Ian Briggs J. David Rich Jacob Agajanian James Crook James Hinchcliffe James Kirkham James Nagahashi James Rumsey Jane Mcleod Jarrod Stapley JC Waterhouse Jeff Darks Jeff Glover Jeff Neal Jen Horsey Jeremy Peirson Jerry Thienprasiddhi Jesse Wood Jillian Scheden Jim Michaelian John Chiboroski John Church Jon Barrett Jon Denton Jordon Roberts Jorge De La Torres, Jorge Rivera Julie Peyssard Jun Imai Junichi Tokuda Justin Ocello Kai Mensing Karen Schnurr Kei Muira Keith Jones Kenji Sumino Kenny Krajnik Kevin Taylor Klarissa Freibott Kris Skellenger Kristian Berg Kristian Dean Kyle Lloyd Larry Chen Laura Clever Lauren Sheridan Linden Farrow Lindsay Ross Liza Markle Louise Price Luca Bellisomo Luca Venturi Mad Mike Whiddett Marc Lewis Marc Unger Marcel Orban Maria Pia Rocca Marie Christine Ravon Mario Di Dato Marion Eisenberger Mark Bentley Mark Jones Mark Lemmer Mark Tingey Mary Lou Haen Masaya Yumeda Mat McCallum Matt Crooke Matt Levin Matt Monroe Matt Tuccillo Matt Wright Matt Young Matteo Gianotti Matthew Levin Matthias Czabok Matthias Scheffler Max (Massimiliano) Marsiaj Michael Burch Michael Gibbs Michael Grassl Michael Keyser Michael London Michael Schneider Michael Scully Michael Shank Michael Staskin Michael Teichmann Michaela Dorcikova Michal Klouda Mike Beckhusen Mike Chung Mike Hagedorn Mike Johnson Miriam Rodriguez de Lizana Mirko Lubner Mirko Markfort Miroslav Konopka Mizoguchi Kagefumi Monica Pauperas Murray Adams Natasha Dyson Nathan Freke Nathan Shriver Neill Briggs Nicole Garside Nigel Land Pascal Ursi Pascale Fleuridas Pascale Lavie Patrick Germain Patrick Mulligan Paul Zwicky-Ross Paulo Pinheiro Peter Cunningham Phillip Grenier Pierre Nicolet Pierre Nicolet Preston Calvert Quentin Frismand Rafael Navarro Ravi Dolwani René Buttler Riccardo Pezzetta Richard Barsamian Richard Hoare Richard King Rob Barnes Robin Selbach Roman Moser Romi Diana Doser Rosella Locatelli Ryan Carpenter Ryan Davis Ryu Asada Sabrina Asperti Sam Minchington Sandrine Weyders Sandy Althaus Sarah Edlinger Scott Lindley Seadon Baker Sean Horvath Sean Kleinschuster Sebastian Bagley Sebastian Hornung Sebastian Schmalz Shige Suganuma Shinjo Tsuyoshi Silvia Montsori Simon Haas Staci Langham Stefan Steinwasser Stephanie D'aprigny Steve Fields Steve Sare Steve Vandervate Thomas Gleibs Thomas Herbst Thomas Koch Thomas Muehlenz Thomas Radkovic Timo Frings Tobias Haasis Tomo Hisanaga Toni Calderon Toni Whiddett Tony Attwood Tony Balde Toshi Nakamae Travis Montgomery Trent Goodwin Trevor Wert Valerio Piersanti Vaughn Gittin Jr Vera Wessolek Victor Carrillo Vincent Vosse Vitale Alessandro Maffezzini Wakana Kosumi Warren Overton Will Brown Willett Considine Yannick Yvin Yoshiaki Hashimura Yoshihiro Sakamoto Yoshiyasu Takezawa <emptyline> <emptyline> <emptyline>   <position> External Partners <emptyline> <list> 'FMOD studios' and 'Firelight Technologies'  <emptyline>  REV technology used under license from Crankcase Audio Inc. <emptyline>  Uses Oodle. Copyright © 2008-2017 by RAD Game Tools, inc.   <emptyline>  Uses Bink Video. Copyright © 1997 – 2017 by Rad Game Tools, Inc   <emptyline>  Development tools and related technology provided under license from Logitech.  © 2001-2017 Logitech.  All rights reserved.  <emptyline>  Trademarks, design patents and copyrights are used with the approval of  the owner of Agajanian Racing <emptyline>  “Aston Martin”, “Aston Martin Racing” and related logos and other trademarks  are owned, licensed and/or used by Aston Martin and Aston Martin Racing.   These trademarks may not be used, amended and/or reproduced without permission.  All rights are reserved. <emptyline>  Trademarks, design patents and copyrights are used with the approval of the  owner of AUDI AG <emptyline>  Trademarks, design patents and copyrights are used with the approval of  the owner of Briggs Automotive Company (BAC) Limited <emptyline>  Produced under licence from Bentley Motors Limited England. “Bentley”, the ‘B’  in wings device and other associated logos and names are trademarks of  Bentley Motors Limited. The body designs of Bentley motor cars are protected  by Bentley Motors Limited under design, trademark and trade dress regulations <emptyline>  The BMW logo and BMW wordmark are trademarks of BMW AG and are used under license. <emptyline>  General Motors Trademarks used under license to Slightly Mad Studios Ltd <emptyline>  Caterham and associated logos and trade dress are registered trademarks of  Caterham Cars Ltd and are used under license. <emptyline>  The name and design of CITROËN and DS are used with the permission of  Automobiles CITROËN <emptyline>  Produced under license of Ferrari S.p.A. The name FERRARI, the PRANCING HORSE device, all associated logos and distinctive designs are property of  Ferrari S.p.A. The body designs of the Ferrari cars are protected as  Ferrari S.p.A. property under design, trademark and trade dress regulations. <emptyline>  Ford Trademarks and Trade Dress used under license to Slightly Mad Studios Ltd <emptyline>  Trademarks, design patents and copyrights are used under licence from  Ginetta Cars Limited <emptyline>  For Honda Automobiles: Honda Official Licensed Product. Designed, manufactured and distributed by or  for Slightly Mad Studios. Honda, the “H” logo, Honda vehicles and their trade  dress, and all associated vehicle emblems, logos, marks and names are trademarks  and intellectual property of Honda Motor Co., Ltd. All rights reserved. <emptyline>  For Acura Automobiles: Acura Official Licensed Product. Designed, manufactured and distributed by or  for Slightly Mad Studios. Acura, the “A” logo, Acura vehicles and their trade  dress, and all associated vehicle emblems, logos, marks and names are trademarks  and intellectual property of Honda Motor Co., Ltd. All rights reserved." <emptyline>  Trademarks of Brickyard Trademarks Inc. used with permission <emptyline>  Jaguar and the leaper device are trademarks owned and licensed by  Jaguar Land Rover Limited <emptyline>  All KTM vehicles, vehicle names, designs and logos are trademarks of KTM AG. <emptyline>  The trademarks, copyrights and design rights in and associated with Lamborghini,  Lamborghini with Bull and Shield Device are used under license from Automobili  Lamborghini S.p.A., Italy <emptyline>  Ligier and associated logos and trade dress are registered trademarks of Everspeed  for Onroak Automotive and are used under license. <emptyline>  Approved and licensed by Classic Team Lotus Ltd <emptyline>  Mazda Motor Corporation Approval No. 20019 <emptyline>  Manufactured under license from McLaren Automotive Limited.The McLaren name  and logo are registered trademarks of McLaren <emptyline>  “Mercedes-Benz” and “Three pointed star in a ring” are trademarks of Daimler AG  and used under license by Slightly Mad Studios Ltd. <emptyline>  MITSUBISHI MOTORS and  emblems are trademarks of MITSUBISHI MOTORS CORPORATION  and used under license to Slightly Mad Studios Limited. <emptyline>  MOTUL, the MOTUL LOGO and 300 V are registered trademarks of MOTUL (SA).  All rights reserved” and the Licensed Designs are protected by“© MOTUL’s  copyright – 1995- All rights reserved <emptyline>  Trademarks of Nissan Motor Co., Ltd. used under license to Slightly Mad Studios.  81-27617-22520 <emptyline>  Trademarks, design patents and copyrights are used with the approval of the  owner of OMSE. <emptyline>  "Opel Trademarks used under license to Slightly Mad Studios Ltd - Les marques Opel  sont utilisées sous license par Slightly Mad Studios Ltd" <emptyline>  Trademarks, design patents and copyrights are used with the approval of the  owner of ORECA SAS. <emptyline>  The trademarks PAGANI and Pagani Automobili and Huayra and Zonda are registered  trademarks and used under license from HORACIO PAGANI S.P.A., Italy <emptyline>  Panoz LLC vehicle models and trademarks are subject to copyright and other  intellectual property protection. Used with permission of Panoz LLC, a division  of Green4U Technologies, Inc. All rights reserved. <emptyline>  Under License of Porsche AG <emptyline>  Radical Sportscars Official Licensed Product. Designed, manufactured and distributed  by or for Slightly Mad Studios. Radical Sports Cars, Radical, the “R” logo, Radical  vehicles and their trade dress, and all associated vehicle emblems, logos, marks and  names are trademarks and intellectual property of Radical Sportscars Limited.  All rights reserved. <emptyline>  "RENAULT Official Licensed Products. Vehicle Models and Trademarks protected by  intellectual property laws. Used with permission of RENAULT. All rights reserved" <emptyline>  Under license of Toyota Motor Corporation <emptyline>  The name and design of Autodromo Internacional Do Algarve are used with the permission  of Parkalgar - Parques Tecnologicos e Desportivos, S.A.  <emptyline>  The name and design of the Mount Panorama Motor Racing Circuit are used with the permission  of Bathurst Regional Council <emptyline>  The name and design of Brands Hatch are used with the permission of Motorsport Vision Ltd. <emptyline>  Trademarks of Automotocrom Brno,a.s. used with permission <emptyline>  The name and design of Cadwell Park are used with the permission of Motorsport Vision Ltd. <emptyline>  The name and design of Circuit de Catalunya and Circuit de Barcelona-Catalunya are used  with the permission of Circuits de Catalunya, S.L. <emptyline>  Trademarks of Circuit of the Americas LLC used with permission <emptyline>  DAYTONA® is a registered trademark of the International Speedway, Inc. and licensed to  International Speedway Corporation. <emptyline>  Trademarks and likeness of DirtFish, LLC used with permission <emptyline>  "The Donington Park name, graphic design and logo are registered and protected  under UK and European law and similarly, those copyrights of all Donington's  partners and sponsors included in the track design and layouts for this game  are also protected under relevant laws. Any unauthorised breaches, misuse,  or misrepresentation of any of these copyrights, designs and logos will be  pursued to the fullest extent of the applicable law". <emptyline>  The name and design of Dubai Autodrome circuit are used with the permission  of Dubai Autodrome LLC. <emptyline>  Fuji Speedway Copyright ©Fuji International Speedway Co., Ltd. All rights reserved. <emptyline>  Trademarks of Hockenheim-Ring GmbH used with permission <emptyline>  Trademarks of Formula Imola S.P.A. used with permission <emptyline>  Trademarks of Brickyard Trademarks Inc. used with permission <emptyline>  Trademarks of Knockhill Racing Circuit Ltd used with permission <emptyline>  Trademarks of Sports car Racing Association of the Monterey Peninsula  "SCRAMP" used with permission <emptyline>  Slightly Mad Studios usage of Lånkebanen's/HellRX's track design is licensed  and approved by NAF Motorsport Trøndelag <emptyline>  24H Le Mans official Licensed product. Le Mans TM 2017. <emptyline>  Rallycross Lohéac - trademark of Association Sportive du Rallycross de Lohéac  - France used under license to Slightly Mad Studios Ltd <emptyline>  Trademarks of Grand Prix Association of Long Beach, LLC. used with permission <emptyline>  The name and design of the Lydden Hill Race Circuit are used with the permission of  Lydden Race Circuit Ltd. <emptyline>  The likeness and trade dress of the Track “Autodromo Nazionale Monza” , the name of  the track and the associated logos are exclusive properties of S.I.A.S. S.p.A. -  Autodromo Nazionale Monza. <emptyline>  The name and design of the Nürburgring Race Circuits are used with the permission of  capricorn Nürburgring GmbH. <emptyline>  The name and design of the Motorsport Arena Oschersleben are used with the permission of  Motorsport Arena Oschersleben GmbH. <emptyline>  The name and design of Oulton Park are used with the permission of Motorsport Vision Ltd. <emptyline>  Under License of Porsche AG <emptyline>  Trademarks of Projekt Spielberg GmbH & Co KG used with permission <emptyline>  The name and design of Road America are used with the permission of  Road America Inc. <emptyline>  “Red Bull® Marks are licensed by Red Bull GmbH/Austria” <emptyline>  The name and design of Ruapuna Park are used with the permission of  The Canterbury Car Club. <emptyline>  © Silverstone Circuits Limited 2017 <emptyline>  The name and design of Snetterton are used with the permission of  Motorsport Vision Ltd. <emptyline>  Sonoma Raceway is a trademark of Speedway Properties Company, LLC <emptyline>  Copyright ©SUGO Co.,Ltd. All rights reserved. <emptyline>  "Texas Motor Speedway ® is a registered trademark of Speedway Properties Company, LLC,  registered in the U.S. The Globe Logo ® is a registered trademark of Speedway Properties  Company, LLC, registered in the U.S." <emptyline>  WATKINS GLEN® is a registered trademark of the International Speedway, Inc. and licensed  to International Speedway Corporation. <emptyline>  The name and design of Willow Springs International Raceway are used with the permission  of Christopher C. Huth General Manager and Owner of Willow Springs International Raceway. <emptyline>  The Track Marks, designs, logo and trademark of Zhuhai International Circuit are licensed  by Zhuhai International Circuit Ltd. <emptyline>  The name and design of Circuit Zolder are used with the permission of Circuit Zolder Inc. <emptyline>  PIRELLI and PIRELLI logo are trademarks of Pirelli & C. S.p.A.; PZERO is a trademark of  Pirelli Tyre S.p.A. All trademarks are used under license <emptyline> <emptyline> <emptyline>       	<list> <header> Project CARS 2 <emptyline> <emptyline> <position> Slightly Mad Studios <emptyline> <emptyline> <position> Head of Slightly Mad Studios <list> Ian Bell - Chief Executive Officer <emptyline> <emptyline> <emptyline>  <position> Art <list> Darren White – Art Director <emptyline> <emptyline> <emptyline>  <position> Art: Character <list> Vit Budin – Character Artist Aleš Filka – Character Artist & Animator Tomáš Flak – 2D & Concept Artist Peter Gerhát – Lead Animator  Lukas Mensik - Characters and Animations Manager Marlon R. Nunez – Character Artist & Animator František Resl – Character Artist Zbyněk Trávnický – Technical Animator <emptyline> <emptyline> <emptyline>  <position> Art: Environment <list> Mark Adams - Art Manager Luis Barata - Environment Artist Chris Barnes - Senior Environment Artist Michal Beran - Senior Environment Artist Richard Berwick - Senior Environment Artist Gary Browne - Senior Environment Artist David Brumla - Senior Environment Artist Karl Davies - Senior Environment Artist Andrea Fabris - Senior Environment Artist Dave Flynn - Senior Environment Artist Martin Franek - Environment Artist Kateřina Habrová - Environment Artist Michal Jeschke - Senior Environment Artist James Kett - Principal Artist Petr Klvač - Environment Artist Siu Jone Lee - Senior Environment Artist Andrew Liddle - Senior Environment Artist Andreas Moll - Senior Principal Artist Sven Moll - Senior Principal Artist Jan Pavelko - Environment Artist David Rezac - Senior Environment Artist Cassius Rodrigues - Senior Environment Artist Oscar Soper - Lead Environment Artist Tomas Trlica - Environment Artist Jose Perez De Vries - Senior Environment Artist Darren Wakeman - Senior Environment Artist <emptyline> <emptyline> <emptyline>  <position> Art: Vehicles  <list> Sean Barron -  Junior Vehicle Artist  Tarran Booth – Vehicle Artist Jean-François Bouchard – Senior Vehicle Artist Matt Clark - Senior Vehicle Artist Vincent Dambreville – Vehicle Artist Ivo Franic – Vehicle Artist Kreso Franic – Vehicle Artist Jan Frischkorn - Vehicle Art Manager Vicko Hazdovac – Vehicle Artist Ralph Hummerich – Vehicle Artist Kunal Jain – Vehicle Artist Daniel Karlsson - Senior Vehicle Artist Jacek Kosieradzki – Vehicle Artist Ales Ogrinc – Vehicle Artist Gustavo Olivera – Vehicle Art Lead Martin Olivera – Vehicle Artist  Stanisław Potulski – Vehicle Artist Perran Truran - Senior Vehicle Artist Jaroslav Turna - Vehicle Artist <emptyline> <emptyline> <emptyline>  <position> Audio <list> Jon Bailey – Voice Over Recording Engineer Rashid Hille – Sound Designer Eilam Hoffman – Location Sound Recordist Vanesa Lorena Tate - Head of Audio Paul Scargill - Audio Programmer Gergely Szelei - Audio Programmer László Vincze - Senior Sound Designer Lewis Williams - Junior Audio Designer <emptyline> <emptyline> <emptyline>  <position> Car Handling <list> Doug Arnao - Senior Physics / AI Engineer  Jussi Karjalainen – Handling QA Lead  Casey Ringley - Technical Vehicle Lead Andrew Weber - Physics Programmer <emptyline> <emptyline> <emptyline>  <position> Cinematics <list> Ed Mas - Video Director Paul Shuker - Cinematics and Video Assistant <emptyline> <emptyline> <emptyline>  <position> Code <list> Steve Dunn – Technical Director <emptyline> <emptyline> <emptyline>  <position> Code: Gameplay <list> Gergely Bencze - Gameplay Programmer Dominic Clarke - Gameplay Programmer  Stuart Hunt - Senior Gameplay Programmer  Bob Ives - Gameplay Programmer Anders Johansson - Lead Gameplay Programmer Michael Lalaounis - Gameplay Programmer Rick Lamb - Gameplay Programmer Are Leistad - Gameplay Programmer Martin Moravec - Gameplay Programmer Ian Sweeny - Senior Gameplay Programmer James Vipond - Gameplay Programmer Mark Watson - Senior Gameplay Programmer Steven Wright - Gameplay Programmer <emptyline> <emptyline> <emptyline>  <position> Code: Online <list> Ian Bird - Online Programmer  Thomas Gomes - Online Programmer  Victor Khomskiy - Online Programmer  Mike Laskey - Head of Online Alexandru Marian - Online Programmer Pablo Medina - Online Programmer Mike Montgomery - Online Programmer Michal Řeháček – Server Programmer Štěpán Vondrák - Online Programmer  Iain Wallington - Lead Online Programmer  James Woollard - Online Programmer <emptyline> <emptyline> <emptyline>  <position> Code: Physics & AI <list> Peter Arbet - Physics Programmer  Jiří Boldyš - Physics Programmer  Artem Ermolov - Lead Physics and AI Programmer Christian Ferrario – AI Programmer Dmitry Meleshkin - Physics Programmer  Steven Walker - Physics and AI Programmer <emptyline> <emptyline> <emptyline>  <position> Code: Render <list> Kevin Boland – Principal Render Engineer  Robert Dibley - Lead Render Programmer Tim Lewis - Render Programmer Fabio Luchetta - Senior Render Programmer  Tim Mann - Low Level Cross-Platform Render Engineer Ivo Novak – Render Programmer <emptyline> <emptyline> <emptyline>  <position> Code: Tools <list> John Atkinson – Senior Tools Programmer James Boulton - Senior Tools Programmer  Andy Clark - Lead Tools Programmer Gábor Mónus - Senior Tools Programmer Jack O’Neill - Tools Programmer Daniel Wheeler - Senior Tools Programmer <emptyline> <emptyline> <emptyline>  <position> Design <list> Andy Tudor – Creative Director  Stephen Viljoen – Game Director Matt York – Junior Designer <emptyline> <emptyline> <emptyline>  <position> Graphical User Interface <list> Laurence Alexander – UI Creator  Sean Fitzpatrick – Text Designer Damian Furlong – Senior UI Programmer Nicholas Jablonowski – Senior UI Programmer Derek Payne – Lead UI Programmer Fernando Pedace – UI Designer Andy Rogers – UI Programmer Richard Steer – Senior UI Programmer <emptyline> <emptyline> <emptyline>  <position> Mediacom <list> Joe Barron – Marketing and Esports Manager  Nathan Bell – Web and Social Media Officer Patrick Kulinski – Manual Editor Alex Martini – Head of Communications Rob Massey – Analytics Manager Melinda Neil – Licensing Manager Rob Prange – Web Content Adminstrator <emptyline> <emptyline> <emptyline>  <position> Music <list> Stephen Baysted - Composer Andy Brown - Conductor / Orchestral Contractor Amanda Cook - Musician: Acoustic Guitar Caroline Dale - Musician: Cello Peter Gregson - Musician: Cello John Harvey - Drums / Electric Guitars Jake Jackson - Score Mixer / Score Producer Susan Legg - Featured Vocalist / Piano Guy Michelmore - Additional Music Simon Whiteside - Orchestrator / Score Preparation <emptyline> Music performed by The London Metropolitan Orchestra Music recorded and mixed at Air Lyndhurst Studios, London <emptyline> <emptyline> <emptyline>  <position> Production <list> Umer Ahmad – Assistant Producer  Dave Bramhall – Senior Producer Andy Cherry – Producer Benjamin Fischer – Assistant Producer and Community Manager Jarek Kleiber – Senior Production Support Pete Morrish – Director of Production  John Wray – Production Assistant <emptyline> <emptyline> <emptyline>  <position> Quality Assurance <list> Thomas Bromyard – QA Tester  Tom Brown - QA Manager Tom Curtis - QA Lead Aaron Groves – QA Tester Viktor Kolomiets – Build Manager Filipe Malaquias – QA Tester Christopher Newsum – QA Tester Bruno Pereira – QA Tester  Angus Winnard – QA Tester <emptyline> <emptyline> <emptyline>  <position> Pro Drivers <list> Ben Collins Mitchell DeJong Oliver Eriksson   Vaughn Gittin Jr Nicolas Hamilton Tommy Milner René Rast <emptyline> <emptyline> <emptyline>  <position> Management <list> Rod Chong – Chief Commercial Officer Andy Garton - Head of Development  Ged Keaveney - Chief Technical Officer Mark Pressburg - Chief Finance Officer Frank Veyder - Chief Operations Officer <emptyline> <emptyline> <emptyline>  <position> Administration <list> Margaret Bieniek-Maluszczak - Office Administrator Sally Daligan – Reporting Manager Musanna Muhit - Officer Manager Vittorio Rapa - IT Manager Dickon Springate - Assistant Accountant  Ana Tiza - HR Manager <emptyline> <emptyline> <emptyline>  <position> Additional Vehicle Art <list> Jurgen Braem  Sebastian Brunner  Guillermo Hargreaves Alex Hobbs Eric Kuebler  Che Hoe Lau Michael Peters Mitchel Saad Christian Schmidt Nigel Teags Jaime Lopez Trujillo <emptyline> <emptyline> <emptyline>  <position> Game Babies <list> Lucas Akihito Barnes Nina Simone Bell  Emily Boland Rosalie Bouchard Matyáš Brumla Samson Clark Tabatha Clark  Sonny Alfred Curtis Enzo Dambreville Timofey Ermolov Darragh Fitzpatrick Ada Alyss Furlong Arabella Julie Hoey  Ondřej Jeschke Kika Kleiber Elisabeth Melanie Moll Ester Moravcová Charlotte Maisie O'Neill Frank Jack Sweeny Elen Travnicka Aurelia Jasmine Tudor <emptyline> <emptyline> <emptyline>  <position> Special Thanks <list> Nik Ammar Pole Position Productions  The Audio Guys <emptyline> <emptyline> <emptyline>  <position> ACME <list> Kevin Malling Julie Malling John Wang Tyson Hill Brandon Acree <emptyline> <emptyline> <emptyline>  <position> Glass Egg Digital Media  <list> Thuy Le Hoang Nguyen Tu Tran Cam <emptyline> <emptyline> <emptyline>  <position> SkinzWraps Racing <emptyline> <emptyline> <emptyline>  <position> Intel Corporation <list> George Bain Leigh Davies Bartosz Boczula Patrick J Farrell <emptyline> <emptyline> <emptyline>  <position> Technology Partners <list> Simon Newby - 6T3 Eric Mindjimba - Thrustmaster Christopher McKelvy - Oculus Rift Thomas Jackermeier - Fanatec Roy Kerkhoff - Playseat Nevil Slade - Vesaro Curtis Brown - Logitech Phil Scott - NVidia Glen Chou - True Scale Miniatures <emptyline> <emptyline> <emptyline>   <position> BANDAI NAMCO Entertainment Europe S.A.S <emptyline> <list> Goran Marinković - Producer Manuela Riboldi - Localisation Project Manager Sohail Daniel - Localisation Project Manager Franck Genty - Localisation Manager Bertrand Mangin - Quality Control Project Manager Olivier Robin - Quality Control Manager Claire McGowan - Certification Manager Stéphane Entéric - Engineering Services Project Managers Emeric Polin - Engineering Services Project Managers Samuel Gatté - Publishing & Product Support Senior Director  Chris Altiparmakis - Product Manager Arnaud Staebler - 3rd party IP Strategy and Marketing Manager Morgane Ah Kong - PR Manager Héloïse Ribeaucourt - Events Manager André Persson - PR, Communication & Events Director  Alexandre Vision-Bonnet - Game Content Analyst & Designer Jocelyn Cioffi - GES Manager Rudy Pantoustier - Junior Market Analyst Julie Joet - Market Research Manager Patrick Rose - Business & Product Analyst Alberto Gonzalez Lorca - VP Business Development Pablo Rodriguez Fernandez - Business Development Manager Denis Ferrier - Business Development Manager Vincent Hattenberger - Creative Designer Gwen Ruby - Creative Assistants Anne Laure Bouton - Creative Assistants Anthony Grabit - Community Manager Team Leader Isshak Ferdjani - European Community Managers Laurence Patey - E-Commerce Manager Romain Chantelot - CRM Project Manager Julia Crusot - CRM Project Manager Junior Lucas Guedot - Web Master Bertrand Amiard - Web Project Manager Jérôme Chatelain - Digital Sales Managers Anthony Macaré - Digital Business Unit Director Hervé Hoerdt - VP Marketing & Digital Mieko Murakami - Sales Reporting & License relation Sandrine Dubois - Packaging Project Manager  Céline Vilgicquel - Packaging Project Manager & Marketing Support Caroline Fauchille - Manufacturing & Printed Materials Director Delphine Doncieux - Supply Chain Coordinators Mike Shaw - Supply Chain Coordinators Nicolas Guérard - Supply Chain Manager Laura Testud - Manufacturing Coordinator Marine Thevenet - Lawyer Stéphanie d'Ornano - Legal Manager Frederic Armitano Grivel - SVP Legal & Business Affairs Kunio Ikoma - VP Corporate Planning & Finance Christophe Delanoy - VP Distribution Operations Masataka Nemoto - Senior Director Development Strategy & Management Yoshi Niki - SVP Production & Development Naoki Katashima - President & COO <emptyline> <emptyline> <emptyline>  <position> Local Marketing Team <list> Phil Brannelly - UK Olivier Reocreux - France Alexandre Billaud - Belgium David Razaghi - Deutschland Laura Aznar - Iberica Marco Caputo - Italy Alexandre Billaud - Netherlands  Andreas Juliusson - Nordic  George Soulogiannis - Hellas Oleg Khazhinskiy - Eastern Europe Stephen O'Leary - Australia <emptyline> <emptyline> <emptyline>  <position> GlobalStep Services Pvt. Ltd. <list> Sumit Arora - QA Director Piyoosh Sah - QA Manager Neeraj Bhardwaj - Test Coordinator Saurabh Tarolkar - Test Lead Zishan Khan - Test Lead <position> Testers <list> Keshav Subhash Kale Altaf Shabbir Pathan Kishore Kumar T S Mayank Sharma Sujata Gundewar Preetam Khomane Nirav Narendra More Dheeraj Gadve R. Chandrasekher Reddy P. Vivek Abhijit Madhukar Doiphode Prashant Gulab Medhe Rahul Saini Abhijeet G. Kakpure Pramod Hambir Vishal Kakade Sagar Dhamankar Prashant Lolage Arnold Nirmal Ashish Appaso Patil Debashish Saha Devashish Mishra Gaurav Oak Harjee Anand Harshad K Kshirsagar Himanshu Shrivastava Jasmine Bhaldar Kalpesh Deelip Chavan Kanishk Sanjay Sahay Kusumesh Vyas Latif Husain Mayur Sharad Dorle Md Ilteza Alam  Mohammad Shadab Ali Mohit Kumar Bhatnagar Pooja Rikibe Prashant Pawar Purva Zarkar Shreyas M. Ranade Simjo Simon Swapnil Najan Tejas S. Vaidya Tushar Dubey Vipul Vijaykumar Powar <emptyline> <emptyline> <emptyline>  <position> Keywords International <list> Thomas Courtonne - Project Manager  Davi Almeida de Souza - Test Lead <position> Testers <list> Grégory Alliot Moulay-Toumi Sabri Perry Mainville Virginie Cloutier-Brassard Chiara Di Modica Alessandro Tenza Manuel Ravazzini Patricia Raabe Simran Karir Sebastian Schneider Alba La Orden Garcia Clara Guzman Noelia Penin Garcia Evgeniya Kozyreva Vladimir Kozin Andrei Pivovar Adam Dabrowski Natalia Mieczynska Aleksandra Wanda Jozwiak <emptyline>  <position> Maverick Media LTD <emptyline> <emptyline> <emptyline>  <position> BANDAI NAMCO Entertainment America Inc. <emptyline>  <position> Executive Management <list> Mark Tsuji - President & CEO Hide Irie - Executive VP & COO Shuji Nakata - Executive VP & CFO <emptyline> <emptyline> <emptyline>  <position> Publishing & IP Strategy <list> Taka Akiyama - VP, Publishing & IP Strategy Tad Hirabayashi - Senior Director, Production Services Rey Jimenez - Producer Knut Grossmann - Localization Manager Carmen Vega-Reina - Localization Project Manager Takeshi Miyazoe - Senior Director, IP Strategy Shoya Yamazaki - Manager, IP Strategy Nao Takeda - Manager, IP Strategy Kyoko Acheson - Manager, IP Strategy Jhune De La Cruz - Digital Business Manager Kahlil Najar - Digital Channel Marketing Manager Garrett Miller - Digital Content Specialist David Wood - Senior Manager, Business Development Tomomi Takahashi - Administrative Assistant <emptyline> <emptyline> <emptyline>  <position> Operations <list> Hans Lui - Director, Applications & Operations Jennifer Tersigni - Senior Operations Manager David Wang - Operations Analyst Shin Young - Applications Support Specialist Miriam Beltran - Travel Administrator Korey Belanger - Office Manager <emptyline> <emptyline> <emptyline>  <position> Sales <list> Chris Gilbert - Senior Vice President of Sales & Marketing Melani Windham - Senior Director of Sales Terry Carlson - Director, Sales Operations Laura Yoshioka - Sr. Director, Retail Marketing and Merchandising Bob Johnson - Senior Channel Marketing Manager May Hayes - Senior Sales Operations Specialist <emptyline> <emptyline> <emptyline>  <position> Marketing and PR <list> Eric Hartness - Vice President of Marketing Dennis Lee - Director, Brand Marketing Raymond So - Brand Manager Denny Chiu - Director, Communications & Social Media Nick O’Leary - Senior Public Relations Specialist Jason Cline - Events Manager Alia Oda - Event Planner Dalton Link - Social Marketing & Community Manager Cyrus Wesson - Social Marketing & Community Specialist Dmitryi Khlynin - Community Specialist Jeremy Caine - Interactive Designer Michael Le - Graphic Artist <emptyline> <emptyline> <emptyline>  <position> Legal and Business Affairs <list> Martin Nguyen - Senior Associate Attorney Patrick Lundell - Associate Attorney Rafael Orozco - Associate Attorney Matthew Datum - Associate Attorney Reina Nagai - IP Administrator <emptyline> <emptyline> <emptyline>  <position> Quality Assurance <list> David Moya - QA Manager Jesse Mejia - CQC Supervisor Y Pham - Project Coordinator Johnny Moya - Senior CQC Coordinator Cameo Wininger - CQC Coordinator Jonathan Price - CQC Coordinator Matt Peterson - CQC Coordinator Merwin del Rosario - CQC Coordinator Adrian Escultura - CQC Tester Adrian Serafica - CQC Tester Arnold Feener - CQC Tester Brendan Duley - CQC Tester Dustin Tran - CQC Tester Ian Nunes - CQC Tester Josh Daily - CQC Tester Luke Gardner - CQC Tester Matthew Cain - CQC Tester Nicholas Malouf - CQC Tester Samuel Reiter - CQC Tester Steven Wilton - CQC Tester Xonie Martin - CQC Tester <emptyline> <emptyline> <emptyline>  <position> Keywords International <list> Maurizio Cigoli - QA Project Manager Luis Izquierdo - Project Lead Leonardo Akimoto - LQA Brazilian Portuguese Jose Suarez - LQA Latin American Spanish Sara Bourgeois - LQA French Canadian <emptyline> <emptyline> <emptyline>  <position> Customer Support <list> Jesus Barragan - Customer Service Manager Takumi Kobayashi - Sr. Customer Service Representatives Ryan Phung - Sr. Customer Service Representatives Michael Gu - Customer Service Representatives Ryan Hamaguchi - Customer Service Representatives <emptyline> <emptyline> <emptyline>   <position> BANDAI NAMCO Entertainment Asia Pte Ltd. <emptyline>  <list> Gerard Noonan - Senior Vice President & MD Asia & Pacific Richard Taylor - Regional Finance Director Hiroaki Ochiai - SVP Business Development Asia Pacific Jennifer Poulson - SVP Marketing Asia William Wang - Managing Director (Taiwan) Chad Park (Korea) - General Manager Rainel Tan (Singapore) - General Manager Yoichiro Mogi - IP Strategy Manager Asia Pacific Tag Chang (Korea) - Associate Product Manager Eshley Gao (Singapore) - Associate Product Manager Hailey Shin - Associate Product Assistant (Korea) Hamid Rahman - Country Manager (Hong Kong) Carrie Hsiao (Taiwan) - Marketing Manager Jung-eun Oh (Korea - Marketing Manager Ronan Fong (Hong Kong) - Marketing Manager Sophia Lek (Singapore) - Marketing Manager Debbie Chu - Product Manager & PR (Taiwan) Tobias Chang - Product Manager & PR (Taiwan) Zoe Kao - Product Manager & PR (Taiwan) Joanna Fong - PR Assistant Manager (Taiwan) Vito Lee - Marketing Assistant (Korea) Diony Kum - Marketing Assistant (Korea) Catherine Abigail Santos (Philippines) - Marketing & Accounts Executive Renee Lim - Logistics And Account Coordinator (Singapore) Jessie Hsieh - Art Designer & Operations Coordinator (Taiwan) Lin Pei Hsia - Art Designer & Operations Coordinator (Taiwan) Benny Tsai (Taiwan) - Sales Manager Nicholas Ng (Malaysia, S.E.A) - Sales Manager Peter Yang (Taiwan) - Sales Representative Angeline Ang (Singapore) - Finance Manager KD Kim (Korea) - Finance Manager Vivian Liu (Taiwan) - Finance Manager Amy Soong - Senior Accounts Executive (Singapore) Betty Chen - Accountant (Taiwan) Carol Huang - Accountant (Taiwan) Chang Yuan Gang - Localisation Manager Chloe Lee (Korea) - Localisation Manager Daniel Cao (Singapore) - Localisation Manager Ash Kim - Localisation Assistant (Korea) Tsai Mulan - Localisation Project Leader (Taiwan) Chang Kang - Traditional Chinese Localisation Team Chen Pei Yu - Traditional Chinese Localisation Team Chien Chin Hsien - Traditional Chinese Localisation Team Hsieh Wan Chi - Traditional Chinese Localisation Team Hsu Tsai Ying - Traditional Chinese Localisation Team Hsu Yu Han - Traditional Chinese Localisation Team Lee Yi Shuan - Traditional Chinese Localisation Team Lin Chih Yen - Traditional Chinese Localisation Team Chiang Chi Che - Traditional Chinese QA Project Leader  Huang Shih Wei - Traditional Chinese QA Project Leader  Yu Chiao Huai - Traditional Chinese QA Project Leader  Wang Kuan Chun - Traditional Chinese QA Project Leader  Chen Chun Chih - Traditional Chinese Localisation Tester Chen Xian Zhe - Traditional Chinese Localisation Tester Chien Shih Siang - Traditional Chinese Localisation Tester Chou Yuan - Traditional Chinese Localisation Tester Hsu Kuo Huang - Traditional Chinese Localisation Tester Wang Jing Ting - Traditional Chinese Localisation Tester Wang Yan Zhe - Traditional Chinese Localisation Tester Wu Chi An - Traditional Chinese Localisation Tester Ki Moon Lee - Korean Localisation Team Bird Lee - Korean Localisation Tester Jae Jin Yi - Korean Localisation Tester In Keon Kang - Korean Localisation Tester Ji Yeon Jung - Korean Localisation Tester Duk Woo Kim - Korean Localisation Tester AltJapan Co., Ltd - Singapore Localisation Team Ethan Sia Chee Keong - English QA Project Leader  Ahmad Fuad Bin Ahiari - Singapore Localisation Tester (NYP Intern) Damian Ang Ming Guang - Singapore Localisation Tester (NYP Intern) <emptyline> <emptyline> <emptyline>   <position> BANDAI NAMCO Entertainment Inc. <emptyline> <list> Satoshi Oshita - Executive Producer Hirotaka Reizei - Executive Producer Daisuke Uchiyama - General Producer Ryuichiro Baba - General Producer Kazutoki Kono - Chief Producer Satoshi Otsuka - International Producer Tsuyoshi Koda - International Producer Manabu Shimomoto - Producer Tomoya Yoshida - Special Thanks <emptyline> <emptyline> <emptyline>  <position> Quality Assurance - Functionality QA <list> Tomoaki Imanishi Ryou Tanaka Akihide Ono Ryuuta Sano Masashi Aoyama Kaname Nakano Takashi Shimogaito Natsuki Koyama Shinya Sasaki Kouki Iwao Masaya Nakata <emptyline> <emptyline> <emptyline>  <position> Customer Service - Quality Assurance <list> Keita Kiso Takashi Sawai Miku Takamatsu <emptyline> <emptyline> <emptyline>  <position> Promotion <list> Kenta Seino Yasuko Sato Satoshi Nakauchi Onur Guenduez <emptyline> <emptyline> <emptyline>  <position> Sales & Marketing <list> Taiki Yasuko Masaki Hoshiai Hidekazu Naito Yuta Fukami Noriyuki Tanaka Yumi Maiguma  Kazuki Konishi  <emptyline> <emptyline> <emptyline>  <position> Production Support <list> Tomomi Arakawa Tomomi Fujisawa <emptyline> <emptyline> <emptyline>  <position> Localization <list> Eiichi Ikeda Takayuki Tsuji Tatsuji Michihiro Claudio Cascone Hideyoshi Misawa <emptyline> <emptyline> <emptyline>  <position> Quality Assurance Support <list> Hiroyuki Tsujii Sho Tanaka Hiroshi Araki Megan O'leary Tatsuya Wada Kiriyo Tanaka <emptyline> <emptyline> <emptyline>  <position> WMD <position> Thank you for your continued support, we couldn't have done it without you. <emptyline>  <position> WMD VIP's <list> Alex Lindstrem David Lansade Eyal Alsaud Henning Weidhase James Loucks Kyle Pearson Ross Clabburn Sven Markowski Thomas Lockers Thomas Taschler Toni Harkonen <emptyline> <emptyline> <emptyline>  <position> Special Thanks <list> Aaron Clark Aaron Coleman Aaron Parker Aaron Ritzau Aaron Turner Adam Higgs Adam Lindsey Adam Preston Adam Sharpe Adam Viljoen Adam Wilewski Ade Young Adelaida Afonso Adrian Smith Adriano James Piras Adrien Lopes Aidan Taylor Alain Jimeno Alain Kohler Alan Bertenshaw Alan Cheung Alan Nelson Alan Smith Aldo Zampatti Alec Barker Alejandro Montero Aleksander Otterstad Aleksandr Timkov Ales Permozer Alessandro De Carolis Alessio Beninato Alessio Vismara Alex Greenland Alex Porter Alex Stahlhut Alexander Dornheim Alexander Mueller Alexander Santos Alexandre Amirizian Alexey Kuntsevich Alfie Pugh Allan T. Olsen Allen Clarke Anders Peterson Andre Henschel Andre Kaestner Andreas Gremme Andreas Hader Andreas Kittlaus Andreas Seeger Andreas Traub Andreas van Wingerden Andreas Wunder Andrej Akopian Andrej Svajger Andrew Adamson Andrew Currens Andrew Jones Andrew Moseley Andrew Myers Andrew Todd Andrew Wise Andy Edwards Andy Weinberger Ang Li Angel G Criniti Anthony Azzari Anthony Haddox Anti Telkinen Antoine le Campion Antonio Benitez Antonio Rodriguez Clotet Antony Boland Ari Antero Arnaud Hirtz Arnaud Segre Arne Jurgens Arno Bisquolm Ashley Horton Aurelien Duval Aurelien Walpen Axel Dietzel Barrett Ettel Bart van Kleven Basim Alhejaili Bastian Hellmann Benjamin Beacock Benjamin Beier Benjamin Benichou Benjamin Beyer Benjamin Fischer Benjamin Menger Benjamin Weisenfeld Benjamin Winter Bent Granheim Bernd Resch Bernd Schmidt Bernd Schwarzinger Beys Nordine Bob Romano Bohuslav Lacina Boris Demidov Botond Vasarhelyi Brad Bodily Braden Williams Bradley Parrott Bradley Rossetti Bram Vanbuel Brandon Andrew Lee Brandon Bosch Brandon Clark Brandon Limkemann Brent Blihovde Brent Seeliger Brook Murray Cameron Brewster Cameron Howell Carl Morton Carl Shaw Carlos Dominiak Carlos Esteves Cedric Flouret Chadd Lowe Charles Mader Chee Keong Lau Chihoon Ahn Choserot Michael Chris Arnett Chris Aubert Chris Baumann Chris Candelaria Chris Goatcher Chris Kunz Chris Miller Chris Morris Chris Mosley Chris Payne Chris Rae Chris Stenersen Chris Twigger Chrisi Schmidt Christiaan van Beilen Christian Banks Christian Geihe Christian Gomolka Christian Hagemann Christian Hellman Christian Mutz Christian Pabinger Christian Paul Christian Pillwein Christian Quaynor Christian Schmidt Christian Schroeder Christian Schumann Christian Steinhaeusser Christian van Rooyen Christoffer Almgren Christoph Brandstetter Christoph Laux Christoph Schmidt Christophe Cador Christophe De Greef Christopher Aspden Christopher Cassidy Christopher Davis Christopher Dorn Christopher Frantz Christopher Gray Christopher Hauser Christopher Lord Christopher McEnteer Christopher Porter Christopher Reekie Chuck Duhon CJ Yi Clement Moriceau Cleon Waterberg Clive Morrison Codrin Purice Colin McKay Condamine Florian Copin Michael Corrado Raucea Craig Jorgensen Craig Moon Craig Parkes Cyril Declercq Damian Hall Dan OBrien Dan Thorpe Daniel Bader Daniel Boeckmann Daniel Dorion Daniel Krissel Daniel Meister Daniel Perez Daniel Saik Daniela Siekiera Daniele Vianini Danny Park Danny Schmid Danny Vlaar Daren Ludvigson Darin Salisbury Dario Walker Darrel King Darren Henderson Darren Leeson Darren Muir Darren Symons Darryl Mills Dave Arthur Dave Higgs Dave Holland Dave Richardson David Allak David Bishop David Bornkessel David Burton David Commons David E. Lengel David Haggar David Ham David Ingram David Ironside David Kneller David Knipp David Majidimehr David Marin David Marquez Mato David Merino Perez David Neighbour David Payne David Pym David Saunders David Sharples David Smith David Stuecker David Summers David Vangheluwe David Vickery David Waymouth Davy Van den Abbeele Dean Welfare Denis Besic Denis Eder Martinez Pineda Dennie de Groot Dennis Pohlmann Derek Millar Derrick Ritchie Detlev Hartenstein Devin Smith Devon Massan Dirk Dietrich Dirk Voegele Dmitry Afanasyev Dominic Schoenberner Dong-Gyu Park Dong-Seok Lee Drew Mackay Drew Meisberger Duprez Laurent Dustin Johnson Edson Souza Edward Garland Edward McLean Eike Stender Elliot Janssens Eneas Martinez Costa Enrico Bertolo Enrico Gerosa Erdinc Binyal Eric Bilodeau Eric Dukes Eric Kuebler Eric Lasley Eric Mayuk Eric Schroeder Erich Christen Erich Harvey Erick Gaudreault Erik Hofmann Erik Schramm Erik Uran Erwan Decroix Erwin Berkers Espen Gundersen Espen S. Andresen Eugene Flerko Fabio Calcio-Gandino Fabrice Brigati Fabrice Jourquin Fabrice Vancomerbeck Falk Guenther Felipe Becker Felix Overroedder Felix Renneberg Ferdinand Dernai Ferdinand Schwarzer Fernando Peneda Florian Faistauer Florian Talou Florian Witte Flouret Alexandre Fontaine Loic Francesco Cinque Francis Doria Franck Darstein Franck Herve Franck Montaigne Francois Chevallier Francois Feugier Francois Heitz Frank Kleefeldt Frank Lehmann Frank Schroeder Frederic Davin Frederic Le Palud Fredrik Olofsson Friedrich Riemschneider G. Auriol Gabriel Swietlicki Gareth Harwood Gareth Robinson Gareth Vaughan Garry Holcombe Garvin Kruthof Gary Hunt Gary White Geoffrey Schild Georg Naujoks Georg Swaczyna George Brushwood George Patterson George Shannon George Usoh Gerald Scherr Gerke van Keimpema Giacomo Galeotti Gian-Luca Mateo Gianko Scaglione Gilles Eberhardt Giovanni Tomaselli Glenn Briden Goetze Tobias Gordon Hislop Graham Bartsch Graham Goodrich Graham Hawkins Graham Ritter Graham Watson Greg Corbyn Greg Pillhofer Greg Southall Greg Williams Greg Wright Gregg Mandell Guanchen Liu Guido Dettweiler Guillaume Brunner Guillermo Hargreaves Gunther Roels Gunther Wicht Hanno Peng Don Chlevl Hans Silbernagel Hans-Rolf Schade Harald Kristian Gauslaa Haroon Ashraf Hayden Purvis Heiko Wenzel Hendrik Seitz Henk de Jong Henning Schirk Herbert Waller Hermann Thomas Holger Neitzel Holzer Rene Hugh Shillingford Huib Reijnders Ian Brown Ilya Babansky Ingo Schumann Ingvar Petur Thorsteinsson Ivan Dumalovski Janjusic J Kosieradzki Jacob Urbschat-Satterfield Jagdeep Rai Jaime Lopez Trujillo Jake Southcombe James Alston James Brooks James Eavis James Lithiby James Newman James Smith James Staples James Turbett James Wall Jamie Matthews Jan Berka Jan Flieshardt Jan Fortun Jan Horsky Jan Studenski Jani Mustonen Jani Sihvonen Jannik Strelow Janusz Krasek Jared Broddle Jaroslav Kraif Jason Ganz Jason Mackay Jason Penny Jason Schmidtlein Jason Watson Javier Marcos Jay Elwanger Jay Vigo Jean Christophe Jean Marie Muggianu Jean Marth Jean-francois Le Chenechal Jean-marie Jolibois Jean-Sebastien Charlot Jean-Yves Mercy Jeff Lima Jens Hoefling Jens Schmitt Jeremy Brunel Jeremy Hittle Jeremy Spinks Jeroen van Gelder Jerome Powell Jerry Jacob Vakayil Jesko Weber Jesse Brown Jesse Fahrenkrog Jessy Burgamy Joachim Thiebe Joao Simoes Jochen Klasen Joe Borde Joe Coach Joe Moore Joe Tompkins Joel Lobo Joerg Felgendreher Joerg Giezenaar Joerg Vahldieck Joeri Blootacker Johan Kemper Johan Leroy Johan Marx Johannes Gaganas Johannes Riese Johannes Wieser John Dashey John Hargreaves John Higginbotham John Montgomery John Sant John Shore John Stegman John Tomlinson Jon Burrell Jon Davies Jon Hadden Jon Large Jon Over Jon Trotter Jonas Thomsen Jonathan Carrigan Jonathan Lamela Jonathan Le Clercq Jonathan Padilla Jonathan Vauhkonen Jonathan Waltman Joni Aaltio Joost Korngold Jordi Rodriguez Gresa Jose Anaya Jose Angel Morales Calvache Jose Rivera Joseph Gossen Joseph Marques Joseph Rampelberg Joseph Russo Joseph Schles Joseph Stearn Josh Brocksopp Joshua Healy Joshua Heising Juan Manuel Sanchez Manzano Juergen Flock Juergen Oberreiter Jukka Hautajarvi Julian Oejen Julien Boisaubert Julien Lavoie Junior Basilio Juraj Mamrilla Jurgen Braem Jussi Viljami Karjalainen Justin Gay Justin Hackett Justin Strickland Kai Lochbaum Karim Saissi Karl Mitson Karsten Kremer Karsten Schiemer Kay Schurig Keith Brunnenkant Keith Partyka Ken Owers Kent Bergstrom Kent Nielsen Kevin IJpelaan Kevin Kirkbride Kevin Lawrence Kevin McKenzie Kevin Ochoa Kevin Richardson Kevin Welsh Kieran Jones Kieran Poole Kieran Vella Kim Flawwoo Andersson Kirk Kosinski Klaus-Juergen Weber Knodel David Kobus de Villiers Konrad Kostecki Konstantin Broemmelsiek Koos Rotgans Kourattana Abhay Kowal Peter Kris Dekeyser Kristof Depreitere Kristoffer Bergset Kyfan Stevens Kyron de Haas Lacorre Mickael Nicolas Lacourte-Barbadaux Lars Rosenquist Lasse Ryhanen Laud Barnor Laurent Rizzi Laurent Zender Leander Patzak Lei Liu Leigh Renfrow Leo Graae Leon Garcia Liam Cubley Lindsay Smith Lionel Beasse Llewellyn St David Luca Antonini Luca Cambianica Luca Rassek Lucas Brits Lukas Elmer Lukas Fort Lukas Kamb Lukas van Eck Luke Wojtaszek Lyndon Wright M.J. Lisseveld Mads Krog Jensen Maik Manke Manuel Ballbe Manuel Duerr Manuel Morgenroth Marc Kressmann Marc Packenius Marc Verhoef Marcel Beck Marcel Bloch Marcel Hulsbergen Marcel Jaekel Marcel Jeske Marcel Kleene Marcel Spuehler Marcel Wernegger Marco Engelage Marco Gotz Marco Mosch Marco Olivieri Marco Roth Marcus Blech Marcus Gleitsmann Marcus Johansson Marcus Meyer Marcus Winnig Marek Haase Mario Goebbels Mario Navarrete Mario Scherrer Marius Adams Mark Abbott Mark AuBuchon Mark Barrow Mark Bevan Mark Blanes Mark Bond Mark Carbonaro Mark Doran Mark Dowling Mark Goldfinch Mark Holland Mark Laybourne Mark Leighton Mark Roberts Mark Rueb Mark Smith Mark Turnbull Mark Walker Marko Adrian Markus Beckmann Markus Falkner Markus Meyerhofer Markus Schlabritz Markus Siegmeth Markus Ullrich Marten Johansson Martin G Webb Martin Hartmann Martin Hudson Martin Kucera Martin Lorgnier Martin Schaeller Martin Skytte Martin Thielen Martin Webb Marton Szamos Martyn Breed Marvin Theel Mas Jonathan Massimiliano Franchelli Mathias Veyrun Matt Muirhead Matt O Brien Matt Pierce Matt Webb Matt York Matteo Stirati Matthew Brown Matthew Gibbs Matthew Hargreaves Matthew Julian Matthew Lewis Matthew Minson Matthew Mul Matthew Rushton Matthias Arndt Matthias Beck Matthias Dorst Matthias Jacob Matthias Neber Matthias Schonder Maurice Boeschen Maurizio Lazzeretti Maurizio Posapiano Mauro Fernandez de Bobadilla Mauro Tobon Max Spooner Maxime Parquet Maxime Platon Maximilian Woerlein Michael Ball Michael Baumert Michael Bieber Michael Colomer Michael D Mckeown Michael Dew Michael Dorricott Michael Frnka Michael Herrmann Michael Knoblach Michael Laube Michael Lehneis Michael Marhenke-Richter Michael Matzen Michael Maxwell Michael Meus Michael Milem Michael Norrby Michael Peters Michael Pleym Michael Prahl Michael Repplinger Michael Schmid Michael Steiner Michael Uth Michal Bielik Michal Sofron Michel Fouvet Mick Leighton Mikael Stanne Mike Cowing Mike Dhanpat Mike Gagg Mike Hoffmann Mike van Meerbeek Mike vom Scheidt Mikko Makela Milan Danek Milan Holt Mirko Giorgi Miroslav Bettermann Mitchel Saad Mohamed Gaalich Mohammed El Gueriri Morgan Henstridge Moritz Schickel Moriz Fischer Morten Rousing Fachmann Natan Patel Nathan Kammerud Nedo Radulovic Neil Bateman Neil Brett Neil Farren Neil Hopwood Nelson Badillo Nevil Wigbels Nicholas Chong Nicholas Gregory Nick Claydon Nick Degnan Nick Garland Nick Thornhill Nick Weekes Nico Ernst Nicolas Balland Nicolas Flamand Nigel Teags Niklas Silen Nils Ruwisch Norman Morton Oli Gill Oliver Ginzel Oliver Goehring Oliver Kaiser Oliver Rademacher Oliver Schwing Omar El-Edrissi Ornulf Hagen Oscar Perez Oyvind Nordahl Oyvind Nordbo Pablo Sanchez Parker Korpak Pascal Gatsu Pascal Meyrou Pascal Welsch Patrick Dobler Patrick Gleichmann Patrick Gries Patrick Kulinski Patrick Leventhal Patrick Pomes Patrick Seeger Patrick Strippel Patrick Theysohn Patrik Marek Paul Coburn Paul DeBili Paul Hahn Paul Jackson Paul Pridham Paul Stolber Paul Taylor Paul van der Linden Paul Velasco Paul Walker Paul Yeung Pedro Antunes Pedro Braz Caria Pedro Grave Pedro Rodrigues Per Ricktun Per Rosing Mogensen Peter Andersson Peter Avelovski Peter Boutestijn Peter Chalmers Peter Karanitsch Peter Klawitter Peter Kless Peter Marquardt Peter Stuart Peter Swiatek Peter Vermeulen Petr Strecker Petr Vojkovsky Petri Niemenmaa Phil Denty Philip Bocock Philipp Ackermann Philipp Enderes Philipp Stratmann Philippe Dufour Phillip Jones Pierre Irby Pilaud Fabien Pontus Skoglund Prayoga Hadi Setiawan Quentin Laveau Rafael Sempruch Rafal Ranuszkiewicz Raffaele La Sala Raj Sharma Ralf Huisman Ralf Truttmann Ralph Burger Rambert Yohann Ramiro Correa Randall Kipker Randall Kravarik Ray Heimbuch Raymond de Vries Rene Guenon Rene Liivanurm Rene Owara Rene Regatschnig Rene Wehrmann Reto Marti Reto Marty Ricardo Almeida Richard Barrett Richard Booms Richard Cook Richard Navone Richard Touzimsky Rikki Jenkins Riley Lucier Rob Cowing Rob Denekamp Rob Greenhalgh Rob Huxtable Rob Massen Rob Simms Rob Thompsett Robby Timmermans Robert Dekker Robert Evans Robert Gardiner Robert Lidstrom Robert Lineburg Robert Reagh Robert Schulze Robert Stuart Robert Yates Rodney Tawia Roel de Meulder Roger Graham Roger Prynne Rogier Schaap Roland Franzl Roland Krystaszek Roland Respondek Romain Belorgey Romain Capdeville Romain Rukse Roman Mika Ronald Scheerder Ross Drinkwater Rouch Jean-Guillaume Roucourt Rony Roy Butler Ruedi Zimmermann Rune Morling Ryan Conaway Ryan Parker Ryan Richter Saidur Ali Sam Blease Sampo Jarvinen Sampo Mustonen Samuel Lobietti Samuel Painchaud Sandeep Singh Dhanjal Sander Keus Sascha Haub Sascha Straub Savelkoul Tom Scott Adair Scott Coleman Scott Gibson Scott Hoarty Scott Richardson Sean Foster Sean Lobjoit Sebastian Brunner Sebastian Krogull Sebastian Pechner Sebastian Schillag Sebastian Schlager Sebastian Schweiger Sebastian Wokraczka Sebastien Guglielmi Sebastien roubinet Shane Leksell Shane Stoney Shawn Silsbee Shayne Joseph Paul Shogo Kihara Silas Greiner Silvio Carlos Camolesi Silvio Szekely Simon Bresche Simon Davey Simon Hannaford Simon Hodge Simon Messerli Simon Paynton Simon Reed Simon Welch Simone Barisonzi Sofian Moukhaiar-Senac Spencer McCarthy Stef Volckaerts Stefan Almeida Stefan Biley Stefan Bosch Stefan Delalut Stefan Forster Stefan Hennig Stefan Ihl Stefan Jeppesen Stefan Monz Stefan Nydegger Stefan Oberboersch Stefan Pagenberg Stefan Pitzl Stefan Sulies Stefano Malnati Stefano Pecchio Stefano Pianoterra Steffen Deszczka Stella Lionel Stephan Czekay Stephan Goldenberg Stephan Prinz Stephane Sola Stephen Bacchus Stephen Jubb Stephen Kelly Stephen Way Stephen White Steve Berwald Steve Bird Steve Hew Steve Hoessler Steve Jones Steve Redding Steve Swangler Steve Unsen Steve White Steven Beyer Steven Johnson Steven Labbe Stuart Phillips Suzuki Ryouhei Svein Andre Nilsen Sven Bender Sven Lippmann Sven Ungerecht Sylvain Antoni Sylvain Caillat Tapio Vepsalainen Tatu Teittinen Teddy Yeboah Teemu Koskinen Terrell Olvera Tetsuo Kimura Thibault Scheffmann Thierry Chabanne Thierry Degeilh Thilo Ascher Thomas Einoeder Thomas Goesling Thomas Groener Thomas Hirschi Thomas Hoenen Thomas Keaveney Thomas Kloeters Thomas Knecht Thomas Lademann Thomas Lund Thomas Mayrhofer Thomas Mouren Thorsten Lingnau Tiago Fortuna Till Grapentin Tim Cox Tim Eles Tim Foster Tim Lundy Tim Venker Tim Wielens Timi Tuohenmaa Tobias Gloeckner Tobias Kiel Tobias Scheit Todd Norbury Tom Cornwell Tom Erik Risan Tom Goad Tom Ivar Arntsen Tom Pettersson Tommaso Rossato Tonny Draijer Tony Bull Tony Richards Tony Rickard Tony Ward Torsten Schmitt Travis Lamming Trent White Trever Braun Trevor Austin Tristan Matheson-Mayne Tyler Sinquefield Ulrich Diedrichsen Valerio Giolitto Victor Moraal Vikram Subramaniam Vincent Boulard Vincent Druart Vincent Zijlstra Vincenzo Giagheddu Vladimir Kulev Volker Keim Volker Wenski Warren Murfin William Fisher Wolf Herold Wolfgang Reh Xavier Bourgeois Xiong Yang Xristo Papageorgas Yann Kowalkiewicz Yannick Prevot Yannick Steinhauer Youcef Benyarou Zdeno Kubina Ziyu Guo <emptyline> <emptyline> <emptyline>  <position> Supported by <list> Adam Dougherty Adam Rusling Aleksi Marjusaari Alex Day Alex Salmon Alexandre Bersano Alfiero Ventura Alizard Christian Anders Wallgren Andre Gava Andre Marcos Andrea Bona Andrej Lueders Andrew Banfield Anthony Labarre Anton Volkov Arne Pannecoucque Avenel Adrien Bart Van den Broeck Bastian Schings Beeck Wolfgang Benjamin Alapetite Benjamin Aul Benjamin Schuette Benny Dean Bernd Ohlsen Bevan Roberts Brady Warren Brendan Langlois Brett Loubser Brian George Brock Williams Bruce Maytum Carion Guillaume Cesar Correa Chad Kopec Charles Verity Chee Hoe Lau Chris Lessig Christian Heinlein Christian Nutz Christoff Rampf Clive Reeves Damian Papen Dan Britton Dan Stockwell Daniel Borges Daniel Hedman Daniel Holbling Daniel Sipowicz Daniel Thomazelli Darley Laetitia Dave Peat David Filippone David Golob David Gross David LeGresley David Sosnowski Dennis Hart Diego Colafabio Diego Xavier Dominik Pflegerl Dominik Uebelhoer Donald Brooks Douglas Ries Dustin Ward Enrico Weichhold Enrique Nava Gonzalez Enrique Perez Cabedo Eric Dufour Eric Koudijs Fabian Kraus Fabien Bouteuil Fabrice Tessier Finn Verkerk Florian Laub Frank Lobers Freulon Nicolas Gareth Smith Garrick Wheeler Gavin Thomas Gene Day Georgel Eric Gerard Raccio Giuliano Golfieri Gordon Mowvley Gregory Choubana Grigoli Manuel Guerin Jimmy Guillaume Cortes Guillemoto Claude Gusthiot Maxime Haroldo Dijigov Heiko Gehrig Heiko Risse Helmut Bachmayr Hirokazu Oka Hugo Vieira Humberto Barreira Iker Mingo Israel Gallegos Jan Sterba Jarno Perala Jason Betts Jason Hsu Jason Schumacher Javier Rios Joachim Koppenhoefer Joao Bonifacio Joerg Mertin Johan Malmsten Johan Sanders John Rayson Jon Grintz Jonatan Larsson Joni Harju Jordi Rodrigo Roma Juan Luis Garcia Asmar Justin White Kai Podoklinski Kay Ekanayake Keven Menard Kevin Ellis Kevin Watts Kieran Chauhan Klaus Thon Kouhei Hata Kristopher Cobb Lars Klingman Lasse Skjoett Hansen Leandro Melo Lecomte Tristan Lombard Florian Luca Perin Lukas Ljungdahl Manuel Kamela Marco Ficara Marco Mauri Mario Gilcher Mario Macri Marius Pedersen Mark Bosman Mark Bratley Mark Bushell Mark Cooke Markus Pichler Martin Bell Martin Hauber Matej Klocek Mathieu Gebel Matt Cocks Matthew Cholerton Matthew Kennedy Matthew Thomas Maxime Monnet Meier Michael Mevlut Koc Michael Decker Michael Dorn Michael Konrad Michael Lorenz Michael McEvoy Michael Miesenberger Nathan Burtenshaw Nathan Jermyn Nicolas Pavie Nishan Baruah Oliver Abrahamsson Omer Candar Ondrej Vesely Pacula Martin Paolo Guiotto Pascal Groen Peter Bjoerk Peter Dimitri Peter Gertsson Peter Jamieson Philipp Eiselt Philipp Haenel Philipp Hofmaninger Philippe Evrard Quido Dekker Rafael Alcolea Rainer Huentemeier Ralf Trautwein Ralf Waspe Ramon Galera Raphael Smith Rasmus Lundstrom Rene Drawert Rene Hossfeld Richard McVeigh Robert Green Robin Sillars Roger Lee Sami Vahtera Sandro Draeger Santeri Rahkamaa Scott Haines Sebastian Barz Sebastien Milliot Simon Carbonnel Simon Strohmenger Sinan Mercan Sjoerd Huksloot Stefan Klause Stefan Krokowski Stefan Steinwasser Steffen Schluessler Stephen Collis Stephen Walsh Steve Seidelmann Teemu Karvinen Thiebault Debatty Thomas Granofszky Thomas Kramwinkel Thomas Meissner Thomas Olivaux Thomas Schleimer Thomas Wiercioch Timo Klostermann Timon Putzker Tobias Wellmann Tom Hutchins Tyler Grinnell Ulrich Straller Vinod Chandran William Parr Xabier Sanchez Yang Hongbo <emptyline> <emptyline> <emptyline>  <position> AEMS <list> Adam Stadler Adriano Sapetti Al Clarke Albert Bensusan Alejandro Fernandez Alessandro Balzan Alex Krugman Alex Meader Alex Nunez Allan Ng Andreas Eriksson Andreas Falkner Andrew Arroyo Andrew Thompson Andrew Wojteczko Andy Barnes Andy Blackmore Anna Degen Anne Bernard Anne Bernard Annemie Claesen Anthony Cheshire Aris Barios Arnold Eugenio Arthur Virapin Ashley Lynch Aurélie Glandais Autumn Soriano Beatrice Karlsson Becki Nile Ben Brown Ben Chong Ben Conrad Bisi Ezerioha Blair Dupree Blane Burnettt Bob West Boris Puddu Brad Beardow Brad Folz Brandon Adams Braun Smith Brett Hauschild Brian Dwyer Brian Knudson Bruce B. Frederick Bruce Garfield Bryan Alvardo Bryn Musselwhite Caroline Fallara Casey Cooper Johnson Charlotte Lumley Chico Kodama Chris Agajanian Chris Considine Chris Douglas Chris Protheroe Chris Raschke Chris Tague Chris Tate Christer Loow Christian Schick Christina Nielsen Christoph Ebenschwaiger Chuck Neal CJ Wilson Claudia Geissmann Clayton Triggs Clive Chapman Cory Burns Craig Cavalier Daniel Bandoly Daniel Cross Daniela Russell, Darren Geal Dave Phelps David Black David Fernandez David Isaacs David Ridley Declan Brennan Dennis Homberg Dennis Schwitzer Dirk Starksen Dirk Theimann Donnyelle Evans Dyan Williams Dylan Fraser Efrain, Enrico Diano Eji Tada Elena Azzali Elisa Mignini Emeline Wilson Emma Pastor Ethan Bregman Eunice Biondi Fabian Weingart Fiammetta Ginestra Florian Hagemann Florian Pitout Frank Rehak Fraser Handley Frederic Colaux Fu Yang Gary Fong George Ciordas George Kviloria Glen Chou Greg Gill Hannes Tribelnig Hannes Zanon Hayley Robinson Hedi Kim Helmut Wahl Hikaru Fujii Hiroshi Sano Hunter Skipworth Hyodo Tomomi Ian Briggs J. David Rich Jacob Agajanian James Crook James Hinchcliffe James Kirkham James Nagahashi James Rumsey Jane Mcleod Jarrod Stapley JC Waterhouse Jeff Darks Jeff Glover Jeff Neal Jen Horsey Jeremy Peirson Jerry Thienprasiddhi Jesse Wood Jillian Scheden Jim Michaelian John Chiboroski John Church Jon Barrett Jon Denton Jordon Roberts Jorge De La Torres, Jorge Rivera Julie Peyssard Jun Imai Junichi Tokuda Justin Ocello Kai Mensing Karen Schnurr Kei Muira Keith Jones Kenji Sumino Kenny Krajnik Kevin Taylor Klarissa Freibott Kris Skellenger Kristian Berg Kristian Dean Kyle Lloyd Larry Chen Laura Clever Lauren Sheridan Linden Farrow Lindsay Ross Liza Markle Louise Price Luca Bellisomo Luca Venturi Mad Mike Whiddett Marc Lewis Marc Unger Marcel Orban Maria Pia Rocca Marie Christine Ravon Mario Di Dato Marion Eisenberger Mark Bentley Mark Jones Mark Lemmer Mark Tingey Mary Lou Haen Masaya Yumeda Mat McCallum Matt Crooke Matt Levin Matt Monroe Matt Tuccillo Matt Wright Matt Young Matteo Gianotti Matthew Levin Matthias Czabok Matthias Scheffler Max (Massimiliano) Marsiaj Michael Burch Michael Gibbs Michael Grassl Michael Keyser Michael London Michael Schneider Michael Scully Michael Shank Michael Staskin Michael Teichmann Michaela Dorcikova Michal Klouda Mike Beckhusen Mike Chung Mike Hagedorn Mike Johnson Miriam Rodriguez de Lizana Mirko Lubner Mirko Markfort Miroslav Konopka Mizoguchi Kagefumi Monica Pauperas Murray Adams Natasha Dyson Nathan Freke Nathan Shriver Neill Briggs Nicole Garside Nigel Land Pascal Ursi Pascale Fleuridas Pascale Lavie Patrick Germain Patrick Mulligan Paul Zwicky-Ross Paulo Pinheiro Peter Cunningham Phillip Grenier Pierre Nicolet Pierre Nicolet Preston Calvert Quentin Frismand Rafael Navarro Ravi Dolwani René Buttler Riccardo Pezzetta Richard Barsamian Richard Hoare Richard King Rob Barnes Robin Selbach Roman Moser Romi Diana Doser Rosella Locatelli Ryan Carpenter Ryan Davis Ryu Asada Sabrina Asperti Sam Minchington Sandrine Weyders Sandy Althaus Sarah Edlinger Scott Lindley Seadon Baker Sean Horvath Sean Kleinschuster Sebastian Bagley Sebastian Hornung Sebastian Schmalz Shige Suganuma Shinjo Tsuyoshi Silvia Montsori Simon Haas Staci Langham Stefan Steinwasser Stephanie D'aprigny Steve Fields Steve Sare Steve Vandervate Thomas Gleibs Thomas Herbst Thomas Koch Thomas Muehlenz Thomas Radkovic Timo Frings Tobias Haasis Tomo Hisanaga Toni Calderon Toni Whiddett Tony Attwood Tony Balde Toshi Nakamae Travis Montgomery Trent Goodwin Trevor Wert Valerio Piersanti Vaughn Gittin Jr Vera Wessolek Victor Carrillo Vincent Vosse Vitale Alessandro Maffezzini Wakana Kosumi Warren Overton Will Brown Willett Considine Yannick Yvin Yoshiaki Hashimura Yoshihiro Sakamoto Yoshiyasu Takezawa <emptyline> <emptyline> <emptyline>   <position> External Partners <emptyline> <list> 'FMOD studios' and 'Firelight Technologies'  <emptyline>  REV technology used under license from Crankcase Audio Inc. <emptyline>  Uses Oodle. Copyright © 2008-2017 by RAD Game Tools, inc.   <emptyline>  Uses Bink Video. Copyright © 1997 – 2017 by Rad Game Tools, Inc   <emptyline>  Development tools and related technology provided under license from Logitech.  © 2001-2017 Logitech.  All rights reserved.  <emptyline>  Trademarks, design patents and copyrights are used with the approval of  the owner of Agajanian Racing <emptyline>  “Aston Martin”, “Aston Martin Racing” and related logos and other trademarks  are owned, licensed and/or used by Aston Martin and Aston Martin Racing.   These trademarks may not be used, amended and/or reproduced without permission.  All rights are reserved. <emptyline>  Trademarks, design patents and copyrights are used with the approval of the  owner of AUDI AG <emptyline>  Trademarks, design patents and copyrights are used with the approval of  the owner of Briggs Automotive Company (BAC) Limited <emptyline>  Produced under licence from Bentley Motors Limited England. “Bentley”, the ‘B’  in wings device and other associated logos and names are trademarks of  Bentley Motors Limited. The body designs of Bentley motor cars are protected  by Bentley Motors Limited under design, trademark and trade dress regulations <emptyline>  The BMW logo and BMW wordmark are trademarks of BMW AG and are used under license. <emptyline>  General Motors Trademarks used under license to Slightly Mad Studios Ltd <emptyline>  Caterham and associated logos and trade dress are registered trademarks of  Caterham Cars Ltd and are used under license. <emptyline>  The name and design of CITROËN and DS are used with the permission of  Automobiles CITROËN <emptyline>  Produced under license of Ferrari S.p.A. The name FERRARI, the PRANCING HORSE device, all associated logos and distinctive designs are property of  Ferrari S.p.A. The body designs of the Ferrari cars are protected as  Ferrari S.p.A. property under design, trademark and trade dress regulations. <emptyline>  Ford Trademarks and Trade Dress used under license to Slightly Mad Studios Ltd <emptyline>  Trademarks, design patents and copyrights are used under licence from  Ginetta Cars Limited <emptyline>  For Honda Automobiles: Honda Official Licensed Product. Designed, manufactured and distributed by or  for Slightly Mad Studios. Honda, the “H” logo, Honda vehicles and their trade  dress, and all associated vehicle emblems, logos, marks and names are trademarks  and intellectual property of Honda Motor Co., Ltd. All rights reserved. <emptyline>  For Acura Automobiles: Acura Official Licensed Product. Designed, manufactured and distributed by or  for Slightly Mad Studios. Acura, the “A” logo, Acura vehicles and their trade  dress, and all associated vehicle emblems, logos, marks and names are trademarks  and intellectual property of Honda Motor Co., Ltd. All rights reserved." <emptyline>  Trademarks of Brickyard Trademarks Inc. used with permission <emptyline>  Jaguar and the leaper device are trademarks owned and licensed by  Jaguar Land Rover Limited <emptyline>  All KTM vehicles, vehicle names, designs and logos are trademarks of KTM AG. <emptyline>  The trademarks, copyrights and design rights in and associated with Lamborghini,  Lamborghini with Bull and Shield Device are used under license from Automobili  Lamborghini S.p.A., Italy <emptyline>  Ligier and associated logos and trade dress are registered trademarks of Everspeed  for Onroak Automotive and are used under license. <emptyline>  Approved and licensed by Classic Team Lotus Ltd <emptyline>  Mazda Motor Corporation Approval No. 20019 <emptyline>  Manufactured under license from McLaren Automotive Limited.The McLaren name  and logo are registered trademarks of McLaren <emptyline>  “Mercedes-Benz” and “Three pointed star in a ring” are trademarks of Daimler AG  and used under license by Slightly Mad Studios Ltd. <emptyline>  MITSUBISHI MOTORS and  emblems are trademarks of MITSUBISHI MOTORS CORPORATION  and used under license to Slightly Mad Studios Limited. <emptyline>  MOTUL, the MOTUL LOGO and 300 V are registered trademarks of MOTUL (SA).  All rights reserved” and the Licensed Designs are protected by“© MOTUL’s  copyright – 1995- All rights reserved <emptyline>  Trademarks of Nissan Motor Co., Ltd. used under license to Slightly Mad Studios.  81-27617-22520 <emptyline>  Trademarks, design patents and copyrights are used with the approval of the  owner of OMSE. <emptyline>  "Opel Trademarks used under license to Slightly Mad Studios Ltd - Les marques Opel  sont utilisées sous license par Slightly Mad Studios Ltd" <emptyline>  Trademarks, design patents and copyrights are used with the approval of the  owner of ORECA SAS. <emptyline>  The trademarks PAGANI and Pagani Automobili and Huayra and Zonda are registered  trademarks and used under license from HORACIO PAGANI S.P.A., Italy <emptyline>  Panoz LLC vehicle models and trademarks are subject to copyright and other  intellectual property protection. Used with permission of Panoz LLC, a division  of Green4U Technologies, Inc. All rights reserved. <emptyline>  Under License of Porsche AG <emptyline>  Radical Sportscars Official Licensed Product. Designed, manufactured and distributed  by or for Slightly Mad Studios. Radical Sports Cars, Radical, the “R” logo, Radical  vehicles and their trade dress, and all associated vehicle emblems, logos, marks and  names are trademarks and intellectual property of Radical Sportscars Limited.  All rights reserved. <emptyline>  "RENAULT Official Licensed Products. Vehicle Models and Trademarks protected by  intellectual property laws. Used with permission of RENAULT. All rights reserved" <emptyline>  Under license of Toyota Motor Corporation <emptyline>  The name and design of Autodromo Internacional Do Algarve are used with the permission  of Parkalgar - Parques Tecnologicos e Desportivos, S.A.  <emptyline>  The name and design of the Mount Panorama Motor Racing Circuit are used with the permission  of Bathurst Regional Council <emptyline>  The name and design of Brands Hatch are used with the permission of Motorsport Vision Ltd. <emptyline>  Trademarks of Automotocrom Brno,a.s. used with permission <emptyline>  The name and design of Cadwell Park are used with the permission of Motorsport Vision Ltd. <emptyline>  The name and design of Circuit de Catalunya and Circuit de Barcelona-Catalunya are used  with the permission of Circuits de Catalunya, S.L. <emptyline>  Trademarks of Circuit of the Americas LLC used with permission <emptyline>  DAYTONA® is a registered trademark of the International Speedway, Inc. and licensed to  International Speedway Corporation. <emptyline>  Trademarks and likeness of DirtFish, LLC used with permission <emptyline>  "The Donington Park name, graphic design and logo are registered and protected  under UK and European law and similarly, those copyrights of all Donington's  partners and sponsors included in the track design and layouts for this game  are also protected under relevant laws. Any unauthorised breaches, misuse,  or misrepresentation of any of these copyrights, designs and logos will be  pursued to the fullest extent of the applicable law". <emptyline>  The name and design of Dubai Autodrome circuit are used with the permission  of Dubai Autodrome LLC. <emptyline>  Fuji Speedway Copyright ©Fuji International Speedway Co., Ltd. All rights reserved. <emptyline>  Trademarks of Hockenheim-Ring GmbH used with permission <emptyline>  Trademarks of Formula Imola S.P.A. used with permission <emptyline>  Trademarks of Brickyard Trademarks Inc. used with permission <emptyline>  Trademarks of Knockhill Racing Circuit Ltd used with permission <emptyline>  Trademarks of Sports car Racing Association of the Monterey Peninsula  "SCRAMP" used with permission <emptyline>  Slightly Mad Studios usage of Lånkebanen's/HellRX's track design is licensed  and approved by NAF Motorsport Trøndelag <emptyline>  24H Le Mans official Licensed product. Le Mans TM 2017. <emptyline>  Rallycross Lohéac - trademark of Association Sportive du Rallycross de Lohéac  - France used under license to Slightly Mad Studios Ltd <emptyline>  Trademarks of Grand Prix Association of Long Beach, LLC. used with permission <emptyline>  The name and design of the Lydden Hill Race Circuit are used with the permission of  Lydden Race Circuit Ltd. <emptyline>  The likeness and trade dress of the Track “Autodromo Nazionale Monza” , the name of  the track and the associated logos are exclusive properties of S.I.A.S. S.p.A. -  Autodromo Nazionale Monza. <emptyline>  The name and design of the Nürburgring Race Circuits are used with the permission of  capricorn Nürburgring GmbH. <emptyline>  The name and design of the Motorsport Arena Oschersleben are used with the permission of  Motorsport Arena Oschersleben GmbH. <emptyline>  The name and design of Oulton Park are used with the permission of Motorsport Vision Ltd. <emptyline>  Under License of Porsche AG <emptyline>  Trademarks of Projekt Spielberg GmbH & Co KG used with permission <emptyline>  The name and design of Road America are used with the permission of  Road America Inc. <emptyline>  “Red Bull® Marks are licensed by Red Bull GmbH/Austria” <emptyline>  The name and design of Ruapuna Park are used with the permission of  The Canterbury Car Club. <emptyline>  © Silverstone Circuits Limited 2017 <emptyline>  The name and design of Snetterton are used with the permission of  Motorsport Vision Ltd. <emptyline>  Sonoma Raceway is a trademark of Speedway Properties Company, LLC <emptyline>  Copyright ©SUGO Co.,Ltd. All rights reserved. <emptyline>  "Texas Motor Speedway ® is a registered trademark of Speedway Properties Company, LLC,  registered in the U.S. The Globe Logo ® is a registered trademark of Speedway Properties  Company, LLC, registered in the U.S." <emptyline>  WATKINS GLEN® is a registered trademark of the International Speedway, Inc. and licensed  to International Speedway Corporation. <emptyline>  The name and design of Willow Springs International Raceway are used with the permission  of Christopher C. Huth General Manager and Owner of Willow Springs International Raceway. <emptyline>  The Track Marks, designs, logo and trademark of Zhuhai International Circuit are licensed  by Zhuhai International Circuit Ltd. <emptyline>  The name and design of Circuit Zolder are used with the permission of Circuit Zolder Inc. <emptyline>  PIRELLI and PIRELLI logo are trademarks of Pirelli & C. S.p.A.; PZERO is a trademark of  Pirelli Tyre S.p.A. All trademarks are used under license <emptyline> <emptyline> <emptyline>       	<list> <header> Project CARS 2 <emptyline> <emptyline> <position> Slightly Mad Studios <emptyline> <emptyline> <position> Head of Slightly Mad Studios <list> Ian Bell - Chief Executive Officer <emptyline> <emptyline> <emptyline>  <position> Art <list> Darren White – Art Director <emptyline> <emptyline> <emptyline>  <position> Art: Character <list> Vit Budin – Character Artist Aleš Filka – Character Artist & Animator Tomáš Flak – 2D & Concept Artist Peter Gerhát – Lead Animator  Lukas Mensik - Characters and Animations Manager Marlon R. Nunez – Character Artist & Animator František Resl – Character Artist Zbyněk Trávnický – Technical Animator <emptyline> <emptyline> <emptyline>  <position> Art: Environment <list> Mark Adams - Art Manager Luis Barata - Environment Artist Chris Barnes - Senior Environment Artist Michal Beran - Senior Environment Artist Richard Berwick - Senior Environment Artist Gary Browne - Senior Environment Artist David Brumla - Senior Environment Artist Karl Davies - Senior Environment Artist Andrea Fabris - Senior Environment Artist Dave Flynn - Senior Environment Artist Martin Franek - Environment Artist Kateřina Habrová - Environment Artist Michal Jeschke - Senior Environment Artist James Kett - Principal Artist Petr Klvač - Environment Artist Siu Jone Lee - Senior Environment Artist Andrew Liddle - Senior Environment Artist Andreas Moll - Senior Principal Artist Sven Moll - Senior Principal Artist Jan Pavelko - Environment Artist David Rezac - Senior Environment Artist Cassius Rodrigues - Senior Environment Artist Oscar Soper - Lead Environment Artist Tomas Trlica - Environment Artist Jose Perez De Vries - Senior Environment Artist Darren Wakeman - Senior Environment Artist <emptyline> <emptyline> <emptyline>  <position> Art: Vehicles  <list> Sean Barron -  Junior Vehicle Artist  Tarran Booth – Vehicle Artist Jean-François Bouchard – Senior Vehicle Artist Matt Clark - Senior Vehicle Artist Vincent Dambreville – Vehicle Artist Ivo Franic – Vehicle Artist Kreso Franic – Vehicle Artist Jan Frischkorn - Vehicle Art Manager Vicko Hazdovac – Vehicle Artist Ralph Hummerich – Vehicle Artist Kunal Jain – Vehicle Artist Daniel Karlsson - Senior Vehicle Artist Jacek Kosieradzki – Vehicle Artist Ales Ogrinc – Vehicle Artist Gustavo Olivera – Vehicle Art Lead Martin Olivera – Vehicle Artist  Stanisław Potulski – Vehicle Artist Perran Truran - Senior Vehicle Artist Jaroslav Turna - Vehicle Artist <emptyline> <emptyline> <emptyline>  <position> Audio <list> Jon Bailey – Voice Over Recording Engineer Rashid Hille – Sound Designer Eilam Hoffman – Location Sound Recordist Vanesa Lorena Tate - Head of Audio Paul Scargill - Audio Programmer Gergely Szelei - Audio Programmer László Vincze - Senior Sound Designer Lewis Williams - Junior Audio Designer <emptyline> <emptyline> <emptyline>  <position> Car Handling <list> Doug Arnao - Senior Physics / AI Engineer  Jussi Karjalainen – Handling QA Lead  Casey Ringley - Technical Vehicle Lead Andrew Weber - Physics Programmer <emptyline> <emptyline> <emptyline>  <position> Cinematics <list> Ed Mas - Video Director Paul Shuker - Cinematics and Video Assistant <emptyline> <emptyline> <emptyline>  <position> Code <list> Steve Dunn – Technical Director <emptyline> <emptyline> <emptyline>  <position> Code: Gameplay <list> Gergely Bencze - Gameplay Programmer Dominic Clarke - Gameplay Programmer  Stuart Hunt - Senior Gameplay Programmer  Bob Ives - Gameplay Programmer Anders Johansson - Lead Gameplay Programmer Michael Lalaounis - Gameplay Programmer Rick Lamb - Gameplay Programmer Are Leistad - Gameplay Programmer Martin Moravec - Gameplay Programmer Ian Sweeny - Senior Gameplay Programmer James Vipond - Gameplay Programmer Mark Watson - Senior Gameplay Programmer Steven Wright - Gameplay Programmer <emptyline> <emptyline> <emptyline>  <position> Code: Online <list> Ian Bird - Online Programmer  Thomas Gomes - Online Programmer  Victor Khomskiy - Online Programmer  Mike Laskey - Head of Online Alexandru Marian - Online Programmer Pablo Medina - Online Programmer Mike Montgomery - Online Programmer Michal Řeháček – Server Programmer Štěpán Vondrák - Online Programmer  Iain Wallington - Lead Online Programmer  James Woollard - Online Programmer <emptyline> <emptyline> <emptyline>  <position> Code: Physics & AI <list> Peter Arbet - Physics Programmer  Jiří Boldyš - Physics Programmer  Artem Ermolov - Lead Physics and AI Programmer Christian Ferrario – AI Programmer Dmitry Meleshkin - Physics Programmer  Steven Walker - Physics and AI Programmer <emptyline> <emptyline> <emptyline>  <position> Code: Render <list> Kevin Boland – Principal Render Engineer  Robert Dibley - Lead Render Programmer Tim Lewis - Render Programmer Fabio Luchetta - Senior Render Programmer  Tim Mann - Low Level Cross-Platform Render Engineer Ivo Novak – Render Programmer <emptyline> <emptyline> <emptyline>  <position> Code: Tools <list> John Atkinson – Senior Tools Programmer James Boulton - Senior Tools Programmer  Andy Clark - Lead Tools Programmer Gábor Mónus - Senior Tools Programmer Jack O’Neill - Tools Programmer Daniel Wheeler - Senior Tools Programmer <emptyline> <emptyline> <emptyline>  <position> Design <list> Andy Tudor – Creative Director  Stephen Viljoen – Game Director Matt York – Junior Designer <emptyline> <emptyline> <emptyline>  <position> Graphical User Interface <list> Laurence Alexander – UI Creator  Sean Fitzpatrick – Text Designer Damian Furlong – Senior UI Programmer Nicholas Jablonowski – Senior UI Programmer Derek Payne – Lead UI Programmer Fernando Pedace – UI Designer Andy Rogers – UI Programmer Richard Steer – Senior UI Programmer <emptyline> <emptyline> <emptyline>  <position> Mediacom <list> Joe Barron – Marketing and Esports Manager  Nathan Bell – Web and Social Media Officer Patrick Kulinski – Manual Editor Alex Martini – Head of Communications Rob Massey – Analytics Manager Melinda Neil – Licensing Manager Rob Prange – Web Content Adminstrator <emptyline> <emptyline> <emptyline>  <position> Music <list> Stephen Baysted - Composer Andy Brown - Conductor / Orchestral Contractor Amanda Cook - Musician: Acoustic Guitar Caroline Dale - Musician: Cello Peter Gregson - Musician: Cello John Harvey - Drums / Electric Guitars Jake Jackson - Score Mixer / Score Producer Susan Legg - Featured Vocalist / Piano Guy Michelmore - Additional Music Simon Whiteside - Orchestrator / Score Preparation <emptyline> Music performed by The London Metropolitan Orchestra Music recorded and mixed at Air Lyndhurst Studios, London <emptyline> <emptyline> <emptyline>  <position> Production <list> Umer Ahmad – Assistant Producer  Dave Bramhall – Senior Producer Andy Cherry – Producer Benjamin Fischer – Assistant Producer and Community Manager Jarek Kleiber – Senior Production Support Pete Morrish – Director of Production  John Wray – Production Assistant <emptyline> <emptyline> <emptyline>  <position> Quality Assurance <list> Thomas Bromyard – QA Tester  Tom Brown - QA Manager Tom Curtis - QA Lead Aaron Groves – QA Tester Viktor Kolomiets – Build Manager Filipe Malaquias – QA Tester Christopher Newsum – QA Tester Bruno Pereira – QA Tester  Angus Winnard – QA Tester <emptyline> <emptyline> <emptyline>  <position> Pro Drivers <list> Ben Collins Mitchell DeJong Oliver Eriksson   Vaughn Gittin Jr Nicolas Hamilton Tommy Milner René Rast <emptyline> <emptyline> <emptyline>  <position> Management <list> Rod Chong – Chief Commercial Officer Andy Garton - Head of Development  Ged Keaveney - Chief Technical Officer Mark Pressburg - Chief Finance Officer Frank Veyder - Chief Operations Officer <emptyline> <emptyline> <emptyline>  <position> Administration <list> Margaret Bieniek-Maluszczak - Office Administrator Sally Daligan – Reporting Manager Musanna Muhit - Officer Manager Vittorio Rapa - IT Manager Dickon Springate - Assistant Accountant  Ana Tiza - HR Manager <emptyline> <emptyline> <emptyline>  <position> Additional Vehicle Art <list> Jurgen Braem  Sebastian Brunner  Guillermo Hargreaves Alex Hobbs Eric Kuebler  Che Hoe Lau Michael Peters Mitchel Saad Christian Schmidt Nigel Teags Jaime Lopez Trujillo <emptyline> <emptyline> <emptyline>  <position> Game Babies <list> Lucas Akihito Barnes Nina Simone Bell  Emily Boland Rosalie Bouchard Matyáš Brumla Samson Clark Tabatha Clark  Sonny Alfred Curtis Enzo Dambreville Timofey Ermolov Darragh Fitzpatrick Ada Alyss Furlong Arabella Julie Hoey  Ondřej Jeschke Kika Kleiber Elisabeth Melanie Moll Ester Moravcová Charlotte Maisie O'Neill Frank Jack Sweeny Elen Travnicka Aurelia Jasmine Tudor <emptyline> <emptyline> <emptyline>  <position> Special Thanks <list> Nik Ammar Pole Position Productions  The Audio Guys <emptyline> <emptyline> <emptyline>  <position> ACME <list> Kevin Malling Julie Malling John Wang Tyson Hill Brandon Acree <emptyline> <emptyline> <emptyline>  <position> Glass Egg Digital Media  <list> Thuy Le Hoang Nguyen Tu Tran Cam <emptyline> <emptyline> <emptyline>  <position> SkinzWraps Racing <emptyline> <emptyline> <emptyline>  <position> Intel Corporation <list> George Bain Leigh Davies Bartosz Boczula Patrick J Farrell <emptyline> <emptyline> <emptyline>  <position> Technology Partners <list> Simon Newby - 6T3 Eric Mindjimba - Thrustmaster Christopher McKelvy - Oculus Rift Thomas Jackermeier - Fanatec Roy Kerkhoff - Playseat Nevil Slade - Vesaro Curtis Brown - Logitech Phil Scott - NVidia Glen Chou - True Scale Miniatures <emptyline> <emptyline> <emptyline>   <position> BANDAI NAMCO Entertainment Europe S.A.S <emptyline> <list> Goran Marinković - Producer Manuela Riboldi - Localisation Project Manager Sohail Daniel - Localisation Project Manager Franck Genty - Localisation Manager Bertrand Mangin - Quality Control Project Manager Olivier Robin - Quality Control Manager Claire McGowan - Certification Manager Stéphane Entéric - Engineering Services Project Managers Emeric Polin - Engineering Services Project Managers Samuel Gatté - Publishing & Product Support Senior Director  Chris Altiparmakis - Product Manager Arnaud Staebler - 3rd party IP Strategy and Marketing Manager Morgane Ah Kong - PR Manager Héloïse Ribeaucourt - Events Manager André Persson - PR, Communication & Events Director  Alexandre Vision-Bonnet - Game Content Analyst & Designer Jocelyn Cioffi - GES Manager Rudy Pantoustier - Junior Market Analyst Julie Joet - Market Research Manager Patrick Rose - Business & Product Analyst Alberto Gonzalez Lorca - VP Business Development Pablo Rodriguez Fernandez - Business Development Manager Denis Ferrier - Business Development Manager Vincent Hattenberger - Creative Designer Gwen Ruby - Creative Assistants Anne Laure Bouton - Creative Assistants Anthony Grabit - Community Manager Team Leader Isshak Ferdjani - European Community Managers Laurence Patey - E-Commerce Manager Romain Chantelot - CRM Project Manager Julia Crusot - CRM Project Manager Junior Lucas Guedot - Web Master Bertrand Amiard - Web Project Manager Jérôme Chatelain - Digital Sales Managers Anthony Macaré - Digital Business Unit Director Hervé Hoerdt - VP Marketing & Digital Mieko Murakami - Sales Reporting & License relation Sandrine Dubois - Packaging Project Manager  Céline Vilgicquel - Packaging Project Manager & Marketing Support Caroline Fauchille - Manufacturing & Printed Materials Director Delphine Doncieux - Supply Chain Coordinators Mike Shaw - Supply Chain Coordinators Nicolas Guérard - Supply Chain Manager Laura Testud - Manufacturing Coordinator Marine Thevenet - Lawyer Stéphanie d'Ornano - Legal Manager Frederic Armitano Grivel - SVP Legal & Business Affairs Kunio Ikoma - VP Corporate Planning & Finance Christophe Delanoy - VP Distribution Operations Masataka Nemoto - Senior Director Development Strategy & Management Yoshi Niki - SVP Production & Development Naoki Katashima - President & COO <emptyline> <emptyline> <emptyline>  <position> Local Marketing Team <list> Phil Brannelly - UK Olivier Reocreux - France Alexandre Billaud - Belgium David Razaghi - Deutschland Laura Aznar - Iberica Marco Caputo - Italy Alexandre Billaud - Netherlands  Andreas Juliusson - Nordic  George Soulogiannis - Hellas Oleg Khazhinskiy - Eastern Europe Stephen O'Leary - Australia <emptyline> <emptyline> <emptyline>  <position> GlobalStep Services Pvt. Ltd. <list> Sumit Arora - QA Director Piyoosh Sah - QA Manager Neeraj Bhardwaj - Test Coordinator Saurabh Tarolkar - Test Lead Zishan Khan - Test Lead <position> Testers <list> Keshav Subhash Kale Altaf Shabbir Pathan Kishore Kumar T S Mayank Sharma Sujata Gundewar Preetam Khomane Nirav Narendra More Dheeraj Gadve R. Chandrasekher Reddy P. Vivek Abhijit Madhukar Doiphode Prashant Gulab Medhe Rahul Saini Abhijeet G. Kakpure Pramod Hambir Vishal Kakade Sagar Dhamankar Prashant Lolage Arnold Nirmal Ashish Appaso Patil Debashish Saha Devashish Mishra Gaurav Oak Harjee Anand Harshad K Kshirsagar Himanshu Shrivastava Jasmine Bhaldar Kalpesh Deelip Chavan Kanishk Sanjay Sahay Kusumesh Vyas Latif Husain Mayur Sharad Dorle Md Ilteza Alam  Mohammad Shadab Ali Mohit Kumar Bhatnagar Pooja Rikibe Prashant Pawar Purva Zarkar Shreyas M. Ranade Simjo Simon Swapnil Najan Tejas S. Vaidya Tushar Dubey Vipul Vijaykumar Powar <emptyline> <emptyline> <emptyline>  <position> Keywords International <list> Thomas Courtonne - Project Manager  Davi Almeida de Souza - Test Lead <position> Testers <list> Grégory Alliot Moulay-Toumi Sabri Perry Mainville Virginie Cloutier-Brassard Chiara Di Modica Alessandro Tenza Manuel Ravazzini Patricia Raabe Simran Karir Sebastian Schneider Alba La Orden Garcia Clara Guzman Noelia Penin Garcia Evgeniya Kozyreva Vladimir Kozin Andrei Pivovar Adam Dabrowski Natalia Mieczynska Aleksandra Wanda Jozwiak <emptyline>  <position> Maverick Media LTD <emptyline> <emptyline> <emptyline>  <position> BANDAI NAMCO Entertainment America Inc. <emptyline>  <position> Executive Management <list> Mark Tsuji - President & CEO Hide Irie - Executive VP & COO Shuji Nakata - Executive VP & CFO <emptyline> <emptyline> <emptyline>  <position> Publishing & IP Strategy <list> Taka Akiyama - VP, Publishing & IP Strategy Tad Hirabayashi - Senior Director, Production Services Rey Jimenez - Producer Knut Grossmann - Localization Manager Carmen Vega-Reina - Localization Project Manager Takeshi Miyazoe - Senior Director, IP Strategy Shoya Yamazaki - Manager, IP Strategy Nao Takeda - Manager, IP Strategy Kyoko Acheson - Manager, IP Strategy Jhune De La Cruz - Digital Business Manager Kahlil Najar - Digital Channel Marketing Manager Garrett Miller - Digital Content Specialist David Wood - Senior Manager, Business Development Tomomi Takahashi - Administrative Assistant <emptyline> <emptyline> <emptyline>  <position> Operations <list> Hans Lui - Director, Applications & Operations Jennifer Tersigni - Senior Operations Manager David Wang - Operations Analyst Shin Young - Applications Support Specialist Miriam Beltran - Travel Administrator Korey Belanger - Office Manager <emptyline> <emptyline> <emptyline>  <position> Sales <list> Chris Gilbert - Senior Vice President of Sales & Marketing Melani Windham - Senior Director of Sales Terry Carlson - Director, Sales Operations Laura Yoshioka - Sr. Director, Retail Marketing and Merchandising Bob Johnson - Senior Channel Marketing Manager May Hayes - Senior Sales Operations Specialist <emptyline> <emptyline> <emptyline>  <position> Marketing and PR <list> Eric Hartness - Vice President of Marketing Dennis Lee - Director, Brand Marketing Raymond So - Brand Manager Denny Chiu - Director, Communications & Social Media Nick O’Leary - Senior Public Relations Specialist Jason Cline - Events Manager Alia Oda - Event Planner Dalton Link - Social Marketing & Community Manager Cyrus Wesson - Social Marketing & Community Specialist Dmitryi Khlynin - Community Specialist Jeremy Caine - Interactive Designer Michael Le - Graphic Artist <emptyline> <emptyline> <emptyline>  <position> Legal and Business Affairs <list> Martin Nguyen - Senior Associate Attorney Patrick Lundell - Associate Attorney Rafael Orozco - Associate Attorney Matthew Datum - Associate Attorney Reina Nagai - IP Administrator <emptyline> <emptyline> <emptyline>  <position> Quality Assurance <list> David Moya - QA Manager Jesse Mejia - CQC Supervisor Y Pham - Project Coordinator Johnny Moya - Senior CQC Coordinator Cameo Wininger - CQC Coordinator Jonathan Price - CQC Coordinator Matt Peterson - CQC Coordinator Merwin del Rosario - CQC Coordinator Adrian Escultura - CQC Tester Adrian Serafica - CQC Tester Arnold Feener - CQC Tester Brendan Duley - CQC Tester Dustin Tran - CQC Tester Ian Nunes - CQC Tester Josh Daily - CQC Tester Luke Gardner - CQC Tester Matthew Cain - CQC Tester Nicholas Malouf - CQC Tester Samuel Reiter - CQC Tester Steven Wilton - CQC Tester Xonie Martin - CQC Tester <emptyline> <emptyline> <emptyline>  <position> Keywords International <list> Maurizio Cigoli - QA Project Manager Luis Izquierdo - Project Lead Leonardo Akimoto - LQA Brazilian Portuguese Jose Suarez - LQA Latin American Spanish Sara Bourgeois - LQA French Canadian <emptyline> <emptyline> <emptyline>  <position> Customer Support <list> Jesus Barragan - Customer Service Manager Takumi Kobayashi - Sr. Customer Service Representatives Ryan Phung - Sr. Customer Service Representatives Michael Gu - Customer Service Representatives Ryan Hamaguchi - Customer Service Representatives <emptyline> <emptyline> <emptyline>   <position> BANDAI NAMCO Entertainment Asia Pte Ltd. <emptyline>  <list> Gerard Noonan - Senior Vice President & MD Asia & Pacific Richard Taylor - Regional Finance Director Hiroaki Ochiai - SVP Business Development Asia Pacific Jennifer Poulson - SVP Marketing Asia William Wang - Managing Director (Taiwan) Chad Park (Korea) - General Manager Rainel Tan (Singapore) - General Manager Yoichiro Mogi - IP Strategy Manager Asia Pacific Tag Chang (Korea) - Associate Product Manager Eshley Gao (Singapore) - Associate Product Manager Hailey Shin - Associate Product Assistant (Korea) Hamid Rahman - Country Manager (Hong Kong) Carrie Hsiao (Taiwan) - Marketing Manager Jung-eun Oh (Korea - Marketing Manager Ronan Fong (Hong Kong) - Marketing Manager Sophia Lek (Singapore) - Marketing Manager Debbie Chu - Product Manager & PR (Taiwan) Tobias Chang - Product Manager & PR (Taiwan) Zoe Kao - Product Manager & PR (Taiwan) Joanna Fong - PR Assistant Manager (Taiwan) Vito Lee - Marketing Assistant (Korea) Diony Kum - Marketing Assistant (Korea) Catherine Abigail Santos (Philippines) - Marketing & Accounts Executive Renee Lim - Logistics And Account Coordinator (Singapore) Jessie Hsieh - Art Designer & Operations Coordinator (Taiwan) Lin Pei Hsia - Art Designer & Operations Coordinator (Taiwan) Benny Tsai (Taiwan) - Sales Manager Nicholas Ng (Malaysia, S.E.A) - Sales Manager Peter Yang (Taiwan) - Sales Representative Angeline Ang (Singapore) - Finance Manager KD Kim (Korea) - Finance Manager Vivian Liu (Taiwan) - Finance Manager Amy Soong - Senior Accounts Executive (Singapore) Betty Chen - Accountant (Taiwan) Carol Huang - Accountant (Taiwan) Chang Yuan Gang - Localisation Manager Chloe Lee (Korea) - Localisation Manager Daniel Cao (Singapore) - Localisation Manager Ash Kim - Localisation Assistant (Korea) Tsai Mulan - Localisation Project Leader (Taiwan) Chang Kang - Traditional Chinese Localisation Team Chen Pei Yu - Traditional Chinese Localisation Team Chien Chin Hsien - Traditional Chinese Localisation Team Hsieh Wan Chi - Traditional Chinese Localisation Team Hsu Tsai Ying - Traditional Chinese Localisation Team Hsu Yu Han - Traditional Chinese Localisation Team Lee Yi Shuan - Traditional Chinese Localisation Team Lin Chih Yen - Traditional Chinese Localisation Team Chiang Chi Che - Traditional Chinese QA Project Leader  Huang Shih Wei - Traditional Chinese QA Project Leader  Yu Chiao Huai - Traditional Chinese QA Project Leader  Wang Kuan Chun - Traditional Chinese QA Project Leader  Chen Chun Chih - Traditional Chinese Localisation Tester Chen Xian Zhe - Traditional Chinese Localisation Tester Chien Shih Siang - Traditional Chinese Localisation Tester Chou Yuan - Traditional Chinese Localisation Tester Hsu Kuo Huang - Traditional Chinese Localisation Tester Wang Jing Ting - Traditional Chinese Localisation Tester Wang Yan Zhe - Traditional Chinese Localisation Tester Wu Chi An - Traditional Chinese Localisation Tester Ki Moon Lee - Korean Localisation Team Bird Lee - Korean Localisation Tester Jae Jin Yi - Korean Localisation Tester In Keon Kang - Korean Localisation Tester Ji Yeon Jung - Korean Localisation Tester Duk Woo Kim - Korean Localisation Tester AltJapan Co., Ltd - Singapore Localisation Team Ethan Sia Chee Keong - English QA Project Leader  Ahmad Fuad Bin Ahiari - Singapore Localisation Tester (NYP Intern) Damian Ang Ming Guang - Singapore Localisation Tester (NYP Intern) <emptyline> <emptyline> <emptyline>   <position> BANDAI NAMCO Entertainment Inc. <emptyline> <list> Satoshi Oshita - Executive Producer Hirotaka Reizei - Executive Producer Daisuke Uchiyama - General Producer Ryuichiro Baba - General Producer Kazutoki Kono - Chief Producer Satoshi Otsuka - International Producer Tsuyoshi Koda - International Producer Manabu Shimomoto - Producer Tomoya Yoshida - Special Thanks <emptyline> <emptyline> <emptyline>  <position> Quality Assurance - Functionality QA <list> Tomoaki Imanishi Ryou Tanaka Akihide Ono Ryuuta Sano Masashi Aoyama Kaname Nakano Takashi Shimogaito Natsuki Koyama Shinya Sasaki Kouki Iwao Masaya Nakata <emptyline> <emptyline> <emptyline>  <position> Customer Service - Quality Assurance <list> Keita Kiso Takashi Sawai Miku Takamatsu <emptyline> <emptyline> <emptyline>  <position> Promotion <list> Kenta Seino Yasuko Sato Satoshi Nakauchi Onur Guenduez <emptyline> <emptyline> <emptyline>  <position> Sales & Marketing <list> Taiki Yasuko Masaki Hoshiai Hidekazu Naito Yuta Fukami Noriyuki Tanaka Yumi Maiguma  Kazuki Konishi  <emptyline> <emptyline> <emptyline>  <position> Production Support <list> Tomomi Arakawa Tomomi Fujisawa <emptyline> <emptyline> <emptyline>  <position> Localization <list> Eiichi Ikeda Takayuki Tsuji Tatsuji Michihiro Claudio Cascone Hideyoshi Misawa <emptyline> <emptyline> <emptyline>  <position> Quality Assurance Support <list> Hiroyuki Tsujii Sho Tanaka Hiroshi Araki Megan O'leary Tatsuya Wada Kiriyo Tanaka <emptyline> <emptyline> <emptyline>  <position> WMD <position> Thank you for your continued support, we couldn't have done it without you. <emptyline>  <position> WMD VIP's <list> Alex Lindstrem David Lansade Eyal Alsaud Henning Weidhase James Loucks Kyle Pearson Ross Clabburn Sven Markowski Thomas Lockers Thomas Taschler Toni Harkonen <emptyline> <emptyline> <emptyline>  <position> Special Thanks <list> Aaron Clark Aaron Coleman Aaron Parker Aaron Ritzau Aaron Turner Adam Higgs Adam Lindsey Adam Preston Adam Sharpe Adam Viljoen Adam Wilewski Ade Young Adelaida Afonso Adrian Smith Adriano James Piras Adrien Lopes Aidan Taylor Alain Jimeno Alain Kohler Alan Bertenshaw Alan Cheung Alan Nelson Alan Smith Aldo Zampatti Alec Barker Alejandro Montero Aleksander Otterstad Aleksandr Timkov Ales Permozer Alessandro De Carolis Alessio Beninato Alessio Vismara Alex Greenland Alex Porter Alex Stahlhut Alexander Dornheim Alexander Mueller Alexander Santos Alexandre Amirizian Alexey Kuntsevich Alfie Pugh Allan T. Olsen Allen Clarke Anders Peterson Andre Henschel Andre Kaestner Andreas Gremme Andreas Hader Andreas Kittlaus Andreas Seeger Andreas Traub Andreas van Wingerden Andreas Wunder Andrej Akopian Andrej Svajger Andrew Adamson Andrew Currens Andrew Jones Andrew Moseley Andrew Myers Andrew Todd Andrew Wise Andy Edwards Andy Weinberger Ang Li Angel G Criniti Anthony Azzari Anthony Haddox Anti Telkinen Antoine le Campion Antonio Benitez Antonio Rodriguez Clotet Antony Boland Ari Antero Arnaud Hirtz Arnaud Segre Arne Jurgens Arno Bisquolm Ashley Horton Aurelien Duval Aurelien Walpen Axel Dietzel Barrett Ettel Bart van Kleven Basim Alhejaili Bastian Hellmann Benjamin Beacock Benjamin Beier Benjamin Benichou Benjamin Beyer Benjamin Fischer Benjamin Menger Benjamin Weisenfeld Benjamin Winter Bent Granheim Bernd Resch Bernd Schmidt Bernd Schwarzinger Beys Nordine Bob Romano Bohuslav Lacina Boris Demidov Botond Vasarhelyi Brad Bodily Braden Williams Bradley Parrott Bradley Rossetti Bram Vanbuel Brandon Andrew Lee Brandon Bosch Brandon Clark Brandon Limkemann Brent Blihovde Brent Seeliger Brook Murray Cameron Brewster Cameron Howell Carl Morton Carl Shaw Carlos Dominiak Carlos Esteves Cedric Flouret Chadd Lowe Charles Mader Chee Keong Lau Chihoon Ahn Choserot Michael Chris Arnett Chris Aubert Chris Baumann Chris Candelaria Chris Goatcher Chris Kunz Chris Miller Chris Morris Chris Mosley Chris Payne Chris Rae Chris Stenersen Chris Twigger Chrisi Schmidt Christiaan van Beilen Christian Banks Christian Geihe Christian Gomolka Christian Hagemann Christian Hellman Christian Mutz Christian Pabinger Christian Paul Christian Pillwein Christian Quaynor Christian Schmidt Christian Schroeder Christian Schumann Christian Steinhaeusser Christian van Rooyen Christoffer Almgren Christoph Brandstetter Christoph Laux Christoph Schmidt Christophe Cador Christophe De Greef Christopher Aspden Christopher Cassidy Christopher Davis Christopher Dorn Christopher Frantz Christopher Gray Christopher Hauser Christopher Lord Christopher McEnteer Christopher Porter Christopher Reekie Chuck Duhon CJ Yi Clement Moriceau Cleon Waterberg Clive Morrison Codrin Purice Colin McKay Condamine Florian Copin Michael Corrado Raucea Craig Jorgensen Craig Moon Craig Parkes Cyril Declercq Damian Hall Dan OBrien Dan Thorpe Daniel Bader Daniel Boeckmann Daniel Dorion Daniel Krissel Daniel Meister Daniel Perez Daniel Saik Daniela Siekiera Daniele Vianini Danny Park Danny Schmid Danny Vlaar Daren Ludvigson Darin Salisbury Dario Walker Darrel King Darren Henderson Darren Leeson Darren Muir Darren Symons Darryl Mills Dave Arthur Dave Higgs Dave Holland Dave Richardson David Allak David Bishop David Bornkessel David Burton David Commons David E. Lengel David Haggar David Ham David Ingram David Ironside David Kneller David Knipp David Majidimehr David Marin David Marquez Mato David Merino Perez David Neighbour David Payne David Pym David Saunders David Sharples David Smith David Stuecker David Summers David Vangheluwe David Vickery David Waymouth Davy Van den Abbeele Dean Welfare Denis Besic Denis Eder Martinez Pineda Dennie de Groot Dennis Pohlmann Derek Millar Derrick Ritchie Detlev Hartenstein Devin Smith Devon Massan Dirk Dietrich Dirk Voegele Dmitry Afanasyev Dominic Schoenberner Dong-Gyu Park Dong-Seok Lee Drew Mackay Drew Meisberger Duprez Laurent Dustin Johnson Edson Souza Edward Garland Edward McLean Eike Stender Elliot Janssens Eneas Martinez Costa Enrico Bertolo Enrico Gerosa Erdinc Binyal Eric Bilodeau Eric Dukes Eric Kuebler Eric Lasley Eric Mayuk Eric Schroeder Erich Christen Erich Harvey Erick Gaudreault Erik Hofmann Erik Schramm Erik Uran Erwan Decroix Erwin Berkers Espen Gundersen Espen S. Andresen Eugene Flerko Fabio Calcio-Gandino Fabrice Brigati Fabrice Jourquin Fabrice Vancomerbeck Falk Guenther Felipe Becker Felix Overroedder Felix Renneberg Ferdinand Dernai Ferdinand Schwarzer Fernando Peneda Florian Faistauer Florian Talou Florian Witte Flouret Alexandre Fontaine Loic Francesco Cinque Francis Doria Franck Darstein Franck Herve Franck Montaigne Francois Chevallier Francois Feugier Francois Heitz Frank Kleefeldt Frank Lehmann Frank Schroeder Frederic Davin Frederic Le Palud Fredrik Olofsson Friedrich Riemschneider G. Auriol Gabriel Swietlicki Gareth Harwood Gareth Robinson Gareth Vaughan Garry Holcombe Garvin Kruthof Gary Hunt Gary White Geoffrey Schild Georg Naujoks Georg Swaczyna George Brushwood George Patterson George Shannon George Usoh Gerald Scherr Gerke van Keimpema Giacomo Galeotti Gian-Luca Mateo Gianko Scaglione Gilles Eberhardt Giovanni Tomaselli Glenn Briden Goetze Tobias Gordon Hislop Graham Bartsch Graham Goodrich Graham Hawkins Graham Ritter Graham Watson Greg Corbyn Greg Pillhofer Greg Southall Greg Williams Greg Wright Gregg Mandell Guanchen Liu Guido Dettweiler Guillaume Brunner Guillermo Hargreaves Gunther Roels Gunther Wicht Hanno Peng Don Chlevl Hans Silbernagel Hans-Rolf Schade Harald Kristian Gauslaa Haroon Ashraf Hayden Purvis Heiko Wenzel Hendrik Seitz Henk de Jong Henning Schirk Herbert Waller Hermann Thomas Holger Neitzel Holzer Rene Hugh Shillingford Huib Reijnders Ian Brown Ilya Babansky Ingo Schumann Ingvar Petur Thorsteinsson Ivan Dumalovski Janjusic J Kosieradzki Jacob Urbschat-Satterfield Jagdeep Rai Jaime Lopez Trujillo Jake Southcombe James Alston James Brooks James Eavis James Lithiby James Newman James Smith James Staples James Turbett James Wall Jamie Matthews Jan Berka Jan Flieshardt Jan Fortun Jan Horsky Jan Studenski Jani Mustonen Jani Sihvonen Jannik Strelow Janusz Krasek Jared Broddle Jaroslav Kraif Jason Ganz Jason Mackay Jason Penny Jason Schmidtlein Jason Watson Javier Marcos Jay Elwanger Jay Vigo Jean Christophe Jean Marie Muggianu Jean Marth Jean-francois Le Chenechal Jean-marie Jolibois Jean-Sebastien Charlot Jean-Yves Mercy Jeff Lima Jens Hoefling Jens Schmitt Jeremy Brunel Jeremy Hittle Jeremy Spinks Jeroen van Gelder Jerome Powell Jerry Jacob Vakayil Jesko Weber Jesse Brown Jesse Fahrenkrog Jessy Burgamy Joachim Thiebe Joao Simoes Jochen Klasen Joe Borde Joe Coach Joe Moore Joe Tompkins Joel Lobo Joerg Felgendreher Joerg Giezenaar Joerg Vahldieck Joeri Blootacker Johan Kemper Johan Leroy Johan Marx Johannes Gaganas Johannes Riese Johannes Wieser John Dashey John Hargreaves John Higginbotham John Montgomery John Sant John Shore John Stegman John Tomlinson Jon Burrell Jon Davies Jon Hadden Jon Large Jon Over Jon Trotter Jonas Thomsen Jonathan Carrigan Jonathan Lamela Jonathan Le Clercq Jonathan Padilla Jonathan Vauhkonen Jonathan Waltman Joni Aaltio Joost Korngold Jordi Rodriguez Gresa Jose Anaya Jose Angel Morales Calvache Jose Rivera Joseph Gossen Joseph Marques Joseph Rampelberg Joseph Russo Joseph Schles Joseph Stearn Josh Brocksopp Joshua Healy Joshua Heising Juan Manuel Sanchez Manzano Juergen Flock Juergen Oberreiter Jukka Hautajarvi Julian Oejen Julien Boisaubert Julien Lavoie Junior Basilio Juraj Mamrilla Jurgen Braem Jussi Viljami Karjalainen Justin Gay Justin Hackett Justin Strickland Kai Lochbaum Karim Saissi Karl Mitson Karsten Kremer Karsten Schiemer Kay Schurig Keith Brunnenkant Keith Partyka Ken Owers Kent Bergstrom Kent Nielsen Kevin IJpelaan Kevin Kirkbride Kevin Lawrence Kevin McKenzie Kevin Ochoa Kevin Richardson Kevin Welsh Kieran Jones Kieran Poole Kieran Vella Kim Flawwoo Andersson Kirk Kosinski Klaus-Juergen Weber Knodel David Kobus de Villiers Konrad Kostecki Konstantin Broemmelsiek Koos Rotgans Kourattana Abhay Kowal Peter Kris Dekeyser Kristof Depreitere Kristoffer Bergset Kyfan Stevens Kyron de Haas Lacorre Mickael Nicolas Lacourte-Barbadaux Lars Rosenquist Lasse Ryhanen Laud Barnor Laurent Rizzi Laurent Zender Leander Patzak Lei Liu Leigh Renfrow Leo Graae Leon Garcia Liam Cubley Lindsay Smith Lionel Beasse Llewellyn St David Luca Antonini Luca Cambianica Luca Rassek Lucas Brits Lukas Elmer Lukas Fort Lukas Kamb Lukas van Eck Luke Wojtaszek Lyndon Wright M.J. Lisseveld Mads Krog Jensen Maik Manke Manuel Ballbe Manuel Duerr Manuel Morgenroth Marc Kressmann Marc Packenius Marc Verhoef Marcel Beck Marcel Bloch Marcel Hulsbergen Marcel Jaekel Marcel Jeske Marcel Kleene Marcel Spuehler Marcel Wernegger Marco Engelage Marco Gotz Marco Mosch Marco Olivieri Marco Roth Marcus Blech Marcus Gleitsmann Marcus Johansson Marcus Meyer Marcus Winnig Marek Haase Mario Goebbels Mario Navarrete Mario Scherrer Marius Adams Mark Abbott Mark AuBuchon Mark Barrow Mark Bevan Mark Blanes Mark Bond Mark Carbonaro Mark Doran Mark Dowling Mark Goldfinch Mark Holland Mark Laybourne Mark Leighton Mark Roberts Mark Rueb Mark Smith Mark Turnbull Mark Walker Marko Adrian Markus Beckmann Markus Falkner Markus Meyerhofer Markus Schlabritz Markus Siegmeth Markus Ullrich Marten Johansson Martin G Webb Martin Hartmann Martin Hudson Martin Kucera Martin Lorgnier Martin Schaeller Martin Skytte Martin Thielen Martin Webb Marton Szamos Martyn Breed Marvin Theel Mas Jonathan Massimiliano Franchelli Mathias Veyrun Matt Muirhead Matt O Brien Matt Pierce Matt Webb Matt York Matteo Stirati Matthew Brown Matthew Gibbs Matthew Hargreaves Matthew Julian Matthew Lewis Matthew Minson Matthew Mul Matthew Rushton Matthias Arndt Matthias Beck Matthias Dorst Matthias Jacob Matthias Neber Matthias Schonder Maurice Boeschen Maurizio Lazzeretti Maurizio Posapiano Mauro Fernandez de Bobadilla Mauro Tobon Max Spooner Maxime Parquet Maxime Platon Maximilian Woerlein Michael Ball Michael Baumert Michael Bieber Michael Colomer Michael D Mckeown Michael Dew Michael Dorricott Michael Frnka Michael Herrmann Michael Knoblach Michael Laube Michael Lehneis Michael Marhenke-Richter Michael Matzen Michael Maxwell Michael Meus Michael Milem Michael Norrby Michael Peters Michael Pleym Michael Prahl Michael Repplinger Michael Schmid Michael Steiner Michael Uth Michal Bielik Michal Sofron Michel Fouvet Mick Leighton Mikael Stanne Mike Cowing Mike Dhanpat Mike Gagg Mike Hoffmann Mike van Meerbeek Mike vom Scheidt Mikko Makela Milan Danek Milan Holt Mirko Giorgi Miroslav Bettermann Mitchel Saad Mohamed Gaalich Mohammed El Gueriri Morgan Henstridge Moritz Schickel Moriz Fischer Morten Rousing Fachmann Natan Patel Nathan Kammerud Nedo Radulovic Neil Bateman Neil Brett Neil Farren Neil Hopwood Nelson Badillo Nevil Wigbels Nicholas Chong Nicholas Gregory Nick Claydon Nick Degnan Nick Garland Nick Thornhill Nick Weekes Nico Ernst Nicolas Balland Nicolas Flamand Nigel Teags Niklas Silen Nils Ruwisch Norman Morton Oli Gill Oliver Ginzel Oliver Goehring Oliver Kaiser Oliver Rademacher Oliver Schwing Omar El-Edrissi Ornulf Hagen Oscar Perez Oyvind Nordahl Oyvind Nordbo Pablo Sanchez Parker Korpak Pascal Gatsu Pascal Meyrou Pascal Welsch Patrick Dobler Patrick Gleichmann Patrick Gries Patrick Kulinski Patrick Leventhal Patrick Pomes Patrick Seeger Patrick Strippel Patrick Theysohn Patrik Marek Paul Coburn Paul DeBili Paul Hahn Paul Jackson Paul Pridham Paul Stolber Paul Taylor Paul van der Linden Paul Velasco Paul Walker Paul Yeung Pedro Antunes Pedro Braz Caria Pedro Grave Pedro Rodrigues Per Ricktun Per Rosing Mogensen Peter Andersson Peter Avelovski Peter Boutestijn Peter Chalmers Peter Karanitsch Peter Klawitter Peter Kless Peter Marquardt Peter Stuart Peter Swiatek Peter Vermeulen Petr Strecker Petr Vojkovsky Petri Niemenmaa Phil Denty Philip Bocock Philipp Ackermann Philipp Enderes Philipp Stratmann Philippe Dufour Phillip Jones Pierre Irby Pilaud Fabien Pontus Skoglund Prayoga Hadi Setiawan Quentin Laveau Rafael Sempruch Rafal Ranuszkiewicz Raffaele La Sala Raj Sharma Ralf Huisman Ralf Truttmann Ralph Burger Rambert Yohann Ramiro Correa Randall Kipker Randall Kravarik Ray Heimbuch Raymond de Vries Rene Guenon Rene Liivanurm Rene Owara Rene Regatschnig Rene Wehrmann Reto Marti Reto Marty Ricardo Almeida Richard Barrett Richard Booms Richard Cook Richard Navone Richard Touzimsky Rikki Jenkins Riley Lucier Rob Cowing Rob Denekamp Rob Greenhalgh Rob Huxtable Rob Massen Rob Simms Rob Thompsett Robby Timmermans Robert Dekker Robert Evans Robert Gardiner Robert Lidstrom Robert Lineburg Robert Reagh Robert Schulze Robert Stuart Robert Yates Rodney Tawia Roel de Meulder Roger Graham Roger Prynne Rogier Schaap Roland Franzl Roland Krystaszek Roland Respondek Romain Belorgey Romain Capdeville Romain Rukse Roman Mika Ronald Scheerder Ross Drinkwater Rouch Jean-Guillaume Roucourt Rony Roy Butler Ruedi Zimmermann Rune Morling Ryan Conaway Ryan Parker Ryan Richter Saidur Ali Sam Blease Sampo Jarvinen Sampo Mustonen Samuel Lobietti Samuel Painchaud Sandeep Singh Dhanjal Sander Keus Sascha Haub Sascha Straub Savelkoul Tom Scott Adair Scott Coleman Scott Gibson Scott Hoarty Scott Richardson Sean Foster Sean Lobjoit Sebastian Brunner Sebastian Krogull Sebastian Pechner Sebastian Schillag Sebastian Schlager Sebastian Schweiger Sebastian Wokraczka Sebastien Guglielmi Sebastien roubinet Shane Leksell Shane Stoney Shawn Silsbee Shayne Joseph Paul Shogo Kihara Silas Greiner Silvio Carlos Camolesi Silvio Szekely Simon Bresche Simon Davey Simon Hannaford Simon Hodge Simon Messerli Simon Paynton Simon Reed Simon Welch Simone Barisonzi Sofian Moukhaiar-Senac Spencer McCarthy Stef Volckaerts Stefan Almeida Stefan Biley Stefan Bosch Stefan Delalut Stefan Forster Stefan Hennig Stefan Ihl Stefan Jeppesen Stefan Monz Stefan Nydegger Stefan Oberboersch Stefan Pagenberg Stefan Pitzl Stefan Sulies Stefano Malnati Stefano Pecchio Stefano Pianoterra Steffen Deszczka Stella Lionel Stephan Czekay Stephan Goldenberg Stephan Prinz Stephane Sola Stephen Bacchus Stephen Jubb Stephen Kelly Stephen Way Stephen White Steve Berwald Steve Bird Steve Hew Steve Hoessler Steve Jones Steve Redding Steve Swangler Steve Unsen Steve White Steven Beyer Steven Johnson Steven Labbe Stuart Phillips Suzuki Ryouhei Svein Andre Nilsen Sven Bender Sven Lippmann Sven Ungerecht Sylvain Antoni Sylvain Caillat Tapio Vepsalainen Tatu Teittinen Teddy Yeboah Teemu Koskinen Terrell Olvera Tetsuo Kimura Thibault Scheffmann Thierry Chabanne Thierry Degeilh Thilo Ascher Thomas Einoeder Thomas Goesling Thomas Groener Thomas Hirschi Thomas Hoenen Thomas Keaveney Thomas Kloeters Thomas Knecht Thomas Lademann Thomas Lund Thomas Mayrhofer Thomas Mouren Thorsten Lingnau Tiago Fortuna Till Grapentin Tim Cox Tim Eles Tim Foster Tim Lundy Tim Venker Tim Wielens Timi Tuohenmaa Tobias Gloeckner Tobias Kiel Tobias Scheit Todd Norbury Tom Cornwell Tom Erik Risan Tom Goad Tom Ivar Arntsen Tom Pettersson Tommaso Rossato Tonny Draijer Tony Bull Tony Richards Tony Rickard Tony Ward Torsten Schmitt Travis Lamming Trent White Trever Braun Trevor Austin Tristan Matheson-Mayne Tyler Sinquefield Ulrich Diedrichsen Valerio Giolitto Victor Moraal Vikram Subramaniam Vincent Boulard Vincent Druart Vincent Zijlstra Vincenzo Giagheddu Vladimir Kulev Volker Keim Volker Wenski Warren Murfin William Fisher Wolf Herold Wolfgang Reh Xavier Bourgeois Xiong Yang Xristo Papageorgas Yann Kowalkiewicz Yannick Prevot Yannick Steinhauer Youcef Benyarou Zdeno Kubina Ziyu Guo <emptyline> <emptyline> <emptyline>  <position> Supported by <list> Adam Dougherty Adam Rusling Aleksi Marjusaari Alex Day Alex Salmon Alexandre Bersano Alfiero Ventura Alizard Christian Anders Wallgren Andre Gava Andre Marcos Andrea Bona Andrej Lueders Andrew Banfield Anthony Labarre Anton Volkov Arne Pannecoucque Avenel Adrien Bart Van den Broeck Bastian Schings Beeck Wolfgang Benjamin Alapetite Benjamin Aul Benjamin Schuette Benny Dean Bernd Ohlsen Bevan Roberts Brady Warren Brendan Langlois Brett Loubser Brian George Brock Williams Bruce Maytum Carion Guillaume Cesar Correa Chad Kopec Charles Verity Chee Hoe Lau Chris Lessig Christian Heinlein Christian Nutz Christoff Rampf Clive Reeves Damian Papen Dan Britton Dan Stockwell Daniel Borges Daniel Hedman Daniel Holbling Daniel Sipowicz Daniel Thomazelli Darley Laetitia Dave Peat David Filippone David Golob David Gross David LeGresley David Sosnowski Dennis Hart Diego Colafabio Diego Xavier Dominik Pflegerl Dominik Uebelhoer Donald Brooks Douglas Ries Dustin Ward Enrico Weichhold Enrique Nava Gonzalez Enrique Perez Cabedo Eric Dufour Eric Koudijs Fabian Kraus Fabien Bouteuil Fabrice Tessier Finn Verkerk Florian Laub Frank Lobers Freulon Nicolas Gareth Smith Garrick Wheeler Gavin Thomas Gene Day Georgel Eric Gerard Raccio Giuliano Golfieri Gordon Mowvley Gregory Choubana Grigoli Manuel Guerin Jimmy Guillaume Cortes Guillemoto Claude Gusthiot Maxime Haroldo Dijigov Heiko Gehrig Heiko Risse Helmut Bachmayr Hirokazu Oka Hugo Vieira Humberto Barreira Iker Mingo Israel Gallegos Jan Sterba Jarno Perala Jason Betts Jason Hsu Jason Schumacher Javier Rios Joachim Koppenhoefer Joao Bonifacio Joerg Mertin Johan Malmsten Johan Sanders John Rayson Jon Grintz Jonatan Larsson Joni Harju Jordi Rodrigo Roma Juan Luis Garcia Asmar Justin White Kai Podoklinski Kay Ekanayake Keven Menard Kevin Ellis Kevin Watts Kieran Chauhan Klaus Thon Kouhei Hata Kristopher Cobb Lars Klingman Lasse Skjoett Hansen Leandro Melo Lecomte Tristan Lombard Florian Luca Perin Lukas Ljungdahl Manuel Kamela Marco Ficara Marco Mauri Mario Gilcher Mario Macri Marius Pedersen Mark Bosman Mark Bratley Mark Bushell Mark Cooke Markus Pichler Martin Bell Martin Hauber Matej Klocek Mathieu Gebel Matt Cocks Matthew Cholerton Matthew Kennedy Matthew Thomas Maxime Monnet Meier Michael Mevlut Koc Michael Decker Michael Dorn Michael Konrad Michael Lorenz Michael McEvoy Michael Miesenberger Nathan Burtenshaw Nathan Jermyn Nicolas Pavie Nishan Baruah Oliver Abrahamsson Omer Candar Ondrej Vesely Pacula Martin Paolo Guiotto Pascal Groen Peter Bjoerk Peter Dimitri Peter Gertsson Peter Jamieson Philipp Eiselt Philipp Haenel Philipp Hofmaninger Philippe Evrard Quido Dekker Rafael Alcolea Rainer Huentemeier Ralf Trautwein Ralf Waspe Ramon Galera Raphael Smith Rasmus Lundstrom Rene Drawert Rene Hossfeld Richard McVeigh Robert Green Robin Sillars Roger Lee Sami Vahtera Sandro Draeger Santeri Rahkamaa Scott Haines Sebastian Barz Sebastien Milliot Simon Carbonnel Simon Strohmenger Sinan Mercan Sjoerd Huksloot Stefan Klause Stefan Krokowski Stefan Steinwasser Steffen Schluessler Stephen Collis Stephen Walsh Steve Seidelmann Teemu Karvinen Thiebault Debatty Thomas Granofszky Thomas Kramwinkel Thomas Meissner Thomas Olivaux Thomas Schleimer Thomas Wiercioch Timo Klostermann Timon Putzker Tobias Wellmann Tom Hutchins Tyler Grinnell Ulrich Straller Vinod Chandran William Parr Xabier Sanchez Yang Hongbo <emptyline> <emptyline> <emptyline>  <position> AEMS <list> Adam Stadler Adriano Sapetti Al Clarke Albert Bensusan Alejandro Fernandez Alessandro Balzan Alex Krugman Alex Meader Alex Nunez Allan Ng Andreas Eriksson Andreas Falkner Andrew Arroyo Andrew Thompson Andrew Wojteczko Andy Barnes Andy Blackmore Anna Degen Anne Bernard Anne Bernard Annemie Claesen Anthony Cheshire Aris Barios Arnold Eugenio Arthur Virapin Ashley Lynch Aurélie Glandais Autumn Soriano Beatrice Karlsson Becki Nile Ben Brown Ben Chong Ben Conrad Bisi Ezerioha Blair Dupree Blane Burnettt Bob West Boris Puddu Brad Beardow Brad Folz Brandon Adams Braun Smith Brett Hauschild Brian Dwyer Brian Knudson Bruce B. Frederick Bruce Garfield Bryan Alvardo Bryn Musselwhite Caroline Fallara Casey Cooper Johnson Charlotte Lumley Chico Kodama Chris Agajanian Chris Considine Chris Douglas Chris Protheroe Chris Raschke Chris Tague Chris Tate Christer Loow Christian Schick Christina Nielsen Christoph Ebenschwaiger Chuck Neal CJ Wilson Claudia Geissmann Clayton Triggs Clive Chapman Cory Burns Craig Cavalier Daniel Bandoly Daniel Cross Daniela Russell, Darren Geal Dave Phelps David Black David Fernandez David Isaacs David Ridley Declan Brennan Dennis Homberg Dennis Schwitzer Dirk Starksen Dirk Theimann Donnyelle Evans Dyan Williams Dylan Fraser Efrain, Enrico Diano Eji Tada Elena Azzali Elisa Mignini Emeline Wilson Emma Pastor Ethan Bregman Eunice Biondi Fabian Weingart Fiammetta Ginestra Florian Hagemann Florian Pitout Frank Rehak Fraser Handley Frederic Colaux Fu Yang Gary Fong George Ciordas George Kviloria Glen Chou Greg Gill Hannes Tribelnig Hannes Zanon Hayley Robinson Hedi Kim Helmut Wahl Hikaru Fujii Hiroshi Sano Hunter Skipworth Hyodo Tomomi Ian Briggs J. David Rich Jacob Agajanian James Crook James Hinchcliffe James Kirkham James Nagahashi James Rumsey Jane Mcleod Jarrod Stapley JC Waterhouse Jeff Darks Jeff Glover Jeff Neal Jen Horsey Jeremy Peirson Jerry Thienprasiddhi Jesse Wood Jillian Scheden Jim Michaelian John Chiboroski John Church Jon Barrett Jon Denton Jordon Roberts Jorge De La Torres, Jorge Rivera Julie Peyssard Jun Imai Junichi Tokuda Justin Ocello Kai Mensing Karen Schnurr Kei Muira Keith Jones Kenji Sumino Kenny Krajnik Kevin Taylor Klarissa Freibott Kris Skellenger Kristian Berg Kristian Dean Kyle Lloyd Larry Chen Laura Clever Lauren Sheridan Linden Farrow Lindsay Ross Liza Markle Louise Price Luca Bellisomo Luca Venturi Mad Mike Whiddett Marc Lewis Marc Unger Marcel Orban Maria Pia Rocca Marie Christine Ravon Mario Di Dato Marion Eisenberger Mark Bentley Mark Jones Mark Lemmer Mark Tingey Mary Lou Haen Masaya Yumeda Mat McCallum Matt Crooke Matt Levin Matt Monroe Matt Tuccillo Matt Wright Matt Young Matteo Gianotti Matthew Levin Matthias Czabok Matthias Scheffler Max (Massimiliano) Marsiaj Michael Burch Michael Gibbs Michael Grassl Michael Keyser Michael London Michael Schneider Michael Scully Michael Shank Michael Staskin Michael Teichmann Michaela Dorcikova Michal Klouda Mike Beckhusen Mike Chung Mike Hagedorn Mike Johnson Miriam Rodriguez de Lizana Mirko Lubner Mirko Markfort Miroslav Konopka Mizoguchi Kagefumi Monica Pauperas Murray Adams Natasha Dyson Nathan Freke Nathan Shriver Neill Briggs Nicole Garside Nigel Land Pascal Ursi Pascale Fleuridas Pascale Lavie Patrick Germain Patrick Mulligan Paul Zwicky-Ross Paulo Pinheiro Peter Cunningham Phillip Grenier Pierre Nicolet Pierre Nicolet Preston Calvert Quentin Frismand Rafael Navarro Ravi Dolwani René Buttler Riccardo Pezzetta Richard Barsamian Richard Hoare Richard King Rob Barnes Robin Selbach Roman Moser Romi Diana Doser Rosella Locatelli Ryan Carpenter Ryan Davis Ryu Asada Sabrina Asperti Sam Minchington Sandrine Weyders Sandy Althaus Sarah Edlinger Scott Lindley Seadon Baker Sean Horvath Sean Kleinschuster Sebastian Bagley Sebastian Hornung Sebastian Schmalz Shige Suganuma Shinjo Tsuyoshi Silvia Montsori Simon Haas Staci Langham Stefan Steinwasser Stephanie D'aprigny Steve Fields Steve Sare Steve Vandervate Thomas Gleibs Thomas Herbst Thomas Koch Thomas Muehlenz Thomas Radkovic Timo Frings Tobias Haasis Tomo Hisanaga Toni Calderon Toni Whiddett Tony Attwood Tony Balde Toshi Nakamae Travis Montgomery Trent Goodwin Trevor Wert Valerio Piersanti Vaughn Gittin Jr Vera Wessolek Victor Carrillo Vincent Vosse Vitale Alessandro Maffezzini Wakana Kosumi Warren Overton Will Brown Willett Considine Yannick Yvin Yoshiaki Hashimura Yoshihiro Sakamoto Yoshiyasu Takezawa <emptyline> <emptyline> <emptyline>   <position> External Partners <emptyline> <list> 'FMOD studios' and 'Firelight Technologies'  <emptyline>  REV technology used under license from Crankcase Audio Inc. <emptyline>  Uses Oodle. Copyright © 2008-2017 by RAD Game Tools, inc.   <emptyline>  Uses Bink Video. Copyright © 1997 – 2017 by Rad Game Tools, Inc   <emptyline>  Development tools and related technology provided under license from Logitech.  © 2001-2017 Logitech.  All rights reserved.  <emptyline>  Trademarks, design patents and copyrights are used with the approval of  the owner of Agajanian Racing <emptyline>  “Aston Martin”, “Aston Martin Racing” and related logos and other trademarks  are owned, licensed and/or used by Aston Martin and Aston Martin Racing.   These trademarks may not be used, amended and/or reproduced without permission.  All rights are reserved. <emptyline>  Trademarks, design patents and copyrights are used with the approval of the  owner of AUDI AG <emptyline>  Trademarks, design patents and copyrights are used with the approval of  the owner of Briggs Automotive Company (BAC) Limited <emptyline>  Produced under licence from Bentley Motors Limited England. “Bentley”, the ‘B’  in wings device and other associated logos and names are trademarks of  Bentley Motors Limited. The body designs of Bentley motor cars are protected  by Bentley Motors Limited under design, trademark and trade dress regulations <emptyline>  The BMW logo and BMW wordmark are trademarks of BMW AG and are used under license. <emptyline>  General Motors Trademarks used under license to Slightly Mad Studios Ltd <emptyline>  Caterham and associated logos and trade dress are registered trademarks of  Caterham Cars Ltd and are used under license. <emptyline>  The name and design of CITROËN and DS are used with the permission of  Automobiles CITROËN <emptyline>  Produced under license of Ferrari S.p.A. The name FERRARI, the PRANCING HORSE device, all associated logos and distinctive designs are property of  Ferrari S.p.A. The body designs of the Ferrari cars are protected as  Ferrari S.p.A. property under design, trademark and trade dress regulations. <emptyline>  Ford Trademarks and Trade Dress used under license to Slightly Mad Studios Ltd <emptyline>  Trademarks, design patents and copyrights are used under licence from  Ginetta Cars Limited <emptyline>  For Honda Automobiles: Honda Official Licensed Product. Designed, manufactured and distributed by or  for Slightly Mad Studios. Honda, the “H” logo, Honda vehicles and their trade  dress, and all associated vehicle emblems, logos, marks and names are trademarks  and intellectual property of Honda Motor Co., Ltd. All rights reserved. <emptyline>  For Acura Automobiles: Acura Official Licensed Product. Designed, manufactured and distributed by or  for Slightly Mad Studios. Acura, the “A” logo, Acura vehicles and their trade  dress, and all associated vehicle emblems, logos, marks and names are trademarks  and intellectual property of Honda Motor Co., Ltd. All rights reserved." <emptyline>  Trademarks of Brickyard Trademarks Inc. used with permission <emptyline>  Jaguar and the leaper device are trademarks owned and licensed by  Jaguar Land Rover Limited <emptyline>  All KTM vehicles, vehicle names, designs and logos are trademarks of KTM AG. <emptyline>  The trademarks, copyrights and design rights in and associated with Lamborghini,  Lamborghini with Bull and Shield Device are used under license from Automobili  Lamborghini S.p.A., Italy <emptyline>  Ligier and associated logos and trade dress are registered trademarks of Everspeed  for Onroak Automotive and are used under license. <emptyline>  Approved and licensed by Classic Team Lotus Ltd <emptyline>  Mazda Motor Corporation Approval No. 20019 <emptyline>  Manufactured under license from McLaren Automotive Limited.The McLaren name  and logo are registered trademarks of McLaren <emptyline>  “Mercedes-Benz” and “Three pointed star in a ring” are trademarks of Daimler AG  and used under license by Slightly Mad Studios Ltd. <emptyline>  MITSUBISHI MOTORS and  emblems are trademarks of MITSUBISHI MOTORS CORPORATION  and used under license to Slightly Mad Studios Limited. <emptyline>  MOTUL, the MOTUL LOGO and 300 V are registered trademarks of MOTUL (SA).  All rights reserved” and the Licensed Designs are protected by“© MOTUL’s  copyright – 1995- All rights reserved <emptyline>  Trademarks of Nissan Motor Co., Ltd. used under license to Slightly Mad Studios.  81-27617-22520 <emptyline>  Trademarks, design patents and copyrights are used with the approval of the  owner of OMSE. <emptyline>  "Opel Trademarks used under license to Slightly Mad Studios Ltd - Les marques Opel  sont utilisées sous license par Slightly Mad Studios Ltd" <emptyline>  Trademarks, design patents and copyrights are used with the approval of the  owner of ORECA SAS. <emptyline>  The trademarks PAGANI and Pagani Automobili and Huayra and Zonda are registered  trademarks and used under license from HORACIO PAGANI S.P.A., Italy <emptyline>  Panoz LLC vehicle models and trademarks are subject to copyright and other  intellectual property protection. Used with permission of Panoz LLC, a division  of Green4U Technologies, Inc. All rights reserved. <emptyline>  Under License of Porsche AG <emptyline>  Radical Sportscars Official Licensed Product. Designed, manufactured and distributed  by or for Slightly Mad Studios. Radical Sports Cars, Radical, the “R” logo, Radical  vehicles and their trade dress, and all associated vehicle emblems, logos, marks and  names are trademarks and intellectual property of Radical Sportscars Limited.  All rights reserved. <emptyline>  "RENAULT Official Licensed Products. Vehicle Models and Trademarks protected by  intellectual property laws. Used with permission of RENAULT. All rights reserved" <emptyline>  Under license of Toyota Motor Corporation <emptyline>  The name and design of Autodromo Internacional Do Algarve are used with the permission  of Parkalgar - Parques Tecnologicos e Desportivos, S.A.  <emptyline>  The name and design of the Mount Panorama Motor Racing Circuit are used with the permission  of Bathurst Regional Council <emptyline>  The name and design of Brands Hatch are used with the permission of Motorsport Vision Ltd. <emptyline>  Trademarks of Automotocrom Brno,a.s. used with permission <emptyline>  The name and design of Cadwell Park are used with the permission of Motorsport Vision Ltd. <emptyline>  The name and design of Circuit de Catalunya and Circuit de Barcelona-Catalunya are used  with the permission of Circuits de Catalunya, S.L. <emptyline>  Trademarks of Circuit of the Americas LLC used with permission <emptyline>  DAYTONA® is a registered trademark of the International Speedway, Inc. and licensed to  International Speedway Corporation. <emptyline>  Trademarks and likeness of DirtFish, LLC used with permission <emptyline>  "The Donington Park name, graphic design and logo are registered and protected  under UK and European law and similarly, those copyrights of all Donington's  partners and sponsors included in the track design and layouts for this game  are also protected under relevant laws. Any unauthorised breaches, misuse,  or misrepresentation of any of these copyrights, designs and logos will be  pursued to the fullest extent of the applicable law". <emptyline>  The name and design of Dubai Autodrome circuit are used with the permission  of Dubai Autodrome LLC. <emptyline>  Fuji Speedway Copyright ©Fuji International Speedway Co., Ltd. All rights reserved. <emptyline>  Trademarks of Hockenheim-Ring GmbH used with permission <emptyline>  Trademarks of Formula Imola S.P.A. used with permission <emptyline>  Trademarks of Brickyard Trademarks Inc. used with permission <emptyline>  Trademarks of Knockhill Racing Circuit Ltd used with permission <emptyline>  Trademarks of Sports car Racing Association of the Monterey Peninsula  "SCRAMP" used with permission <emptyline>  Slightly Mad Studios usage of Lånkebanen's/HellRX's track design is licensed  and approved by NAF Motorsport Trøndelag <emptyline>  24H Le Mans official Licensed product. Le Mans TM 2017. <emptyline>  Rallycross Lohéac - trademark of Association Sportive du Rallycross de Lohéac  - France used under license to Slightly Mad Studios Ltd <emptyline>  Trademarks of Grand Prix Association of Long Beach, LLC. used with permission <emptyline>  The name and design of the Lydden Hill Race Circuit are used with the permission of  Lydden Race Circuit Ltd. <emptyline>  The likeness and trade dress of the Track “Autodromo Nazionale Monza” , the name of  the track and the associated logos are exclusive properties of S.I.A.S. S.p.A. -  Autodromo Nazionale Monza. <emptyline>  The name and design of the Nürburgring Race Circuits are used with the permission of  capricorn Nürburgring GmbH. <emptyline>  The name and design of the Motorsport Arena Oschersleben are used with the permission of  Motorsport Arena Oschersleben GmbH. <emptyline>  The name and design of Oulton Park are used with the permission of Motorsport Vision Ltd. <emptyline>  Under License of Porsche AG <emptyline>  Trademarks of Projekt Spielberg GmbH & Co KG used with permission <emptyline>  The name and design of Road America are used with the permission of  Road America Inc. <emptyline>  “Red Bull® Marks are licensed by Red Bull GmbH/Austria” <emptyline>  The name and design of Ruapuna Park are used with the permission of  The Canterbury Car Club. <emptyline>  © Silverstone Circuits Limited 2017 <emptyline>  The name and design of Snetterton are used with the permission of  Motorsport Vision Ltd. <emptyline>  Sonoma Raceway is a trademark of Speedway Properties Company, LLC <emptyline>  Copyright ©SUGO Co.,Ltd. All rights reserved. <emptyline>  "Texas Motor Speedway ® is a registered trademark of Speedway Properties Company, LLC,  registered in the U.S. The Globe Logo ® is a registered trademark of Speedway Properties  Company, LLC, registered in the U.S." <emptyline>  WATKINS GLEN® is a registered trademark of the International Speedway, Inc. and licensed  to International Speedway Corporation. <emptyline>  The name and design of Willow Springs International Raceway are used with the permission  of Christopher C. Huth General Manager and Owner of Willow Springs International Raceway. <emptyline>  The Track Marks, designs, logo and trademark of Zhuhai International Circuit are licensed  by Zhuhai International Circuit Ltd. <emptyline>  The name and design of Circuit Zolder are used with the permission of Circuit Zolder Inc. <emptyline>  PIRELLI and PIRELLI logo are trademarks of Pirelli & C. S.p.A.; PZERO is a trademark of  Pirelli Tyre S.p.A. All trademarks are used under license <emptyline> <emptyline> <emptyline>       	<list> <header> Project CARS 2 <emptyline> <emptyline> <position> Slightly Mad Studios <emptyline> <emptyline> <position> Head of Slightly Mad Studios <list> Ian Bell - Chief Executive Officer <emptyline> <emptyline> <emptyline>  <position> Art <list> Darren White – Art Director <emptyline> <emptyline> <emptyline>  <position> Art: Character <list> Vit Budin – Character Artist Aleš Filka – Character Artist & Animator Tomáš Flak – 2D & Concept Artist Peter Gerhát – Lead Animator  Lukas Mensik - Characters and Animations Manager Marlon R. Nunez – Character Artist & Animator František Resl – Character Artist Zbyněk Trávnický – Technical Animator <emptyline> <emptyline> <emptyline>  <position> Art: Environment <list> Mark Adams - Art Manager Luis Barata - Environment Artist Chris Barnes - Senior Environment Artist Michal Beran - Senior Environment Artist Richard Berwick - Senior Environment Artist Gary Browne - Senior Environment Artist David Brumla - Senior Environment Artist Karl Davies - Senior Environment Artist Andrea Fabris - Senior Environment Artist Dave Flynn - Senior Environment Artist Martin Franek - Environment Artist Kateřina Habrová - Environment Artist Michal Jeschke - Senior Environment Artist James Kett - Principal Artist Petr Klvač - Environment Artist Siu Jone Lee - Senior Environment Artist Andrew Liddle - Senior Environment Artist Andreas Moll - Senior Principal Artist Sven Moll - Senior Principal Artist Jan Pavelko - Environment Artist David Rezac - Senior Environment Artist Cassius Rodrigues - Senior Environment Artist Oscar Soper - Lead Environment Artist Tomas Trlica - Environment Artist Jose Perez De Vries - Senior Environment Artist Darren Wakeman - Senior Environment Artist <emptyline> <emptyline> <emptyline>  <position> Art: Vehicles  <list> Sean Barron -  Junior Vehicle Artist  Tarran Booth – Vehicle Artist Jean-François Bouchard – Senior Vehicle Artist Matt Clark - Senior Vehicle Artist Vincent Dambreville – Vehicle Artist Ivo Franic – Vehicle Artist Kreso Franic – Vehicle Artist Jan Frischkorn - Vehicle Art Manager Vicko Hazdovac – Vehicle Artist Ralph Hummerich – Vehicle Artist Kunal Jain – Vehicle Artist Daniel Karlsson - Senior Vehicle Artist Jacek Kosieradzki – Vehicle Artist Ales Ogrinc – Vehicle Artist Gustavo Olivera – Vehicle Art Lead Martin Olivera – Vehicle Artist  Stanisław Potulski – Vehicle Artist Perran Truran - Senior Vehicle Artist Jaroslav Turna - Vehicle Artist <emptyline> <emptyline> <emptyline>  <position> Audio <list> Jon Bailey – Voice Over Recording Engineer Rashid Hille – Sound Designer Eilam Hoffman – Location Sound Recordist Vanesa Lorena Tate - Head of Audio Paul Scargill - Audio Programmer Gergely Szelei - Audio Programmer László Vincze - Senior Sound Designer Lewis Williams - Junior Audio Designer <emptyline> <emptyline> <emptyline>  <position> Car Handling <list> Doug Arnao - Senior Physics / AI Engineer  Jussi Karjalainen – Handling QA Lead  Casey Ringley - Technical Vehicle Lead Andrew Weber - Physics Programmer <emptyline> <emptyline> <emptyline>  <position> Cinematics <list> Ed Mas - Video Director Paul Shuker - Cinematics and Video Assistant <emptyline> <emptyline> <emptyline>  <position> Code <list> Steve Dunn – Technical Director <emptyline> <emptyline> <emptyline>  <position> Code: Gameplay <list> Gergely Bencze - Gameplay Programmer Dominic Clarke - Gameplay Programmer  Stuart Hunt - Senior Gameplay Programmer  Bob Ives - Gameplay Programmer Anders Johansson - Lead Gameplay Programmer Michael Lalaounis - Gameplay Programmer Rick Lamb - Gameplay Programmer Are Leistad - Gameplay Programmer Martin Moravec - Gameplay Programmer Ian Sweeny - Senior Gameplay Programmer James Vipond - Gameplay Programmer Mark Watson - Senior Gameplay Programmer Steven Wright - Gameplay Programmer <emptyline> <emptyline> <emptyline>  <position> Code: Online <list> Ian Bird - Online Programmer  Thomas Gomes - Online Programmer  Victor Khomskiy - Online Programmer  Mike Laskey - Head of Online Alexandru Marian - Online Programmer Pablo Medina - Online Programmer Mike Montgomery - Online Programmer Michal Řeháček – Server Programmer Štěpán Vondrák - Online Programmer  Iain Wallington - Lead Online Programmer  James Woollard - Online Programmer <emptyline> <emptyline> <emptyline>  <position> Code: Physics & AI <list> Peter Arbet - Physics Programmer  Jiří Boldyš - Physics Programmer  Artem Ermolov - Lead Physics and AI Programmer Christian Ferrario – AI Programmer Dmitry Meleshkin - Physics Programmer  Steven Walker - Physics and AI Programmer <emptyline> <emptyline> <emptyline>  <position> Code: Render <list> Kevin Boland – Principal Render Engineer  Robert Dibley - Lead Render Programmer Tim Lewis - Render Programmer Fabio Luchetta - Senior Render Programmer  Tim Mann - Low Level Cross-Platform Render Engineer Ivo Novak – Render Programmer <emptyline> <emptyline> <emptyline>  <position> Code: Tools <list> John Atkinson – Senior Tools Programmer James Boulton - Senior Tools Programmer  Andy Clark - Lead Tools Programmer Gábor Mónus - Senior Tools Programmer Jack O’Neill - Tools Programmer Daniel Wheeler - Senior Tools Programmer <emptyline> <emptyline> <emptyline>  <position> Design <list> Andy Tudor – Creative Director  Stephen Viljoen – Game Director Matt York – Junior Designer <emptyline> <emptyline> <emptyline>  <position> Graphical User Interface <list> Laurence Alexander – UI Creator  Sean Fitzpatrick – Text Designer Damian Furlong – Senior UI Programmer Nicholas Jablonowski – Senior UI Programmer Derek Payne – Lead UI Programmer Fernando Pedace – UI Designer Andy Rogers – UI Programmer Richard Steer – Senior UI Programmer <emptyline> <emptyline> <emptyline>  <position> Mediacom <list> Joe Barron – Marketing and Esports Manager  Nathan Bell – Web and Social Media Officer Patrick Kulinski – Manual Editor Alex Martini – Head of Communications Rob Massey – Analytics Manager Melinda Neil – Licensing Manager Rob Prange – Web Content Adminstrator <emptyline> <emptyline> <emptyline>  <position> Music <list> Stephen Baysted - Composer Andy Brown - Conductor / Orchestral Contractor Amanda Cook - Musician: Acoustic Guitar Caroline Dale - Musician: Cello Peter Gregson - Musician: Cello John Harvey - Drums / Electric Guitars Jake Jackson - Score Mixer / Score Producer Susan Legg - Featured Vocalist / Piano Guy Michelmore - Additional Music Simon Whiteside - Orchestrator / Score Preparation <emptyline> Music performed by The London Metropolitan Orchestra Music recorded and mixed at Air Lyndhurst Studios, London <emptyline> <emptyline> <emptyline>  <position> Production <list> Umer Ahmad – Assistant Producer  Dave Bramhall – Senior Producer Andy Cherry – Producer Benjamin Fischer – Assistant Producer and Community Manager Jarek Kleiber – Senior Production Support Pete Morrish – Director of Production  John Wray – Production Assistant <emptyline> <emptyline> <emptyline>  <position> Quality Assurance <list> Thomas Bromyard – QA Tester  Tom Brown - QA Manager Tom Curtis - QA Lead Aaron Groves – QA Tester Viktor Kolomiets – Build Manager Filipe Malaquias – QA Tester Christopher Newsum – QA Tester Bruno Pereira – QA Tester  Angus Winnard – QA Tester <emptyline> <emptyline> <emptyline>  <position> Pro Drivers <list> Ben Collins Mitchell DeJong Oliver Eriksson   Vaughn Gittin Jr Nicolas Hamilton Tommy Milner René Rast <emptyline> <emptyline> <emptyline>  <position> Management <list> Rod Chong – Chief Commercial Officer Andy Garton - Head of Development  Ged Keaveney - Chief Technical Officer Mark Pressburg - Chief Finance Officer Frank Veyder - Chief Operations Officer <emptyline> <emptyline> <emptyline>  <position> Administration <list> Margaret Bieniek-Maluszczak - Office Administrator Sally Daligan – Reporting Manager Musanna Muhit - Officer Manager Vittorio Rapa - IT Manager Dickon Springate - Assistant Accountant  Ana Tiza - HR Manager <emptyline> <emptyline> <emptyline>  <position> Additional Vehicle Art <list> Jurgen Braem  Sebastian Brunner  Guillermo Hargreaves Alex Hobbs Eric Kuebler  Che Hoe Lau Michael Peters Mitchel Saad Christian Schmidt Nigel Teags Jaime Lopez Trujillo <emptyline> <emptyline> <emptyline>  <position> Game Babies <list> Lucas Akihito Barnes Nina Simone Bell  Emily Boland Rosalie Bouchard Matyáš Brumla Samson Clark Tabatha Clark  Sonny Alfred Curtis Enzo Dambreville Timofey Ermolov Darragh Fitzpatrick Ada Alyss Furlong Arabella Julie Hoey  Ondřej Jeschke Kika Kleiber Elisabeth Melanie Moll Ester Moravcová Charlotte Maisie O'Neill Frank Jack Sweeny Elen Travnicka Aurelia Jasmine Tudor <emptyline> <emptyline> <emptyline>  <position> Special Thanks <list> Nik Ammar Pole Position Productions  The Audio Guys <emptyline> <emptyline> <emptyline>  <position> ACME <list> Kevin Malling Julie Malling John Wang Tyson Hill Brandon Acree <emptyline> <emptyline> <emptyline>  <position> Glass Egg Digital Media  <list> Thuy Le Hoang Nguyen Tu Tran Cam <emptyline> <emptyline> <emptyline>  <position> SkinzWraps Racing <emptyline> <emptyline> <emptyline>  <position> Intel Corporation <list> George Bain Leigh Davies Bartosz Boczula Patrick J Farrell <emptyline> <emptyline> <emptyline>  <position> Technology Partners <list> Simon Newby - 6T3 Eric Mindjimba - Thrustmaster Christopher McKelvy - Oculus Rift Thomas Jackermeier - Fanatec Roy Kerkhoff - Playseat Nevil Slade - Vesaro Curtis Brown - Logitech Phil Scott - NVidia Glen Chou - True Scale Miniatures <emptyline> <emptyline> <emptyline>   <position> BANDAI NAMCO Entertainment Europe S.A.S <emptyline> <list> Goran Marinković - Producer Manuela Riboldi - Localisation Project Manager Sohail Daniel - Localisation Project Manager Franck Genty - Localisation Manager Bertrand Mangin - Quality Control Project Manager Olivier Robin - Quality Control Manager Claire McGowan - Certification Manager Stéphane Entéric - Engineering Services Project Managers Emeric Polin - Engineering Services Project Managers Samuel Gatté - Publishing & Product Support Senior Director  Chris Altiparmakis - Product Manager Arnaud Staebler - 3rd party IP Strategy and Marketing Manager Morgane Ah Kong - PR Manager Héloïse Ribeaucourt - Events Manager André Persson - PR, Communication & Events Director  Alexandre Vision-Bonnet - Game Content Analyst & Designer Jocelyn Cioffi - GES Manager Rudy Pantoustier - Junior Market Analyst Julie Joet - Market Research Manager Patrick Rose - Business & Product Analyst Alberto Gonzalez Lorca - VP Business Development Pablo Rodriguez Fernandez - Business Development Manager Denis Ferrier - Business Development Manager Vincent Hattenberger - Creative Designer Gwen Ruby - Creative Assistants Anne Laure Bouton - Creative Assistants Anthony Grabit - Community Manager Team Leader Isshak Ferdjani - European Community Managers Laurence Patey - E-Commerce Manager Romain Chantelot - CRM Project Manager Julia Crusot - CRM Project Manager Junior Lucas Guedot - Web Master Bertrand Amiard - Web Project Manager Jérôme Chatelain - Digital Sales Managers Anthony Macaré - Digital Business Unit Director Hervé Hoerdt - VP Marketing & Digital Mieko Murakami - Sales Reporting & License relation Sandrine Dubois - Packaging Project Manager  Céline Vilgicquel - Packaging Project Manager & Marketing Support Caroline Fauchille - Manufacturing & Printed Materials Director Delphine Doncieux - Supply Chain Coordinators Mike Shaw - Supply Chain Coordinators Nicolas Guérard - Supply Chain Manager Laura Testud - Manufacturing Coordinator Marine Thevenet - Lawyer Stéphanie d'Ornano - Legal Manager Frederic Armitano Grivel - SVP Legal & Business Affairs Kunio Ikoma - VP Corporate Planning & Finance Christophe Delanoy - VP Distribution Operations Masataka Nemoto - Senior Director Development Strategy & Management Yoshi Niki - SVP Production & Development Naoki Katashima - President & COO <emptyline> <emptyline> <emptyline>  <position> Local Marketing Team <list> Phil Brannelly - UK Olivier Reocreux - France Alexandre Billaud - Belgium David Razaghi - Deutschland Laura Aznar - Iberica Marco Caputo - Italy Alexandre Billaud - Netherlands  Andreas Juliusson - Nordic  George Soulogiannis - Hellas Oleg Khazhinskiy - Eastern Europe Stephen O'Leary - Australia <emptyline> <emptyline> <emptyline>  <position> GlobalStep Services Pvt. Ltd. <list> Sumit Arora - QA Director Piyoosh Sah - QA Manager Neeraj Bhardwaj - Test Coordinator Saurabh Tarolkar - Test Lead Zishan Khan - Test Lead <position> Testers <list> Keshav Subhash Kale Altaf Shabbir Pathan Kishore Kumar T S Mayank Sharma Sujata Gundewar Preetam Khomane Nirav Narendra More Dheeraj Gadve R. Chandrasekher Reddy P. Vivek Abhijit Madhukar Doiphode Prashant Gulab Medhe Rahul Saini Abhijeet G. Kakpure Pramod Hambir Vishal Kakade Sagar Dhamankar Prashant Lolage Arnold Nirmal Ashish Appaso Patil Debashish Saha Devashish Mishra Gaurav Oak Harjee Anand Harshad K Kshirsagar Himanshu Shrivastava Jasmine Bhaldar Kalpesh Deelip Chavan Kanishk Sanjay Sahay Kusumesh Vyas Latif Husain Mayur Sharad Dorle Md Ilteza Alam  Mohammad Shadab Ali Mohit Kumar Bhatnagar Pooja Rikibe Prashant Pawar Purva Zarkar Shreyas M. Ranade Simjo Simon Swapnil Najan Tejas S. Vaidya Tushar Dubey Vipul Vijaykumar Powar <emptyline> <emptyline> <emptyline>  <position> Keywords International <list> Thomas Courtonne - Project Manager  Davi Almeida de Souza - Test Lead <position> Testers <list> Grégory Alliot Moulay-Toumi Sabri Perry Mainville Virginie Cloutier-Brassard Chiara Di Modica Alessandro Tenza Manuel Ravazzini Patricia Raabe Simran Karir Sebastian Schneider Alba La Orden Garcia Clara Guzman Noelia Penin Garcia Evgeniya Kozyreva Vladimir Kozin Andrei Pivovar Adam Dabrowski Natalia Mieczynska Aleksandra Wanda Jozwiak <emptyline>  <position> Maverick Media LTD <emptyline> <emptyline> <emptyline>  <position> BANDAI NAMCO Entertainment America Inc. <emptyline>  <position> Executive Management <list> Mark Tsuji - President & CEO Hide Irie - Executive VP & COO Shuji Nakata - Executive VP & CFO <emptyline> <emptyline> <emptyline>  <position> Publishing & IP Strategy <list> Taka Akiyama - VP, Publishing & IP Strategy Tad Hirabayashi - Senior Director, Production Services Rey Jimenez - Producer Knut Grossmann - Localization Manager Carmen Vega-Reina - Localization Project Manager Takeshi Miyazoe - Senior Director, IP Strategy Shoya Yamazaki - Manager, IP Strategy Nao Takeda - Manager, IP Strategy Kyoko Acheson - Manager, IP Strategy Jhune De La Cruz - Digital Business Manager Kahlil Najar - Digital Channel Marketing Manager Garrett Miller - Digital Content Specialist David Wood - Senior Manager, Business Development Tomomi Takahashi - Administrative Assistant <emptyline> <emptyline> <emptyline>  <position> Operations <list> Hans Lui - Director, Applications & Operations Jennifer Tersigni - Senior Operations Manager David Wang - Operations Analyst Shin Young - Applications Support Specialist Miriam Beltran - Travel Administrator Korey Belanger - Office Manager <emptyline> <emptyline> <emptyline>  <position> Sales <list> Chris Gilbert - Senior Vice President of Sales & Marketing Melani Windham - Senior Director of Sales Terry Carlson - Director, Sales Operations Laura Yoshioka - Sr. Director, Retail Marketing and Merchandising Bob Johnson - Senior Channel Marketing Manager May Hayes - Senior Sales Operations Specialist <emptyline> <emptyline> <emptyline>  <position> Marketing and PR <list> Eric Hartness - Vice President of Marketing Dennis Lee - Director, Brand Marketing Raymond So - Brand Manager Denny Chiu - Director, Communications & Social Media Nick O’Leary - Senior Public Relations Specialist Jason Cline - Events Manager Alia Oda - Event Planner Dalton Link - Social Marketing & Community Manager Cyrus Wesson - Social Marketing & Community Specialist Dmitryi Khlynin - Community Specialist Jeremy Caine - Interactive Designer Michael Le - Graphic Artist <emptyline> <emptyline> <emptyline>  <position> Legal and Business Affairs <list> Martin Nguyen - Senior Associate Attorney Patrick Lundell - Associate Attorney Rafael Orozco - Associate Attorney Matthew Datum - Associate Attorney Reina Nagai - IP Administrator <emptyline> <emptyline> <emptyline>  <position> Quality Assurance <list> David Moya - QA Manager Jesse Mejia - CQC Supervisor Y Pham - Project Coordinator Johnny Moya - Senior CQC Coordinator Cameo Wininger - CQC Coordinator Jonathan Price - CQC Coordinator Matt Peterson - CQC Coordinator Merwin del Rosario - CQC Coordinator Adrian Escultura - CQC Tester Adrian Serafica - CQC Tester Arnold Feener - CQC Tester Brendan Duley - CQC Tester Dustin Tran - CQC Tester Ian Nunes - CQC Tester Josh Daily - CQC Tester Luke Gardner - CQC Tester Matthew Cain - CQC Tester Nicholas Malouf - CQC Tester Samuel Reiter - CQC Tester Steven Wilton - CQC Tester Xonie Martin - CQC Tester <emptyline> <emptyline> <emptyline>  <position> Keywords International <list> Maurizio Cigoli - QA Project Manager Luis Izquierdo - Project Lead Leonardo Akimoto - LQA Brazilian Portuguese Jose Suarez - LQA Latin American Spanish Sara Bourgeois - LQA French Canadian <emptyline> <emptyline> <emptyline>  <position> Customer Support <list> Jesus Barragan - Customer Service Manager Takumi Kobayashi - Sr. Customer Service Representatives Ryan Phung - Sr. Customer Service Representatives Michael Gu - Customer Service Representatives Ryan Hamaguchi - Customer Service Representatives <emptyline> <emptyline> <emptyline>   <position> BANDAI NAMCO Entertainment Asia Pte Ltd. <emptyline>  <list> Gerard Noonan - Senior Vice President & MD Asia & Pacific Richard Taylor - Regional Finance Director Hiroaki Ochiai - SVP Business Development Asia Pacific Jennifer Poulson - SVP Marketing Asia William Wang - Managing Director (Taiwan) Chad Park (Korea) - General Manager Rainel Tan (Singapore) - General Manager Yoichiro Mogi - IP Strategy Manager Asia Pacific Tag Chang (Korea) - Associate Product Manager Eshley Gao (Singapore) - Associate Product Manager Hailey Shin - Associate Product Assistant (Korea) Hamid Rahman - Country Manager (Hong Kong) Carrie Hsiao (Taiwan) - Marketing Manager Jung-eun Oh (Korea - Marketing Manager Ronan Fong (Hong Kong) - Marketing Manager Sophia Lek (Singapore) - Marketing Manager Debbie Chu - Product Manager & PR (Taiwan) Tobias Chang - Product Manager & PR (Taiwan) Zoe Kao - Product Manager & PR (Taiwan) Joanna Fong - PR Assistant Manager (Taiwan) Vito Lee - Marketing Assistant (Korea) Diony Kum - Marketing Assistant (Korea) Catherine Abigail Santos (Philippines) - Marketing & Accounts Executive Renee Lim - Logistics And Account Coordinator (Singapore) Jessie Hsieh - Art Designer & Operations Coordinator (Taiwan) Lin Pei Hsia - Art Designer & Operations Coordinator (Taiwan) Benny Tsai (Taiwan) - Sales Manager Nicholas Ng (Malaysia, S.E.A) - Sales Manager Peter Yang (Taiwan) - Sales Representative Angeline Ang (Singapore) - Finance Manager KD Kim (Korea) - Finance Manager Vivian Liu (Taiwan) - Finance Manager Amy Soong - Senior Accounts Executive (Singapore) Betty Chen - Accountant (Taiwan) Carol Huang - Accountant (Taiwan) Chang Yuan Gang - Localisation Manager Chloe Lee (Korea) - Localisation Manager Daniel Cao (Singapore) - Localisation Manager Ash Kim - Localisation Assistant (Korea) Tsai Mulan - Localisation Project Leader (Taiwan) Chang Kang - Traditional Chinese Localisation Team Chen Pei Yu - Traditional Chinese Localisation Team Chien Chin Hsien - Traditional Chinese Localisation Team Hsieh Wan Chi - Traditional Chinese Localisation Team Hsu Tsai Ying - Traditional Chinese Localisation Team Hsu Yu Han - Traditional Chinese Localisation Team Lee Yi Shuan - Traditional Chinese Localisation Team Lin Chih Yen - Traditional Chinese Localisation Team Chiang Chi Che - Traditional Chinese QA Project Leader  Huang Shih Wei - Traditional Chinese QA Project Leader  Yu Chiao Huai - Traditional Chinese QA Project Leader  Wang Kuan Chun - Traditional Chinese QA Project Leader  Chen Chun Chih - Traditional Chinese Localisation Tester Chen Xian Zhe - Traditional Chinese Localisation Tester Chien Shih Siang - Traditional Chinese Localisation Tester Chou Yuan - Traditional Chinese Localisation Tester Hsu Kuo Huang - Traditional Chinese Localisation Tester Wang Jing Ting - Traditional Chinese Localisation Tester Wang Yan Zhe - Traditional Chinese Localisation Tester Wu Chi An - Traditional Chinese Localisation Tester Ki Moon Lee - Korean Localisation Team Bird Lee - Korean Localisation Tester Jae Jin Yi - Korean Localisation Tester In Keon Kang - Korean Localisation Tester Ji Yeon Jung - Korean Localisation Tester Duk Woo Kim - Korean Localisation Tester AltJapan Co., Ltd - Singapore Localisation Team Ethan Sia Chee Keong - English QA Project Leader  Ahmad Fuad Bin Ahiari - Singapore Localisation Tester (NYP Intern) Damian Ang Ming Guang - Singapore Localisation Tester (NYP Intern) <emptyline> <emptyline> <emptyline>   <position> BANDAI NAMCO Entertainment Inc. <emptyline> <list> Satoshi Oshita - Executive Producer Hirotaka Reizei - Executive Producer Daisuke Uchiyama - General Producer Ryuichiro Baba - General Producer Kazutoki Kono - Chief Producer Satoshi Otsuka - International Producer Tsuyoshi Koda - International Producer Manabu Shimomoto - Producer Tomoya Yoshida - Special Thanks <emptyline> <emptyline> <emptyline>  <position> Quality Assurance - Functionality QA <list> Tomoaki Imanishi Ryou Tanaka Akihide Ono Ryuuta Sano Masashi Aoyama Kaname Nakano Takashi Shimogaito Natsuki Koyama Shinya Sasaki Kouki Iwao Masaya Nakata <emptyline> <emptyline> <emptyline>  <position> Customer Service - Quality Assurance <list> Keita Kiso Takashi Sawai Miku Takamatsu <emptyline> <emptyline> <emptyline>  <position> Promotion <list> Kenta Seino Yasuko Sato Satoshi Nakauchi Onur Guenduez <emptyline> <emptyline> <emptyline>  <position> Sales & Marketing <list> Taiki Yasuko Masaki Hoshiai Hidekazu Naito Yuta Fukami Noriyuki Tanaka Yumi Maiguma  Kazuki Konishi  <emptyline> <emptyline> <emptyline>  <position> Production Support <list> Tomomi Arakawa Tomomi Fujisawa <emptyline> <emptyline> <emptyline>  <position> Localization <list> Eiichi Ikeda Takayuki Tsuji Tatsuji Michihiro Claudio Cascone Hideyoshi Misawa <emptyline> <emptyline> <emptyline>  <position> Quality Assurance Support <list> Hiroyuki Tsujii Sho Tanaka Hiroshi Araki Megan O'leary Tatsuya Wada Kiriyo Tanaka <emptyline> <emptyline> <emptyline>  <position> WMD <position> Thank you for your continued support, we couldn't have done it without you. <emptyline>  <position> WMD VIP's <list> Alex Lindstrem David Lansade Eyal Alsaud Henning Weidhase James Loucks Kyle Pearson Ross Clabburn Sven Markowski Thomas Lockers Thomas Taschler Toni Harkonen <emptyline> <emptyline> <emptyline>  <position> Special Thanks <list> Aaron Clark Aaron Coleman Aaron Parker Aaron Ritzau Aaron Turner Adam Higgs Adam Lindsey Adam Preston Adam Sharpe Adam Viljoen Adam Wilewski Ade Young Adelaida Afonso Adrian Smith Adriano James Piras Adrien Lopes Aidan Taylor Alain Jimeno Alain Kohler Alan Bertenshaw Alan Cheung Alan Nelson Alan Smith Aldo Zampatti Alec Barker Alejandro Montero Aleksander Otterstad Aleksandr Timkov Ales Permozer Alessandro De Carolis Alessio Beninato Alessio Vismara Alex Greenland Alex Porter Alex Stahlhut Alexander Dornheim Alexander Mueller Alexander Santos Alexandre Amirizian Alexey Kuntsevich Alfie Pugh Allan T. Olsen Allen Clarke Anders Peterson Andre Henschel Andre Kaestner Andreas Gremme Andreas Hader Andreas Kittlaus Andreas Seeger Andreas Traub Andreas van Wingerden Andreas Wunder Andrej Akopian Andrej Svajger Andrew Adamson Andrew Currens Andrew Jones Andrew Moseley Andrew Myers Andrew Todd Andrew Wise Andy Edwards Andy Weinberger Ang Li Angel G Criniti Anthony Azzari Anthony Haddox Anti Telkinen Antoine le Campion Antonio Benitez Antonio Rodriguez Clotet Antony Boland Ari Antero Arnaud Hirtz Arnaud Segre Arne Jurgens Arno Bisquolm Ashley Horton Aurelien Duval Aurelien Walpen Axel Dietzel Barrett Ettel Bart van Kleven Basim Alhejaili Bastian Hellmann Benjamin Beacock Benjamin Beier Benjamin Benichou Benjamin Beyer Benjamin Fischer Benjamin Menger Benjamin Weisenfeld Benjamin Winter Bent Granheim Bernd Resch Bernd Schmidt Bernd Schwarzinger Beys Nordine Bob Romano Bohuslav Lacina Boris Demidov Botond Vasarhelyi Brad Bodily Braden Williams Bradley Parrott Bradley Rossetti Bram Vanbuel Brandon Andrew Lee Brandon Bosch Brandon Clark Brandon Limkemann Brent Blihovde Brent Seeliger Brook Murray Cameron Brewster Cameron Howell Carl Morton Carl Shaw Carlos Dominiak Carlos Esteves Cedric Flouret Chadd Lowe Charles Mader Chee Keong Lau Chihoon Ahn Choserot Michael Chris Arnett Chris Aubert Chris Baumann Chris Candelaria Chris Goatcher Chris Kunz Chris Miller Chris Morris Chris Mosley Chris Payne Chris Rae Chris Stenersen Chris Twigger Chrisi Schmidt Christiaan van Beilen Christian Banks Christian Geihe Christian Gomolka Christian Hagemann Christian Hellman Christian Mutz Christian Pabinger Christian Paul Christian Pillwein Christian Quaynor Christian Schmidt Christian Schroeder Christian Schumann Christian Steinhaeusser Christian van Rooyen Christoffer Almgren Christoph Brandstetter Christoph Laux Christoph Schmidt Christophe Cador Christophe De Greef Christopher Aspden Christopher Cassidy Christopher Davis Christopher Dorn Christopher Frantz Christopher Gray Christopher Hauser Christopher Lord Christopher McEnteer Christopher Porter Christopher Reekie Chuck Duhon CJ Yi Clement Moriceau Cleon Waterberg Clive Morrison Codrin Purice Colin McKay Condamine Florian Copin Michael Corrado Raucea Craig Jorgensen Craig Moon Craig Parkes Cyril Declercq Damian Hall Dan OBrien Dan Thorpe Daniel Bader Daniel Boeckmann Daniel Dorion Daniel Krissel Daniel Meister Daniel Perez Daniel Saik Daniela Siekiera Daniele Vianini Danny Park Danny Schmid Danny Vlaar Daren Ludvigson Darin Salisbury Dario Walker Darrel King Darren Henderson Darren Leeson Darren Muir Darren Symons Darryl Mills Dave Arthur Dave Higgs Dave Holland Dave Richardson David Allak David Bishop David Bornkessel David Burton David Commons David E. Lengel David Haggar David Ham David Ingram David Ironside David Kneller David Knipp David Majidimehr David Marin David Marquez Mato David Merino Perez David Neighbour David Payne David Pym David Saunders David Sharples David Smith David Stuecker David Summers David Vangheluwe David Vickery David Waymouth Davy Van den Abbeele Dean Welfare Denis Besic Denis Eder Martinez Pineda Dennie de Groot Dennis Pohlmann Derek Millar Derrick Ritchie Detlev Hartenstein Devin Smith Devon Massan Dirk Dietrich Dirk Voegele Dmitry Afanasyev Dominic Schoenberner Dong-Gyu Park Dong-Seok Lee Drew Mackay Drew Meisberger Duprez Laurent Dustin Johnson Edson Souza Edward Garland Edward McLean Eike Stender Elliot Janssens Eneas Martinez Costa Enrico Bertolo Enrico Gerosa Erdinc Binyal Eric Bilodeau Eric Dukes Eric Kuebler Eric Lasley Eric Mayuk Eric Schroeder Erich Christen Erich Harvey Erick Gaudreault Erik Hofmann Erik Schramm Erik Uran Erwan Decroix Erwin Berkers Espen Gundersen Espen S. Andresen Eugene Flerko Fabio Calcio-Gandino Fabrice Brigati Fabrice Jourquin Fabrice Vancomerbeck Falk Guenther Felipe Becker Felix Overroedder Felix Renneberg Ferdinand Dernai Ferdinand Schwarzer Fernando Peneda Florian Faistauer Florian Talou Florian Witte Flouret Alexandre Fontaine Loic Francesco Cinque Francis Doria Franck Darstein Franck Herve Franck Montaigne Francois Chevallier Francois Feugier Francois Heitz Frank Kleefeldt Frank Lehmann Frank Schroeder Frederic Davin Frederic Le Palud Fredrik Olofsson Friedrich Riemschneider G. Auriol Gabriel Swietlicki Gareth Harwood Gareth Robinson Gareth Vaughan Garry Holcombe Garvin Kruthof Gary Hunt Gary White Geoffrey Schild Georg Naujoks Georg Swaczyna George Brushwood George Patterson George Shannon George Usoh Gerald Scherr Gerke van Keimpema Giacomo Galeotti Gian-Luca Mateo Gianko Scaglione Gilles Eberhardt Giovanni Tomaselli Glenn Briden Goetze Tobias Gordon Hislop Graham Bartsch Graham Goodrich Graham Hawkins Graham Ritter Graham Watson Greg Corbyn Greg Pillhofer Greg Southall Greg Williams Greg Wright Gregg Mandell Guanchen Liu Guido Dettweiler Guillaume Brunner Guillermo Hargreaves Gunther Roels Gunther Wicht Hanno Peng Don Chlevl Hans Silbernagel Hans-Rolf Schade Harald Kristian Gauslaa Haroon Ashraf Hayden Purvis Heiko Wenzel Hendrik Seitz Henk de Jong Henning Schirk Herbert Waller Hermann Thomas Holger Neitzel Holzer Rene Hugh Shillingford Huib Reijnders Ian Brown Ilya Babansky Ingo Schumann Ingvar Petur Thorsteinsson Ivan Dumalovski Janjusic J Kosieradzki Jacob Urbschat-Satterfield Jagdeep Rai Jaime Lopez Trujillo Jake Southcombe James Alston James Brooks James Eavis James Lithiby James Newman James Smith James Staples James Turbett James Wall Jamie Matthews Jan Berka Jan Flieshardt Jan Fortun Jan Horsky Jan Studenski Jani Mustonen Jani Sihvonen Jannik Strelow Janusz Krasek Jared Broddle Jaroslav Kraif Jason Ganz Jason Mackay Jason Penny Jason Schmidtlein Jason Watson Javier Marcos Jay Elwanger Jay Vigo Jean Christophe Jean Marie Muggianu Jean Marth Jean-francois Le Chenechal Jean-marie Jolibois Jean-Sebastien Charlot Jean-Yves Mercy Jeff Lima Jens Hoefling Jens Schmitt Jeremy Brunel Jeremy Hittle Jeremy Spinks Jeroen van Gelder Jerome Powell Jerry Jacob Vakayil Jesko Weber Jesse Brown Jesse Fahrenkrog Jessy Burgamy Joachim Thiebe Joao Simoes Jochen Klasen Joe Borde Joe Coach Joe Moore Joe Tompkins Joel Lobo Joerg Felgendreher Joerg Giezenaar Joerg Vahldieck Joeri Blootacker Johan Kemper Johan Leroy Johan Marx Johannes Gaganas Johannes Riese Johannes Wieser John Dashey John Hargreaves John Higginbotham John Montgomery John Sant John Shore John Stegman John Tomlinson Jon Burrell Jon Davies Jon Hadden Jon Large Jon Over Jon Trotter Jonas Thomsen Jonathan Carrigan Jonathan Lamela Jonathan Le Clercq Jonathan Padilla Jonathan Vauhkonen Jonathan Waltman Joni Aaltio Joost Korngold Jordi Rodriguez Gresa Jose Anaya Jose Angel Morales Calvache Jose Rivera Joseph Gossen Joseph Marques Joseph Rampelberg Joseph Russo Joseph Schles Joseph Stearn Josh Brocksopp Joshua Healy Joshua Heising Juan Manuel Sanchez Manzano Juergen Flock Juergen Oberreiter Jukka Hautajarvi Julian Oejen Julien Boisaubert Julien Lavoie Junior Basilio Juraj Mamrilla Jurgen Braem Jussi Viljami Karjalainen Justin Gay Justin Hackett Justin Strickland Kai Lochbaum Karim Saissi Karl Mitson Karsten Kremer Karsten Schiemer Kay Schurig Keith Brunnenkant Keith Partyka Ken Owers Kent Bergstrom Kent Nielsen Kevin IJpelaan Kevin Kirkbride Kevin Lawrence Kevin McKenzie Kevin Ochoa Kevin Richardson Kevin Welsh Kieran Jones Kieran Poole Kieran Vella Kim Flawwoo Andersson Kirk Kosinski Klaus-Juergen Weber Knodel David Kobus de Villiers Konrad Kostecki Konstantin Broemmelsiek Koos Rotgans Kourattana Abhay Kowal Peter Kris Dekeyser Kristof Depreitere Kristoffer Bergset Kyfan Stevens Kyron de Haas Lacorre Mickael Nicolas Lacourte-Barbadaux Lars Rosenquist Lasse Ryhanen Laud Barnor Laurent Rizzi Laurent Zender Leander Patzak Lei Liu Leigh Renfrow Leo Graae Leon Garcia Liam Cubley Lindsay Smith Lionel Beasse Llewellyn St David Luca Antonini Luca Cambianica Luca Rassek Lucas Brits Lukas Elmer Lukas Fort Lukas Kamb Lukas van Eck Luke Wojtaszek Lyndon Wright M.J. Lisseveld Mads Krog Jensen Maik Manke Manuel Ballbe Manuel Duerr Manuel Morgenroth Marc Kressmann Marc Packenius Marc Verhoef Marcel Beck Marcel Bloch Marcel Hulsbergen Marcel Jaekel Marcel Jeske Marcel Kleene Marcel Spuehler Marcel Wernegger Marco Engelage Marco Gotz Marco Mosch Marco Olivieri Marco Roth Marcus Blech Marcus Gleitsmann Marcus Johansson Marcus Meyer Marcus Winnig Marek Haase Mario Goebbels Mario Navarrete Mario Scherrer Marius Adams Mark Abbott Mark AuBuchon Mark Barrow Mark Bevan Mark Blanes Mark Bond Mark Carbonaro Mark Doran Mark Dowling Mark Goldfinch Mark Holland Mark Laybourne Mark Leighton Mark Roberts Mark Rueb Mark Smith Mark Turnbull Mark Walker Marko Adrian Markus Beckmann Markus Falkner Markus Meyerhofer Markus Schlabritz Markus Siegmeth Markus Ullrich Marten Johansson Martin G Webb Martin Hartmann Martin Hudson Martin Kucera Martin Lorgnier Martin Schaeller Martin Skytte Martin Thielen Martin Webb Marton Szamos Martyn Breed Marvin Theel Mas Jonathan Massimiliano Franchelli Mathias Veyrun Matt Muirhead Matt O Brien Matt Pierce Matt Webb Matt York Matteo Stirati Matthew Brown Matthew Gibbs Matthew Hargreaves Matthew Julian Matthew Lewis Matthew Minson Matthew Mul Matthew Rushton Matthias Arndt Matthias Beck Matthias Dorst Matthias Jacob Matthias Neber Matthias Schonder Maurice Boeschen Maurizio Lazzeretti Maurizio Posapiano Mauro Fernandez de Bobadilla Mauro Tobon Max Spooner Maxime Parquet Maxime Platon Maximilian Woerlein Michael Ball Michael Baumert Michael Bieber Michael Colomer Michael D Mckeown Michael Dew Michael Dorricott Michael Frnka Michael Herrmann Michael Knoblach Michael Laube Michael Lehneis Michael Marhenke-Richter Michael Matzen Michael Maxwell Michael Meus Michael Milem Michael Norrby Michael Peters Michael Pleym Michael Prahl Michael Repplinger Michael Schmid Michael Steiner Michael Uth Michal Bielik Michal Sofron Michel Fouvet Mick Leighton Mikael Stanne Mike Cowing Mike Dhanpat Mike Gagg Mike Hoffmann Mike van Meerbeek Mike vom Scheidt Mikko Makela Milan Danek Milan Holt Mirko Giorgi Miroslav Bettermann Mitchel Saad Mohamed Gaalich Mohammed El Gueriri Morgan Henstridge Moritz Schickel Moriz Fischer Morten Rousing Fachmann Natan Patel Nathan Kammerud Nedo Radulovic Neil Bateman Neil Brett Neil Farren Neil Hopwood Nelson Badillo Nevil Wigbels Nicholas Chong Nicholas Gregory Nick Claydon Nick Degnan Nick Garland Nick Thornhill Nick Weekes Nico Ernst Nicolas Balland Nicolas Flamand Nigel Teags Niklas Silen Nils Ruwisch Norman Morton Oli Gill Oliver Ginzel Oliver Goehring Oliver Kaiser Oliver Rademacher Oliver Schwing Omar El-Edrissi Ornulf Hagen Oscar Perez Oyvind Nordahl Oyvind Nordbo Pablo Sanchez Parker Korpak Pascal Gatsu Pascal Meyrou Pascal Welsch Patrick Dobler Patrick Gleichmann Patrick Gries Patrick Kulinski Patrick Leventhal Patrick Pomes Patrick Seeger Patrick Strippel Patrick Theysohn Patrik Marek Paul Coburn Paul DeBili Paul Hahn Paul Jackson Paul Pridham Paul Stolber Paul Taylor Paul van der Linden Paul Velasco Paul Walker Paul Yeung Pedro Antunes Pedro Braz Caria Pedro Grave Pedro Rodrigues Per Ricktun Per Rosing Mogensen Peter Andersson Peter Avelovski Peter Boutestijn Peter Chalmers Peter Karanitsch Peter Klawitter Peter Kless Peter Marquardt Peter Stuart Peter Swiatek Peter Vermeulen Petr Strecker Petr Vojkovsky Petri Niemenmaa Phil Denty Philip Bocock Philipp Ackermann Philipp Enderes Philipp Stratmann Philippe Dufour Phillip Jones Pierre Irby Pilaud Fabien Pontus Skoglund Prayoga Hadi Setiawan Quentin Laveau Rafael Sempruch Rafal Ranuszkiewicz Raffaele La Sala Raj Sharma Ralf Huisman Ralf Truttmann Ralph Burger Rambert Yohann Ramiro Correa Randall Kipker Randall Kravarik Ray Heimbuch Raymond de Vries Rene Guenon Rene Liivanurm Rene Owara Rene Regatschnig Rene Wehrmann Reto Marti Reto Marty Ricardo Almeida Richard Barrett Richard Booms Richard Cook Richard Navone Richard Touzimsky Rikki Jenkins Riley Lucier Rob Cowing Rob Denekamp Rob Greenhalgh Rob Huxtable Rob Massen Rob Simms Rob Thompsett Robby Timmermans Robert Dekker Robert Evans Robert Gardiner Robert Lidstrom Robert Lineburg Robert Reagh Robert Schulze Robert Stuart Robert Yates Rodney Tawia Roel de Meulder Roger Graham Roger Prynne Rogier Schaap Roland Franzl Roland Krystaszek Roland Respondek Romain Belorgey Romain Capdeville Romain Rukse Roman Mika Ronald Scheerder Ross Drinkwater Rouch Jean-Guillaume Roucourt Rony Roy Butler Ruedi Zimmermann Rune Morling Ryan Conaway Ryan Parker Ryan Richter Saidur Ali Sam Blease Sampo Jarvinen Sampo Mustonen Samuel Lobietti Samuel Painchaud Sandeep Singh Dhanjal Sander Keus Sascha Haub Sascha Straub Savelkoul Tom Scott Adair Scott Coleman Scott Gibson Scott Hoarty Scott Richardson Sean Foster Sean Lobjoit Sebastian Brunner Sebastian Krogull Sebastian Pechner Sebastian Schillag Sebastian Schlager Sebastian Schweiger Sebastian Wokraczka Sebastien Guglielmi Sebastien roubinet Shane Leksell Shane Stoney Shawn Silsbee Shayne Joseph Paul Shogo Kihara Silas Greiner Silvio Carlos Camolesi Silvio Szekely Simon Bresche Simon Davey Simon Hannaford Simon Hodge Simon Messerli Simon Paynton Simon Reed Simon Welch Simone Barisonzi Sofian Moukhaiar-Senac Spencer McCarthy Stef Volckaerts Stefan Almeida Stefan Biley Stefan Bosch Stefan Delalut Stefan Forster Stefan Hennig Stefan Ihl Stefan Jeppesen Stefan Monz Stefan Nydegger Stefan Oberboersch Stefan Pagenberg Stefan Pitzl Stefan Sulies Stefano Malnati Stefano Pecchio Stefano Pianoterra Steffen Deszczka Stella Lionel Stephan Czekay Stephan Goldenberg Stephan Prinz Stephane Sola Stephen Bacchus Stephen Jubb Stephen Kelly Stephen Way Stephen White Steve Berwald Steve Bird Steve Hew Steve Hoessler Steve Jones Steve Redding Steve Swangler Steve Unsen Steve White Steven Beyer Steven Johnson Steven Labbe Stuart Phillips Suzuki Ryouhei Svein Andre Nilsen Sven Bender Sven Lippmann Sven Ungerecht Sylvain Antoni Sylvain Caillat Tapio Vepsalainen Tatu Teittinen Teddy Yeboah Teemu Koskinen Terrell Olvera Tetsuo Kimura Thibault Scheffmann Thierry Chabanne Thierry Degeilh Thilo Ascher Thomas Einoeder Thomas Goesling Thomas Groener Thomas Hirschi Thomas Hoenen Thomas Keaveney Thomas Kloeters Thomas Knecht Thomas Lademann Thomas Lund Thomas Mayrhofer Thomas Mouren Thorsten Lingnau Tiago Fortuna Till Grapentin Tim Cox Tim Eles Tim Foster Tim Lundy Tim Venker Tim Wielens Timi Tuohenmaa Tobias Gloeckner Tobias Kiel Tobias Scheit Todd Norbury Tom Cornwell Tom Erik Risan Tom Goad Tom Ivar Arntsen Tom Pettersson Tommaso Rossato Tonny Draijer Tony Bull Tony Richards Tony Rickard Tony Ward Torsten Schmitt Travis Lamming Trent White Trever Braun Trevor Austin Tristan Matheson-Mayne Tyler Sinquefield Ulrich Diedrichsen Valerio Giolitto Victor Moraal Vikram Subramaniam Vincent Boulard Vincent Druart Vincent Zijlstra Vincenzo Giagheddu Vladimir Kulev Volker Keim Volker Wenski Warren Murfin William Fisher Wolf Herold Wolfgang Reh Xavier Bourgeois Xiong Yang Xristo Papageorgas Yann Kowalkiewicz Yannick Prevot Yannick Steinhauer Youcef Benyarou Zdeno Kubina Ziyu Guo <emptyline> <emptyline> <emptyline>  <position> Supported by <list> Adam Dougherty Adam Rusling Aleksi Marjusaari Alex Day Alex Salmon Alexandre Bersano Alfiero Ventura Alizard Christian Anders Wallgren Andre Gava Andre Marcos Andrea Bona Andrej Lueders Andrew Banfield Anthony Labarre Anton Volkov Arne Pannecoucque Avenel Adrien Bart Van den Broeck Bastian Schings Beeck Wolfgang Benjamin Alapetite Benjamin Aul Benjamin Schuette Benny Dean Bernd Ohlsen Bevan Roberts Brady Warren Brendan Langlois Brett Loubser Brian George Brock Williams Bruce Maytum Carion Guillaume Cesar Correa Chad Kopec Charles Verity Chee Hoe Lau Chris Lessig Christian Heinlein Christian Nutz Christoff Rampf Clive Reeves Damian Papen Dan Britton Dan Stockwell Daniel Borges Daniel Hedman Daniel Holbling Daniel Sipowicz Daniel Thomazelli Darley Laetitia Dave Peat David Filippone David Golob David Gross David LeGresley David Sosnowski Dennis Hart Diego Colafabio Diego Xavier Dominik Pflegerl Dominik Uebelhoer Donald Brooks Douglas Ries Dustin Ward Enrico Weichhold Enrique Nava Gonzalez Enrique Perez Cabedo Eric Dufour Eric Koudijs Fabian Kraus Fabien Bouteuil Fabrice Tessier Finn Verkerk Florian Laub Frank Lobers Freulon Nicolas Gareth Smith Garrick Wheeler Gavin Thomas Gene Day Georgel Eric Gerard Raccio Giuliano Golfieri Gordon Mowvley Gregory Choubana Grigoli Manuel Guerin Jimmy Guillaume Cortes Guillemoto Claude Gusthiot Maxime Haroldo Dijigov Heiko Gehrig Heiko Risse Helmut Bachmayr Hirokazu Oka Hugo Vieira Humberto Barreira Iker Mingo Israel Gallegos Jan Sterba Jarno Perala Jason Betts Jason Hsu Jason Schumacher Javier Rios Joachim Koppenhoefer Joao Bonifacio Joerg Mertin Johan Malmsten Johan Sanders John Rayson Jon Grintz Jonatan Larsson Joni Harju Jordi Rodrigo Roma Juan Luis Garcia Asmar Justin White Kai Podoklinski Kay Ekanayake Keven Menard Kevin Ellis Kevin Watts Kieran Chauhan Klaus Thon Kouhei Hata Kristopher Cobb Lars Klingman Lasse Skjoett Hansen Leandro Melo Lecomte Tristan Lombard Florian Luca Perin Lukas Ljungdahl Manuel Kamela Marco Ficara Marco Mauri Mario Gilcher Mario Macri Marius Pedersen Mark Bosman Mark Bratley Mark Bushell Mark Cooke Markus Pichler Martin Bell Martin Hauber Matej Klocek Mathieu Gebel Matt Cocks Matthew Cholerton Matthew Kennedy Matthew Thomas Maxime Monnet Meier Michael Mevlut Koc Michael Decker Michael Dorn Michael Konrad Michael Lorenz Michael McEvoy Michael Miesenberger Nathan Burtenshaw Nathan Jermyn Nicolas Pavie Nishan Baruah Oliver Abrahamsson Omer Candar Ondrej Vesely Pacula Martin Paolo Guiotto Pascal Groen Peter Bjoerk Peter Dimitri Peter Gertsson Peter Jamieson Philipp Eiselt Philipp Haenel Philipp Hofmaninger Philippe Evrard Quido Dekker Rafael Alcolea Rainer Huentemeier Ralf Trautwein Ralf Waspe Ramon Galera Raphael Smith Rasmus Lundstrom Rene Drawert Rene Hossfeld Richard McVeigh Robert Green Robin Sillars Roger Lee Sami Vahtera Sandro Draeger Santeri Rahkamaa Scott Haines Sebastian Barz Sebastien Milliot Simon Carbonnel Simon Strohmenger Sinan Mercan Sjoerd Huksloot Stefan Klause Stefan Krokowski Stefan Steinwasser Steffen Schluessler Stephen Collis Stephen Walsh Steve Seidelmann Teemu Karvinen Thiebault Debatty Thomas Granofszky Thomas Kramwinkel Thomas Meissner Thomas Olivaux Thomas Schleimer Thomas Wiercioch Timo Klostermann Timon Putzker Tobias Wellmann Tom Hutchins Tyler Grinnell Ulrich Straller Vinod Chandran William Parr Xabier Sanchez Yang Hongbo <emptyline> <emptyline> <emptyline>  <position> AEMS <list> Adam Stadler Adriano Sapetti Al Clarke Albert Bensusan Alejandro Fernandez Alessandro Balzan Alex Krugman Alex Meader Alex Nunez Allan Ng Andreas Eriksson Andreas Falkner Andrew Arroyo Andrew Thompson Andrew Wojteczko Andy Barnes Andy Blackmore Anna Degen Anne Bernard Anne Bernard Annemie Claesen Anthony Cheshire Aris Barios Arnold Eugenio Arthur Virapin Ashley Lynch Aurélie Glandais Autumn Soriano Beatrice Karlsson Becki Nile Ben Brown Ben Chong Ben Conrad Bisi Ezerioha Blair Dupree Blane Burnettt Bob West Boris Puddu Brad Beardow Brad Folz Brandon Adams Braun Smith Brett Hauschild Brian Dwyer Brian Knudson Bruce B. Frederick Bruce Garfield Bryan Alvardo Bryn Musselwhite Caroline Fallara Casey Cooper Johnson Charlotte Lumley Chico Kodama Chris Agajanian Chris Considine Chris Douglas Chris Protheroe Chris Raschke Chris Tague Chris Tate Christer Loow Christian Schick Christina Nielsen Christoph Ebenschwaiger Chuck Neal CJ Wilson Claudia Geissmann Clayton Triggs Clive Chapman Cory Burns Craig Cavalier Daniel Bandoly Daniel Cross Daniela Russell, Darren Geal Dave Phelps David Black David Fernandez David Isaacs David Ridley Declan Brennan Dennis Homberg Dennis Schwitzer Dirk Starksen Dirk Theimann Donnyelle Evans Dyan Williams Dylan Fraser Efrain, Enrico Diano Eji Tada Elena Azzali Elisa Mignini Emeline Wilson Emma Pastor Ethan Bregman Eunice Biondi Fabian Weingart Fiammetta Ginestra Florian Hagemann Florian Pitout Frank Rehak Fraser Handley Frederic Colaux Fu Yang Gary Fong George Ciordas George Kviloria Glen Chou Greg Gill Hannes Tribelnig Hannes Zanon Hayley Robinson Hedi Kim Helmut Wahl Hikaru Fujii Hiroshi Sano Hunter Skipworth Hyodo Tomomi Ian Briggs J. David Rich Jacob Agajanian James Crook James Hinchcliffe James Kirkham James Nagahashi James Rumsey Jane Mcleod Jarrod Stapley JC Waterhouse Jeff Darks Jeff Glover Jeff Neal Jen Horsey Jeremy Peirson Jerry Thienprasiddhi Jesse Wood Jillian Scheden Jim Michaelian John Chiboroski John Church Jon Barrett Jon Denton Jordon Roberts Jorge De La Torres, Jorge Rivera Julie Peyssard Jun Imai Junichi Tokuda Justin Ocello Kai Mensing Karen Schnurr Kei Muira Keith Jones Kenji Sumino Kenny Krajnik Kevin Taylor Klarissa Freibott Kris Skellenger Kristian Berg Kristian Dean Kyle Lloyd Larry Chen Laura Clever Lauren Sheridan Linden Farrow Lindsay Ross Liza Markle Louise Price Luca Bellisomo Luca Venturi Mad Mike Whiddett Marc Lewis Marc Unger Marcel Orban Maria Pia Rocca Marie Christine Ravon Mario Di Dato Marion Eisenberger Mark Bentley Mark Jones Mark Lemmer Mark Tingey Mary Lou Haen Masaya Yumeda Mat McCallum Matt Crooke Matt Levin Matt Monroe Matt Tuccillo Matt Wright Matt Young Matteo Gianotti Matthew Levin Matthias Czabok Matthias Scheffler Max (Massimiliano) Marsiaj Michael Burch Michael Gibbs Michael Grassl Michael Keyser Michael London Michael Schneider Michael Scully Michael Shank Michael Staskin Michael Teichmann Michaela Dorcikova Michal Klouda Mike Beckhusen Mike Chung Mike Hagedorn Mike Johnson Miriam Rodriguez de Lizana Mirko Lubner Mirko Markfort Miroslav Konopka Mizoguchi Kagefumi Monica Pauperas Murray Adams Natasha Dyson Nathan Freke Nathan Shriver Neill Briggs Nicole Garside Nigel Land Pascal Ursi Pascale Fleuridas Pascale Lavie Patrick Germain Patrick Mulligan Paul Zwicky-Ross Paulo Pinheiro Peter Cunningham Phillip Grenier Pierre Nicolet Pierre Nicolet Preston Calvert Quentin Frismand Rafael Navarro Ravi Dolwani René Buttler Riccardo Pezzetta Richard Barsamian Richard Hoare Richard King Rob Barnes Robin Selbach Roman Moser Romi Diana Doser Rosella Locatelli Ryan Carpenter Ryan Davis Ryu Asada Sabrina Asperti Sam Minchington Sandrine Weyders Sandy Althaus Sarah Edlinger Scott Lindley Seadon Baker Sean Horvath Sean Kleinschuster Sebastian Bagley Sebastian Hornung Sebastian Schmalz Shige Suganuma Shinjo Tsuyoshi Silvia Montsori Simon Haas Staci Langham Stefan Steinwasser Stephanie D'aprigny Steve Fields Steve Sare Steve Vandervate Thomas Gleibs Thomas Herbst Thomas Koch Thomas Muehlenz Thomas Radkovic Timo Frings Tobias Haasis Tomo Hisanaga Toni Calderon Toni Whiddett Tony Attwood Tony Balde Toshi Nakamae Travis Montgomery Trent Goodwin Trevor Wert Valerio Piersanti Vaughn Gittin Jr Vera Wessolek Victor Carrillo Vincent Vosse Vitale Alessandro Maffezzini Wakana Kosumi Warren Overton Will Brown Willett Considine Yannick Yvin Yoshiaki Hashimura Yoshihiro Sakamoto Yoshiyasu Takezawa <emptyline> <emptyline> <emptyline>   <position> External Partners <emptyline> <list> 'FMOD studios' and 'Firelight Technologies'  <emptyline>  REV technology used under license from Crankcase Audio Inc. <emptyline>  Uses Oodle. Copyright © 2008-2017 by RAD Game Tools, inc.   <emptyline>  Uses Bink Video. Copyright © 1997 – 2017 by Rad Game Tools, Inc   <emptyline>  Development tools and related technology provided under license from Logitech.  © 2001-2017 Logitech.  All rights reserved.  <emptyline>  Trademarks, design patents and copyrights are used with the approval of  the owner of Agajanian Racing <emptyline>  “Aston Martin”, “Aston Martin Racing” and related logos and other trademarks  are owned, licensed and/or used by Aston Martin and Aston Martin Racing.   These trademarks may not be used, amended and/or reproduced without permission.  All rights are reserved. <emptyline>  Trademarks, design patents and copyrights are used with the approval of the  owner of AUDI AG <emptyline>  Trademarks, design patents and copyrights are used with the approval of  the owner of Briggs Automotive Company (BAC) Limited <emptyline>  Produced under licence from Bentley Motors Limited England. “Bentley”, the ‘B’  in wings device and other associated logos and names are trademarks of  Bentley Motors Limited. The body designs of Bentley motor cars are protected  by Bentley Motors Limited under design, trademark and trade dress regulations <emptyline>  The BMW logo and BMW wordmark are trademarks of BMW AG and are used under license. <emptyline>  General Motors Trademarks used under license to Slightly Mad Studios Ltd <emptyline>  Caterham and associated logos and trade dress are registered trademarks of  Caterham Cars Ltd and are used under license. <emptyline>  The name and design of CITROËN and DS are used with the permission of  Automobiles CITROËN <emptyline>  Produced under license of Ferrari S.p.A. The name FERRARI, the PRANCING HORSE device, all associated logos and distinctive designs are property of  Ferrari S.p.A. The body designs of the Ferrari cars are protected as  Ferrari S.p.A. property under design, trademark and trade dress regulations. <emptyline>  Ford Trademarks and Trade Dress used under license to Slightly Mad Studios Ltd <emptyline>  Trademarks, design patents and copyrights are used under licence from  Ginetta Cars Limited <emptyline>  For Honda Automobiles: Honda Official Licensed Product. Designed, manufactured and distributed by or  for Slightly Mad Studios. Honda, the “H” logo, Honda vehicles and their trade  dress, and all associated vehicle emblems, logos, marks and names are trademarks  and intellectual property of Honda Motor Co., Ltd. All rights reserved. <emptyline>  For Acura Automobiles: Acura Official Licensed Product. Designed, manufactured and distributed by or  for Slightly Mad Studios. Acura, the “A” logo, Acura vehicles and their trade  dress, and all associated vehicle emblems, logos, marks and names are trademarks  and intellectual property of Honda Motor Co., Ltd. All rights reserved." <emptyline>  Trademarks of Brickyard Trademarks Inc. used with permission <emptyline>  Jaguar and the leaper device are trademarks owned and licensed by  Jaguar Land Rover Limited <emptyline>  All KTM vehicles, vehicle names, designs and logos are trademarks of KTM AG. <emptyline>  The trademarks, copyrights and design rights in and associated with Lamborghini,  Lamborghini with Bull and Shield Device are used under license from Automobili  Lamborghini S.p.A., Italy <emptyline>  Ligier and associated logos and trade dress are registered trademarks of Everspeed  for Onroak Automotive and are used under license. <emptyline>  Approved and licensed by Classic Team Lotus Ltd <emptyline>  Mazda Motor Corporation Approval No. 20019 <emptyline>  Manufactured under license from McLaren Automotive Limited.The McLaren name  and logo are registered trademarks of McLaren <emptyline>  “Mercedes-Benz” and “Three pointed star in a ring” are trademarks of Daimler AG  and used under license by Slightly Mad Studios Ltd. <emptyline>  MITSUBISHI MOTORS and  emblems are trademarks of MITSUBISHI MOTORS CORPORATION  and used under license to Slightly Mad Studios Limited. <emptyline>  MOTUL, the MOTUL LOGO and 300 V are registered trademarks of MOTUL (SA).  All rights reserved” and the Licensed Designs are protected by“© MOTUL’s  copyright – 1995- All rights reserved <emptyline>  Trademarks of Nissan Motor Co., Ltd. used under license to Slightly Mad Studios.  81-27617-22520 <emptyline>  Trademarks, design patents and copyrights are used with the approval of the  owner of OMSE. <emptyline>  "Opel Trademarks used under license to Slightly Mad Studios Ltd - Les marques Opel  sont utilisées sous license par Slightly Mad Studios Ltd" <emptyline>  Trademarks, design patents and copyrights are used with the approval of the  owner of ORECA SAS. <emptyline>  The trademarks PAGANI and Pagani Automobili and Huayra and Zonda are registered  trademarks and used under license from HORACIO PAGANI S.P.A., Italy <emptyline>  Panoz LLC vehicle models and trademarks are subject to copyright and other  intellectual property protection. Used with permission of Panoz LLC, a division  of Green4U Technologies, Inc. All rights reserved. <emptyline>  Under License of Porsche AG <emptyline>  Radical Sportscars Official Licensed Product. Designed, manufactured and distributed  by or for Slightly Mad Studios. Radical Sports Cars, Radical, the “R” logo, Radical  vehicles and their trade dress, and all associated vehicle emblems, logos, marks and  names are trademarks and intellectual property of Radical Sportscars Limited.  All rights reserved. <emptyline>  "RENAULT Official Licensed Products. Vehicle Models and Trademarks protected by  intellectual property laws. Used with permission of RENAULT. All rights reserved" <emptyline>  Under license of Toyota Motor Corporation <emptyline>  The name and design of Autodromo Internacional Do Algarve are used with the permission  of Parkalgar - Parques Tecnologicos e Desportivos, S.A.  <emptyline>  The name and design of the Mount Panorama Motor Racing Circuit are used with the permission  of Bathurst Regional Council <emptyline>  The name and design of Brands Hatch are used with the permission of Motorsport Vision Ltd. <emptyline>  Trademarks of Automotocrom Brno,a.s. used with permission <emptyline>  The name and design of Cadwell Park are used with the permission of Motorsport Vision Ltd. <emptyline>  The name and design of Circuit de Catalunya and Circuit de Barcelona-Catalunya are used  with the permission of Circuits de Catalunya, S.L. <emptyline>  Trademarks of Circuit of the Americas LLC used with permission <emptyline>  DAYTONA® is a registered trademark of the International Speedway, Inc. and licensed to  International Speedway Corporation. <emptyline>  Trademarks and likeness of DirtFish, LLC used with permission <emptyline>  "The Donington Park name, graphic design and logo are registered and protected  under UK and European law and similarly, those copyrights of all Donington's  partners and sponsors included in the track design and layouts for this game  are also protected under relevant laws. Any unauthorised breaches, misuse,  or misrepresentation of any of these copyrights, designs and logos will be  pursued to the fullest extent of the applicable law". <emptyline>  The name and design of Dubai Autodrome circuit are used with the permission  of Dubai Autodrome LLC. <emptyline>  Fuji Speedway Copyright ©Fuji International Speedway Co., Ltd. All rights reserved. <emptyline>  Trademarks of Hockenheim-Ring GmbH used with permission <emptyline>  Trademarks of Formula Imola S.P.A. used with permission <emptyline>  Trademarks of Brickyard Trademarks Inc. used with permission <emptyline>  Trademarks of Knockhill Racing Circuit Ltd used with permission <emptyline>  Trademarks of Sports car Racing Association of the Monterey Peninsula  "SCRAMP" used with permission <emptyline>  Slightly Mad Studios usage of Lånkebanen's/HellRX's track design is licensed  and approved by NAF Motorsport Trøndelag <emptyline>  24H Le Mans official Licensed product. Le Mans TM 2017. <emptyline>  Rallycross Lohéac - trademark of Association Sportive du Rallycross de Lohéac  - France used under license to Slightly Mad Studios Ltd <emptyline>  Trademarks of Grand Prix Association of Long Beach, LLC. used with permission <emptyline>  The name and design of the Lydden Hill Race Circuit are used with the permission of  Lydden Race Circuit Ltd. <emptyline>  The likeness and trade dress of the Track “Autodromo Nazionale Monza” , the name of  the track and the associated logos are exclusive properties of S.I.A.S. S.p.A. -  Autodromo Nazionale Monza. <emptyline>  The name and design of the Nürburgring Race Circuits are used with the permission of  capricorn Nürburgring GmbH. <emptyline>  The name and design of the Motorsport Arena Oschersleben are used with the permission of  Motorsport Arena Oschersleben GmbH. <emptyline>  The name and design of Oulton Park are used with the permission of Motorsport Vision Ltd. <emptyline>  Under License of Porsche AG <emptyline>  Trademarks of Projekt Spielberg GmbH & Co KG used with permission <emptyline>  The name and design of Road America are used with the permission of  Road America Inc. <emptyline>  “Red Bull® Marks are licensed by Red Bull GmbH/Austria” <emptyline>  The name and design of Ruapuna Park are used with the permission of  The Canterbury Car Club. <emptyline>  © Silverstone Circuits Limited 2017 <emptyline>  The name and design of Snetterton are used with the permission of  Motorsport Vision Ltd. <emptyline>  Sonoma Raceway is a trademark of Speedway Properties Company, LLC <emptyline>  Copyright ©SUGO Co.,Ltd. All rights reserved. <emptyline>  "Texas Motor Speedway ® is a registered trademark of Speedway Properties Company, LLC,  registered in the U.S. The Globe Logo ® is a registered trademark of Speedway Properties  Company, LLC, registered in the U.S." <emptyline>  WATKINS GLEN® is a registered trademark of the International Speedway, Inc. and licensed  to International Speedway Corporation. <emptyline>  The name and design of Willow Springs International Raceway are used with the permission  of Christopher C. Huth General Manager and Owner of Willow Springs International Raceway. <emptyline>  The Track Marks, designs, logo and trademark of Zhuhai International Circuit are licensed  by Zhuhai International Circuit Ltd. <emptyline>  The name and design of Circuit Zolder are used with the permission of Circuit Zolder Inc. <emptyline>  PIRELLI and PIRELLI logo are trademarks of Pirelli & C. S.p.A.; PZERO is a trademark of  Pirelli Tyre S.p.A. All trademarks are used under license <emptyline> <emptyline> <emptyline>       	<list> <header> Project CARS 2 <emptyline> <emptyline> <position> Slightly Mad Studios <emptyline> <emptyline> <position> Head of Slightly Mad Studios <list> Ian Bell - Chief Executive Officer <emptyline> <emptyline> <emptyline>  <position> Art <list> Darren White – Art Director <emptyline> <emptyline> <emptyline>  <position> Art: Character <list> Vit Budin – Character Artist Aleš Filka – Character Artist & Animator Tomáš Flak – 2D & Concept Artist Peter Gerhát – Lead Animator  Lukas Mensik - Characters and Animations Manager Marlon R. Nunez – Character Artist & Animator František Resl – Character Artist Zbyněk Trávnický – Technical Animator <emptyline> <emptyline> <emptyline>  <position> Art: Environment <list> Mark Adams - Art Manager Luis Barata - Environment Artist Chris Barnes - Senior Environment Artist Michal Beran - Senior Environment Artist Richard Berwick - Senior Environment Artist Gary Browne - Senior Environment Artist David Brumla - Senior Environment Artist Karl Davies - Senior Environment Artist Andrea Fabris - Senior Environment Artist Dave Flynn - Senior Environment Artist Martin Franek - Environment Artist Kateřina Habrová - Environment Artist Michal Jeschke - Senior Environment Artist James Kett - Principal Artist Petr Klvač - Environment Artist Siu Jone Lee - Senior Environment Artist Andrew Liddle - Senior Environment Artist Andreas Moll - Senior Principal Artist Sven Moll - Senior Principal Artist Jan Pavelko - Environment Artist David Rezac - Senior Environment Artist Cassius Rodrigues - Senior Environment Artist Oscar Soper - Lead Environment Artist Tomas Trlica - Environment Artist Jose Perez De Vries - Senior Environment Artist Darren Wakeman - Senior Environment Artist <emptyline> <emptyline> <emptyline>  <position> Art: Vehicles  <list> Sean Barron -  Junior Vehicle Artist  Tarran Booth – Vehicle Artist Jean-François Bouchard – Senior Vehicle Artist Matt Clark - Senior Vehicle Artist Vincent Dambreville – Vehicle Artist Ivo Franic – Vehicle Artist Kreso Franic – Vehicle Artist Jan Frischkorn - Vehicle Art Manager Vicko Hazdovac – Vehicle Artist Ralph Hummerich – Vehicle Artist Kunal Jain – Vehicle Artist Daniel Karlsson - Senior Vehicle Artist Jacek Kosieradzki – Vehicle Artist Ales Ogrinc – Vehicle Artist Gustavo Olivera – Vehicle Art Lead Martin Olivera – Vehicle Artist  Stanisław Potulski – Vehicle Artist Perran Truran - Senior Vehicle Artist Jaroslav Turna - Vehicle Artist <emptyline> <emptyline> <emptyline>  <position> Audio <list> Jon Bailey – Voice Over Recording Engineer Rashid Hille – Sound Designer Eilam Hoffman – Location Sound Recordist Vanesa Lorena Tate - Head of Audio Paul Scargill - Audio Programmer Gergely Szelei - Audio Programmer László Vincze - Senior Sound Designer Lewis Williams - Junior Audio Designer <emptyline> <emptyline> <emptyline>  <position> Car Handling <list> Doug Arnao - Senior Physics / AI Engineer  Jussi Karjalainen – Handling QA Lead  Casey Ringley - Technical Vehicle Lead Andrew Weber - Physics Programmer <emptyline> <emptyline> <emptyline>  <position> Cinematics <list> Ed Mas - Video Director Paul Shuker - Cinematics and Video Assistant <emptyline> <emptyline> <emptyline>  <position> Code <list> Steve Dunn – Technical Director <emptyline> <emptyline> <emptyline>  <position> Code: Gameplay <list> Gergely Bencze - Gameplay Programmer Dominic Clarke - Gameplay Programmer  Stuart Hunt - Senior Gameplay Programmer  Bob Ives - Gameplay Programmer Anders Johansson - Lead Gameplay Programmer Michael Lalaounis - Gameplay Programmer Rick Lamb - Gameplay Programmer Are Leistad - Gameplay Programmer Martin Moravec - Gameplay Programmer Ian Sweeny - Senior Gameplay Programmer James Vipond - Gameplay Programmer Mark Watson - Senior Gameplay Programmer Steven Wright - Gameplay Programmer <emptyline> <emptyline> <emptyline>  <position> Code: Online <list> Ian Bird - Online Programmer  Thomas Gomes - Online Programmer  Victor Khomskiy - Online Programmer  Mike Laskey - Head of Online Alexandru Marian - Online Programmer Pablo Medina - Online Programmer Mike Montgomery - Online Programmer Michal Řeháček – Server Programmer Štěpán Vondrák - Online Programmer  Iain Wallington - Lead Online Programmer  James Woollard - Online Programmer <emptyline> <emptyline> <emptyline>  <position> Code: Physics & AI <list> Peter Arbet - Physics Programmer  Jiří Boldyš - Physics Programmer  Artem Ermolov - Lead Physics and AI Programmer Christian Ferrario – AI Programmer Dmitry Meleshkin - Physics Programmer  Steven Walker - Physics and AI Programmer <emptyline> <emptyline> <emptyline>  <position> Code: Render <list> Kevin Boland – Principal Render Engineer  Robert Dibley - Lead Render Programmer Tim Lewis - Render Programmer Fabio Luchetta - Senior Render Programmer  Tim Mann - Low Level Cross-Platform Render Engineer Ivo Novak – Render Programmer <emptyline> <emptyline> <emptyline>  <position> Code: Tools <list> John Atkinson – Senior Tools Programmer James Boulton - Senior Tools Programmer  Andy Clark - Lead Tools Programmer Gábor Mónus - Senior Tools Programmer Jack O’Neill - Tools Programmer Daniel Wheeler - Senior Tools Programmer <emptyline> <emptyline> <emptyline>  <position> Design <list> Andy Tudor – Creative Director  Stephen Viljoen – Game Director Matt York – Junior Designer <emptyline> <emptyline> <emptyline>  <position> Graphical User Interface <list> Laurence Alexander – UI Creator  Sean Fitzpatrick – Text Designer Damian Furlong – Senior UI Programmer Nicholas Jablonowski – Senior UI Programmer Derek Payne – Lead UI Programmer Fernando Pedace – UI Designer Andy Rogers – UI Programmer Richard Steer – Senior UI Programmer <emptyline> <emptyline> <emptyline>  <position> Mediacom <list> Joe Barron – Marketing and Esports Manager  Nathan Bell – Web and Social Media Officer Patrick Kulinski – Manual Editor Alex Martini – Head of Communications Rob Massey – Analytics Manager Melinda Neil – Licensing Manager Rob Prange – Web Content Adminstrator <emptyline> <emptyline> <emptyline>  <position> Music <list> Stephen Baysted - Composer Andy Brown - Conductor / Orchestral Contractor Amanda Cook - Musician: Acoustic Guitar Caroline Dale - Musician: Cello Peter Gregson - Musician: Cello John Harvey - Drums / Electric Guitars Jake Jackson - Score Mixer / Score Producer Susan Legg - Featured Vocalist / Piano Guy Michelmore - Additional Music Simon Whiteside - Orchestrator / Score Preparation <emptyline> Music performed by The London Metropolitan Orchestra Music recorded and mixed at Air Lyndhurst Studios, London <emptyline> <emptyline> <emptyline>  <position> Production <list> Umer Ahmad – Assistant Producer  Dave Bramhall – Senior Producer Andy Cherry – Producer Benjamin Fischer – Assistant Producer and Community Manager Jarek Kleiber – Senior Production Support Pete Morrish – Director of Production  John Wray – Production Assistant <emptyline> <emptyline> <emptyline>  <position> Quality Assurance <list> Thomas Bromyard – QA Tester  Tom Brown - QA Manager Tom Curtis - QA Lead Aaron Groves – QA Tester Viktor Kolomiets – Build Manager Filipe Malaquias – QA Tester Christopher Newsum – QA Tester Bruno Pereira – QA Tester  Angus Winnard – QA Tester <emptyline> <emptyline> <emptyline>  <position> Pro Drivers <list> Ben Collins Mitchell DeJong Oliver Eriksson   Vaughn Gittin Jr Nicolas Hamilton Tommy Milner René Rast <emptyline> <emptyline> <emptyline>  <position> Management <list> Rod Chong – Chief Commercial Officer Andy Garton - Head of Development  Ged Keaveney - Chief Technical Officer Mark Pressburg - Chief Finance Officer Frank Veyder - Chief Operations Officer <emptyline> <emptyline> <emptyline>  <position> Administration <list> Margaret Bieniek-Maluszczak - Office Administrator Sally Daligan – Reporting Manager Musanna Muhit - Officer Manager Vittorio Rapa - IT Manager Dickon Springate - Assistant Accountant  Ana Tiza - HR Manager <emptyline> <emptyline> <emptyline>  <position> Additional Vehicle Art <list> Jurgen Braem  Sebastian Brunner  Guillermo Hargreaves Alex Hobbs Eric Kuebler  Che Hoe Lau Michael Peters Mitchel Saad Christian Schmidt Nigel Teags Jaime Lopez Trujillo <emptyline> <emptyline> <emptyline>  <position> Game Babies <list> Lucas Akihito Barnes Nina Simone Bell  Emily Boland Rosalie Bouchard Matyáš Brumla Samson Clark Tabatha Clark  Sonny Alfred Curtis Enzo Dambreville Timofey Ermolov Darragh Fitzpatrick Ada Alyss Furlong Arabella Julie Hoey  Ondřej Jeschke Kika Kleiber Elisabeth Melanie Moll Ester Moravcová Charlotte Maisie O'Neill Frank Jack Sweeny Elen Travnicka Aurelia Jasmine Tudor <emptyline> <emptyline> <emptyline>  <position> Special Thanks <list> Nik Ammar Pole Position Productions  The Audio Guys <emptyline> <emptyline> <emptyline>  <position> ACME <list> Kevin Malling Julie Malling John Wang Tyson Hill Brandon Acree <emptyline> <emptyline> <emptyline>  <position> Glass Egg Digital Media  <list> Thuy Le Hoang Nguyen Tu Tran Cam <emptyline> <emptyline> <emptyline>  <position> SkinzWraps Racing <emptyline> <emptyline> <emptyline>  <position> Intel Corporation <list> George Bain Leigh Davies Bartosz Boczula Patrick J Farrell <emptyline> <emptyline> <emptyline>  <position> Technology Partners <list> Simon Newby - 6T3 Eric Mindjimba - Thrustmaster Christopher McKelvy - Oculus Rift Thomas Jackermeier - Fanatec Roy Kerkhoff - Playseat Nevil Slade - Vesaro Curtis Brown - Logitech Phil Scott - NVidia Glen Chou - True Scale Miniatures <emptyline> <emptyline> <emptyline>   <position> BANDAI NAMCO Entertainment Europe S.A.S <emptyline> <list> Goran Marinković - Producer Manuela Riboldi - Localisation Project Manager Sohail Daniel - Localisation Project Manager Franck Genty - Localisation Manager Bertrand Mangin - Quality Control Project Manager Olivier Robin - Quality Control Manager Claire McGowan - Certification Manager Stéphane Entéric - Engineering Services Project Managers Emeric Polin - Engineering Services Project Managers Samuel Gatté - Publishing & Product Support Senior Director  Chris Altiparmakis - Product Manager Arnaud Staebler - 3rd party IP Strategy and Marketing Manager Morgane Ah Kong - PR Manager Héloïse Ribeaucourt - Events Manager André Persson - PR, Communication & Events Director  Alexandre Vision-Bonnet - Game Content Analyst & Designer Jocelyn Cioffi - GES Manager Rudy Pantoustier - Junior Market Analyst Julie Joet - Market Research Manager Patrick Rose - Business & Product Analyst Alberto Gonzalez Lorca - VP Business Development Pablo Rodriguez Fernandez - Business Development Manager Denis Ferrier - Business Development Manager Vincent Hattenberger - Creative Designer Gwen Ruby - Creative Assistants Anne Laure Bouton - Creative Assistants Anthony Grabit - Community Manager Team Leader Isshak Ferdjani - European Community Managers Laurence Patey - E-Commerce Manager Romain Chantelot - CRM Project Manager Julia Crusot - CRM Project Manager Junior Lucas Guedot - Web Master Bertrand Amiard - Web Project Manager Jérôme Chatelain - Digital Sales Managers Anthony Macaré - Digital Business Unit Director Hervé Hoerdt - VP Marketing & Digital Mieko Murakami - Sales Reporting & License relation Sandrine Dubois - Packaging Project Manager  Céline Vilgicquel - Packaging Project Manager & Marketing Support Caroline Fauchille - Manufacturing & Printed Materials Director Delphine Doncieux - Supply Chain Coordinators Mike Shaw - Supply Chain Coordinators Nicolas Guérard - Supply Chain Manager Laura Testud - Manufacturing Coordinator Marine Thevenet - Lawyer Stéphanie d'Ornano - Legal Manager Frederic Armitano Grivel - SVP Legal & Business Affairs Kunio Ikoma - VP Corporate Planning & Finance Christophe Delanoy - VP Distribution Operations Masataka Nemoto - Senior Director Development Strategy & Management Yoshi Niki - SVP Production & Development Naoki Katashima - President & COO <emptyline> <emptyline> <emptyline>  <position> Local Marketing Team <list> Phil Brannelly - UK Olivier Reocreux - France Alexandre Billaud - Belgium David Razaghi - Deutschland Laura Aznar - Iberica Marco Caputo - Italy Alexandre Billaud - Netherlands  Andreas Juliusson - Nordic  George Soulogiannis - Hellas Oleg Khazhinskiy - Eastern Europe Stephen O'Leary - Australia <emptyline> <emptyline> <emptyline>  <position> GlobalStep Services Pvt. Ltd. <list> Sumit Arora - QA Director Piyoosh Sah - QA Manager Neeraj Bhardwaj - Test Coordinator Saurabh Tarolkar - Test Lead Zishan Khan - Test Lead <position> Testers <list> Keshav Subhash Kale Altaf Shabbir Pathan Kishore Kumar T S Mayank Sharma Sujata Gundewar Preetam Khomane Nirav Narendra More Dheeraj Gadve R. Chandrasekher Reddy P. Vivek Abhijit Madhukar Doiphode Prashant Gulab Medhe Rahul Saini Abhijeet G. Kakpure Pramod Hambir Vishal Kakade Sagar Dhamankar Prashant Lolage Arnold Nirmal Ashish Appaso Patil Debashish Saha Devashish Mishra Gaurav Oak Harjee Anand Harshad K Kshirsagar Himanshu Shrivastava Jasmine Bhaldar Kalpesh Deelip Chavan Kanishk Sanjay Sahay Kusumesh Vyas Latif Husain Mayur Sharad Dorle Md Ilteza Alam  Mohammad Shadab Ali Mohit Kumar Bhatnagar Pooja Rikibe Prashant Pawar Purva Zarkar Shreyas M. Ranade Simjo Simon Swapnil Najan Tejas S. Vaidya Tushar Dubey Vipul Vijaykumar Powar <emptyline> <emptyline> <emptyline>  <position> Keywords International <list> Thomas Courtonne - Project Manager  Davi Almeida de Souza - Test Lead <position> Testers <list> Grégory Alliot Moulay-Toumi Sabri Perry Mainville Virginie Cloutier-Brassard Chiara Di Modica Alessandro Tenza Manuel Ravazzini Patricia Raabe Simran Karir Sebastian Schneider Alba La Orden Garcia Clara Guzman Noelia Penin Garcia Evgeniya Kozyreva Vladimir Kozin Andrei Pivovar Adam Dabrowski Natalia Mieczynska Aleksandra Wanda Jozwiak <emptyline>  <position> Maverick Media LTD <emptyline> <emptyline> <emptyline>  <position> BANDAI NAMCO Entertainment America Inc. <emptyline>  <position> Executive Management <list> Mark Tsuji - President & CEO Hide Irie - Executive VP & COO Shuji Nakata - Executive VP & CFO <emptyline> <emptyline> <emptyline>  <position> Publishing & IP Strategy <list> Taka Akiyama - VP, Publishing & IP Strategy Tad Hirabayashi - Senior Director, Production Services Rey Jimenez - Producer Knut Grossmann - Localization Manager Carmen Vega-Reina - Localization Project Manager Takeshi Miyazoe - Senior Director, IP Strategy Shoya Yamazaki - Manager, IP Strategy Nao Takeda - Manager, IP Strategy Kyoko Acheson - Manager, IP Strategy Jhune De La Cruz - Digital Business Manager Kahlil Najar - Digital Channel Marketing Manager Garrett Miller - Digital Content Specialist David Wood - Senior Manager, Business Development Tomomi Takahashi - Administrative Assistant <emptyline> <emptyline> <emptyline>  <position> Operations <list> Hans Lui - Director, Applications & Operations Jennifer Tersigni - Senior Operations Manager David Wang - Operations Analyst Shin Young - Applications Support Specialist Miriam Beltran - Travel Administrator Korey Belanger - Office Manager <emptyline> <emptyline> <emptyline>  <position> Sales <list> Chris Gilbert - Senior Vice President of Sales & Marketing Melani Windham - Senior Director of Sales Terry Carlson - Director, Sales Operations Laura Yoshioka - Sr. Director, Retail Marketing and Merchandising Bob Johnson - Senior Channel Marketing Manager May Hayes - Senior Sales Operations Specialist <emptyline> <emptyline> <emptyline>  <position> Marketing and PR <list> Eric Hartness - Vice President of Marketing Dennis Lee - Director, Brand Marketing Raymond So - Brand Manager Denny Chiu - Director, Communications & Social Media Nick O’Leary - Senior Public Relations Specialist Jason Cline - Events Manager Alia Oda - Event Planner Dalton Link - Social Marketing & Community Manager Cyrus Wesson - Social Marketing & Community Specialist Dmitryi Khlynin - Community Specialist Jeremy Caine - Interactive Designer Michael Le - Graphic Artist <emptyline> <emptyline> <emptyline>  <position> Legal and Business Affairs <list> Martin Nguyen - Senior Associate Attorney Patrick Lundell - Associate Attorney Rafael Orozco - Associate Attorney Matthew Datum - Associate Attorney Reina Nagai - IP Administrator <emptyline> <emptyline> <emptyline>  <position> Quality Assurance <list> David Moya - QA Manager Jesse Mejia - CQC Supervisor Y Pham - Project Coordinator Johnny Moya - Senior CQC Coordinator Cameo Wininger - CQC Coordinator Jonathan Price - CQC Coordinator Matt Peterson - CQC Coordinator Merwin del Rosario - CQC Coordinator Adrian Escultura - CQC Tester Adrian Serafica - CQC Tester Arnold Feener - CQC Tester Brendan Duley - CQC Tester Dustin Tran - CQC Tester Ian Nunes - CQC Tester Josh Daily - CQC Tester Luke Gardner - CQC Tester Matthew Cain - CQC Tester Nicholas Malouf - CQC Tester Samuel Reiter - CQC Tester Steven Wilton - CQC Tester Xonie Martin - CQC Tester <emptyline> <emptyline> <emptyline>  <position> Keywords International <list> Maurizio Cigoli - QA Project Manager Luis Izquierdo - Project Lead Leonardo Akimoto - LQA Brazilian Portuguese Jose Suarez - LQA Latin American Spanish Sara Bourgeois - LQA French Canadian <emptyline> <emptyline> <emptyline>  <position> Customer Support <list> Jesus Barragan - Customer Service Manager Takumi Kobayashi - Sr. Customer Service Representatives Ryan Phung - Sr. Customer Service Representatives Michael Gu - Customer Service Representatives Ryan Hamaguchi - Customer Service Representatives <emptyline> <emptyline> <emptyline>   <position> BANDAI NAMCO Entertainment Asia Pte Ltd. <emptyline>  <list> Gerard Noonan - Senior Vice President & MD Asia & Pacific Richard Taylor - Regional Finance Director Hiroaki Ochiai - SVP Business Development Asia Pacific Jennifer Poulson - SVP Marketing Asia William Wang - Managing Director (Taiwan) Chad Park (Korea) - General Manager Rainel Tan (Singapore) - General Manager Yoichiro Mogi - IP Strategy Manager Asia Pacific Tag Chang (Korea) - Associate Product Manager Eshley Gao (Singapore) - Associate Product Manager Hailey Shin - Associate Product Assistant (Korea) Hamid Rahman - Country Manager (Hong Kong) Carrie Hsiao (Taiwan) - Marketing Manager Jung-eun Oh (Korea - Marketing Manager Ronan Fong (Hong Kong) - Marketing Manager Sophia Lek (Singapore) - Marketing Manager Debbie Chu - Product Manager & PR (Taiwan) Tobias Chang - Product Manager & PR (Taiwan) Zoe Kao - Product Manager & PR (Taiwan) Joanna Fong - PR Assistant Manager (Taiwan) Vito Lee - Marketing Assistant (Korea) Diony Kum - Marketing Assistant (Korea) Catherine Abigail Santos (Philippines) - Marketing & Accounts Executive Renee Lim - Logistics And Account Coordinator (Singapore) Jessie Hsieh - Art Designer & Operations Coordinator (Taiwan) Lin Pei Hsia - Art Designer & Operations Coordinator (Taiwan) Benny Tsai (Taiwan) - Sales Manager Nicholas Ng (Malaysia, S.E.A) - Sales Manager Peter Yang (Taiwan) - Sales Representative Angeline Ang (Singapore) - Finance Manager KD Kim (Korea) - Finance Manager Vivian Liu (Taiwan) - Finance Manager Amy Soong - Senior Accounts Executive (Singapore) Betty Chen - Accountant (Taiwan) Carol Huang - Accountant (Taiwan) Chang Yuan Gang - Localisation Manager Chloe Lee (Korea) - Localisation Manager Daniel Cao (Singapore) - Localisation Manager Ash Kim - Localisation Assistant (Korea) Tsai Mulan - Localisation Project Leader (Taiwan) Chang Kang - Traditional Chinese Localisation Team Chen Pei Yu - Traditional Chinese Localisation Team Chien Chin Hsien - Traditional Chinese Localisation Team Hsieh Wan Chi - Traditional Chinese Localisation Team Hsu Tsai Ying - Traditional Chinese Localisation Team Hsu Yu Han - Traditional Chinese Localisation Team Lee Yi Shuan - Traditional Chinese Localisation Team Lin Chih Yen - Traditional Chinese Localisation Team Chiang Chi Che - Traditional Chinese QA Project Leader  Huang Shih Wei - Traditional Chinese QA Project Leader  Yu Chiao Huai - Traditional Chinese QA Project Leader  Wang Kuan Chun - Traditional Chinese QA Project Leader  Chen Chun Chih - Traditional Chinese Localisation Tester Chen Xian Zhe - Traditional Chinese Localisation Tester Chien Shih Siang - Traditional Chinese Localisation Tester Chou Yuan - Traditional Chinese Localisation Tester Hsu Kuo Huang - Traditional Chinese Localisation Tester Wang Jing Ting - Traditional Chinese Localisation Tester Wang Yan Zhe - Traditional Chinese Localisation Tester Wu Chi An - Traditional Chinese Localisation Tester Ki Moon Lee - Korean Localisation Team Bird Lee - Korean Localisation Tester Jae Jin Yi - Korean Localisation Tester In Keon Kang - Korean Localisation Tester Ji Yeon Jung - Korean Localisation Tester Duk Woo Kim - Korean Localisation Tester AltJapan Co., Ltd - Singapore Localisation Team Ethan Sia Chee Keong - English QA Project Leader  Ahmad Fuad Bin Ahiari - Singapore Localisation Tester (NYP Intern) Damian Ang Ming Guang - Singapore Localisation Tester (NYP Intern) <emptyline> <emptyline> <emptyline>   <position> BANDAI NAMCO Entertainment Inc. <emptyline> <list> Satoshi Oshita - Executive Producer Hirotaka Reizei - Executive Producer Daisuke Uchiyama - General Producer Ryuichiro Baba - General Producer Kazutoki Kono - Chief Producer Satoshi Otsuka - International Producer Tsuyoshi Koda - International Producer Manabu Shimomoto - Producer Tomoya Yoshida - Special Thanks <emptyline> <emptyline> <emptyline>  <position> Quality Assurance - Functionality QA <list> Tomoaki Imanishi Ryou Tanaka Akihide Ono Ryuuta Sano Masashi Aoyama Kaname Nakano Takashi Shimogaito Natsuki Koyama Shinya Sasaki Kouki Iwao Masaya Nakata <emptyline> <emptyline> <emptyline>  <position> Customer Service - Quality Assurance <list> Keita Kiso Takashi Sawai Miku Takamatsu <emptyline> <emptyline> <emptyline>  <position> Promotion <list> Kenta Seino Yasuko Sato Satoshi Nakauchi Onur Guenduez <emptyline> <emptyline> <emptyline>  <position> Sales & Marketing <list> Taiki Yasuko Masaki Hoshiai Hidekazu Naito Yuta Fukami Noriyuki Tanaka Yumi Maiguma  Kazuki Konishi  <emptyline> <emptyline> <emptyline>  <position> Production Support <list> Tomomi Arakawa Tomomi Fujisawa <emptyline> <emptyline> <emptyline>  <position> Localization <list> Eiichi Ikeda Takayuki Tsuji Tatsuji Michihiro Claudio Cascone Hideyoshi Misawa <emptyline> <emptyline> <emptyline>  <position> Quality Assurance Support <list> Hiroyuki Tsujii Sho Tanaka Hiroshi Araki Megan O'leary Tatsuya Wada Kiriyo Tanaka <emptyline> <emptyline> <emptyline>  <position> WMD <position> Thank you for your continued support, we couldn't have done it without you. <emptyline>  <position> WMD VIP's <list> Alex Lindstrem David Lansade Eyal Alsaud Henning Weidhase James Loucks Kyle Pearson Ross Clabburn Sven Markowski Thomas Lockers Thomas Taschler Toni Harkonen <emptyline> <emptyline> <emptyline>  <position> Special Thanks <list> Aaron Clark Aaron Coleman Aaron Parker Aaron Ritzau Aaron Turner Adam Higgs Adam Lindsey Adam Preston Adam Sharpe Adam Viljoen Adam Wilewski Ade Young Adelaida Afonso Adrian Smith Adriano James Piras Adrien Lopes Aidan Taylor Alain Jimeno Alain Kohler Alan Bertenshaw Alan Cheung Alan Nelson Alan Smith Aldo Zampatti Alec Barker Alejandro Montero Aleksander Otterstad Aleksandr Timkov Ales Permozer Alessandro De Carolis Alessio Beninato Alessio Vismara Alex Greenland Alex Porter Alex Stahlhut Alexander Dornheim Alexander Mueller Alexander Santos Alexandre Amirizian Alexey Kuntsevich Alfie Pugh Allan T. Olsen Allen Clarke Anders Peterson Andre Henschel Andre Kaestner Andreas Gremme Andreas Hader Andreas Kittlaus Andreas Seeger Andreas Traub Andreas van Wingerden Andreas Wunder Andrej Akopian Andrej Svajger Andrew Adamson Andrew Currens Andrew Jones Andrew Moseley Andrew Myers Andrew Todd Andrew Wise Andy Edwards Andy Weinberger Ang Li Angel G Criniti Anthony Azzari Anthony Haddox Anti Telkinen Antoine le Campion Antonio Benitez Antonio Rodriguez Clotet Antony Boland Ari Antero Arnaud Hirtz Arnaud Segre Arne Jurgens Arno Bisquolm Ashley Horton Aurelien Duval Aurelien Walpen Axel Dietzel Barrett Ettel Bart van Kleven Basim Alhejaili Bastian Hellmann Benjamin Beacock Benjamin Beier Benjamin Benichou Benjamin Beyer Benjamin Fischer Benjamin Menger Benjamin Weisenfeld Benjamin Winter Bent Granheim Bernd Resch Bernd Schmidt Bernd Schwarzinger Beys Nordine Bob Romano Bohuslav Lacina Boris Demidov Botond Vasarhelyi Brad Bodily Braden Williams Bradley Parrott Bradley Rossetti Bram Vanbuel Brandon Andrew Lee Brandon Bosch Brandon Clark Brandon Limkemann Brent Blihovde Brent Seeliger Brook Murray Cameron Brewster Cameron Howell Carl Morton Carl Shaw Carlos Dominiak Carlos Esteves Cedric Flouret Chadd Lowe Charles Mader Chee Keong Lau Chihoon Ahn Choserot Michael Chris Arnett Chris Aubert Chris Baumann Chris Candelaria Chris Goatcher Chris Kunz Chris Miller Chris Morris Chris Mosley Chris Payne Chris Rae Chris Stenersen Chris Twigger Chrisi Schmidt Christiaan van Beilen Christian Banks Christian Geihe Christian Gomolka Christian Hagemann Christian Hellman Christian Mutz Christian Pabinger Christian Paul Christian Pillwein Christian Quaynor Christian Schmidt Christian Schroeder Christian Schumann Christian Steinhaeusser Christian van Rooyen Christoffer Almgren Christoph Brandstetter Christoph Laux Christoph Schmidt Christophe Cador Christophe De Greef Christopher Aspden Christopher Cassidy Christopher Davis Christopher Dorn Christopher Frantz Christopher Gray Christopher Hauser Christopher Lord Christopher McEnteer Christopher Porter Christopher Reekie Chuck Duhon CJ Yi Clement Moriceau Cleon Waterberg Clive Morrison Codrin Purice Colin McKay Condamine Florian Copin Michael Corrado Raucea Craig Jorgensen Craig Moon Craig Parkes Cyril Declercq Damian Hall Dan OBrien Dan Thorpe Daniel Bader Daniel Boeckmann Daniel Dorion Daniel Krissel Daniel Meister Daniel Perez Daniel Saik Daniela Siekiera Daniele Vianini Danny Park Danny Schmid Danny Vlaar Daren Ludvigson Darin Salisbury Dario Walker Darrel King Darren Henderson Darren Leeson Darren Muir Darren Symons Darryl Mills Dave Arthur Dave Higgs Dave Holland Dave Richardson David Allak David Bishop David Bornkessel David Burton David Commons David E. Lengel David Haggar David Ham David Ingram David Ironside David Kneller David Knipp David Majidimehr David Marin David Marquez Mato David Merino Perez David Neighbour David Payne David Pym David Saunders David Sharples David Smith David Stuecker David Summers David Vangheluwe David Vickery David Waymouth Davy Van den Abbeele Dean Welfare Denis Besic Denis Eder Martinez Pineda Dennie de Groot Dennis Pohlmann Derek Millar Derrick Ritchie Detlev Hartenstein Devin Smith Devon Massan Dirk Dietrich Dirk Voegele Dmitry Afanasyev Dominic Schoenberner Dong-Gyu Park Dong-Seok Lee Drew Mackay Drew Meisberger Duprez Laurent Dustin Johnson Edson Souza Edward Garland Edward McLean Eike Stender Elliot Janssens Eneas Martinez Costa Enrico Bertolo Enrico Gerosa Erdinc Binyal Eric Bilodeau Eric Dukes Eric Kuebler Eric Lasley Eric Mayuk Eric Schroeder Erich Christen Erich Harvey Erick Gaudreault Erik Hofmann Erik Schramm Erik Uran Erwan Decroix Erwin Berkers Espen Gundersen Espen S. Andresen Eugene Flerko Fabio Calcio-Gandino Fabrice Brigati Fabrice Jourquin Fabrice Vancomerbeck Falk Guenther Felipe Becker Felix Overroedder Felix Renneberg Ferdinand Dernai Ferdinand Schwarzer Fernando Peneda Florian Faistauer Florian Talou Florian Witte Flouret Alexandre Fontaine Loic Francesco Cinque Francis Doria Franck Darstein Franck Herve Franck Montaigne Francois Chevallier Francois Feugier Francois Heitz Frank Kleefeldt Frank Lehmann Frank Schroeder Frederic Davin Frederic Le Palud Fredrik Olofsson Friedrich Riemschneider G. Auriol Gabriel Swietlicki Gareth Harwood Gareth Robinson Gareth Vaughan Garry Holcombe Garvin Kruthof Gary Hunt Gary White Geoffrey Schild Georg Naujoks Georg Swaczyna George Brushwood George Patterson George Shannon George Usoh Gerald Scherr Gerke van Keimpema Giacomo Galeotti Gian-Luca Mateo Gianko Scaglione Gilles Eberhardt Giovanni Tomaselli Glenn Briden Goetze Tobias Gordon Hislop Graham Bartsch Graham Goodrich Graham Hawkins Graham Ritter Graham Watson Greg Corbyn Greg Pillhofer Greg Southall Greg Williams Greg Wright Gregg Mandell Guanchen Liu Guido Dettweiler Guillaume Brunner Guillermo Hargreaves Gunther Roels Gunther Wicht Hanno Peng Don Chlevl Hans Silbernagel Hans-Rolf Schade Harald Kristian Gauslaa Haroon Ashraf Hayden Purvis Heiko Wenzel Hendrik Seitz Henk de Jong Henning Schirk Herbert Waller Hermann Thomas Holger Neitzel Holzer Rene Hugh Shillingford Huib Reijnders Ian Brown Ilya Babansky Ingo Schumann Ingvar Petur Thorsteinsson Ivan Dumalovski Janjusic J Kosieradzki Jacob Urbschat-Satterfield Jagdeep Rai Jaime Lopez Trujillo Jake Southcombe James Alston James Brooks James Eavis James Lithiby James Newman James Smith James Staples James Turbett James Wall Jamie Matthews Jan Berka Jan Flieshardt Jan Fortun Jan Horsky Jan Studenski Jani Mustonen Jani Sihvonen Jannik Strelow Janusz Krasek Jared Broddle Jaroslav Kraif Jason Ganz Jason Mackay Jason Penny Jason Schmidtlein Jason Watson Javier Marcos Jay Elwanger Jay Vigo Jean Christophe Jean Marie Muggianu Jean Marth Jean-francois Le Chenechal Jean-marie Jolibois Jean-Sebastien Charlot Jean-Yves Mercy Jeff Lima Jens Hoefling Jens Schmitt Jeremy Brunel Jeremy Hittle Jeremy Spinks Jeroen van Gelder Jerome Powell Jerry Jacob Vakayil Jesko Weber Jesse Brown Jesse Fahrenkrog Jessy Burgamy Joachim Thiebe Joao Simoes Jochen Klasen Joe Borde Joe Coach Joe Moore Joe Tompkins Joel Lobo Joerg Felgendreher Joerg Giezenaar Joerg Vahldieck Joeri Blootacker Johan Kemper Johan Leroy Johan Marx Johannes Gaganas Johannes Riese Johannes Wieser John Dashey John Hargreaves John Higginbotham John Montgomery John Sant John Shore John Stegman John Tomlinson Jon Burrell Jon Davies Jon Hadden Jon Large Jon Over Jon Trotter Jonas Thomsen Jonathan Carrigan Jonathan Lamela Jonathan Le Clercq Jonathan Padilla Jonathan Vauhkonen Jonathan Waltman Joni Aaltio Joost Korngold Jordi Rodriguez Gresa Jose Anaya Jose Angel Morales Calvache Jose Rivera Joseph Gossen Joseph Marques Joseph Rampelberg Joseph Russo Joseph Schles Joseph Stearn Josh Brocksopp Joshua Healy Joshua Heising Juan Manuel Sanchez Manzano Juergen Flock Juergen Oberreiter Jukka Hautajarvi Julian Oejen Julien Boisaubert Julien Lavoie Junior Basilio Juraj Mamrilla Jurgen Braem Jussi Viljami Karjalainen Justin Gay Justin Hackett Justin Strickland Kai Lochbaum Karim Saissi Karl Mitson Karsten Kremer Karsten Schiemer Kay Schurig Keith Brunnenkant Keith Partyka Ken Owers Kent Bergstrom Kent Nielsen Kevin IJpelaan Kevin Kirkbride Kevin Lawrence Kevin McKenzie Kevin Ochoa Kevin Richardson Kevin Welsh Kieran Jones Kieran Poole Kieran Vella Kim Flawwoo Andersson Kirk Kosinski Klaus-Juergen Weber Knodel David Kobus de Villiers Konrad Kostecki Konstantin Broemmelsiek Koos Rotgans Kourattana Abhay Kowal Peter Kris Dekeyser Kristof Depreitere Kristoffer Bergset Kyfan Stevens Kyron de Haas Lacorre Mickael Nicolas Lacourte-Barbadaux Lars Rosenquist Lasse Ryhanen Laud Barnor Laurent Rizzi Laurent Zender Leander Patzak Lei Liu Leigh Renfrow Leo Graae Leon Garcia Liam Cubley Lindsay Smith Lionel Beasse Llewellyn St David Luca Antonini Luca Cambianica Luca Rassek Lucas Brits Lukas Elmer Lukas Fort Lukas Kamb Lukas van Eck Luke Wojtaszek Lyndon Wright M.J. Lisseveld Mads Krog Jensen Maik Manke Manuel Ballbe Manuel Duerr Manuel Morgenroth Marc Kressmann Marc Packenius Marc Verhoef Marcel Beck Marcel Bloch Marcel Hulsbergen Marcel Jaekel Marcel Jeske Marcel Kleene Marcel Spuehler Marcel Wernegger Marco Engelage Marco Gotz Marco Mosch Marco Olivieri Marco Roth Marcus Blech Marcus Gleitsmann Marcus Johansson Marcus Meyer Marcus Winnig Marek Haase Mario Goebbels Mario Navarrete Mario Scherrer Marius Adams Mark Abbott Mark AuBuchon Mark Barrow Mark Bevan Mark Blanes Mark Bond Mark Carbonaro Mark Doran Mark Dowling Mark Goldfinch Mark Holland Mark Laybourne Mark Leighton Mark Roberts Mark Rueb Mark Smith Mark Turnbull Mark Walker Marko Adrian Markus Beckmann Markus Falkner Markus Meyerhofer Markus Schlabritz Markus Siegmeth Markus Ullrich Marten Johansson Martin G Webb Martin Hartmann Martin Hudson Martin Kucera Martin Lorgnier Martin Schaeller Martin Skytte Martin Thielen Martin Webb Marton Szamos Martyn Breed Marvin Theel Mas Jonathan Massimiliano Franchelli Mathias Veyrun Matt Muirhead Matt O Brien Matt Pierce Matt Webb Matt York Matteo Stirati Matthew Brown Matthew Gibbs Matthew Hargreaves Matthew Julian Matthew Lewis Matthew Minson Matthew Mul Matthew Rushton Matthias Arndt Matthias Beck Matthias Dorst Matthias Jacob Matthias Neber Matthias Schonder Maurice Boeschen Maurizio Lazzeretti Maurizio Posapiano Mauro Fernandez de Bobadilla Mauro Tobon Max Spooner Maxime Parquet Maxime Platon Maximilian Woerlein Michael Ball Michael Baumert Michael Bieber Michael Colomer Michael D Mckeown Michael Dew Michael Dorricott Michael Frnka Michael Herrmann Michael Knoblach Michael Laube Michael Lehneis Michael Marhenke-Richter Michael Matzen Michael Maxwell Michael Meus Michael Milem Michael Norrby Michael Peters Michael Pleym Michael Prahl Michael Repplinger Michael Schmid Michael Steiner Michael Uth Michal Bielik Michal Sofron Michel Fouvet Mick Leighton Mikael Stanne Mike Cowing Mike Dhanpat Mike Gagg Mike Hoffmann Mike van Meerbeek Mike vom Scheidt Mikko Makela Milan Danek Milan Holt Mirko Giorgi Miroslav Bettermann Mitchel Saad Mohamed Gaalich Mohammed El Gueriri Morgan Henstridge Moritz Schickel Moriz Fischer Morten Rousing Fachmann Natan Patel Nathan Kammerud Nedo Radulovic Neil Bateman Neil Brett Neil Farren Neil Hopwood Nelson Badillo Nevil Wigbels Nicholas Chong Nicholas Gregory Nick Claydon Nick Degnan Nick Garland Nick Thornhill Nick Weekes Nico Ernst Nicolas Balland Nicolas Flamand Nigel Teags Niklas Silen Nils Ruwisch Norman Morton Oli Gill Oliver Ginzel Oliver Goehring Oliver Kaiser Oliver Rademacher Oliver Schwing Omar El-Edrissi Ornulf Hagen Oscar Perez Oyvind Nordahl Oyvind Nordbo Pablo Sanchez Parker Korpak Pascal Gatsu Pascal Meyrou Pascal Welsch Patrick Dobler Patrick Gleichmann Patrick Gries Patrick Kulinski Patrick Leventhal Patrick Pomes Patrick Seeger Patrick Strippel Patrick Theysohn Patrik Marek Paul Coburn Paul DeBili Paul Hahn Paul Jackson Paul Pridham Paul Stolber Paul Taylor Paul van der Linden Paul Velasco Paul Walker Paul Yeung Pedro Antunes Pedro Braz Caria Pedro Grave Pedro Rodrigues Per Ricktun Per Rosing Mogensen Peter Andersson Peter Avelovski Peter Boutestijn Peter Chalmers Peter Karanitsch Peter Klawitter Peter Kless Peter Marquardt Peter Stuart Peter Swiatek Peter Vermeulen Petr Strecker Petr Vojkovsky Petri Niemenmaa Phil Denty Philip Bocock Philipp Ackermann Philipp Enderes Philipp Stratmann Philippe Dufour Phillip Jones Pierre Irby Pilaud Fabien Pontus Skoglund Prayoga Hadi Setiawan Quentin Laveau Rafael Sempruch Rafal Ranuszkiewicz Raffaele La Sala Raj Sharma Ralf Huisman Ralf Truttmann Ralph Burger Rambert Yohann Ramiro Correa Randall Kipker Randall Kravarik Ray Heimbuch Raymond de Vries Rene Guenon Rene Liivanurm Rene Owara Rene Regatschnig Rene Wehrmann Reto Marti Reto Marty Ricardo Almeida Richard Barrett Richard Booms Richard Cook Richard Navone Richard Touzimsky Rikki Jenkins Riley Lucier Rob Cowing Rob Denekamp Rob Greenhalgh Rob Huxtable Rob Massen Rob Simms Rob Thompsett Robby Timmermans Robert Dekker Robert Evans Robert Gardiner Robert Lidstrom Robert Lineburg Robert Reagh Robert Schulze Robert Stuart Robert Yates Rodney Tawia Roel de Meulder Roger Graham Roger Prynne Rogier Schaap Roland Franzl Roland Krystaszek Roland Respondek Romain Belorgey Romain Capdeville Romain Rukse Roman Mika Ronald Scheerder Ross Drinkwater Rouch Jean-Guillaume Roucourt Rony Roy Butler Ruedi Zimmermann Rune Morling Ryan Conaway Ryan Parker Ryan Richter Saidur Ali Sam Blease Sampo Jarvinen Sampo Mustonen Samuel Lobietti Samuel Painchaud Sandeep Singh Dhanjal Sander Keus Sascha Haub Sascha Straub Savelkoul Tom Scott Adair Scott Coleman Scott Gibson Scott Hoarty Scott Richardson Sean Foster Sean Lobjoit Sebastian Brunner Sebastian Krogull Sebastian Pechner Sebastian Schillag Sebastian Schlager Sebastian Schweiger Sebastian Wokraczka Sebastien Guglielmi Sebastien roubinet Shane Leksell Shane Stoney Shawn Silsbee Shayne Joseph Paul Shogo Kihara Silas Greiner Silvio Carlos Camolesi Silvio Szekely Simon Bresche Simon Davey Simon Hannaford Simon Hodge Simon Messerli Simon Paynton Simon Reed Simon Welch Simone Barisonzi Sofian Moukhaiar-Senac Spencer McCarthy Stef Volckaerts Stefan Almeida Stefan Biley Stefan Bosch Stefan Delalut Stefan Forster Stefan Hennig Stefan Ihl Stefan Jeppesen Stefan Monz Stefan Nydegger Stefan Oberboersch Stefan Pagenberg Stefan Pitzl Stefan Sulies Stefano Malnati Stefano Pecchio Stefano Pianoterra Steffen Deszczka Stella Lionel Stephan Czekay Stephan Goldenberg Stephan Prinz Stephane Sola Stephen Bacchus Stephen Jubb Stephen Kelly Stephen Way Stephen White Steve Berwald Steve Bird Steve Hew Steve Hoessler Steve Jones Steve Redding Steve Swangler Steve Unsen Steve White Steven Beyer Steven Johnson Steven Labbe Stuart Phillips Suzuki Ryouhei Svein Andre Nilsen Sven Bender Sven Lippmann Sven Ungerecht Sylvain Antoni Sylvain Caillat Tapio Vepsalainen Tatu Teittinen Teddy Yeboah Teemu Koskinen Terrell Olvera Tetsuo Kimura Thibault Scheffmann Thierry Chabanne Thierry Degeilh Thilo Ascher Thomas Einoeder Thomas Goesling Thomas Groener Thomas Hirschi Thomas Hoenen Thomas Keaveney Thomas Kloeters Thomas Knecht Thomas Lademann Thomas Lund Thomas Mayrhofer Thomas Mouren Thorsten Lingnau Tiago Fortuna Till Grapentin Tim Cox Tim Eles Tim Foster Tim Lundy Tim Venker Tim Wielens Timi Tuohenmaa Tobias Gloeckner Tobias Kiel Tobias Scheit Todd Norbury Tom Cornwell Tom Erik Risan Tom Goad Tom Ivar Arntsen Tom Pettersson Tommaso Rossato Tonny Draijer Tony Bull Tony Richards Tony Rickard Tony Ward Torsten Schmitt Travis Lamming Trent White Trever Braun Trevor Austin Tristan Matheson-Mayne Tyler Sinquefield Ulrich Diedrichsen Valerio Giolitto Victor Moraal Vikram Subramaniam Vincent Boulard Vincent Druart Vincent Zijlstra Vincenzo Giagheddu Vladimir Kulev Volker Keim Volker Wenski Warren Murfin William Fisher Wolf Herold Wolfgang Reh Xavier Bourgeois Xiong Yang Xristo Papageorgas Yann Kowalkiewicz Yannick Prevot Yannick Steinhauer Youcef Benyarou Zdeno Kubina Ziyu Guo <emptyline> <emptyline> <emptyline>  <position> Supported by <list> Adam Dougherty Adam Rusling Aleksi Marjusaari Alex Day Alex Salmon Alexandre Bersano Alfiero Ventura Alizard Christian Anders Wallgren Andre Gava Andre Marcos Andrea Bona Andrej Lueders Andrew Banfield Anthony Labarre Anton Volkov Arne Pannecoucque Avenel Adrien Bart Van den Broeck Bastian Schings Beeck Wolfgang Benjamin Alapetite Benjamin Aul Benjamin Schuette Benny Dean Bernd Ohlsen Bevan Roberts Brady Warren Brendan Langlois Brett Loubser Brian George Brock Williams Bruce Maytum Carion Guillaume Cesar Correa Chad Kopec Charles Verity Chee Hoe Lau Chris Lessig Christian Heinlein Christian Nutz Christoff Rampf Clive Reeves Damian Papen Dan Britton Dan Stockwell Daniel Borges Daniel Hedman Daniel Holbling Daniel Sipowicz Daniel Thomazelli Darley Laetitia Dave Peat David Filippone David Golob David Gross David LeGresley David Sosnowski Dennis Hart Diego Colafabio Diego Xavier Dominik Pflegerl Dominik Uebelhoer Donald Brooks Douglas Ries Dustin Ward Enrico Weichhold Enrique Nava Gonzalez Enrique Perez Cabedo Eric Dufour Eric Koudijs Fabian Kraus Fabien Bouteuil Fabrice Tessier Finn Verkerk Florian Laub Frank Lobers Freulon Nicolas Gareth Smith Garrick Wheeler Gavin Thomas Gene Day Georgel Eric Gerard Raccio Giuliano Golfieri Gordon Mowvley Gregory Choubana Grigoli Manuel Guerin Jimmy Guillaume Cortes Guillemoto Claude Gusthiot Maxime Haroldo Dijigov Heiko Gehrig Heiko Risse Helmut Bachmayr Hirokazu Oka Hugo Vieira Humberto Barreira Iker Mingo Israel Gallegos Jan Sterba Jarno Perala Jason Betts Jason Hsu Jason Schumacher Javier Rios Joachim Koppenhoefer Joao Bonifacio Joerg Mertin Johan Malmsten Johan Sanders John Rayson Jon Grintz Jonatan Larsson Joni Harju Jordi Rodrigo Roma Juan Luis Garcia Asmar Justin White Kai Podoklinski Kay Ekanayake Keven Menard Kevin Ellis Kevin Watts Kieran Chauhan Klaus Thon Kouhei Hata Kristopher Cobb Lars Klingman Lasse Skjoett Hansen Leandro Melo Lecomte Tristan Lombard Florian Luca Perin Lukas Ljungdahl Manuel Kamela Marco Ficara Marco Mauri Mario Gilcher Mario Macri Marius Pedersen Mark Bosman Mark Bratley Mark Bushell Mark Cooke Markus Pichler Martin Bell Martin Hauber Matej Klocek Mathieu Gebel Matt Cocks Matthew Cholerton Matthew Kennedy Matthew Thomas Maxime Monnet Meier Michael Mevlut Koc Michael Decker Michael Dorn Michael Konrad Michael Lorenz Michael McEvoy Michael Miesenberger Nathan Burtenshaw Nathan Jermyn Nicolas Pavie Nishan Baruah Oliver Abrahamsson Omer Candar Ondrej Vesely Pacula Martin Paolo Guiotto Pascal Groen Peter Bjoerk Peter Dimitri Peter Gertsson Peter Jamieson Philipp Eiselt Philipp Haenel Philipp Hofmaninger Philippe Evrard Quido Dekker Rafael Alcolea Rainer Huentemeier Ralf Trautwein Ralf Waspe Ramon Galera Raphael Smith Rasmus Lundstrom Rene Drawert Rene Hossfeld Richard McVeigh Robert Green Robin Sillars Roger Lee Sami Vahtera Sandro Draeger Santeri Rahkamaa Scott Haines Sebastian Barz Sebastien Milliot Simon Carbonnel Simon Strohmenger Sinan Mercan Sjoerd Huksloot Stefan Klause Stefan Krokowski Stefan Steinwasser Steffen Schluessler Stephen Collis Stephen Walsh Steve Seidelmann Teemu Karvinen Thiebault Debatty Thomas Granofszky Thomas Kramwinkel Thomas Meissner Thomas Olivaux Thomas Schleimer Thomas Wiercioch Timo Klostermann Timon Putzker Tobias Wellmann Tom Hutchins Tyler Grinnell Ulrich Straller Vinod Chandran William Parr Xabier Sanchez Yang Hongbo <emptyline> <emptyline> <emptyline>  <position> AEMS <list> Adam Stadler Adriano Sapetti Al Clarke Albert Bensusan Alejandro Fernandez Alessandro Balzan Alex Krugman Alex Meader Alex Nunez Allan Ng Andreas Eriksson Andreas Falkner Andrew Arroyo Andrew Thompson Andrew Wojteczko Andy Barnes Andy Blackmore Anna Degen Anne Bernard Anne Bernard Annemie Claesen Anthony Cheshire Aris Barios Arnold Eugenio Arthur Virapin Ashley Lynch Aurélie Glandais Autumn Soriano Beatrice Karlsson Becki Nile Ben Brown Ben Chong Ben Conrad Bisi Ezerioha Blair Dupree Blane Burnettt Bob West Boris Puddu Brad Beardow Brad Folz Brandon Adams Braun Smith Brett Hauschild Brian Dwyer Brian Knudson Bruce B. Frederick Bruce Garfield Bryan Alvardo Bryn Musselwhite Caroline Fallara Casey Cooper Johnson Charlotte Lumley Chico Kodama Chris Agajanian Chris Considine Chris Douglas Chris Protheroe Chris Raschke Chris Tague Chris Tate Christer Loow Christian Schick Christina Nielsen Christoph Ebenschwaiger Chuck Neal CJ Wilson Claudia Geissmann Clayton Triggs Clive Chapman Cory Burns Craig Cavalier Daniel Bandoly Daniel Cross Daniela Russell, Darren Geal Dave Phelps David Black David Fernandez David Isaacs David Ridley Declan Brennan Dennis Homberg Dennis Schwitzer Dirk Starksen Dirk Theimann Donnyelle Evans Dyan Williams Dylan Fraser Efrain, Enrico Diano Eji Tada Elena Azzali Elisa Mignini Emeline Wilson Emma Pastor Ethan Bregman Eunice Biondi Fabian Weingart Fiammetta Ginestra Florian Hagemann Florian Pitout Frank Rehak Fraser Handley Frederic Colaux Fu Yang Gary Fong George Ciordas George Kviloria Glen Chou Greg Gill Hannes Tribelnig Hannes Zanon Hayley Robinson Hedi Kim Helmut Wahl Hikaru Fujii Hiroshi Sano Hunter Skipworth Hyodo Tomomi Ian Briggs J. David Rich Jacob Agajanian James Crook James Hinchcliffe James Kirkham James Nagahashi James Rumsey Jane Mcleod Jarrod Stapley JC Waterhouse Jeff Darks Jeff Glover Jeff Neal Jen Horsey Jeremy Peirson Jerry Thienprasiddhi Jesse Wood Jillian Scheden Jim Michaelian John Chiboroski John Church Jon Barrett Jon Denton Jordon Roberts Jorge De La Torres, Jorge Rivera Julie Peyssard Jun Imai Junichi Tokuda Justin Ocello Kai Mensing Karen Schnurr Kei Muira Keith Jones Kenji Sumino Kenny Krajnik Kevin Taylor Klarissa Freibott Kris Skellenger Kristian Berg Kristian Dean Kyle Lloyd Larry Chen Laura Clever Lauren Sheridan Linden Farrow Lindsay Ross Liza Markle Louise Price Luca Bellisomo Luca Venturi Mad Mike Whiddett Marc Lewis Marc Unger Marcel Orban Maria Pia Rocca Marie Christine Ravon Mario Di Dato Marion Eisenberger Mark Bentley Mark Jones Mark Lemmer Mark Tingey Mary Lou Haen Masaya Yumeda Mat McCallum Matt Crooke Matt Levin Matt Monroe Matt Tuccillo Matt Wright Matt Young Matteo Gianotti Matthew Levin Matthias Czabok Matthias Scheffler Max (Massimiliano) Marsiaj Michael Burch Michael Gibbs Michael Grassl Michael Keyser Michael London Michael Schneider Michael Scully Michael Shank Michael Staskin Michael Teichmann Michaela Dorcikova Michal Klouda Mike Beckhusen Mike Chung Mike Hagedorn Mike Johnson Miriam Rodriguez de Lizana Mirko Lubner Mirko Markfort Miroslav Konopka Mizoguchi Kagefumi Monica Pauperas Murray Adams Natasha Dyson Nathan Freke Nathan Shriver Neill Briggs Nicole Garside Nigel Land Pascal Ursi Pascale Fleuridas Pascale Lavie Patrick Germain Patrick Mulligan Paul Zwicky-Ross Paulo Pinheiro Peter Cunningham Phillip Grenier Pierre Nicolet Pierre Nicolet Preston Calvert Quentin Frismand Rafael Navarro Ravi Dolwani René Buttler Riccardo Pezzetta Richard Barsamian Richard Hoare Richard King Rob Barnes Robin Selbach Roman Moser Romi Diana Doser Rosella Locatelli Ryan Carpenter Ryan Davis Ryu Asada Sabrina Asperti Sam Minchington Sandrine Weyders Sandy Althaus Sarah Edlinger Scott Lindley Seadon Baker Sean Horvath Sean Kleinschuster Sebastian Bagley Sebastian Hornung Sebastian Schmalz Shige Suganuma Shinjo Tsuyoshi Silvia Montsori Simon Haas Staci Langham Stefan Steinwasser Stephanie D'aprigny Steve Fields Steve Sare Steve Vandervate Thomas Gleibs Thomas Herbst Thomas Koch Thomas Muehlenz Thomas Radkovic Timo Frings Tobias Haasis Tomo Hisanaga Toni Calderon Toni Whiddett Tony Attwood Tony Balde Toshi Nakamae Travis Montgomery Trent Goodwin Trevor Wert Valerio Piersanti Vaughn Gittin Jr Vera Wessolek Victor Carrillo Vincent Vosse Vitale Alessandro Maffezzini Wakana Kosumi Warren Overton Will Brown Willett Considine Yannick Yvin Yoshiaki Hashimura Yoshihiro Sakamoto Yoshiyasu Takezawa <emptyline> <emptyline> <emptyline>   <position> External Partners <emptyline> <list> 'FMOD studios' and 'Firelight Technologies'  <emptyline>  REV technology used under license from Crankcase Audio Inc. <emptyline>  Uses Oodle. Copyright © 2008-2017 by RAD Game Tools, inc.   <emptyline>  Uses Bink Video. Copyright © 1997 – 2017 by Rad Game Tools, Inc   <emptyline>  Development tools and related technology provided under license from Logitech.  © 2001-2017 Logitech.  All rights reserved.  <emptyline>  Trademarks, design patents and copyrights are used with the approval of  the owner of Agajanian Racing <emptyline>  “Aston Martin”, “Aston Martin Racing” and related logos and other trademarks  are owned, licensed and/or used by Aston Martin and Aston Martin Racing.   These trademarks may not be used, amended and/or reproduced without permission.  All rights are reserved. <emptyline>  Trademarks, design patents and copyrights are used with the approval of the  owner of AUDI AG <emptyline>  Trademarks, design patents and copyrights are used with the approval of  the owner of Briggs Automotive Company (BAC) Limited <emptyline>  Produced under licence from Bentley Motors Limited England. “Bentley”, the ‘B’  in wings device and other associated logos and names are trademarks of  Bentley Motors Limited. The body designs of Bentley motor cars are protected  by Bentley Motors Limited under design, trademark and trade dress regulations <emptyline>  The BMW logo and BMW wordmark are trademarks of BMW AG and are used under license. <emptyline>  General Motors Trademarks used under license to Slightly Mad Studios Ltd <emptyline>  Caterham and associated logos and trade dress are registered trademarks of  Caterham Cars Ltd and are used under license. <emptyline>  The name and design of CITROËN and DS are used with the permission of  Automobiles CITROËN <emptyline>  Produced under license of Ferrari S.p.A. The name FERRARI, the PRANCING HORSE device, all associated logos and distinctive designs are property of  Ferrari S.p.A. The body designs of the Ferrari cars are protected as  Ferrari S.p.A. property under design, trademark and trade dress regulations. <emptyline>  Ford Trademarks and Trade Dress used under license to Slightly Mad Studios Ltd <emptyline>  Trademarks, design patents and copyrights are used under licence from  Ginetta Cars Limited <emptyline>  For Honda Automobiles: Honda Official Licensed Product. Designed, manufactured and distributed by or  for Slightly Mad Studios. Honda, the “H” logo, Honda vehicles and their trade  dress, and all associated vehicle emblems, logos, marks and names are trademarks  and intellectual property of Honda Motor Co., Ltd. All rights reserved. <emptyline>  For Acura Automobiles: Acura Official Licensed Product. Designed, manufactured and distributed by or  for Slightly Mad Studios. Acura, the “A” logo, Acura vehicles and their trade  dress, and all associated vehicle emblems, logos, marks and names are trademarks  and intellectual property of Honda Motor Co., Ltd. All rights reserved." <emptyline>  Trademarks of Brickyard Trademarks Inc. used with permission <emptyline>  Jaguar and the leaper device are trademarks owned and licensed by  Jaguar Land Rover Limited <emptyline>  All KTM vehicles, vehicle names, designs and logos are trademarks of KTM AG. <emptyline>  The trademarks, copyrights and design rights in and associated with Lamborghini,  Lamborghini with Bull and Shield Device are used under license from Automobili  Lamborghini S.p.A., Italy <emptyline>  Ligier and associated logos and trade dress are registered trademarks of Everspeed  for Onroak Automotive and are used under license. <emptyline>  Approved and licensed by Classic Team Lotus Ltd <emptyline>  Mazda Motor Corporation Approval No. 20019 <emptyline>  Manufactured under license from McLaren Automotive Limited.The McLaren name  and logo are registered trademarks of McLaren <emptyline>  “Mercedes-Benz” and “Three pointed star in a ring” are trademarks of Daimler AG  and used under license by Slightly Mad Studios Ltd. <emptyline>  MITSUBISHI MOTORS and  emblems are trademarks of MITSUBISHI MOTORS CORPORATION  and used under license to Slightly Mad Studios Limited. <emptyline>  MOTUL, the MOTUL LOGO and 300 V are registered trademarks of MOTUL (SA).  All rights reserved” and the Licensed Designs are protected by“© MOTUL’s  copyright – 1995- All rights reserved <emptyline>  Trademarks of Nissan Motor Co., Ltd. used under license to Slightly Mad Studios.  81-27617-22520 <emptyline>  Trademarks, design patents and copyrights are used with the approval of the  owner of OMSE. <emptyline>  "Opel Trademarks used under license to Slightly Mad Studios Ltd - Les marques Opel  sont utilisées sous license par Slightly Mad Studios Ltd" <emptyline>  Trademarks, design patents and copyrights are used with the approval of the  owner of ORECA SAS. <emptyline>  The trademarks PAGANI and Pagani Automobili and Huayra and Zonda are registered  trademarks and used under license from HORACIO PAGANI S.P.A., Italy <emptyline>  Panoz LLC vehicle models and trademarks are subject to copyright and other  intellectual property protection. Used with permission of Panoz LLC, a division  of Green4U Technologies, Inc. All rights reserved. <emptyline>  Under License of Porsche AG <emptyline>  Radical Sportscars Official Licensed Product. Designed, manufactured and distributed  by or for Slightly Mad Studios. Radical Sports Cars, Radical, the “R” logo, Radical  vehicles and their trade dress, and all associated vehicle emblems, logos, marks and  names are trademarks and intellectual property of Radical Sportscars Limited.  All rights reserved. <emptyline>  "RENAULT Official Licensed Products. Vehicle Models and Trademarks protected by  intellectual property laws. Used with permission of RENAULT. All rights reserved" <emptyline>  Under license of Toyota Motor Corporation <emptyline>  The name and design of Autodromo Internacional Do Algarve are used with the permission  of Parkalgar - Parques Tecnologicos e Desportivos, S.A.  <emptyline>  The name and design of the Mount Panorama Motor Racing Circuit are used with the permission  of Bathurst Regional Council <emptyline>  The name and design of Brands Hatch are used with the permission of Motorsport Vision Ltd. <emptyline>  Trademarks of Automotocrom Brno,a.s. used with permission <emptyline>  The name and design of Cadwell Park are used with the permission of Motorsport Vision Ltd. <emptyline>  The name and design of Circuit de Catalunya and Circuit de Barcelona-Catalunya are used  with the permission of Circuits de Catalunya, S.L. <emptyline>  Trademarks of Circuit of the Americas LLC used with permission <emptyline>  DAYTONA® is a registered trademark of the International Speedway, Inc. and licensed to  International Speedway Corporation. <emptyline>  Trademarks and likeness of DirtFish, LLC used with permission <emptyline>  "The Donington Park name, graphic design and logo are registered and protected  under UK and European law and similarly, those copyrights of all Donington's  partners and sponsors included in the track design and layouts for this game  are also protected under relevant laws. Any unauthorised breaches, misuse,  or misrepresentation of any of these copyrights, designs and logos will be  pursued to the fullest extent of the applicable law". <emptyline>  The name and design of Dubai Autodrome circuit are used with the permission  of Dubai Autodrome LLC. <emptyline>  Fuji Speedway Copyright ©Fuji International Speedway Co., Ltd. All rights reserved. <emptyline>  Trademarks of Hockenheim-Ring GmbH used with permission <emptyline>  Trademarks of Formula Imola S.P.A. used with permission <emptyline>  Trademarks of Brickyard Trademarks Inc. used with permission <emptyline>  Trademarks of Knockhill Racing Circuit Ltd used with permission <emptyline>  Trademarks of Sports car Racing Association of the Monterey Peninsula  "SCRAMP" used with permission <emptyline>  Slightly Mad Studios usage of Lånkebanen's/HellRX's track design is licensed  and approved by NAF Motorsport Trøndelag <emptyline>  24H Le Mans official Licensed product. Le Mans TM 2017. <emptyline>  Rallycross Lohéac - trademark of Association Sportive du Rallycross de Lohéac  - France used under license to Slightly Mad Studios Ltd <emptyline>  Trademarks of Grand Prix Association of Long Beach, LLC. used with permission <emptyline>  The name and design of the Lydden Hill Race Circuit are used with the permission of  Lydden Race Circuit Ltd. <emptyline>  The likeness and trade dress of the Track “Autodromo Nazionale Monza” , the name of  the track and the associated logos are exclusive properties of S.I.A.S. S.p.A. -  Autodromo Nazionale Monza. <emptyline>  The name and design of the Nürburgring Race Circuits are used with the permission of  capricorn Nürburgring GmbH. <emptyline>  The name and design of the Motorsport Arena Oschersleben are used with the permission of  Motorsport Arena Oschersleben GmbH. <emptyline>  The name and design of Oulton Park are used with the permission of Motorsport Vision Ltd. <emptyline>  Under License of Porsche AG <emptyline>  Trademarks of Projekt Spielberg GmbH & Co KG used with permission <emptyline>  The name and design of Road America are used with the permission of  Road America Inc. <emptyline>  “Red Bull® Marks are licensed by Red Bull GmbH/Austria” <emptyline>  The name and design of Ruapuna Park are used with the permission of  The Canterbury Car Club. <emptyline>  © Silverstone Circuits Limited 2017 <emptyline>  The name and design of Snetterton are used with the permission of  Motorsport Vision Ltd. <emptyline>  Sonoma Raceway is a trademark of Speedway Properties Company, LLC <emptyline>  Copyright ©SUGO Co.,Ltd. All rights reserved. <emptyline>  "Texas Motor Speedway ® is a registered trademark of Speedway Properties Company, LLC,  registered in the U.S. The Globe Logo ® is a registered trademark of Speedway Properties  Company, LLC, registered in the U.S." <emptyline>  WATKINS GLEN® is a registered trademark of the International Speedway, Inc. and licensed  to International Speedway Corporation. <emptyline>  The name and design of Willow Springs International Raceway are used with the permission  of Christopher C. Huth General Manager and Owner of Willow Springs International Raceway. <emptyline>  The Track Marks, designs, logo and trademark of Zhuhai International Circuit are licensed  by Zhuhai International Circuit Ltd. <emptyline>  The name and design of Circuit Zolder are used with the permission of Circuit Zolder Inc. <emptyline>  PIRELLI and PIRELLI logo are trademarks of Pirelli & C. S.p.A.; PZERO is a trademark of  Pirelli Tyre S.p.A. All trademarks are used under license <emptyline> <emptyline> <emptyline>       	<list> <header> Project CARS 2 <emptyline> <emptyline> <position> Slightly Mad Studios <emptyline> <emptyline> <position> Head of Slightly Mad Studios <list> Ian Bell - Chief Executive Officer <emptyline> <emptyline> <emptyline>  <position> Art <list> Darren White – Art Director <emptyline> <emptyline> <emptyline>  <position> Art: Character <list> Vit Budin – Character Artist Aleš Filka – Character Artist & Animator Tomáš Flak – 2D & Concept Artist Peter Gerhát – Lead Animator  Lukas Mensik - Characters and Animations Manager Marlon R. Nunez – Character Artist & Animator František Resl – Character Artist Zbyněk Trávnický – Technical Animator <emptyline> <emptyline> <emptyline>  <position> Art: Environment <list> Mark Adams - Art Manager Luis Barata - Environment Artist Chris Barnes - Senior Environment Artist Michal Beran - Senior Environment Artist Richard Berwick - Senior Environment Artist Gary Browne - Senior Environment Artist David Brumla - Senior Environment Artist Karl Davies - Senior Environment Artist Andrea Fabris - Senior Environment Artist Dave Flynn - Senior Environment Artist Martin Franek - Environment Artist Kateřina Habrová - Environment Artist Michal Jeschke - Senior Environment Artist James Kett - Principal Artist Petr Klvač - Environment Artist Siu Jone Lee - Senior Environment Artist Andrew Liddle - Senior Environment Artist Andreas Moll - Senior Principal Artist Sven Moll - Senior Principal Artist Jan Pavelko - Environment Artist David Rezac - Senior Environment Artist Cassius Rodrigues - Senior Environment Artist Oscar Soper - Lead Environment Artist Tomas Trlica - Environment Artist Jose Perez De Vries - Senior Environment Artist Darren Wakeman - Senior Environment Artist <emptyline> <emptyline> <emptyline>  <position> Art: Vehicles  <list> Sean Barron -  Junior Vehicle Artist  Tarran Booth – Vehicle Artist Jean-François Bouchard – Senior Vehicle Artist Matt Clark - Senior Vehicle Artist Vincent Dambreville – Vehicle Artist Ivo Franic – Vehicle Artist Kreso Franic – Vehicle Artist Jan Frischkorn - Vehicle Art Manager Vicko Hazdovac – Vehicle Artist Ralph Hummerich – Vehicle Artist Kunal Jain – Vehicle Artist Daniel Karlsson - Senior Vehicle Artist Jacek Kosieradzki – Vehicle Artist Ales Ogrinc – Vehicle Artist Gustavo Olivera – Vehicle Art Lead Martin Olivera – Vehicle Artist  Stanisław Potulski – Vehicle Artist Perran Truran - Senior Vehicle Artist Jaroslav Turna - Vehicle Artist <emptyline> <emptyline> <emptyline>  <position> Audio <list> Jon Bailey – Voice Over Recording Engineer Rashid Hille – Sound Designer Eilam Hoffman – Location Sound Recordist Vanesa Lorena Tate - Head of Audio Paul Scargill - Audio Programmer Gergely Szelei - Audio Programmer László Vincze - Senior Sound Designer Lewis Williams - Junior Audio Designer <emptyline> <emptyline> <emptyline>  <position> Car Handling <list> Doug Arnao - Senior Physics / AI Engineer  Jussi Karjalainen – Handling QA Lead  Casey Ringley - Technical Vehicle Lead Andrew Weber - Physics Programmer <emptyline> <emptyline> <emptyline>  <position> Cinematics <list> Ed Mas - Video Director Paul Shuker - Cinematics and Video Assistant <emptyline> <emptyline> <emptyline>  <position> Code <list> Steve Dunn – Technical Director <emptyline> <emptyline> <emptyline>  <position> Code: Gameplay <list> Gergely Bencze - Gameplay Programmer Dominic Clarke - Gameplay Programmer  Stuart Hunt - Senior Gameplay Programmer  Bob Ives - Gameplay Programmer Anders Johansson - Lead Gameplay Programmer Michael Lalaounis - Gameplay Programmer Rick Lamb - Gameplay Programmer Are Leistad - Gameplay Programmer Martin Moravec - Gameplay Programmer Ian Sweeny - Senior Gameplay Programmer James Vipond - Gameplay Programmer Mark Watson - Senior Gameplay Programmer Steven Wright - Gameplay Programmer <emptyline> <emptyline> <emptyline>  <position> Code: Online <list> Ian Bird - Online Programmer  Thomas Gomes - Online Programmer  Victor Khomskiy - Online Programmer  Mike Laskey - Head of Online Alexandru Marian - Online Programmer Pablo Medina - Online Programmer Mike Montgomery - Online Programmer Michal Řeháček – Server Programmer Štěpán Vondrák - Online Programmer  Iain Wallington - Lead Online Programmer  James Woollard - Online Programmer <emptyline> <emptyline> <emptyline>  <position> Code: Physics & AI <list> Peter Arbet - Physics Programmer  Jiří Boldyš - Physics Programmer  Artem Ermolov - Lead Physics and AI Programmer Christian Ferrario – AI Programmer Dmitry Meleshkin - Physics Programmer  Steven Walker - Physics and AI Programmer <emptyline> <emptyline> <emptyline>  <position> Code: Render <list> Kevin Boland – Principal Render Engineer  Robert Dibley - Lead Render Programmer Tim Lewis - Render Programmer Fabio Luchetta - Senior Render Programmer  Tim Mann - Low Level Cross-Platform Render Engineer Ivo Novak – Render Programmer <emptyline> <emptyline> <emptyline>  <position> Code: Tools <list> John Atkinson – Senior Tools Programmer James Boulton - Senior Tools Programmer  Andy Clark - Lead Tools Programmer Gábor Mónus - Senior Tools Programmer Jack O’Neill - Tools Programmer Daniel Wheeler - Senior Tools Programmer <emptyline> <emptyline> <emptyline>  <position> Design <list> Andy Tudor – Creative Director  Stephen Viljoen – Game Director Matt York – Junior Designer <emptyline> <emptyline> <emptyline>  <position> Graphical User Interface <list> Laurence Alexander – UI Creator  Sean Fitzpatrick – Text Designer Damian Furlong – Senior UI Programmer Nicholas Jablonowski – Senior UI Programmer Derek Payne – Lead UI Programmer Fernando Pedace – UI Designer Andy Rogers – UI Programmer Richard Steer – Senior UI Programmer <emptyline> <emptyline> <emptyline>  <position> Mediacom <list> Joe Barron – Marketing and Esports Manager  Nathan Bell – Web and Social Media Officer Patrick Kulinski – Manual Editor Alex Martini – Head of Communications Rob Massey – Analytics Manager Melinda Neil – Licensing Manager Rob Prange – Web Content Adminstrator <emptyline> <emptyline> <emptyline>  <position> Music <list> Stephen Baysted - Composer Andy Brown - Conductor / Orchestral Contractor Amanda Cook - Musician: Acoustic Guitar Caroline Dale - Musician: Cello Peter Gregson - Musician: Cello John Harvey - Drums / Electric Guitars Jake Jackson - Score Mixer / Score Producer Susan Legg - Featured Vocalist / Piano Guy Michelmore - Additional Music Simon Whiteside - Orchestrator / Score Preparation <emptyline> Music performed by The London Metropolitan Orchestra Music recorded and mixed at Air Lyndhurst Studios, London <emptyline> <emptyline> <emptyline>  <position> Production <list> Umer Ahmad – Assistant Producer  Dave Bramhall – Senior Producer Andy Cherry – Producer Benjamin Fischer – Assistant Producer and Community Manager Jarek Kleiber – Senior Production Support Pete Morrish – Director of Production  John Wray – Production Assistant <emptyline> <emptyline> <emptyline>  <position> Quality Assurance <list> Thomas Bromyard – QA Tester  Tom Brown - QA Manager Tom Curtis - QA Lead Aaron Groves – QA Tester Viktor Kolomiets – Build Manager Filipe Malaquias – QA Tester Christopher Newsum – QA Tester Bruno Pereira – QA Tester  Angus Winnard – QA Tester <emptyline> <emptyline> <emptyline>  <position> Pro Drivers <list> Ben Collins Mitchell DeJong Oliver Eriksson   Vaughn Gittin Jr Nicolas Hamilton Tommy Milner René Rast <emptyline> <emptyline> <emptyline>  <position> Management <list> Rod Chong – Chief Commercial Officer Andy Garton - Head of Development  Ged Keaveney - Chief Technical Officer Mark Pressburg - Chief Finance Officer Frank Veyder - Chief Operations Officer <emptyline> <emptyline> <emptyline>  <position> Administration <list> Margaret Bieniek-Maluszczak - Office Administrator Sally Daligan – Reporting Manager Musanna Muhit - Officer Manager Vittorio Rapa - IT Manager Dickon Springate - Assistant Accountant  Ana Tiza - HR Manager <emptyline> <emptyline> <emptyline>  <position> Additional Vehicle Art <list> Jurgen Braem  Sebastian Brunner  Guillermo Hargreaves Alex Hobbs Eric Kuebler  Che Hoe Lau Michael Peters Mitchel Saad Christian Schmidt Nigel Teags Jaime Lopez Trujillo <emptyline> <emptyline> <emptyline>  <position> Game Babies <list> Lucas Akihito Barnes Nina Simone Bell  Emily Boland Rosalie Bouchard Matyáš Brumla Samson Clark Tabatha Clark  Sonny Alfred Curtis Enzo Dambreville Timofey Ermolov Darragh Fitzpatrick Ada Alyss Furlong Arabella Julie Hoey  Ondřej Jeschke Kika Kleiber Elisabeth Melanie Moll Ester Moravcová Charlotte Maisie O'Neill Frank Jack Sweeny Elen Travnicka Aurelia Jasmine Tudor <emptyline> <emptyline> <emptyline>  <position> Special Thanks <list> Nik Ammar Pole Position Productions  The Audio Guys <emptyline> <emptyline> <emptyline>  <position> ACME <list> Kevin Malling Julie Malling John Wang Tyson Hill Brandon Acree <emptyline> <emptyline> <emptyline>  <position> Glass Egg Digital Media  <list> Thuy Le Hoang Nguyen Tu Tran Cam <emptyline> <emptyline> <emptyline>  <position> SkinzWraps Racing <emptyline> <emptyline> <emptyline>  <position> Intel Corporation <list> George Bain Leigh Davies Bartosz Boczula Patrick J Farrell <emptyline> <emptyline> <emptyline>  <position> Technology Partners <list> Simon Newby - 6T3 Eric Mindjimba - Thrustmaster Christopher McKelvy - Oculus Rift Thomas Jackermeier - Fanatec Roy Kerkhoff - Playseat Nevil Slade - Vesaro Curtis Brown - Logitech Phil Scott - NVidia Glen Chou - True Scale Miniatures <emptyline> <emptyline> <emptyline>   <position> BANDAI NAMCO Entertainment Europe S.A.S <emptyline> <list> Goran Marinković - Producer Manuela Riboldi - Localisation Project Manager Sohail Daniel - Localisation Project Manager Franck Genty - Localisation Manager Bertrand Mangin - Quality Control Project Manager Olivier Robin - Quality Control Manager Claire McGowan - Certification Manager Stéphane Entéric - Engineering Services Project Managers Emeric Polin - Engineering Services Project Managers Samuel Gatté - Publishing & Product Support Senior Director  Chris Altiparmakis - Product Manager Arnaud Staebler - 3rd party IP Strategy and Marketing Manager Morgane Ah Kong - PR Manager Héloïse Ribeaucourt - Events Manager André Persson - PR, Communication & Events Director  Alexandre Vision-Bonnet - Game Content Analyst & Designer Jocelyn Cioffi - GES Manager Rudy Pantoustier - Junior Market Analyst Julie Joet - Market Research Manager Patrick Rose - Business & Product Analyst Alberto Gonzalez Lorca - VP Business Development Pablo Rodriguez Fernandez - Business Development Manager Denis Ferrier - Business Development Manager Vincent Hattenberger - Creative Designer Gwen Ruby - Creative Assistants Anne Laure Bouton - Creative Assistants Anthony Grabit - Community Manager Team Leader Isshak Ferdjani - European Community Managers Laurence Patey - E-Commerce Manager Romain Chantelot - CRM Project Manager Julia Crusot - CRM Project Manager Junior Lucas Guedot - Web Master Bertrand Amiard - Web Project Manager Jérôme Chatelain - Digital Sales Managers Anthony Macaré - Digital Business Unit Director Hervé Hoerdt - VP Marketing & Digital Mieko Murakami - Sales Reporting & License relation Sandrine Dubois - Packaging Project Manager  Céline Vilgicquel - Packaging Project Manager & Marketing Support Caroline Fauchille - Manufacturing & Printed Materials Director Delphine Doncieux - Supply Chain Coordinators Mike Shaw - Supply Chain Coordinators Nicolas Guérard - Supply Chain Manager Laura Testud - Manufacturing Coordinator Marine Thevenet - Lawyer Stéphanie d'Ornano - Legal Manager Frederic Armitano Grivel - SVP Legal & Business Affairs Kunio Ikoma - VP Corporate Planning & Finance Christophe Delanoy - VP Distribution Operations Masataka Nemoto - Senior Director Development Strategy & Management Yoshi Niki - SVP Production & Development Naoki Katashima - President & COO <emptyline> <emptyline> <emptyline>  <position> Local Marketing Team <list> Phil Brannelly - UK Olivier Reocreux - France Alexandre Billaud - Belgium David Razaghi - Deutschland Laura Aznar - Iberica Marco Caputo - Italy Alexandre Billaud - Netherlands  Andreas Juliusson - Nordic  George Soulogiannis - Hellas Oleg Khazhinskiy - Eastern Europe Stephen O'Leary - Australia <emptyline> <emptyline> <emptyline>  <position> GlobalStep Services Pvt. Ltd. <list> Sumit Arora - QA Director Piyoosh Sah - QA Manager Neeraj Bhardwaj - Test Coordinator Saurabh Tarolkar - Test Lead Zishan Khan - Test Lead <position> Testers <list> Keshav Subhash Kale Altaf Shabbir Pathan Kishore Kumar T S Mayank Sharma Sujata Gundewar Preetam Khomane Nirav Narendra More Dheeraj Gadve R. Chandrasekher Reddy P. Vivek Abhijit Madhukar Doiphode Prashant Gulab Medhe Rahul Saini Abhijeet G. Kakpure Pramod Hambir Vishal Kakade Sagar Dhamankar Prashant Lolage Arnold Nirmal Ashish Appaso Patil Debashish Saha Devashish Mishra Gaurav Oak Harjee Anand Harshad K Kshirsagar Himanshu Shrivastava Jasmine Bhaldar Kalpesh Deelip Chavan Kanishk Sanjay Sahay Kusumesh Vyas Latif Husain Mayur Sharad Dorle Md Ilteza Alam  Mohammad Shadab Ali Mohit Kumar Bhatnagar Pooja Rikibe Prashant Pawar Purva Zarkar Shreyas M. Ranade Simjo Simon Swapnil Najan Tejas S. Vaidya Tushar Dubey Vipul Vijaykumar Powar <emptyline> <emptyline> <emptyline>  <position> Keywords International <list> Thomas Courtonne - Project Manager  Davi Almeida de Souza - Test Lead <position> Testers <list> Grégory Alliot Moulay-Toumi Sabri Perry Mainville Virginie Cloutier-Brassard Chiara Di Modica Alessandro Tenza Manuel Ravazzini Patricia Raabe Simran Karir Sebastian Schneider Alba La Orden Garcia Clara Guzman Noelia Penin Garcia Evgeniya Kozyreva Vladimir Kozin Andrei Pivovar Adam Dabrowski Natalia Mieczynska Aleksandra Wanda Jozwiak <emptyline>  <position> Maverick Media LTD <emptyline> <emptyline> <emptyline>  <position> BANDAI NAMCO Entertainment America Inc. <emptyline>  <position> Executive Management <list> Mark Tsuji - President & CEO Hide Irie - Executive VP & COO Shuji Nakata - Executive VP & CFO <emptyline> <emptyline> <emptyline>  <position> Publishing & IP Strategy <list> Taka Akiyama - VP, Publishing & IP Strategy Tad Hirabayashi - Senior Director, Production Services Rey Jimenez - Producer Knut Grossmann - Localization Manager Carmen Vega-Reina - Localization Project Manager Takeshi Miyazoe - Senior Director, IP Strategy Shoya Yamazaki - Manager, IP Strategy Nao Takeda - Manager, IP Strategy Kyoko Acheson - Manager, IP Strategy Jhune De La Cruz - Digital Business Manager Kahlil Najar - Digital Channel Marketing Manager Garrett Miller - Digital Content Specialist David Wood - Senior Manager, Business Development Tomomi Takahashi - Administrative Assistant <emptyline> <emptyline> <emptyline>  <position> Operations <list> Hans Lui - Director, Applications & Operations Jennifer Tersigni - Senior Operations Manager David Wang - Operations Analyst Shin Young - Applications Support Specialist Miriam Beltran - Travel Administrator Korey Belanger - Office Manager <emptyline> <emptyline> <emptyline>  <position> Sales <list> Chris Gilbert - Senior Vice President of Sales & Marketing Melani Windham - Senior Director of Sales Terry Carlson - Director, Sales Operations Laura Yoshioka - Sr. Director, Retail Marketing and Merchandising Bob Johnson - Senior Channel Marketing Manager May Hayes - Senior Sales Operations Specialist <emptyline> <emptyline> <emptyline>  <position> Marketing and PR <list> Eric Hartness - Vice President of Marketing Dennis Lee - Director, Brand Marketing Raymond So - Brand Manager Denny Chiu - Director, Communications & Social Media Nick O’Leary - Senior Public Relations Specialist Jason Cline - Events Manager Alia Oda - Event Planner Dalton Link - Social Marketing & Community Manager Cyrus Wesson - Social Marketing & Community Specialist Dmitryi Khlynin - Community Specialist Jeremy Caine - Interactive Designer Michael Le - Graphic Artist <emptyline> <emptyline> <emptyline>  <position> Legal and Business Affairs <list> Martin Nguyen - Senior Associate Attorney Patrick Lundell - Associate Attorney Rafael Orozco - Associate Attorney Matthew Datum - Associate Attorney Reina Nagai - IP Administrator <emptyline> <emptyline> <emptyline>  <position> Quality Assurance <list> David Moya - QA Manager Jesse Mejia - CQC Supervisor Y Pham - Project Coordinator Johnny Moya - Senior CQC Coordinator Cameo Wininger - CQC Coordinator Jonathan Price - CQC Coordinator Matt Peterson - CQC Coordinator Merwin del Rosario - CQC Coordinator Adrian Escultura - CQC Tester Adrian Serafica - CQC Tester Arnold Feener - CQC Tester Brendan Duley - CQC Tester Dustin Tran - CQC Tester Ian Nunes - CQC Tester Josh Daily - CQC Tester Luke Gardner - CQC Tester Matthew Cain - CQC Tester Nicholas Malouf - CQC Tester Samuel Reiter - CQC Tester Steven Wilton - CQC Tester Xonie Martin - CQC Tester <emptyline> <emptyline> <emptyline>  <position> Keywords International <list> Maurizio Cigoli - QA Project Manager Luis Izquierdo - Project Lead Leonardo Akimoto - LQA Brazilian Portuguese Jose Suarez - LQA Latin American Spanish Sara Bourgeois - LQA French Canadian <emptyline> <emptyline> <emptyline>  <position> Customer Support <list> Jesus Barragan - Customer Service Manager Takumi Kobayashi - Sr. Customer Service Representatives Ryan Phung - Sr. Customer Service Representatives Michael Gu - Customer Service Representatives Ryan Hamaguchi - Customer Service Representatives <emptyline> <emptyline> <emptyline>   <position> BANDAI NAMCO Entertainment Asia Pte Ltd. <emptyline>  <list> Gerard Noonan - Senior Vice President & MD Asia & Pacific Richard Taylor - Regional Finance Director Hiroaki Ochiai - SVP Business Development Asia Pacific Jennifer Poulson - SVP Marketing Asia William Wang - Managing Director (Taiwan) Chad Park (Korea) - General Manager Rainel Tan (Singapore) - General Manager Yoichiro Mogi - IP Strategy Manager Asia Pacific Tag Chang (Korea) - Associate Product Manager Eshley Gao (Singapore) - Associate Product Manager Hailey Shin - Associate Product Assistant (Korea) Hamid Rahman - Country Manager (Hong Kong) Carrie Hsiao (Taiwan) - Marketing Manager Jung-eun Oh (Korea - Marketing Manager Ronan Fong (Hong Kong) - Marketing Manager Sophia Lek (Singapore) - Marketing Manager Debbie Chu - Product Manager & PR (Taiwan) Tobias Chang - Product Manager & PR (Taiwan) Zoe Kao - Product Manager & PR (Taiwan) Joanna Fong - PR Assistant Manager (Taiwan) Vito Lee - Marketing Assistant (Korea) Diony Kum - Marketing Assistant (Korea) Catherine Abigail Santos (Philippines) - Marketing & Accounts Executive Renee Lim - Logistics And Account Coordinator (Singapore) Jessie Hsieh - Art Designer & Operations Coordinator (Taiwan) Lin Pei Hsia - Art Designer & Operations Coordinator (Taiwan) Benny Tsai (Taiwan) - Sales Manager Nicholas Ng (Malaysia, S.E.A) - Sales Manager Peter Yang (Taiwan) - Sales Representative Angeline Ang (Singapore) - Finance Manager KD Kim (Korea) - Finance Manager Vivian Liu (Taiwan) - Finance Manager Amy Soong - Senior Accounts Executive (Singapore) Betty Chen - Accountant (Taiwan) Carol Huang - Accountant (Taiwan) Chang Yuan Gang - Localisation Manager Chloe Lee (Korea) - Localisation Manager Daniel Cao (Singapore) - Localisation Manager Ash Kim - Localisation Assistant (Korea) Tsai Mulan - Localisation Project Leader (Taiwan) Chang Kang - Traditional Chinese Localisation Team Chen Pei Yu - Traditional Chinese Localisation Team Chien Chin Hsien - Traditional Chinese Localisation Team Hsieh Wan Chi - Traditional Chinese Localisation Team Hsu Tsai Ying - Traditional Chinese Localisation Team Hsu Yu Han - Traditional Chinese Localisation Team Lee Yi Shuan - Traditional Chinese Localisation Team Lin Chih Yen - Traditional Chinese Localisation Team Chiang Chi Che - Traditional Chinese QA Project Leader  Huang Shih Wei - Traditional Chinese QA Project Leader  Yu Chiao Huai - Traditional Chinese QA Project Leader  Wang Kuan Chun - Traditional Chinese QA Project Leader  Chen Chun Chih - Traditional Chinese Localisation Tester Chen Xian Zhe - Traditional Chinese Localisation Tester Chien Shih Siang - Traditional Chinese Localisation Tester Chou Yuan - Traditional Chinese Localisation Tester Hsu Kuo Huang - Traditional Chinese Localisation Tester Wang Jing Ting - Traditional Chinese Localisation Tester Wang Yan Zhe - Traditional Chinese Localisation Tester Wu Chi An - Traditional Chinese Localisation Tester Ki Moon Lee - Korean Localisation Team Bird Lee - Korean Localisation Tester Jae Jin Yi - Korean Localisation Tester In Keon Kang - Korean Localisation Tester Ji Yeon Jung - Korean Localisation Tester Duk Woo Kim - Korean Localisation Tester AltJapan Co., Ltd - Singapore Localisation Team Ethan Sia Chee Keong - English QA Project Leader  Ahmad Fuad Bin Ahiari - Singapore Localisation Tester (NYP Intern) Damian Ang Ming Guang - Singapore Localisation Tester (NYP Intern) <emptyline> <emptyline> <emptyline>   <position> BANDAI NAMCO Entertainment Inc. <emptyline> <list> Satoshi Oshita - Executive Producer Hirotaka Reizei - Executive Producer Daisuke Uchiyama - General Producer Ryuichiro Baba - General Producer Kazutoki Kono - Chief Producer Satoshi Otsuka - International Producer Tsuyoshi Koda - International Producer Manabu Shimomoto - Producer Tomoya Yoshida - Special Thanks <emptyline> <emptyline> <emptyline>  <position> Quality Assurance - Functionality QA <list> Tomoaki Imanishi Ryou Tanaka Akihide Ono Ryuuta Sano Masashi Aoyama Kaname Nakano Takashi Shimogaito Natsuki Koyama Shinya Sasaki Kouki Iwao Masaya Nakata <emptyline> <emptyline> <emptyline>  <position> Customer Service - Quality Assurance <list> Keita Kiso Takashi Sawai Miku Takamatsu <emptyline> <emptyline> <emptyline>  <position> Promotion <list> Kenta Seino Yasuko Sato Satoshi Nakauchi Onur Guenduez <emptyline> <emptyline> <emptyline>  <position> Sales & Marketing <list> Taiki Yasuko Masaki Hoshiai Hidekazu Naito Yuta Fukami Noriyuki Tanaka Yumi Maiguma  Kazuki Konishi  <emptyline> <emptyline> <emptyline>  <position> Production Support <list> Tomomi Arakawa Tomomi Fujisawa <emptyline> <emptyline> <emptyline>  <position> Localization <list> Eiichi Ikeda Takayuki Tsuji Tatsuji Michihiro Claudio Cascone Hideyoshi Misawa <emptyline> <emptyline> <emptyline>  <position> Quality Assurance Support <list> Hiroyuki Tsujii Sho Tanaka Hiroshi Araki Megan O'leary Tatsuya Wada Kiriyo Tanaka <emptyline> <emptyline> <emptyline>  <position> WMD <position> Thank you for your continued support, we couldn't have done it without you. <emptyline>  <position> WMD VIP's <list> Alex Lindstrem David Lansade Eyal Alsaud Henning Weidhase James Loucks Kyle Pearson Ross Clabburn Sven Markowski Thomas Lockers Thomas Taschler Toni Harkonen <emptyline> <emptyline> <emptyline>  <position> Special Thanks <list> Aaron Clark Aaron Coleman Aaron Parker Aaron Ritzau Aaron Turner Adam Higgs Adam Lindsey Adam Preston Adam Sharpe Adam Viljoen Adam Wilewski Ade Young Adelaida Afonso Adrian Smith Adriano James Piras Adrien Lopes Aidan Taylor Alain Jimeno Alain Kohler Alan Bertenshaw Alan Cheung Alan Nelson Alan Smith Aldo Zampatti Alec Barker Alejandro Montero Aleksander Otterstad Aleksandr Timkov Ales Permozer Alessandro De Carolis Alessio Beninato Alessio Vismara Alex Greenland Alex Porter Alex Stahlhut Alexander Dornheim Alexander Mueller Alexander Santos Alexandre Amirizian Alexey Kuntsevich Alfie Pugh Allan T. Olsen Allen Clarke Anders Peterson Andre Henschel Andre Kaestner Andreas Gremme Andreas Hader Andreas Kittlaus Andreas Seeger Andreas Traub Andreas van Wingerden Andreas Wunder Andrej Akopian Andrej Svajger Andrew Adamson Andrew Currens Andrew Jones Andrew Moseley Andrew Myers Andrew Todd Andrew Wise Andy Edwards Andy Weinberger Ang Li Angel G Criniti Anthony Azzari Anthony Haddox Anti Telkinen Antoine le Campion Antonio Benitez Antonio Rodriguez Clotet Antony Boland Ari Antero Arnaud Hirtz Arnaud Segre Arne Jurgens Arno Bisquolm Ashley Horton Aurelien Duval Aurelien Walpen Axel Dietzel Barrett Ettel Bart van Kleven Basim Alhejaili Bastian Hellmann Benjamin Beacock Benjamin Beier Benjamin Benichou Benjamin Beyer Benjamin Fischer Benjamin Menger Benjamin Weisenfeld Benjamin Winter Bent Granheim Bernd Resch Bernd Schmidt Bernd Schwarzinger Beys Nordine Bob Romano Bohuslav Lacina Boris Demidov Botond Vasarhelyi Brad Bodily Braden Williams Bradley Parrott Bradley Rossetti Bram Vanbuel Brandon Andrew Lee Brandon Bosch Brandon Clark Brandon Limkemann Brent Blihovde Brent Seeliger Brook Murray Cameron Brewster Cameron Howell Carl Morton Carl Shaw Carlos Dominiak Carlos Esteves Cedric Flouret Chadd Lowe Charles Mader Chee Keong Lau Chihoon Ahn Choserot Michael Chris Arnett Chris Aubert Chris Baumann Chris Candelaria Chris Goatcher Chris Kunz Chris Miller Chris Morris Chris Mosley Chris Payne Chris Rae Chris Stenersen Chris Twigger Chrisi Schmidt Christiaan van Beilen Christian Banks Christian Geihe Christian Gomolka Christian Hagemann Christian Hellman Christian Mutz Christian Pabinger Christian Paul Christian Pillwein Christian Quaynor Christian Schmidt Christian Schroeder Christian Schumann Christian Steinhaeusser Christian van Rooyen Christoffer Almgren Christoph Brandstetter Christoph Laux Christoph Schmidt Christophe Cador Christophe De Greef Christopher Aspden Christopher Cassidy Christopher Davis Christopher Dorn Christopher Frantz Christopher Gray Christopher Hauser Christopher Lord Christopher McEnteer Christopher Porter Christopher Reekie Chuck Duhon CJ Yi Clement Moriceau Cleon Waterberg Clive Morrison Codrin Purice Colin McKay Condamine Florian Copin Michael Corrado Raucea Craig Jorgensen Craig Moon Craig Parkes Cyril Declercq Damian Hall Dan OBrien Dan Thorpe Daniel Bader Daniel Boeckmann Daniel Dorion Daniel Krissel Daniel Meister Daniel Perez Daniel Saik Daniela Siekiera Daniele Vianini Danny Park Danny Schmid Danny Vlaar Daren Ludvigson Darin Salisbury Dario Walker Darrel King Darren Henderson Darren Leeson Darren Muir Darren Symons Darryl Mills Dave Arthur Dave Higgs Dave Holland Dave Richardson David Allak David Bishop David Bornkessel David Burton David Commons David E. Lengel David Haggar David Ham David Ingram David Ironside David Kneller David Knipp David Majidimehr David Marin David Marquez Mato David Merino Perez David Neighbour David Payne David Pym David Saunders David Sharples David Smith David Stuecker David Summers David Vangheluwe David Vickery David Waymouth Davy Van den Abbeele Dean Welfare Denis Besic Denis Eder Martinez Pineda Dennie de Groot Dennis Pohlmann Derek Millar Derrick Ritchie Detlev Hartenstein Devin Smith Devon Massan Dirk Dietrich Dirk Voegele Dmitry Afanasyev Dominic Schoenberner Dong-Gyu Park Dong-Seok Lee Drew Mackay Drew Meisberger Duprez Laurent Dustin Johnson Edson Souza Edward Garland Edward McLean Eike Stender Elliot Janssens Eneas Martinez Costa Enrico Bertolo Enrico Gerosa Erdinc Binyal Eric Bilodeau Eric Dukes Eric Kuebler Eric Lasley Eric Mayuk Eric Schroeder Erich Christen Erich Harvey Erick Gaudreault Erik Hofmann Erik Schramm Erik Uran Erwan Decroix Erwin Berkers Espen Gundersen Espen S. Andresen Eugene Flerko Fabio Calcio-Gandino Fabrice Brigati Fabrice Jourquin Fabrice Vancomerbeck Falk Guenther Felipe Becker Felix Overroedder Felix Renneberg Ferdinand Dernai Ferdinand Schwarzer Fernando Peneda Florian Faistauer Florian Talou Florian Witte Flouret Alexandre Fontaine Loic Francesco Cinque Francis Doria Franck Darstein Franck Herve Franck Montaigne Francois Chevallier Francois Feugier Francois Heitz Frank Kleefeldt Frank Lehmann Frank Schroeder Frederic Davin Frederic Le Palud Fredrik Olofsson Friedrich Riemschneider G. Auriol Gabriel Swietlicki Gareth Harwood Gareth Robinson Gareth Vaughan Garry Holcombe Garvin Kruthof Gary Hunt Gary White Geoffrey Schild Georg Naujoks Georg Swaczyna George Brushwood George Patterson George Shannon George Usoh Gerald Scherr Gerke van Keimpema Giacomo Galeotti Gian-Luca Mateo Gianko Scaglione Gilles Eberhardt Giovanni Tomaselli Glenn Briden Goetze Tobias Gordon Hislop Graham Bartsch Graham Goodrich Graham Hawkins Graham Ritter Graham Watson Greg Corbyn Greg Pillhofer Greg Southall Greg Williams Greg Wright Gregg Mandell Guanchen Liu Guido Dettweiler Guillaume Brunner Guillermo Hargreaves Gunther Roels Gunther Wicht Hanno Peng Don Chlevl Hans Silbernagel Hans-Rolf Schade Harald Kristian Gauslaa Haroon Ashraf Hayden Purvis Heiko Wenzel Hendrik Seitz Henk de Jong Henning Schirk Herbert Waller Hermann Thomas Holger Neitzel Holzer Rene Hugh Shillingford Huib Reijnders Ian Brown Ilya Babansky Ingo Schumann Ingvar Petur Thorsteinsson Ivan Dumalovski Janjusic J Kosieradzki Jacob Urbschat-Satterfield Jagdeep Rai Jaime Lopez Trujillo Jake Southcombe James Alston James Brooks James Eavis James Lithiby James Newman James Smith James Staples James Turbett James Wall Jamie Matthews Jan Berka Jan Flieshardt Jan Fortun Jan Horsky Jan Studenski Jani Mustonen Jani Sihvonen Jannik Strelow Janusz Krasek Jared Broddle Jaroslav Kraif Jason Ganz Jason Mackay Jason Penny Jason Schmidtlein Jason Watson Javier Marcos Jay Elwanger Jay Vigo Jean Christophe Jean Marie Muggianu Jean Marth Jean-francois Le Chenechal Jean-marie Jolibois Jean-Sebastien Charlot Jean-Yves Mercy Jeff Lima Jens Hoefling Jens Schmitt Jeremy Brunel Jeremy Hittle Jeremy Spinks Jeroen van Gelder Jerome Powell Jerry Jacob Vakayil Jesko Weber Jesse Brown Jesse Fahrenkrog Jessy Burgamy Joachim Thiebe Joao Simoes Jochen Klasen Joe Borde Joe Coach Joe Moore Joe Tompkins Joel Lobo Joerg Felgendreher Joerg Giezenaar Joerg Vahldieck Joeri Blootacker Johan Kemper Johan Leroy Johan Marx Johannes Gaganas Johannes Riese Johannes Wieser John Dashey John Hargreaves John Higginbotham John Montgomery John Sant John Shore John Stegman John Tomlinson Jon Burrell Jon Davies Jon Hadden Jon Large Jon Over Jon Trotter Jonas Thomsen Jonathan Carrigan Jonathan Lamela Jonathan Le Clercq Jonathan Padilla Jonathan Vauhkonen Jonathan Waltman Joni Aaltio Joost Korngold Jordi Rodriguez Gresa Jose Anaya Jose Angel Morales Calvache Jose Rivera Joseph Gossen Joseph Marques Joseph Rampelberg Joseph Russo Joseph Schles Joseph Stearn Josh Brocksopp Joshua Healy Joshua Heising Juan Manuel Sanchez Manzano Juergen Flock Juergen Oberreiter Jukka Hautajarvi Julian Oejen Julien Boisaubert Julien Lavoie Junior Basilio Juraj Mamrilla Jurgen Braem Jussi Viljami Karjalainen Justin Gay Justin Hackett Justin Strickland Kai Lochbaum Karim Saissi Karl Mitson Karsten Kremer Karsten Schiemer Kay Schurig Keith Brunnenkant Keith Partyka Ken Owers Kent Bergstrom Kent Nielsen Kevin IJpelaan Kevin Kirkbride Kevin Lawrence Kevin McKenzie Kevin Ochoa Kevin Richardson Kevin Welsh Kieran Jones Kieran Poole Kieran Vella Kim Flawwoo Andersson Kirk Kosinski Klaus-Juergen Weber Knodel David Kobus de Villiers Konrad Kostecki Konstantin Broemmelsiek Koos Rotgans Kourattana Abhay Kowal Peter Kris Dekeyser Kristof Depreitere Kristoffer Bergset Kyfan Stevens Kyron de Haas Lacorre Mickael Nicolas Lacourte-Barbadaux Lars Rosenquist Lasse Ryhanen Laud Barnor Laurent Rizzi Laurent Zender Leander Patzak Lei Liu Leigh Renfrow Leo Graae Leon Garcia Liam Cubley Lindsay Smith Lionel Beasse Llewellyn St David Luca Antonini Luca Cambianica Luca Rassek Lucas Brits Lukas Elmer Lukas Fort Lukas Kamb Lukas van Eck Luke Wojtaszek Lyndon Wright M.J. Lisseveld Mads Krog Jensen Maik Manke Manuel Ballbe Manuel Duerr Manuel Morgenroth Marc Kressmann Marc Packenius Marc Verhoef Marcel Beck Marcel Bloch Marcel Hulsbergen Marcel Jaekel Marcel Jeske Marcel Kleene Marcel Spuehler Marcel Wernegger Marco Engelage Marco Gotz Marco Mosch Marco Olivieri Marco Roth Marcus Blech Marcus Gleitsmann Marcus Johansson Marcus Meyer Marcus Winnig Marek Haase Mario Goebbels Mario Navarrete Mario Scherrer Marius Adams Mark Abbott Mark AuBuchon Mark Barrow Mark Bevan Mark Blanes Mark Bond Mark Carbonaro Mark Doran Mark Dowling Mark Goldfinch Mark Holland Mark Laybourne Mark Leighton Mark Roberts Mark Rueb Mark Smith Mark Turnbull Mark Walker Marko Adrian Markus Beckmann Markus Falkner Markus Meyerhofer Markus Schlabritz Markus Siegmeth Markus Ullrich Marten Johansson Martin G Webb Martin Hartmann Martin Hudson Martin Kucera Martin Lorgnier Martin Schaeller Martin Skytte Martin Thielen Martin Webb Marton Szamos Martyn Breed Marvin Theel Mas Jonathan Massimiliano Franchelli Mathias Veyrun Matt Muirhead Matt O Brien Matt Pierce Matt Webb Matt York Matteo Stirati Matthew Brown Matthew Gibbs Matthew Hargreaves Matthew Julian Matthew Lewis Matthew Minson Matthew Mul Matthew Rushton Matthias Arndt Matthias Beck Matthias Dorst Matthias Jacob Matthias Neber Matthias Schonder Maurice Boeschen Maurizio Lazzeretti Maurizio Posapiano Mauro Fernandez de Bobadilla Mauro Tobon Max Spooner Maxime Parquet Maxime Platon Maximilian Woerlein Michael Ball Michael Baumert Michael Bieber Michael Colomer Michael D Mckeown Michael Dew Michael Dorricott Michael Frnka Michael Herrmann Michael Knoblach Michael Laube Michael Lehneis Michael Marhenke-Richter Michael Matzen Michael Maxwell Michael Meus Michael Milem Michael Norrby Michael Peters Michael Pleym Michael Prahl Michael Repplinger Michael Schmid Michael Steiner Michael Uth Michal Bielik Michal Sofron Michel Fouvet Mick Leighton Mikael Stanne Mike Cowing Mike Dhanpat Mike Gagg Mike Hoffmann Mike van Meerbeek Mike vom Scheidt Mikko Makela Milan Danek Milan Holt Mirko Giorgi Miroslav Bettermann Mitchel Saad Mohamed Gaalich Mohammed El Gueriri Morgan Henstridge Moritz Schickel Moriz Fischer Morten Rousing Fachmann Natan Patel Nathan Kammerud Nedo Radulovic Neil Bateman Neil Brett Neil Farren Neil Hopwood Nelson Badillo Nevil Wigbels Nicholas Chong Nicholas Gregory Nick Claydon Nick Degnan Nick Garland Nick Thornhill Nick Weekes Nico Ernst Nicolas Balland Nicolas Flamand Nigel Teags Niklas Silen Nils Ruwisch Norman Morton Oli Gill Oliver Ginzel Oliver Goehring Oliver Kaiser Oliver Rademacher Oliver Schwing Omar El-Edrissi Ornulf Hagen Oscar Perez Oyvind Nordahl Oyvind Nordbo Pablo Sanchez Parker Korpak Pascal Gatsu Pascal Meyrou Pascal Welsch Patrick Dobler Patrick Gleichmann Patrick Gries Patrick Kulinski Patrick Leventhal Patrick Pomes Patrick Seeger Patrick Strippel Patrick Theysohn Patrik Marek Paul Coburn Paul DeBili Paul Hahn Paul Jackson Paul Pridham Paul Stolber Paul Taylor Paul van der Linden Paul Velasco Paul Walker Paul Yeung Pedro Antunes Pedro Braz Caria Pedro Grave Pedro Rodrigues Per Ricktun Per Rosing Mogensen Peter Andersson Peter Avelovski Peter Boutestijn Peter Chalmers Peter Karanitsch Peter Klawitter Peter Kless Peter Marquardt Peter Stuart Peter Swiatek Peter Vermeulen Petr Strecker Petr Vojkovsky Petri Niemenmaa Phil Denty Philip Bocock Philipp Ackermann Philipp Enderes Philipp Stratmann Philippe Dufour Phillip Jones Pierre Irby Pilaud Fabien Pontus Skoglund Prayoga Hadi Setiawan Quentin Laveau Rafael Sempruch Rafal Ranuszkiewicz Raffaele La Sala Raj Sharma Ralf Huisman Ralf Truttmann Ralph Burger Rambert Yohann Ramiro Correa Randall Kipker Randall Kravarik Ray Heimbuch Raymond de Vries Rene Guenon Rene Liivanurm Rene Owara Rene Regatschnig Rene Wehrmann Reto Marti Reto Marty Ricardo Almeida Richard Barrett Richard Booms Richard Cook Richard Navone Richard Touzimsky Rikki Jenkins Riley Lucier Rob Cowing Rob Denekamp Rob Greenhalgh Rob Huxtable Rob Massen Rob Simms Rob Thompsett Robby Timmermans Robert Dekker Robert Evans Robert Gardiner Robert Lidstrom Robert Lineburg Robert Reagh Robert Schulze Robert Stuart Robert Yates Rodney Tawia Roel de Meulder Roger Graham Roger Prynne Rogier Schaap Roland Franzl Roland Krystaszek Roland Respondek Romain Belorgey Romain Capdeville Romain Rukse Roman Mika Ronald Scheerder Ross Drinkwater Rouch Jean-Guillaume Roucourt Rony Roy Butler Ruedi Zimmermann Rune Morling Ryan Conaway Ryan Parker Ryan Richter Saidur Ali Sam Blease Sampo Jarvinen Sampo Mustonen Samuel Lobietti Samuel Painchaud Sandeep Singh Dhanjal Sander Keus Sascha Haub Sascha Straub Savelkoul Tom Scott Adair Scott Coleman Scott Gibson Scott Hoarty Scott Richardson Sean Foster Sean Lobjoit Sebastian Brunner Sebastian Krogull Sebastian Pechner Sebastian Schillag Sebastian Schlager Sebastian Schweiger Sebastian Wokraczka Sebastien Guglielmi Sebastien roubinet Shane Leksell Shane Stoney Shawn Silsbee Shayne Joseph Paul Shogo Kihara Silas Greiner Silvio Carlos Camolesi Silvio Szekely Simon Bresche Simon Davey Simon Hannaford Simon Hodge Simon Messerli Simon Paynton Simon Reed Simon Welch Simone Barisonzi Sofian Moukhaiar-Senac Spencer McCarthy Stef Volckaerts Stefan Almeida Stefan Biley Stefan Bosch Stefan Delalut Stefan Forster Stefan Hennig Stefan Ihl Stefan Jeppesen Stefan Monz Stefan Nydegger Stefan Oberboersch Stefan Pagenberg Stefan Pitzl Stefan Sulies Stefano Malnati Stefano Pecchio Stefano Pianoterra Steffen Deszczka Stella Lionel Stephan Czekay Stephan Goldenberg Stephan Prinz Stephane Sola Stephen Bacchus Stephen Jubb Stephen Kelly Stephen Way Stephen White Steve Berwald Steve Bird Steve Hew Steve Hoessler Steve Jones Steve Redding Steve Swangler Steve Unsen Steve White Steven Beyer Steven Johnson Steven Labbe Stuart Phillips Suzuki Ryouhei Svein Andre Nilsen Sven Bender Sven Lippmann Sven Ungerecht Sylvain Antoni Sylvain Caillat Tapio Vepsalainen Tatu Teittinen Teddy Yeboah Teemu Koskinen Terrell Olvera Tetsuo Kimura Thibault Scheffmann Thierry Chabanne Thierry Degeilh Thilo Ascher Thomas Einoeder Thomas Goesling Thomas Groener Thomas Hirschi Thomas Hoenen Thomas Keaveney Thomas Kloeters Thomas Knecht Thomas Lademann Thomas Lund Thomas Mayrhofer Thomas Mouren Thorsten Lingnau Tiago Fortuna Till Grapentin Tim Cox Tim Eles Tim Foster Tim Lundy Tim Venker Tim Wielens Timi Tuohenmaa Tobias Gloeckner Tobias Kiel Tobias Scheit Todd Norbury Tom Cornwell Tom Erik Risan Tom Goad Tom Ivar Arntsen Tom Pettersson Tommaso Rossato Tonny Draijer Tony Bull Tony Richards Tony Rickard Tony Ward Torsten Schmitt Travis Lamming Trent White Trever Braun Trevor Austin Tristan Matheson-Mayne Tyler Sinquefield Ulrich Diedrichsen Valerio Giolitto Victor Moraal Vikram Subramaniam Vincent Boulard Vincent Druart Vincent Zijlstra Vincenzo Giagheddu Vladimir Kulev Volker Keim Volker Wenski Warren Murfin William Fisher Wolf Herold Wolfgang Reh Xavier Bourgeois Xiong Yang Xristo Papageorgas Yann Kowalkiewicz Yannick Prevot Yannick Steinhauer Youcef Benyarou Zdeno Kubina Ziyu Guo <emptyline> <emptyline> <emptyline>  <position> Supported by <list> Adam Dougherty Adam Rusling Aleksi Marjusaari Alex Day Alex Salmon Alexandre Bersano Alfiero Ventura Alizard Christian Anders Wallgren Andre Gava Andre Marcos Andrea Bona Andrej Lueders Andrew Banfield Anthony Labarre Anton Volkov Arne Pannecoucque Avenel Adrien Bart Van den Broeck Bastian Schings Beeck Wolfgang Benjamin Alapetite Benjamin Aul Benjamin Schuette Benny Dean Bernd Ohlsen Bevan Roberts Brady Warren Brendan Langlois Brett Loubser Brian George Brock Williams Bruce Maytum Carion Guillaume Cesar Correa Chad Kopec Charles Verity Chee Hoe Lau Chris Lessig Christian Heinlein Christian Nutz Christoff Rampf Clive Reeves Damian Papen Dan Britton Dan Stockwell Daniel Borges Daniel Hedman Daniel Holbling Daniel Sipowicz Daniel Thomazelli Darley Laetitia Dave Peat David Filippone David Golob David Gross David LeGresley David Sosnowski Dennis Hart Diego Colafabio Diego Xavier Dominik Pflegerl Dominik Uebelhoer Donald Brooks Douglas Ries Dustin Ward Enrico Weichhold Enrique Nava Gonzalez Enrique Perez Cabedo Eric Dufour Eric Koudijs Fabian Kraus Fabien Bouteuil Fabrice Tessier Finn Verkerk Florian Laub Frank Lobers Freulon Nicolas Gareth Smith Garrick Wheeler Gavin Thomas Gene Day Georgel Eric Gerard Raccio Giuliano Golfieri Gordon Mowvley Gregory Choubana Grigoli Manuel Guerin Jimmy Guillaume Cortes Guillemoto Claude Gusthiot Maxime Haroldo Dijigov Heiko Gehrig Heiko Risse Helmut Bachmayr Hirokazu Oka Hugo Vieira Humberto Barreira Iker Mingo Israel Gallegos Jan Sterba Jarno Perala Jason Betts Jason Hsu Jason Schumacher Javier Rios Joachim Koppenhoefer Joao Bonifacio Joerg Mertin Johan Malmsten Johan Sanders John Rayson Jon Grintz Jonatan Larsson Joni Harju Jordi Rodrigo Roma Juan Luis Garcia Asmar Justin White Kai Podoklinski Kay Ekanayake Keven Menard Kevin Ellis Kevin Watts Kieran Chauhan Klaus Thon Kouhei Hata Kristopher Cobb Lars Klingman Lasse Skjoett Hansen Leandro Melo Lecomte Tristan Lombard Florian Luca Perin Lukas Ljungdahl Manuel Kamela Marco Ficara Marco Mauri Mario Gilcher Mario Macri Marius Pedersen Mark Bosman Mark Bratley Mark Bushell Mark Cooke Markus Pichler Martin Bell Martin Hauber Matej Klocek Mathieu Gebel Matt Cocks Matthew Cholerton Matthew Kennedy Matthew Thomas Maxime Monnet Meier Michael Mevlut Koc Michael Decker Michael Dorn Michael Konrad Michael Lorenz Michael McEvoy Michael Miesenberger Nathan Burtenshaw Nathan Jermyn Nicolas Pavie Nishan Baruah Oliver Abrahamsson Omer Candar Ondrej Vesely Pacula Martin Paolo Guiotto Pascal Groen Peter Bjoerk Peter Dimitri Peter Gertsson Peter Jamieson Philipp Eiselt Philipp Haenel Philipp Hofmaninger Philippe Evrard Quido Dekker Rafael Alcolea Rainer Huentemeier Ralf Trautwein Ralf Waspe Ramon Galera Raphael Smith Rasmus Lundstrom Rene Drawert Rene Hossfeld Richard McVeigh Robert Green Robin Sillars Roger Lee Sami Vahtera Sandro Draeger Santeri Rahkamaa Scott Haines Sebastian Barz Sebastien Milliot Simon Carbonnel Simon Strohmenger Sinan Mercan Sjoerd Huksloot Stefan Klause Stefan Krokowski Stefan Steinwasser Steffen Schluessler Stephen Collis Stephen Walsh Steve Seidelmann Teemu Karvinen Thiebault Debatty Thomas Granofszky Thomas Kramwinkel Thomas Meissner Thomas Olivaux Thomas Schleimer Thomas Wiercioch Timo Klostermann Timon Putzker Tobias Wellmann Tom Hutchins Tyler Grinnell Ulrich Straller Vinod Chandran William Parr Xabier Sanchez Yang Hongbo <emptyline> <emptyline> <emptyline>  <position> AEMS <list> Adam Stadler Adriano Sapetti Al Clarke Albert Bensusan Alejandro Fernandez Alessandro Balzan Alex Krugman Alex Meader Alex Nunez Allan Ng Andreas Eriksson Andreas Falkner Andrew Arroyo Andrew Thompson Andrew Wojteczko Andy Barnes Andy Blackmore Anna Degen Anne Bernard Anne Bernard Annemie Claesen Anthony Cheshire Aris Barios Arnold Eugenio Arthur Virapin Ashley Lynch Aurélie Glandais Autumn Soriano Beatrice Karlsson Becki Nile Ben Brown Ben Chong Ben Conrad Bisi Ezerioha Blair Dupree Blane Burnettt Bob West Boris Puddu Brad Beardow Brad Folz Brandon Adams Braun Smith Brett Hauschild Brian Dwyer Brian Knudson Bruce B. Frederick Bruce Garfield Bryan Alvardo Bryn Musselwhite Caroline Fallara Casey Cooper Johnson Charlotte Lumley Chico Kodama Chris Agajanian Chris Considine Chris Douglas Chris Protheroe Chris Raschke Chris Tague Chris Tate Christer Loow Christian Schick Christina Nielsen Christoph Ebenschwaiger Chuck Neal CJ Wilson Claudia Geissmann Clayton Triggs Clive Chapman Cory Burns Craig Cavalier Daniel Bandoly Daniel Cross Daniela Russell, Darren Geal Dave Phelps David Black David Fernandez David Isaacs David Ridley Declan Brennan Dennis Homberg Dennis Schwitzer Dirk Starksen Dirk Theimann Donnyelle Evans Dyan Williams Dylan Fraser Efrain, Enrico Diano Eji Tada Elena Azzali Elisa Mignini Emeline Wilson Emma Pastor Ethan Bregman Eunice Biondi Fabian Weingart Fiammetta Ginestra Florian Hagemann Florian Pitout Frank Rehak Fraser Handley Frederic Colaux Fu Yang Gary Fong George Ciordas George Kviloria Glen Chou Greg Gill Hannes Tribelnig Hannes Zanon Hayley Robinson Hedi Kim Helmut Wahl Hikaru Fujii Hiroshi Sano Hunter Skipworth Hyodo Tomomi Ian Briggs J. David Rich Jacob Agajanian James Crook James Hinchcliffe James Kirkham James Nagahashi James Rumsey Jane Mcleod Jarrod Stapley JC Waterhouse Jeff Darks Jeff Glover Jeff Neal Jen Horsey Jeremy Peirson Jerry Thienprasiddhi Jesse Wood Jillian Scheden Jim Michaelian John Chiboroski John Church Jon Barrett Jon Denton Jordon Roberts Jorge De La Torres, Jorge Rivera Julie Peyssard Jun Imai Junichi Tokuda Justin Ocello Kai Mensing Karen Schnurr Kei Muira Keith Jones Kenji Sumino Kenny Krajnik Kevin Taylor Klarissa Freibott Kris Skellenger Kristian Berg Kristian Dean Kyle Lloyd Larry Chen Laura Clever Lauren Sheridan Linden Farrow Lindsay Ross Liza Markle Louise Price Luca Bellisomo Luca Venturi Mad Mike Whiddett Marc Lewis Marc Unger Marcel Orban Maria Pia Rocca Marie Christine Ravon Mario Di Dato Marion Eisenberger Mark Bentley Mark Jones Mark Lemmer Mark Tingey Mary Lou Haen Masaya Yumeda Mat McCallum Matt Crooke Matt Levin Matt Monroe Matt Tuccillo Matt Wright Matt Young Matteo Gianotti Matthew Levin Matthias Czabok Matthias Scheffler Max (Massimiliano) Marsiaj Michael Burch Michael Gibbs Michael Grassl Michael Keyser Michael London Michael Schneider Michael Scully Michael Shank Michael Staskin Michael Teichmann Michaela Dorcikova Michal Klouda Mike Beckhusen Mike Chung Mike Hagedorn Mike Johnson Miriam Rodriguez de Lizana Mirko Lubner Mirko Markfort Miroslav Konopka Mizoguchi Kagefumi Monica Pauperas Murray Adams Natasha Dyson Nathan Freke Nathan Shriver Neill Briggs Nicole Garside Nigel Land Pascal Ursi Pascale Fleuridas Pascale Lavie Patrick Germain Patrick Mulligan Paul Zwicky-Ross Paulo Pinheiro Peter Cunningham Phillip Grenier Pierre Nicolet Pierre Nicolet Preston Calvert Quentin Frismand Rafael Navarro Ravi Dolwani René Buttler Riccardo Pezzetta Richard Barsamian Richard Hoare Richard King Rob Barnes Robin Selbach Roman Moser Romi Diana Doser Rosella Locatelli Ryan Carpenter Ryan Davis Ryu Asada Sabrina Asperti Sam Minchington Sandrine Weyders Sandy Althaus Sarah Edlinger Scott Lindley Seadon Baker Sean Horvath Sean Kleinschuster Sebastian Bagley Sebastian Hornung Sebastian Schmalz Shige Suganuma Shinjo Tsuyoshi Silvia Montsori Simon Haas Staci Langham Stefan Steinwasser Stephanie D'aprigny Steve Fields Steve Sare Steve Vandervate Thomas Gleibs Thomas Herbst Thomas Koch Thomas Muehlenz Thomas Radkovic Timo Frings Tobias Haasis Tomo Hisanaga Toni Calderon Toni Whiddett Tony Attwood Tony Balde Toshi Nakamae Travis Montgomery Trent Goodwin Trevor Wert Valerio Piersanti Vaughn Gittin Jr Vera Wessolek Victor Carrillo Vincent Vosse Vitale Alessandro Maffezzini Wakana Kosumi Warren Overton Will Brown Willett Considine Yannick Yvin Yoshiaki Hashimura Yoshihiro Sakamoto Yoshiyasu Takezawa <emptyline> <emptyline> <emptyline>   <position> External Partners <emptyline> <list> 'FMOD studios' and 'Firelight Technologies'  <emptyline>  REV technology used under license from Crankcase Audio Inc. <emptyline>  Uses Oodle. Copyright © 2008-2017 by RAD Game Tools, inc.   <emptyline>  Uses Bink Video. Copyright © 1997 – 2017 by Rad Game Tools, Inc   <emptyline>  Development tools and related technology provided under license from Logitech.  © 2001-2017 Logitech.  All rights reserved.  <emptyline>  Trademarks, design patents and copyrights are used with the approval of  the owner of Agajanian Racing <emptyline>  “Aston Martin”, “Aston Martin Racing” and related logos and other trademarks  are owned, licensed and/or used by Aston Martin and Aston Martin Racing.   These trademarks may not be used, amended and/or reproduced without permission.  All rights are reserved. <emptyline>  Trademarks, design patents and copyrights are used with the approval of the  owner of AUDI AG <emptyline>  Trademarks, design patents and copyrights are used with the approval of  the owner of Briggs Automotive Company (BAC) Limited <emptyline>  Produced under licence from Bentley Motors Limited England. “Bentley”, the ‘B’  in wings device and other associated logos and names are trademarks of  Bentley Motors Limited. The body designs of Bentley motor cars are protected  by Bentley Motors Limited under design, trademark and trade dress regulations <emptyline>  The BMW logo and BMW wordmark are trademarks of BMW AG and are used under license. <emptyline>  General Motors Trademarks used under license to Slightly Mad Studios Ltd <emptyline>  Caterham and associated logos and trade dress are registered trademarks of  Caterham Cars Ltd and are used under license. <emptyline>  The name and design of CITROËN and DS are used with the permission of  Automobiles CITROËN <emptyline>  Produced under license of Ferrari S.p.A. The name FERRARI, the PRANCING HORSE device, all associated logos and distinctive designs are property of  Ferrari S.p.A. The body designs of the Ferrari cars are protected as  Ferrari S.p.A. property under design, trademark and trade dress regulations. <emptyline>  Ford Trademarks and Trade Dress used under license to Slightly Mad Studios Ltd <emptyline>  Trademarks, design patents and copyrights are used under licence from  Ginetta Cars Limited <emptyline>  For Honda Automobiles: Honda Official Licensed Product. Designed, manufactured and distributed by or  for Slightly Mad Studios. Honda, the “H” logo, Honda vehicles and their trade  dress, and all associated vehicle emblems, logos, marks and names are trademarks  and intellectual property of Honda Motor Co., Ltd. All rights reserved. <emptyline>  For Acura Automobiles: Acura Official Licensed Product. Designed, manufactured and distributed by or  for Slightly Mad Studios. Acura, the “A” logo, Acura vehicles and their trade  dress, and all associated vehicle emblems, logos, marks and names are trademarks  and intellectual property of Honda Motor Co., Ltd. All rights reserved." <emptyline>  Trademarks of Brickyard Trademarks Inc. used with permission <emptyline>  Jaguar and the leaper device are trademarks owned and licensed by  Jaguar Land Rover Limited <emptyline>  All KTM vehicles, vehicle names, designs and logos are trademarks of KTM AG. <emptyline>  The trademarks, copyrights and design rights in and associated with Lamborghini,  Lamborghini with Bull and Shield Device are used under license from Automobili  Lamborghini S.p.A., Italy <emptyline>  Ligier and associated logos and trade dress are registered trademarks of Everspeed  for Onroak Automotive and are used under license. <emptyline>  Approved and licensed by Classic Team Lotus Ltd <emptyline>  Mazda Motor Corporation Approval No. 20019 <emptyline>  Manufactured under license from McLaren Automotive Limited.The McLaren name  and logo are registered trademarks of McLaren <emptyline>  “Mercedes-Benz” and “Three pointed star in a ring” are trademarks of Daimler AG  and used under license by Slightly Mad Studios Ltd. <emptyline>  MITSUBISHI MOTORS and  emblems are trademarks of MITSUBISHI MOTORS CORPORATION  and used under license to Slightly Mad Studios Limited. <emptyline>  MOTUL, the MOTUL LOGO and 300 V are registered trademarks of MOTUL (SA).  All rights reserved” and the Licensed Designs are protected by“© MOTUL’s  copyright – 1995- All rights reserved <emptyline>  Trademarks of Nissan Motor Co., Ltd. used under license to Slightly Mad Studios.  81-27617-22520 <emptyline>  Trademarks, design patents and copyrights are used with the approval of the  owner of OMSE. <emptyline>  "Opel Trademarks used under license to Slightly Mad Studios Ltd - Les marques Opel  sont utilisées sous license par Slightly Mad Studios Ltd" <emptyline>  Trademarks, design patents and copyrights are used with the approval of the  owner of ORECA SAS. <emptyline>  The trademarks PAGANI and Pagani Automobili and Huayra and Zonda are registered  trademarks and used under license from HORACIO PAGANI S.P.A., Italy <emptyline>  Panoz LLC vehicle models and trademarks are subject to copyright and other  intellectual property protection. Used with permission of Panoz LLC, a division  of Green4U Technologies, Inc. All rights reserved. <emptyline>  Under License of Porsche AG <emptyline>  Radical Sportscars Official Licensed Product. Designed, manufactured and distributed  by or for Slightly Mad Studios. Radical Sports Cars, Radical, the “R” logo, Radical  vehicles and their trade dress, and all associated vehicle emblems, logos, marks and  names are trademarks and intellectual property of Radical Sportscars Limited.  All rights reserved. <emptyline>  "RENAULT Official Licensed Products. Vehicle Models and Trademarks protected by  intellectual property laws. Used with permission of RENAULT. All rights reserved" <emptyline>  Under license of Toyota Motor Corporation <emptyline>  The name and design of Autodromo Internacional Do Algarve are used with the permission  of Parkalgar - Parques Tecnologicos e Desportivos, S.A.  <emptyline>  The name and design of the Mount Panorama Motor Racing Circuit are used with the permission  of Bathurst Regional Council <emptyline>  The name and design of Brands Hatch are used with the permission of Motorsport Vision Ltd. <emptyline>  Trademarks of Automotocrom Brno,a.s. used with permission <emptyline>  The name and design of Cadwell Park are used with the permission of Motorsport Vision Ltd. <emptyline>  The name and design of Circuit de Catalunya and Circuit de Barcelona-Catalunya are used  with the permission of Circuits de Catalunya, S.L. <emptyline>  Trademarks of Circuit of the Americas LLC used with permission <emptyline>  DAYTONA® is a registered trademark of the International Speedway, Inc. and licensed to  International Speedway Corporation. <emptyline>  Trademarks and likeness of DirtFish, LLC used with permission <emptyline>  "The Donington Park name, graphic design and logo are registered and protected  under UK and European law and similarly, those copyrights of all Donington's  partners and sponsors included in the track design and layouts for this game  are also protected under relevant laws. Any unauthorised breaches, misuse,  or misrepresentation of any of these copyrights, designs and logos will be  pursued to the fullest extent of the applicable law". <emptyline>  The name and design of Dubai Autodrome circuit are used with the permission  of Dubai Autodrome LLC. <emptyline>  Fuji Speedway Copyright ©Fuji International Speedway Co., Ltd. All rights reserved. <emptyline>  Trademarks of Hockenheim-Ring GmbH used with permission <emptyline>  Trademarks of Formula Imola S.P.A. used with permission <emptyline>  Trademarks of Brickyard Trademarks Inc. used with permission <emptyline>  Trademarks of Knockhill Racing Circuit Ltd used with permission <emptyline>  Trademarks of Sports car Racing Association of the Monterey Peninsula  "SCRAMP" used with permission <emptyline>  Slightly Mad Studios usage of Lånkebanen's/HellRX's track design is licensed  and approved by NAF Motorsport Trøndelag <emptyline>  24H Le Mans official Licensed product. Le Mans TM 2017. <emptyline>  Rallycross Lohéac - trademark of Association Sportive du Rallycross de Lohéac  - France used under license to Slightly Mad Studios Ltd <emptyline>  Trademarks of Grand Prix Association of Long Beach, LLC. used with permission <emptyline>  The name and design of the Lydden Hill Race Circuit are used with the permission of  Lydden Race Circuit Ltd. <emptyline>  The likeness and trade dress of the Track “Autodromo Nazionale Monza” , the name of  the track and the associated logos are exclusive properties of S.I.A.S. S.p.A. -  Autodromo Nazionale Monza. <emptyline>  The name and design of the Nürburgring Race Circuits are used with the permission of  capricorn Nürburgring GmbH. <emptyline>  The name and design of the Motorsport Arena Oschersleben are used with the permission of  Motorsport Arena Oschersleben GmbH. <emptyline>  The name and design of Oulton Park are used with the permission of Motorsport Vision Ltd. <emptyline>  Under License of Porsche AG <emptyline>  Trademarks of Projekt Spielberg GmbH & Co KG used with permission <emptyline>  The name and design of Road America are used with the permission of  Road America Inc. <emptyline>  “Red Bull® Marks are licensed by Red Bull GmbH/Austria” <emptyline>  The name and design of Ruapuna Park are used with the permission of  The Canterbury Car Club. <emptyline>  © Silverstone Circuits Limited 2017 <emptyline>  The name and design of Snetterton are used with the permission of  Motorsport Vision Ltd. <emptyline>  Sonoma Raceway is a trademark of Speedway Properties Company, LLC <emptyline>  Copyright ©SUGO Co.,Ltd. All rights reserved. <emptyline>  "Texas Motor Speedway ® is a registered trademark of Speedway Properties Company, LLC,  registered in the U.S. The Globe Logo ® is a registered trademark of Speedway Properties  Company, LLC, registered in the U.S." <emptyline>  WATKINS GLEN® is a registered trademark of the International Speedway, Inc. and licensed  to International Speedway Corporation. <emptyline>  The name and design of Willow Springs International Raceway are used with the permission  of Christopher C. Huth General Manager and Owner of Willow Springs International Raceway. <emptyline>  The Track Marks, designs, logo and trademark of Zhuhai International Circuit are licensed  by Zhuhai International Circuit Ltd. <emptyline>  The name and design of Circuit Zolder are used with the permission of Circuit Zolder Inc. <emptyline>  PIRELLI and PIRELLI logo are trademarks of Pirelli & C. S.p.A.; PZERO is a trademark of  Pirelli Tyre S.p.A. All trademarks are used under license <emptyline> <emptyline> <emptyline>       	<list> <header> Project CARS 2 <emptyline> <emptyline> <position> Slightly Mad Studios <emptyline> <emptyline> <position> Head of Slightly Mad Studios <list> Ian Bell - Chief Executive Officer <emptyline> <emptyline> <emptyline>  <position> Art <list> Darren White – Art Director <emptyline> <emptyline> <emptyline>  <position> Art: Character <list> Vit Budin – Character Artist Aleš Filka – Character Artist & Animator Tomáš Flak – 2D & Concept Artist Peter Gerhát – Lead Animator  Lukas Mensik - Characters and Animations Manager Marlon R. Nunez – Character Artist & Animator František Resl – Character Artist Zbyněk Trávnický – Technical Animator <emptyline> <emptyline> <emptyline>  <position> Art: Environment <list> Mark Adams - Art Manager Luis Barata - Environment Artist Chris Barnes - Senior Environment Artist Michal Beran - Senior Environment Artist Richard Berwick - Senior Environment Artist Gary Browne - Senior Environment Artist David Brumla - Senior Environment Artist Karl Davies - Senior Environment Artist Andrea Fabris - Senior Environment Artist Dave Flynn - Senior Environment Artist Martin Franek - Environment Artist Kateřina Habrová - Environment Artist Michal Jeschke - Senior Environment Artist James Kett - Principal Artist Petr Klvač - Environment Artist Siu Jone Lee - Senior Environment Artist Andrew Liddle - Senior Environment Artist Andreas Moll - Senior Principal Artist Sven Moll - Senior Principal Artist Jan Pavelko - Environment Artist David Rezac - Senior Environment Artist Cassius Rodrigues - Senior Environment Artist Oscar Soper - Lead Environment Artist Tomas Trlica - Environment Artist Jose Perez De Vries - Senior Environment Artist Darren Wakeman - Senior Environment Artist <emptyline> <emptyline> <emptyline>  <position> Art: Vehicles  <list> Sean Barron -  Junior Vehicle Artist  Tarran Booth – Vehicle Artist Jean-François Bouchard – Senior Vehicle Artist Matt Clark - Senior Vehicle Artist Vincent Dambreville – Vehicle Artist Ivo Franic – Vehicle Artist Kreso Franic – Vehicle Artist Jan Frischkorn - Vehicle Art Manager Vicko Hazdovac – Vehicle Artist Ralph Hummerich – Vehicle Artist Kunal Jain – Vehicle Artist Daniel Karlsson - Senior Vehicle Artist Jacek Kosieradzki – Vehicle Artist Ales Ogrinc – Vehicle Artist Gustavo Olivera – Vehicle Art Lead Martin Olivera – Vehicle Artist  Stanisław Potulski – Vehicle Artist Perran Truran - Senior Vehicle Artist Jaroslav Turna - Vehicle Artist <emptyline> <emptyline> <emptyline>  <position> Audio <list> Jon Bailey – Voice Over Recording Engineer Rashid Hille – Sound Designer Eilam Hoffman – Location Sound Recordist Vanesa Lorena Tate - Head of Audio Paul Scargill - Audio Programmer Gergely Szelei - Audio Programmer László Vincze - Senior Sound Designer Lewis Williams - Junior Audio Designer <emptyline> <emptyline> <emptyline>  <position> Car Handling <list> Doug Arnao - Senior Physics / AI Engineer  Jussi Karjalainen – Handling QA Lead  Casey Ringley - Technical Vehicle Lead Andrew Weber - Physics Programmer <emptyline> <emptyline> <emptyline>  <position> Cinematics <list> Ed Mas - Video Director Paul Shuker - Cinematics and Video Assistant <emptyline> <emptyline> <emptyline>  <position> Code <list> Steve Dunn – Technical Director <emptyline> <emptyline> <emptyline>  <position> Code: Gameplay <list> Gergely Bencze - Gameplay Programmer Dominic Clarke - Gameplay Programmer  Stuart Hunt - Senior Gameplay Programmer  Bob Ives - Gameplay Programmer Anders Johansson - Lead Gameplay Programmer Michael Lalaounis - Gameplay Programmer Rick Lamb - Gameplay Programmer Are Leistad - Gameplay Programmer Martin Moravec - Gameplay Programmer Ian Sweeny - Senior Gameplay Programmer James Vipond - Gameplay Programmer Mark Watson - Senior Gameplay Programmer Steven Wright - Gameplay Programmer <emptyline> <emptyline> <emptyline>  <position> Code: Online <list> Ian Bird - Online Programmer  Thomas Gomes - Online Programmer  Victor Khomskiy - Online Programmer  Mike Laskey - Head of Online Alexandru Marian - Online Programmer Pablo Medina - Online Programmer Mike Montgomery - Online Programmer Michal Řeháček – Server Programmer Štěpán Vondrák - Online Programmer  Iain Wallington - Lead Online Programmer  James Woollard - Online Programmer <emptyline> <emptyline> <emptyline>  <position> Code: Physics & AI <list> Peter Arbet - Physics Programmer  Jiří Boldyš - Physics Programmer  Artem Ermolov - Lead Physics and AI Programmer Christian Ferrario – AI Programmer Dmitry Meleshkin - Physics Programmer  Steven Walker - Physics and AI Programmer <emptyline> <emptyline> <emptyline>  <position> Code: Render <list> Kevin Boland – Principal Render Engineer  Robert Dibley - Lead Render Programmer Tim Lewis - Render Programmer Fabio Luchetta - Senior Render Programmer  Tim Mann - Low Level Cross-Platform Render Engineer Ivo Novak – Render Programmer <emptyline> <emptyline> <emptyline>  <position> Code: Tools <list> John Atkinson – Senior Tools Programmer James Boulton - Senior Tools Programmer  Andy Clark - Lead Tools Programmer Gábor Mónus - Senior Tools Programmer Jack O’Neill - Tools Programmer Daniel Wheeler - Senior Tools Programmer <emptyline> <emptyline> <emptyline>  <position> Design <list> Andy Tudor – Creative Director  Stephen Viljoen – Game Director Matt York – Junior Designer <emptyline> <emptyline> <emptyline>  <position> Graphical User Interface <list> Laurence Alexander – UI Creator  Sean Fitzpatrick – Text Designer Damian Furlong – Senior UI Programmer Nicholas Jablonowski – Senior UI Programmer Derek Payne – Lead UI Programmer Fernando Pedace – UI Designer Andy Rogers – UI Programmer Richard Steer – Senior UI Programmer <emptyline> <emptyline> <emptyline>  <position> Mediacom <list> Joe Barron – Marketing and Esports Manager  Nathan Bell – Web and Social Media Officer Patrick Kulinski – Manual Editor Alex Martini – Head of Communications Rob Massey – Analytics Manager Melinda Neil – Licensing Manager Rob Prange – Web Content Adminstrator <emptyline> <emptyline> <emptyline>  <position> Music <list> Stephen Baysted - Composer Andy Brown - Conductor / Orchestral Contractor Amanda Cook - Musician: Acoustic Guitar Caroline Dale - Musician: Cello Peter Gregson - Musician: Cello John Harvey - Drums / Electric Guitars Jake Jackson - Score Mixer / Score Producer Susan Legg - Featured Vocalist / Piano Guy Michelmore - Additional Music Simon Whiteside - Orchestrator / Score Preparation <emptyline> Music performed by The London Metropolitan Orchestra Music recorded and mixed at Air Lyndhurst Studios, London <emptyline> <emptyline> <emptyline>  <position> Production <list> Umer Ahmad – Assistant Producer  Dave Bramhall – Senior Producer Andy Cherry – Producer Benjamin Fischer – Assistant Producer and Community Manager Jarek Kleiber – Senior Production Support Pete Morrish – Director of Production  John Wray – Production Assistant <emptyline> <emptyline> <emptyline>  <position> Quality Assurance <list> Thomas Bromyard – QA Tester  Tom Brown - QA Manager Tom Curtis - QA Lead Aaron Groves – QA Tester Viktor Kolomiets – Build Manager Filipe Malaquias – QA Tester Christopher Newsum – QA Tester Bruno Pereira – QA Tester  Angus Winnard – QA Tester <emptyline> <emptyline> <emptyline>  <position> Pro Drivers <list> Ben Collins Mitchell DeJong Oliver Eriksson   Vaughn Gittin Jr Nicolas Hamilton Tommy Milner René Rast <emptyline> <emptyline> <emptyline>  <position> Management <list> Rod Chong – Chief Commercial Officer Andy Garton - Head of Development  Ged Keaveney - Chief Technical Officer Mark Pressburg - Chief Finance Officer Frank Veyder - Chief Operations Officer <emptyline> <emptyline> <emptyline>  <position> Administration <list> Margaret Bieniek-Maluszczak - Office Administrator Sally Daligan – Reporting Manager Musanna Muhit - Officer Manager Vittorio Rapa - IT Manager Dickon Springate - Assistant Accountant  Ana Tiza - HR Manager <emptyline> <emptyline> <emptyline>  <position> Additional Vehicle Art <list> Jurgen Braem  Sebastian Brunner  Guillermo Hargreaves Alex Hobbs Eric Kuebler  Che Hoe Lau Michael Peters Mitchel Saad Christian Schmidt Nigel Teags Jaime Lopez Trujillo <emptyline> <emptyline> <emptyline>  <position> Game Babies <list> Lucas Akihito Barnes Nina Simone Bell  Emily Boland Rosalie Bouchard Matyáš Brumla Samson Clark Tabatha Clark  Sonny Alfred Curtis Enzo Dambreville Timofey Ermolov Darragh Fitzpatrick Ada Alyss Furlong Arabella Julie Hoey  Ondřej Jeschke Kika Kleiber Elisabeth Melanie Moll Ester Moravcová Charlotte Maisie O'Neill Frank Jack Sweeny Elen Travnicka Aurelia Jasmine Tudor <emptyline> <emptyline> <emptyline>  <position> Special Thanks <list> Nik Ammar Pole Position Productions  The Audio Guys <emptyline> <emptyline> <emptyline>  <position> ACME <list> Kevin Malling Julie Malling John Wang Tyson Hill Brandon Acree <emptyline> <emptyline> <emptyline>  <position> Glass Egg Digital Media  <list> Thuy Le Hoang Nguyen Tu Tran Cam <emptyline> <emptyline> <emptyline>  <position> SkinzWraps Racing <emptyline> <emptyline> <emptyline>  <position> Intel Corporation <list> George Bain Leigh Davies Bartosz Boczula Patrick J Farrell <emptyline> <emptyline> <emptyline>  <position> Technology Partners <list> Simon Newby - 6T3 Eric Mindjimba - Thrustmaster Christopher McKelvy - Oculus Rift Thomas Jackermeier - Fanatec Roy Kerkhoff - Playseat Nevil Slade - Vesaro Curtis Brown - Logitech Phil Scott - NVidia Glen Chou - True Scale Miniatures <emptyline> <emptyline> <emptyline>   <position> BANDAI NAMCO Entertainment Europe S.A.S <emptyline> <list> Goran Marinković - Producer Manuela Riboldi - Localisation Project Manager Sohail Daniel - Localisation Project Manager Franck Genty - Localisation Manager Bertrand Mangin - Quality Control Project Manager Olivier Robin - Quality Control Manager Claire McGowan - Certification Manager Stéphane Entéric - Engineering Services Project Managers Emeric Polin - Engineering Services Project Managers Samuel Gatté - Publishing & Product Support Senior Director  Chris Altiparmakis - Product Manager Arnaud Staebler - 3rd party IP Strategy and Marketing Manager Morgane Ah Kong - PR Manager Héloïse Ribeaucourt - Events Manager André Persson - PR, Communication & Events Director  Alexandre Vision-Bonnet - Game Content Analyst & Designer Jocelyn Cioffi - GES Manager Rudy Pantoustier - Junior Market Analyst Julie Joet - Market Research Manager Patrick Rose - Business & Product Analyst Alberto Gonzalez Lorca - VP Business Development Pablo Rodriguez Fernandez - Business Development Manager Denis Ferrier - Business Development Manager Vincent Hattenberger - Creative Designer Gwen Ruby - Creative Assistants Anne Laure Bouton - Creative Assistants Anthony Grabit - Community Manager Team Leader Isshak Ferdjani - European Community Managers Laurence Patey - E-Commerce Manager Romain Chantelot - CRM Project Manager Julia Crusot - CRM Project Manager Junior Lucas Guedot - Web Master Bertrand Amiard - Web Project Manager Jérôme Chatelain - Digital Sales Managers Anthony Macaré - Digital Business Unit Director Hervé Hoerdt - VP Marketing & Digital Mieko Murakami - Sales Reporting & License relation Sandrine Dubois - Packaging Project Manager  Céline Vilgicquel - Packaging Project Manager & Marketing Support Caroline Fauchille - Manufacturing & Printed Materials Director Delphine Doncieux - Supply Chain Coordinators Mike Shaw - Supply Chain Coordinators Nicolas Guérard - Supply Chain Manager Laura Testud - Manufacturing Coordinator Marine Thevenet - Lawyer Stéphanie d'Ornano - Legal Manager Frederic Armitano Grivel - SVP Legal & Business Affairs Kunio Ikoma - VP Corporate Planning & Finance Christophe Delanoy - VP Distribution Operations Masataka Nemoto - Senior Director Development Strategy & Management Yoshi Niki - SVP Production & Development Naoki Katashima - President & COO <emptyline> <emptyline> <emptyline>  <position> Local Marketing Team <list> Phil Brannelly - UK Olivier Reocreux - France Alexandre Billaud - Belgium David Razaghi - Deutschland Laura Aznar - Iberica Marco Caputo - Italy Alexandre Billaud - Netherlands  Andreas Juliusson - Nordic  George Soulogiannis - Hellas Oleg Khazhinskiy - Eastern Europe Stephen O'Leary - Australia <emptyline> <emptyline> <emptyline>  <position> GlobalStep Services Pvt. Ltd. <list> Sumit Arora - QA Director Piyoosh Sah - QA Manager Neeraj Bhardwaj - Test Coordinator Saurabh Tarolkar - Test Lead Zishan Khan - Test Lead <position> Testers <list> Keshav Subhash Kale Altaf Shabbir Pathan Kishore Kumar T S Mayank Sharma Sujata Gundewar Preetam Khomane Nirav Narendra More Dheeraj Gadve R. Chandrasekher Reddy P. Vivek Abhijit Madhukar Doiphode Prashant Gulab Medhe Rahul Saini Abhijeet G. Kakpure Pramod Hambir Vishal Kakade Sagar Dhamankar Prashant Lolage Arnold Nirmal Ashish Appaso Patil Debashish Saha Devashish Mishra Gaurav Oak Harjee Anand Harshad K Kshirsagar Himanshu Shrivastava Jasmine Bhaldar Kalpesh Deelip Chavan Kanishk Sanjay Sahay Kusumesh Vyas Latif Husain Mayur Sharad Dorle Md Ilteza Alam  Mohammad Shadab Ali Mohit Kumar Bhatnagar Pooja Rikibe Prashant Pawar Purva Zarkar Shreyas M. Ranade Simjo Simon Swapnil Najan Tejas S. Vaidya Tushar Dubey Vipul Vijaykumar Powar <emptyline> <emptyline> <emptyline>  <position> Keywords International <list> Thomas Courtonne - Project Manager  Davi Almeida de Souza - Test Lead <position> Testers <list> Grégory Alliot Moulay-Toumi Sabri Perry Mainville Virginie Cloutier-Brassard Chiara Di Modica Alessandro Tenza Manuel Ravazzini Patricia Raabe Simran Karir Sebastian Schneider Alba La Orden Garcia Clara Guzman Noelia Penin Garcia Evgeniya Kozyreva Vladimir Kozin Andrei Pivovar Adam Dabrowski Natalia Mieczynska Aleksandra Wanda Jozwiak <emptyline>  <position> Maverick Media LTD <emptyline> <emptyline> <emptyline>  <position> BANDAI NAMCO Entertainment America Inc. <emptyline>  <position> Executive Management <list> Mark Tsuji - President & CEO Hide Irie - Executive VP & COO Shuji Nakata - Executive VP & CFO <emptyline> <emptyline> <emptyline>  <position> Publishing & IP Strategy <list> Taka Akiyama - VP, Publishing & IP Strategy Tad Hirabayashi - Senior Director, Production Services Rey Jimenez - Producer Knut Grossmann - Localization Manager Carmen Vega-Reina - Localization Project Manager Takeshi Miyazoe - Senior Director, IP Strategy Shoya Yamazaki - Manager, IP Strategy Nao Takeda - Manager, IP Strategy Kyoko Acheson - Manager, IP Strategy Jhune De La Cruz - Digital Business Manager Kahlil Najar - Digital Channel Marketing Manager Garrett Miller - Digital Content Specialist David Wood - Senior Manager, Business Development Tomomi Takahashi - Administrative Assistant <emptyline> <emptyline> <emptyline>  <position> Operations <list> Hans Lui - Director, Applications & Operations Jennifer Tersigni - Senior Operations Manager David Wang - Operations Analyst Shin Young - Applications Support Specialist Miriam Beltran - Travel Administrator Korey Belanger - Office Manager <emptyline> <emptyline> <emptyline>  <position> Sales <list> Chris Gilbert - Senior Vice President of Sales & Marketing Melani Windham - Senior Director of Sales Terry Carlson - Director, Sales Operations Laura Yoshioka - Sr. Director, Retail Marketing and Merchandising Bob Johnson - Senior Channel Marketing Manager May Hayes - Senior Sales Operations Specialist <emptyline> <emptyline> <emptyline>  <position> Marketing and PR <list> Eric Hartness - Vice President of Marketing Dennis Lee - Director, Brand Marketing Raymond So - Brand Manager Denny Chiu - Director, Communications & Social Media Nick O’Leary - Senior Public Relations Specialist Jason Cline - Events Manager Alia Oda - Event Planner Dalton Link - Social Marketing & Community Manager Cyrus Wesson - Social Marketing & Community Specialist Dmitryi Khlynin - Community Specialist Jeremy Caine - Interactive Designer Michael Le - Graphic Artist <emptyline> <emptyline> <emptyline>  <position> Legal and Business Affairs <list> Martin Nguyen - Senior Associate Attorney Patrick Lundell - Associate Attorney Rafael Orozco - Associate Attorney Matthew Datum - Associate Attorney Reina Nagai - IP Administrator <emptyline> <emptyline> <emptyline>  <position> Quality Assurance <list> David Moya - QA Manager Jesse Mejia - CQC Supervisor Y Pham - Project Coordinator Johnny Moya - Senior CQC Coordinator Cameo Wininger - CQC Coordinator Jonathan Price - CQC Coordinator Matt Peterson - CQC Coordinator Merwin del Rosario - CQC Coordinator Adrian Escultura - CQC Tester Adrian Serafica - CQC Tester Arnold Feener - CQC Tester Brendan Duley - CQC Tester Dustin Tran - CQC Tester Ian Nunes - CQC Tester Josh Daily - CQC Tester Luke Gardner - CQC Tester Matthew Cain - CQC Tester Nicholas Malouf - CQC Tester Samuel Reiter - CQC Tester Steven Wilton - CQC Tester Xonie Martin - CQC Tester <emptyline> <emptyline> <emptyline>  <position> Keywords International <list> Maurizio Cigoli - QA Project Manager Luis Izquierdo - Project Lead Leonardo Akimoto - LQA Brazilian Portuguese Jose Suarez - LQA Latin American Spanish Sara Bourgeois - LQA French Canadian <emptyline> <emptyline> <emptyline>  <position> Customer Support <list> Jesus Barragan - Customer Service Manager Takumi Kobayashi - Sr. Customer Service Representatives Ryan Phung - Sr. Customer Service Representatives Michael Gu - Customer Service Representatives Ryan Hamaguchi - Customer Service Representatives <emptyline> <emptyline> <emptyline>   <position> BANDAI NAMCO Entertainment Asia Pte Ltd. <emptyline>  <list> Gerard Noonan - Senior Vice President & MD Asia & Pacific Richard Taylor - Regional Finance Director Hiroaki Ochiai - SVP Business Development Asia Pacific Jennifer Poulson - SVP Marketing Asia William Wang - Managing Director (Taiwan) Chad Park (Korea) - General Manager Rainel Tan (Singapore) - General Manager Yoichiro Mogi - IP Strategy Manager Asia Pacific Tag Chang (Korea) - Associate Product Manager Eshley Gao (Singapore) - Associate Product Manager Hailey Shin - Associate Product Assistant (Korea) Hamid Rahman - Country Manager (Hong Kong) Carrie Hsiao (Taiwan) - Marketing Manager Jung-eun Oh (Korea - Marketing Manager Ronan Fong (Hong Kong) - Marketing Manager Sophia Lek (Singapore) - Marketing Manager Debbie Chu - Product Manager & PR (Taiwan) Tobias Chang - Product Manager & PR (Taiwan) Zoe Kao - Product Manager & PR (Taiwan) Joanna Fong - PR Assistant Manager (Taiwan) Vito Lee - Marketing Assistant (Korea) Diony Kum - Marketing Assistant (Korea) Catherine Abigail Santos (Philippines) - Marketing & Accounts Executive Renee Lim - Logistics And Account Coordinator (Singapore) Jessie Hsieh - Art Designer & Operations Coordinator (Taiwan) Lin Pei Hsia - Art Designer & Operations Coordinator (Taiwan) Benny Tsai (Taiwan) - Sales Manager Nicholas Ng (Malaysia, S.E.A) - Sales Manager Peter Yang (Taiwan) - Sales Representative Angeline Ang (Singapore) - Finance Manager KD Kim (Korea) - Finance Manager Vivian Liu (Taiwan) - Finance Manager Amy Soong - Senior Accounts Executive (Singapore) Betty Chen - Accountant (Taiwan) Carol Huang - Accountant (Taiwan) Chang Yuan Gang - Localisation Manager Chloe Lee (Korea) - Localisation Manager Daniel Cao (Singapore) - Localisation Manager Ash Kim - Localisation Assistant (Korea) Tsai Mulan - Localisation Project Leader (Taiwan) Chang Kang - Traditional Chinese Localisation Team Chen Pei Yu - Traditional Chinese Localisation Team Chien Chin Hsien - Traditional Chinese Localisation Team Hsieh Wan Chi - Traditional Chinese Localisation Team Hsu Tsai Ying - Traditional Chinese Localisation Team Hsu Yu Han - Traditional Chinese Localisation Team Lee Yi Shuan - Traditional Chinese Localisation Team Lin Chih Yen - Traditional Chinese Localisation Team Chiang Chi Che - Traditional Chinese QA Project Leader  Huang Shih Wei - Traditional Chinese QA Project Leader  Yu Chiao Huai - Traditional Chinese QA Project Leader  Wang Kuan Chun - Traditional Chinese QA Project Leader  Chen Chun Chih - Traditional Chinese Localisation Tester Chen Xian Zhe - Traditional Chinese Localisation Tester Chien Shih Siang - Traditional Chinese Localisation Tester Chou Yuan - Traditional Chinese Localisation Tester Hsu Kuo Huang - Traditional Chinese Localisation Tester Wang Jing Ting - Traditional Chinese Localisation Tester Wang Yan Zhe - Traditional Chinese Localisation Tester Wu Chi An - Traditional Chinese Localisation Tester Ki Moon Lee - Korean Localisation Team Bird Lee - Korean Localisation Tester Jae Jin Yi - Korean Localisation Tester In Keon Kang - Korean Localisation Tester Ji Yeon Jung - Korean Localisation Tester Duk Woo Kim - Korean Localisation Tester AltJapan Co., Ltd - Singapore Localisation Team Ethan Sia Chee Keong - English QA Project Leader  Ahmad Fuad Bin Ahiari - Singapore Localisation Tester (NYP Intern) Damian Ang Ming Guang - Singapore Localisation Tester (NYP Intern) <emptyline> <emptyline> <emptyline>   <position> BANDAI NAMCO Entertainment Inc. <emptyline> <list> Satoshi Oshita - Executive Producer Hirotaka Reizei - Executive Producer Daisuke Uchiyama - General Producer Ryuichiro Baba - General Producer Kazutoki Kono - Chief Producer Satoshi Otsuka - International Producer Tsuyoshi Koda - International Producer Manabu Shimomoto - Producer Tomoya Yoshida - Special Thanks <emptyline> <emptyline> <emptyline>  <position> Quality Assurance - Functionality QA <list> Tomoaki Imanishi Ryou Tanaka Akihide Ono Ryuuta Sano Masashi Aoyama Kaname Nakano Takashi Shimogaito Natsuki Koyama Shinya Sasaki Kouki Iwao Masaya Nakata <emptyline> <emptyline> <emptyline>  <position> Customer Service - Quality Assurance <list> Keita Kiso Takashi Sawai Miku Takamatsu <emptyline> <emptyline> <emptyline>  <position> Promotion <list> Kenta Seino Yasuko Sato Satoshi Nakauchi Onur Guenduez <emptyline> <emptyline> <emptyline>  <position> Sales & Marketing <list> Taiki Yasuko Masaki Hoshiai Hidekazu Naito Yuta Fukami Noriyuki Tanaka Yumi Maiguma  Kazuki Konishi  <emptyline> <emptyline> <emptyline>  <position> Production Support <list> Tomomi Arakawa Tomomi Fujisawa <emptyline> <emptyline> <emptyline>  <position> Localization <list> Eiichi Ikeda Takayuki Tsuji Tatsuji Michihiro Claudio Cascone Hideyoshi Misawa <emptyline> <emptyline> <emptyline>  <position> Quality Assurance Support <list> Hiroyuki Tsujii Sho Tanaka Hiroshi Araki Megan O'leary Tatsuya Wada Kiriyo Tanaka <emptyline> <emptyline> <emptyline>  <position> WMD <position> Thank you for your continued support, we couldn't have done it without you. <emptyline>  <position> WMD VIP's <list> Alex Lindstrem David Lansade Eyal Alsaud Henning Weidhase James Loucks Kyle Pearson Ross Clabburn Sven Markowski Thomas Lockers Thomas Taschler Toni Harkonen <emptyline> <emptyline> <emptyline>  <position> Special Thanks <list> Aaron Clark Aaron Coleman Aaron Parker Aaron Ritzau Aaron Turner Adam Higgs Adam Lindsey Adam Preston Adam Sharpe Adam Viljoen Adam Wilewski Ade Young Adelaida Afonso Adrian Smith Adriano James Piras Adrien Lopes Aidan Taylor Alain Jimeno Alain Kohler Alan Bertenshaw Alan Cheung Alan Nelson Alan Smith Aldo Zampatti Alec Barker Alejandro Montero Aleksander Otterstad Aleksandr Timkov Ales Permozer Alessandro De Carolis Alessio Beninato Alessio Vismara Alex Greenland Alex Porter Alex Stahlhut Alexander Dornheim Alexander Mueller Alexander Santos Alexandre Amirizian Alexey Kuntsevich Alfie Pugh Allan T. Olsen Allen Clarke Anders Peterson Andre Henschel Andre Kaestner Andreas Gremme Andreas Hader Andreas Kittlaus Andreas Seeger Andreas Traub Andreas van Wingerden Andreas Wunder Andrej Akopian Andrej Svajger Andrew Adamson Andrew Currens Andrew Jones Andrew Moseley Andrew Myers Andrew Todd Andrew Wise Andy Edwards Andy Weinberger Ang Li Angel G Criniti Anthony Azzari Anthony Haddox Anti Telkinen Antoine le Campion Antonio Benitez Antonio Rodriguez Clotet Antony Boland Ari Antero Arnaud Hirtz Arnaud Segre Arne Jurgens Arno Bisquolm Ashley Horton Aurelien Duval Aurelien Walpen Axel Dietzel Barrett Ettel Bart van Kleven Basim Alhejaili Bastian Hellmann Benjamin Beacock Benjamin Beier Benjamin Benichou Benjamin Beyer Benjamin Fischer Benjamin Menger Benjamin Weisenfeld Benjamin Winter Bent Granheim Bernd Resch Bernd Schmidt Bernd Schwarzinger Beys Nordine Bob Romano Bohuslav Lacina Boris Demidov Botond Vasarhelyi Brad Bodily Braden Williams Bradley Parrott Bradley Rossetti Bram Vanbuel Brandon Andrew Lee Brandon Bosch Brandon Clark Brandon Limkemann Brent Blihovde Brent Seeliger Brook Murray Cameron Brewster Cameron Howell Carl Morton Carl Shaw Carlos Dominiak Carlos Esteves Cedric Flouret Chadd Lowe Charles Mader Chee Keong Lau Chihoon Ahn Choserot Michael Chris Arnett Chris Aubert Chris Baumann Chris Candelaria Chris Goatcher Chris Kunz Chris Miller Chris Morris Chris Mosley Chris Payne Chris Rae Chris Stenersen Chris Twigger Chrisi Schmidt Christiaan van Beilen Christian Banks Christian Geihe Christian Gomolka Christian Hagemann Christian Hellman Christian Mutz Christian Pabinger Christian Paul Christian Pillwein Christian Quaynor Christian Schmidt Christian Schroeder Christian Schumann Christian Steinhaeusser Christian van Rooyen Christoffer Almgren Christoph Brandstetter Christoph Laux Christoph Schmidt Christophe Cador Christophe De Greef Christopher Aspden Christopher Cassidy Christopher Davis Christopher Dorn Christopher Frantz Christopher Gray Christopher Hauser Christopher Lord Christopher McEnteer Christopher Porter Christopher Reekie Chuck Duhon CJ Yi Clement Moriceau Cleon Waterberg Clive Morrison Codrin Purice Colin McKay Condamine Florian Copin Michael Corrado Raucea Craig Jorgensen Craig Moon Craig Parkes Cyril Declercq Damian Hall Dan OBrien Dan Thorpe Daniel Bader Daniel Boeckmann Daniel Dorion Daniel Krissel Daniel Meister Daniel Perez Daniel Saik Daniela Siekiera Daniele Vianini Danny Park Danny Schmid Danny Vlaar Daren Ludvigson Darin Salisbury Dario Walker Darrel King Darren Henderson Darren Leeson Darren Muir Darren Symons Darryl Mills Dave Arthur Dave Higgs Dave Holland Dave Richardson David Allak David Bishop David Bornkessel David Burton David Commons David E. Lengel David Haggar David Ham David Ingram David Ironside David Kneller David Knipp David Majidimehr David Marin David Marquez Mato David Merino Perez David Neighbour David Payne David Pym David Saunders David Sharples David Smith David Stuecker David Summers David Vangheluwe David Vickery David Waymouth Davy Van den Abbeele Dean Welfare Denis Besic Denis Eder Martinez Pineda Dennie de Groot Dennis Pohlmann Derek Millar Derrick Ritchie Detlev Hartenstein Devin Smith Devon Massan Dirk Dietrich Dirk Voegele Dmitry Afanasyev Dominic Schoenberner Dong-Gyu Park Dong-Seok Lee Drew Mackay Drew Meisberger Duprez Laurent Dustin Johnson Edson Souza Edward Garland Edward McLean Eike Stender Elliot Janssens Eneas Martinez Costa Enrico Bertolo Enrico Gerosa Erdinc Binyal Eric Bilodeau Eric Dukes Eric Kuebler Eric Lasley Eric Mayuk Eric Schroeder Erich Christen Erich Harvey Erick Gaudreault Erik Hofmann Erik Schramm Erik Uran Erwan Decroix Erwin Berkers Espen Gundersen Espen S. Andresen Eugene Flerko Fabio Calcio-Gandino Fabrice Brigati Fabrice Jourquin Fabrice Vancomerbeck Falk Guenther Felipe Becker Felix Overroedder Felix Renneberg Ferdinand Dernai Ferdinand Schwarzer Fernando Peneda Florian Faistauer Florian Talou Florian Witte Flouret Alexandre Fontaine Loic Francesco Cinque Francis Doria Franck Darstein Franck Herve Franck Montaigne Francois Chevallier Francois Feugier Francois Heitz Frank Kleefeldt Frank Lehmann Frank Schroeder Frederic Davin Frederic Le Palud Fredrik Olofsson Friedrich Riemschneider G. Auriol Gabriel Swietlicki Gareth Harwood Gareth Robinson Gareth Vaughan Garry Holcombe Garvin Kruthof Gary Hunt Gary White Geoffrey Schild Georg Naujoks Georg Swaczyna George Brushwood George Patterson George Shannon George Usoh Gerald Scherr Gerke van Keimpema Giacomo Galeotti Gian-Luca Mateo Gianko Scaglione Gilles Eberhardt Giovanni Tomaselli Glenn Briden Goetze Tobias Gordon Hislop Graham Bartsch Graham Goodrich Graham Hawkins Graham Ritter Graham Watson Greg Corbyn Greg Pillhofer Greg Southall Greg Williams Greg Wright Gregg Mandell Guanchen Liu Guido Dettweiler Guillaume Brunner Guillermo Hargreaves Gunther Roels Gunther Wicht Hanno Peng Don Chlevl Hans Silbernagel Hans-Rolf Schade Harald Kristian Gauslaa Haroon Ashraf Hayden Purvis Heiko Wenzel Hendrik Seitz Henk de Jong Henning Schirk Herbert Waller Hermann Thomas Holger Neitzel Holzer Rene Hugh Shillingford Huib Reijnders Ian Brown Ilya Babansky Ingo Schumann Ingvar Petur Thorsteinsson Ivan Dumalovski Janjusic J Kosieradzki Jacob Urbschat-Satterfield Jagdeep Rai Jaime Lopez Trujillo Jake Southcombe James Alston James Brooks James Eavis James Lithiby James Newman James Smith James Staples James Turbett James Wall Jamie Matthews Jan Berka Jan Flieshardt Jan Fortun Jan Horsky Jan Studenski Jani Mustonen Jani Sihvonen Jannik Strelow Janusz Krasek Jared Broddle Jaroslav Kraif Jason Ganz Jason Mackay Jason Penny Jason Schmidtlein Jason Watson Javier Marcos Jay Elwanger Jay Vigo Jean Christophe Jean Marie Muggianu Jean Marth Jean-francois Le Chenechal Jean-marie Jolibois Jean-Sebastien Charlot Jean-Yves Mercy Jeff Lima Jens Hoefling Jens Schmitt Jeremy Brunel Jeremy Hittle Jeremy Spinks Jeroen van Gelder Jerome Powell Jerry Jacob Vakayil Jesko Weber Jesse Brown Jesse Fahrenkrog Jessy Burgamy Joachim Thiebe Joao Simoes Jochen Klasen Joe Borde Joe Coach Joe Moore Joe Tompkins Joel Lobo Joerg Felgendreher Joerg Giezenaar Joerg Vahldieck Joeri Blootacker Johan Kemper Johan Leroy Johan Marx Johannes Gaganas Johannes Riese Johannes Wieser John Dashey John Hargreaves John Higginbotham John Montgomery John Sant John Shore John Stegman John Tomlinson Jon Burrell Jon Davies Jon Hadden Jon Large Jon Over Jon Trotter Jonas Thomsen Jonathan Carrigan Jonathan Lamela Jonathan Le Clercq Jonathan Padilla Jonathan Vauhkonen Jonathan Waltman Joni Aaltio Joost Korngold Jordi Rodriguez Gresa Jose Anaya Jose Angel Morales Calvache Jose Rivera Joseph Gossen Joseph Marques Joseph Rampelberg Joseph Russo Joseph Schles Joseph Stearn Josh Brocksopp Joshua Healy Joshua Heising Juan Manuel Sanchez Manzano Juergen Flock Juergen Oberreiter Jukka Hautajarvi Julian Oejen Julien Boisaubert Julien Lavoie Junior Basilio Juraj Mamrilla Jurgen Braem Jussi Viljami Karjalainen Justin Gay Justin Hackett Justin Strickland Kai Lochbaum Karim Saissi Karl Mitson Karsten Kremer Karsten Schiemer Kay Schurig Keith Brunnenkant Keith Partyka Ken Owers Kent Bergstrom Kent Nielsen Kevin IJpelaan Kevin Kirkbride Kevin Lawrence Kevin McKenzie Kevin Ochoa Kevin Richardson Kevin Welsh Kieran Jones Kieran Poole Kieran Vella Kim Flawwoo Andersson Kirk Kosinski Klaus-Juergen Weber Knodel David Kobus de Villiers Konrad Kostecki Konstantin Broemmelsiek Koos Rotgans Kourattana Abhay Kowal Peter Kris Dekeyser Kristof Depreitere Kristoffer Bergset Kyfan Stevens Kyron de Haas Lacorre Mickael Nicolas Lacourte-Barbadaux Lars Rosenquist Lasse Ryhanen Laud Barnor Laurent Rizzi Laurent Zender Leander Patzak Lei Liu Leigh Renfrow Leo Graae Leon Garcia Liam Cubley Lindsay Smith Lionel Beasse Llewellyn St David Luca Antonini Luca Cambianica Luca Rassek Lucas Brits Lukas Elmer Lukas Fort Lukas Kamb Lukas van Eck Luke Wojtaszek Lyndon Wright M.J. Lisseveld Mads Krog Jensen Maik Manke Manuel Ballbe Manuel Duerr Manuel Morgenroth Marc Kressmann Marc Packenius Marc Verhoef Marcel Beck Marcel Bloch Marcel Hulsbergen Marcel Jaekel Marcel Jeske Marcel Kleene Marcel Spuehler Marcel Wernegger Marco Engelage Marco Gotz Marco Mosch Marco Olivieri Marco Roth Marcus Blech Marcus Gleitsmann Marcus Johansson Marcus Meyer Marcus Winnig Marek Haase Mario Goebbels Mario Navarrete Mario Scherrer Marius Adams Mark Abbott Mark AuBuchon Mark Barrow Mark Bevan Mark Blanes Mark Bond Mark Carbonaro Mark Doran Mark Dowling Mark Goldfinch Mark Holland Mark Laybourne Mark Leighton Mark Roberts Mark Rueb Mark Smith Mark Turnbull Mark Walker Marko Adrian Markus Beckmann Markus Falkner Markus Meyerhofer Markus Schlabritz Markus Siegmeth Markus Ullrich Marten Johansson Martin G Webb Martin Hartmann Martin Hudson Martin Kucera Martin Lorgnier Martin Schaeller Martin Skytte Martin Thielen Martin Webb Marton Szamos Martyn Breed Marvin Theel Mas Jonathan Massimiliano Franchelli Mathias Veyrun Matt Muirhead Matt O Brien Matt Pierce Matt Webb Matt York Matteo Stirati Matthew Brown Matthew Gibbs Matthew Hargreaves Matthew Julian Matthew Lewis Matthew Minson Matthew Mul Matthew Rushton Matthias Arndt Matthias Beck Matthias Dorst Matthias Jacob Matthias Neber Matthias Schonder Maurice Boeschen Maurizio Lazzeretti Maurizio Posapiano Mauro Fernandez de Bobadilla Mauro Tobon Max Spooner Maxime Parquet Maxime Platon Maximilian Woerlein Michael Ball Michael Baumert Michael Bieber Michael Colomer Michael D Mckeown Michael Dew Michael Dorricott Michael Frnka Michael Herrmann Michael Knoblach Michael Laube Michael Lehneis Michael Marhenke-Richter Michael Matzen Michael Maxwell Michael Meus Michael Milem Michael Norrby Michael Peters Michael Pleym Michael Prahl Michael Repplinger Michael Schmid Michael Steiner Michael Uth Michal Bielik Michal Sofron Michel Fouvet Mick Leighton Mikael Stanne Mike Cowing Mike Dhanpat Mike Gagg Mike Hoffmann Mike van Meerbeek Mike vom Scheidt Mikko Makela Milan Danek Milan Holt Mirko Giorgi Miroslav Bettermann Mitchel Saad Mohamed Gaalich Mohammed El Gueriri Morgan Henstridge Moritz Schickel Moriz Fischer Morten Rousing Fachmann Natan Patel Nathan Kammerud Nedo Radulovic Neil Bateman Neil Brett Neil Farren Neil Hopwood Nelson Badillo Nevil Wigbels Nicholas Chong Nicholas Gregory Nick Claydon Nick Degnan Nick Garland Nick Thornhill Nick Weekes Nico Ernst Nicolas Balland Nicolas Flamand Nigel Teags Niklas Silen Nils Ruwisch Norman Morton Oli Gill Oliver Ginzel Oliver Goehring Oliver Kaiser Oliver Rademacher Oliver Schwing Omar El-Edrissi Ornulf Hagen Oscar Perez Oyvind Nordahl Oyvind Nordbo Pablo Sanchez Parker Korpak Pascal Gatsu Pascal Meyrou Pascal Welsch Patrick Dobler Patrick Gleichmann Patrick Gries Patrick Kulinski Patrick Leventhal Patrick Pomes Patrick Seeger Patrick Strippel Patrick Theysohn Patrik Marek Paul Coburn Paul DeBili Paul Hahn Paul Jackson Paul Pridham Paul Stolber Paul Taylor Paul van der Linden Paul Velasco Paul Walker Paul Yeung Pedro Antunes Pedro Braz Caria Pedro Grave Pedro Rodrigues Per Ricktun Per Rosing Mogensen Peter Andersson Peter Avelovski Peter Boutestijn Peter Chalmers Peter Karanitsch Peter Klawitter Peter Kless Peter Marquardt Peter Stuart Peter Swiatek Peter Vermeulen Petr Strecker Petr Vojkovsky Petri Niemenmaa Phil Denty Philip Bocock Philipp Ackermann Philipp Enderes Philipp Stratmann Philippe Dufour Phillip Jones Pierre Irby Pilaud Fabien Pontus Skoglund Prayoga Hadi Setiawan Quentin Laveau Rafael Sempruch Rafal Ranuszkiewicz Raffaele La Sala Raj Sharma Ralf Huisman Ralf Truttmann Ralph Burger Rambert Yohann Ramiro Correa Randall Kipker Randall Kravarik Ray Heimbuch Raymond de Vries Rene Guenon Rene Liivanurm Rene Owara Rene Regatschnig Rene Wehrmann Reto Marti Reto Marty Ricardo Almeida Richard Barrett Richard Booms Richard Cook Richard Navone Richard Touzimsky Rikki Jenkins Riley Lucier Rob Cowing Rob Denekamp Rob Greenhalgh Rob Huxtable Rob Massen Rob Simms Rob Thompsett Robby Timmermans Robert Dekker Robert Evans Robert Gardiner Robert Lidstrom Robert Lineburg Robert Reagh Robert Schulze Robert Stuart Robert Yates Rodney Tawia Roel de Meulder Roger Graham Roger Prynne Rogier Schaap Roland Franzl Roland Krystaszek Roland Respondek Romain Belorgey Romain Capdeville Romain Rukse Roman Mika Ronald Scheerder Ross Drinkwater Rouch Jean-Guillaume Roucourt Rony Roy Butler Ruedi Zimmermann Rune Morling Ryan Conaway Ryan Parker Ryan Richter Saidur Ali Sam Blease Sampo Jarvinen Sampo Mustonen Samuel Lobietti Samuel Painchaud Sandeep Singh Dhanjal Sander Keus Sascha Haub Sascha Straub Savelkoul Tom Scott Adair Scott Coleman Scott Gibson Scott Hoarty Scott Richardson Sean Foster Sean Lobjoit Sebastian Brunner Sebastian Krogull Sebastian Pechner Sebastian Schillag Sebastian Schlager Sebastian Schweiger Sebastian Wokraczka Sebastien Guglielmi Sebastien roubinet Shane Leksell Shane Stoney Shawn Silsbee Shayne Joseph Paul Shogo Kihara Silas Greiner Silvio Carlos Camolesi Silvio Szekely Simon Bresche Simon Davey Simon Hannaford Simon Hodge Simon Messerli Simon Paynton Simon Reed Simon Welch Simone Barisonzi Sofian Moukhaiar-Senac Spencer McCarthy Stef Volckaerts Stefan Almeida Stefan Biley Stefan Bosch Stefan Delalut Stefan Forster Stefan Hennig Stefan Ihl Stefan Jeppesen Stefan Monz Stefan Nydegger Stefan Oberboersch Stefan Pagenberg Stefan Pitzl Stefan Sulies Stefano Malnati Stefano Pecchio Stefano Pianoterra Steffen Deszczka Stella Lionel Stephan Czekay Stephan Goldenberg Stephan Prinz Stephane Sola Stephen Bacchus Stephen Jubb Stephen Kelly Stephen Way Stephen White Steve Berwald Steve Bird Steve Hew Steve Hoessler Steve Jones Steve Redding Steve Swangler Steve Unsen Steve White Steven Beyer Steven Johnson Steven Labbe Stuart Phillips Suzuki Ryouhei Svein Andre Nilsen Sven Bender Sven Lippmann Sven Ungerecht Sylvain Antoni Sylvain Caillat Tapio Vepsalainen Tatu Teittinen Teddy Yeboah Teemu Koskinen Terrell Olvera Tetsuo Kimura Thibault Scheffmann Thierry Chabanne Thierry Degeilh Thilo Ascher Thomas Einoeder Thomas Goesling Thomas Groener Thomas Hirschi Thomas Hoenen Thomas Keaveney Thomas Kloeters Thomas Knecht Thomas Lademann Thomas Lund Thomas Mayrhofer Thomas Mouren Thorsten Lingnau Tiago Fortuna Till Grapentin Tim Cox Tim Eles Tim Foster Tim Lundy Tim Venker Tim Wielens Timi Tuohenmaa Tobias Gloeckner Tobias Kiel Tobias Scheit Todd Norbury Tom Cornwell Tom Erik Risan Tom Goad Tom Ivar Arntsen Tom Pettersson Tommaso Rossato Tonny Draijer Tony Bull Tony Richards Tony Rickard Tony Ward Torsten Schmitt Travis Lamming Trent White Trever Braun Trevor Austin Tristan Matheson-Mayne Tyler Sinquefield Ulrich Diedrichsen Valerio Giolitto Victor Moraal Vikram Subramaniam Vincent Boulard Vincent Druart Vincent Zijlstra Vincenzo Giagheddu Vladimir Kulev Volker Keim Volker Wenski Warren Murfin William Fisher Wolf Herold Wolfgang Reh Xavier Bourgeois Xiong Yang Xristo Papageorgas Yann Kowalkiewicz Yannick Prevot Yannick Steinhauer Youcef Benyarou Zdeno Kubina Ziyu Guo <emptyline> <emptyline> <emptyline>  <position> Supported by <list> Adam Dougherty Adam Rusling Aleksi Marjusaari Alex Day Alex Salmon Alexandre Bersano Alfiero Ventura Alizard Christian Anders Wallgren Andre Gava Andre Marcos Andrea Bona Andrej Lueders Andrew Banfield Anthony Labarre Anton Volkov Arne Pannecoucque Avenel Adrien Bart Van den Broeck Bastian Schings Beeck Wolfgang Benjamin Alapetite Benjamin Aul Benjamin Schuette Benny Dean Bernd Ohlsen Bevan Roberts Brady Warren Brendan Langlois Brett Loubser Brian George Brock Williams Bruce Maytum Carion Guillaume Cesar Correa Chad Kopec Charles Verity Chee Hoe Lau Chris Lessig Christian Heinlein Christian Nutz Christoff Rampf Clive Reeves Damian Papen Dan Britton Dan Stockwell Daniel Borges Daniel Hedman Daniel Holbling Daniel Sipowicz Daniel Thomazelli Darley Laetitia Dave Peat David Filippone David Golob David Gross David LeGresley David Sosnowski Dennis Hart Diego Colafabio Diego Xavier Dominik Pflegerl Dominik Uebelhoer Donald Brooks Douglas Ries Dustin Ward Enrico Weichhold Enrique Nava Gonzalez Enrique Perez Cabedo Eric Dufour Eric Koudijs Fabian Kraus Fabien Bouteuil Fabrice Tessier Finn Verkerk Florian Laub Frank Lobers Freulon Nicolas Gareth Smith Garrick Wheeler Gavin Thomas Gene Day Georgel Eric Gerard Raccio Giuliano Golfieri Gordon Mowvley Gregory Choubana Grigoli Manuel Guerin Jimmy Guillaume Cortes Guillemoto Claude Gusthiot Maxime Haroldo Dijigov Heiko Gehrig Heiko Risse Helmut Bachmayr Hirokazu Oka Hugo Vieira Humberto Barreira Iker Mingo Israel Gallegos Jan Sterba Jarno Perala Jason Betts Jason Hsu Jason Schumacher Javier Rios Joachim Koppenhoefer Joao Bonifacio Joerg Mertin Johan Malmsten Johan Sanders John Rayson Jon Grintz Jonatan Larsson Joni Harju Jordi Rodrigo Roma Juan Luis Garcia Asmar Justin White Kai Podoklinski Kay Ekanayake Keven Menard Kevin Ellis Kevin Watts Kieran Chauhan Klaus Thon Kouhei Hata Kristopher Cobb Lars Klingman Lasse Skjoett Hansen Leandro Melo Lecomte Tristan Lombard Florian Luca Perin Lukas Ljungdahl Manuel Kamela Marco Ficara Marco Mauri Mario Gilcher Mario Macri Marius Pedersen Mark Bosman Mark Bratley Mark Bushell Mark Cooke Markus Pichler Martin Bell Martin Hauber Matej Klocek Mathieu Gebel Matt Cocks Matthew Cholerton Matthew Kennedy Matthew Thomas Maxime Monnet Meier Michael Mevlut Koc Michael Decker Michael Dorn Michael Konrad Michael Lorenz Michael McEvoy Michael Miesenberger Nathan Burtenshaw Nathan Jermyn Nicolas Pavie Nishan Baruah Oliver Abrahamsson Omer Candar Ondrej Vesely Pacula Martin Paolo Guiotto Pascal Groen Peter Bjoerk Peter Dimitri Peter Gertsson Peter Jamieson Philipp Eiselt Philipp Haenel Philipp Hofmaninger Philippe Evrard Quido Dekker Rafael Alcolea Rainer Huentemeier Ralf Trautwein Ralf Waspe Ramon Galera Raphael Smith Rasmus Lundstrom Rene Drawert Rene Hossfeld Richard McVeigh Robert Green Robin Sillars Roger Lee Sami Vahtera Sandro Draeger Santeri Rahkamaa Scott Haines Sebastian Barz Sebastien Milliot Simon Carbonnel Simon Strohmenger Sinan Mercan Sjoerd Huksloot Stefan Klause Stefan Krokowski Stefan Steinwasser Steffen Schluessler Stephen Collis Stephen Walsh Steve Seidelmann Teemu Karvinen Thiebault Debatty Thomas Granofszky Thomas Kramwinkel Thomas Meissner Thomas Olivaux Thomas Schleimer Thomas Wiercioch Timo Klostermann Timon Putzker Tobias Wellmann Tom Hutchins Tyler Grinnell Ulrich Straller Vinod Chandran William Parr Xabier Sanchez Yang Hongbo <emptyline> <emptyline> <emptyline>  <position> AEMS <list> Adam Stadler Adriano Sapetti Al Clarke Albert Bensusan Alejandro Fernandez Alessandro Balzan Alex Krugman Alex Meader Alex Nunez Allan Ng Andreas Eriksson Andreas Falkner Andrew Arroyo Andrew Thompson Andrew Wojteczko Andy Barnes Andy Blackmore Anna Degen Anne Bernard Anne Bernard Annemie Claesen Anthony Cheshire Aris Barios Arnold Eugenio Arthur Virapin Ashley Lynch Aurélie Glandais Autumn Soriano Beatrice Karlsson Becki Nile Ben Brown Ben Chong Ben Conrad Bisi Ezerioha Blair Dupree Blane Burnettt Bob West Boris Puddu Brad Beardow Brad Folz Brandon Adams Braun Smith Brett Hauschild Brian Dwyer Brian Knudson Bruce B. Frederick Bruce Garfield Bryan Alvardo Bryn Musselwhite Caroline Fallara Casey Cooper Johnson Charlotte Lumley Chico Kodama Chris Agajanian Chris Considine Chris Douglas Chris Protheroe Chris Raschke Chris Tague Chris Tate Christer Loow Christian Schick Christina Nielsen Christoph Ebenschwaiger Chuck Neal CJ Wilson Claudia Geissmann Clayton Triggs Clive Chapman Cory Burns Craig Cavalier Daniel Bandoly Daniel Cross Daniela Russell, Darren Geal Dave Phelps David Black David Fernandez David Isaacs David Ridley Declan Brennan Dennis Homberg Dennis Schwitzer Dirk Starksen Dirk Theimann Donnyelle Evans Dyan Williams Dylan Fraser Efrain, Enrico Diano Eji Tada Elena Azzali Elisa Mignini Emeline Wilson Emma Pastor Ethan Bregman Eunice Biondi Fabian Weingart Fiammetta Ginestra Florian Hagemann Florian Pitout Frank Rehak Fraser Handley Frederic Colaux Fu Yang Gary Fong George Ciordas George Kviloria Glen Chou Greg Gill Hannes Tribelnig Hannes Zanon Hayley Robinson Hedi Kim Helmut Wahl Hikaru Fujii Hiroshi Sano Hunter Skipworth Hyodo Tomomi Ian Briggs J. David Rich Jacob Agajanian James Crook James Hinchcliffe James Kirkham James Nagahashi James Rumsey Jane Mcleod Jarrod Stapley JC Waterhouse Jeff Darks Jeff Glover Jeff Neal Jen Horsey Jeremy Peirson Jerry Thienprasiddhi Jesse Wood Jillian Scheden Jim Michaelian John Chiboroski John Church Jon Barrett Jon Denton Jordon Roberts Jorge De La Torres, Jorge Rivera Julie Peyssard Jun Imai Junichi Tokuda Justin Ocello Kai Mensing Karen Schnurr Kei Muira Keith Jones Kenji Sumino Kenny Krajnik Kevin Taylor Klarissa Freibott Kris Skellenger Kristian Berg Kristian Dean Kyle Lloyd Larry Chen Laura Clever Lauren Sheridan Linden Farrow Lindsay Ross Liza Markle Louise Price Luca Bellisomo Luca Venturi Mad Mike Whiddett Marc Lewis Marc Unger Marcel Orban Maria Pia Rocca Marie Christine Ravon Mario Di Dato Marion Eisenberger Mark Bentley Mark Jones Mark Lemmer Mark Tingey Mary Lou Haen Masaya Yumeda Mat McCallum Matt Crooke Matt Levin Matt Monroe Matt Tuccillo Matt Wright Matt Young Matteo Gianotti Matthew Levin Matthias Czabok Matthias Scheffler Max (Massimiliano) Marsiaj Michael Burch Michael Gibbs Michael Grassl Michael Keyser Michael London Michael Schneider Michael Scully Michael Shank Michael Staskin Michael Teichmann Michaela Dorcikova Michal Klouda Mike Beckhusen Mike Chung Mike Hagedorn Mike Johnson Miriam Rodriguez de Lizana Mirko Lubner Mirko Markfort Miroslav Konopka Mizoguchi Kagefumi Monica Pauperas Murray Adams Natasha Dyson Nathan Freke Nathan Shriver Neill Briggs Nicole Garside Nigel Land Pascal Ursi Pascale Fleuridas Pascale Lavie Patrick Germain Patrick Mulligan Paul Zwicky-Ross Paulo Pinheiro Peter Cunningham Phillip Grenier Pierre Nicolet Pierre Nicolet Preston Calvert Quentin Frismand Rafael Navarro Ravi Dolwani René Buttler Riccardo Pezzetta Richard Barsamian Richard Hoare Richard King Rob Barnes Robin Selbach Roman Moser Romi Diana Doser Rosella Locatelli Ryan Carpenter Ryan Davis Ryu Asada Sabrina Asperti Sam Minchington Sandrine Weyders Sandy Althaus Sarah Edlinger Scott Lindley Seadon Baker Sean Horvath Sean Kleinschuster Sebastian Bagley Sebastian Hornung Sebastian Schmalz Shige Suganuma Shinjo Tsuyoshi Silvia Montsori Simon Haas Staci Langham Stefan Steinwasser Stephanie D'aprigny Steve Fields Steve Sare Steve Vandervate Thomas Gleibs Thomas Herbst Thomas Koch Thomas Muehlenz Thomas Radkovic Timo Frings Tobias Haasis Tomo Hisanaga Toni Calderon Toni Whiddett Tony Attwood Tony Balde Toshi Nakamae Travis Montgomery Trent Goodwin Trevor Wert Valerio Piersanti Vaughn Gittin Jr Vera Wessolek Victor Carrillo Vincent Vosse Vitale Alessandro Maffezzini Wakana Kosumi Warren Overton Will Brown Willett Considine Yannick Yvin Yoshiaki Hashimura Yoshihiro Sakamoto Yoshiyasu Takezawa <emptyline> <emptyline> <emptyline>   <position> External Partners <emptyline> <list> 'FMOD studios' and 'Firelight Technologies'  <emptyline>  REV technology used under license from Crankcase Audio Inc. <emptyline>  Uses Oodle. Copyright © 2008-2017 by RAD Game Tools, inc.   <emptyline>  Uses Bink Video. Copyright © 1997 – 2017 by Rad Game Tools, Inc   <emptyline>  Development tools and related technology provided under license from Logitech.  © 2001-2017 Logitech.  All rights reserved.  <emptyline>  Trademarks, design patents and copyrights are used with the approval of  the owner of Agajanian Racing <emptyline>  “Aston Martin”, “Aston Martin Racing” and related logos and other trademarks  are owned, licensed and/or used by Aston Martin and Aston Martin Racing.   These trademarks may not be used, amended and/or reproduced without permission.  All rights are reserved. <emptyline>  Trademarks, design patents and copyrights are used with the approval of the  owner of AUDI AG <emptyline>  Trademarks, design patents and copyrights are used with the approval of  the owner of Briggs Automotive Company (BAC) Limited <emptyline>  Produced under licence from Bentley Motors Limited England. “Bentley”, the ‘B’  in wings device and other associated logos and names are trademarks of  Bentley Motors Limited. The body designs of Bentley motor cars are protected  by Bentley Motors Limited under design, trademark and trade dress regulations <emptyline>  The BMW logo and BMW wordmark are trademarks of BMW AG and are used under license. <emptyline>  General Motors Trademarks used under license to Slightly Mad Studios Ltd <emptyline>  Caterham and associated logos and trade dress are registered trademarks of  Caterham Cars Ltd and are used under license. <emptyline>  The name and design of CITROËN and DS are used with the permission of  Automobiles CITROËN <emptyline>  Produced under license of Ferrari S.p.A. The name FERRARI, the PRANCING HORSE device, all associated logos and distinctive designs are property of  Ferrari S.p.A. The body designs of the Ferrari cars are protected as  Ferrari S.p.A. property under design, trademark and trade dress regulations. <emptyline>  Ford Trademarks and Trade Dress used under license to Slightly Mad Studios Ltd <emptyline>  Trademarks, design patents and copyrights are used under licence from  Ginetta Cars Limited <emptyline>  For Honda Automobiles: Honda Official Licensed Product. Designed, manufactured and distributed by or  for Slightly Mad Studios. Honda, the “H” logo, Honda vehicles and their trade  dress, and all associated vehicle emblems, logos, marks and names are trademarks  and intellectual property of Honda Motor Co., Ltd. All rights reserved. <emptyline>  For Acura Automobiles: Acura Official Licensed Product. Designed, manufactured and distributed by or  for Slightly Mad Studios. Acura, the “A” logo, Acura vehicles and their trade  dress, and all associated vehicle emblems, logos, marks and names are trademarks  and intellectual property of Honda Motor Co., Ltd. All rights reserved." <emptyline>  Trademarks of Brickyard Trademarks Inc. used with permission <emptyline>  Jaguar and the leaper device are trademarks owned and licensed by  Jaguar Land Rover Limited <emptyline>  All KTM vehicles, vehicle names, designs and logos are trademarks of KTM AG. <emptyline>  The trademarks, copyrights and design rights in and associated with Lamborghini,  Lamborghini with Bull and Shield Device are used under license from Automobili  Lamborghini S.p.A., Italy <emptyline>  Ligier and associated logos and trade dress are registered trademarks of Everspeed  for Onroak Automotive and are used under license. <emptyline>  Approved and licensed by Classic Team Lotus Ltd <emptyline>  Mazda Motor Corporation Approval No. 20019 <emptyline>  Manufactured under license from McLaren Automotive Limited.The McLaren name  and logo are registered trademarks of McLaren <emptyline>  “Mercedes-Benz” and “Three pointed star in a ring” are trademarks of Daimler AG  and used under license by Slightly Mad Studios Ltd. <emptyline>  MITSUBISHI MOTORS and  emblems are trademarks of MITSUBISHI MOTORS CORPORATION  and used under license to Slightly Mad Studios Limited. <emptyline>  MOTUL, the MOTUL LOGO and 300 V are registered trademarks of MOTUL (SA).  All rights reserved” and the Licensed Designs are protected by“© MOTUL’s  copyright – 1995- All rights reserved <emptyline>  Trademarks of Nissan Motor Co., Ltd. used under license to Slightly Mad Studios.  81-27617-22520 <emptyline>  Trademarks, design patents and copyrights are used with the approval of the  owner of OMSE. <emptyline>  "Opel Trademarks used under license to Slightly Mad Studios Ltd - Les marques Opel  sont utilisées sous license par Slightly Mad Studios Ltd" <emptyline>  Trademarks, design patents and copyrights are used with the approval of the  owner of ORECA SAS. <emptyline>  The trademarks PAGANI and Pagani Automobili and Huayra and Zonda are registered  trademarks and used under license from HORACIO PAGANI S.P.A., Italy <emptyline>  Panoz LLC vehicle models and trademarks are subject to copyright and other  intellectual property protection. Used with permission of Panoz LLC, a division  of Green4U Technologies, Inc. All rights reserved. <emptyline>  Under License of Porsche AG <emptyline>  Radical Sportscars Official Licensed Product. Designed, manufactured and distributed  by or for Slightly Mad Studios. Radical Sports Cars, Radical, the “R” logo, Radical  vehicles and their trade dress, and all associated vehicle emblems, logos, marks and  names are trademarks and intellectual property of Radical Sportscars Limited.  All rights reserved. <emptyline>  "RENAULT Official Licensed Products. Vehicle Models and Trademarks protected by  intellectual property laws. Used with permission of RENAULT. All rights reserved" <emptyline>  Under license of Toyota Motor Corporation <emptyline>  The name and design of Autodromo Internacional Do Algarve are used with the permission  of Parkalgar - Parques Tecnologicos e Desportivos, S.A.  <emptyline>  The name and design of the Mount Panorama Motor Racing Circuit are used with the permission  of Bathurst Regional Council <emptyline>  The name and design of Brands Hatch are used with the permission of Motorsport Vision Ltd. <emptyline>  Trademarks of Automotocrom Brno,a.s. used with permission <emptyline>  The name and design of Cadwell Park are used with the permission of Motorsport Vision Ltd. <emptyline>  The name and design of Circuit de Catalunya and Circuit de Barcelona-Catalunya are used  with the permission of Circuits de Catalunya, S.L. <emptyline>  Trademarks of Circuit of the Americas LLC used with permission <emptyline>  DAYTONA® is a registered trademark of the International Speedway, Inc. and licensed to  International Speedway Corporation. <emptyline>  Trademarks and likeness of DirtFish, LLC used with permission <emptyline>  "The Donington Park name, graphic design and logo are registered and protected  under UK and European law and similarly, those copyrights of all Donington's  partners and sponsors included in the track design and layouts for this game  are also protected under relevant laws. Any unauthorised breaches, misuse,  or misrepresentation of any of these copyrights, designs and logos will be  pursued to the fullest extent of the applicable law". <emptyline>  The name and design of Dubai Autodrome circuit are used with the permission  of Dubai Autodrome LLC. <emptyline>  Fuji Speedway Copyright ©Fuji International Speedway Co., Ltd. All rights reserved. <emptyline>  Trademarks of Hockenheim-Ring GmbH used with permission <emptyline>  Trademarks of Formula Imola S.P.A. used with permission <emptyline>  Trademarks of Brickyard Trademarks Inc. used with permission <emptyline>  Trademarks of Knockhill Racing Circuit Ltd used with permission <emptyline>  Trademarks of Sports car Racing Association of the Monterey Peninsula  "SCRAMP" used with permission <emptyline>  Slightly Mad Studios usage of Lånkebanen's/HellRX's track design is licensed  and approved by NAF Motorsport Trøndelag <emptyline>  24H Le Mans official Licensed product. Le Mans TM 2017. <emptyline>  Rallycross Lohéac - trademark of Association Sportive du Rallycross de Lohéac  - France used under license to Slightly Mad Studios Ltd <emptyline>  Trademarks of Grand Prix Association of Long Beach, LLC. used with permission <emptyline>  The name and design of the Lydden Hill Race Circuit are used with the permission of  Lydden Race Circuit Ltd. <emptyline>  The likeness and trade dress of the Track “Autodromo Nazionale Monza” , the name of  the track and the associated logos are exclusive properties of S.I.A.S. S.p.A. -  Autodromo Nazionale Monza. <emptyline>  The name and design of the Nürburgring Race Circuits are used with the permission of  capricorn Nürburgring GmbH. <emptyline>  The name and design of the Motorsport Arena Oschersleben are used with the permission of  Motorsport Arena Oschersleben GmbH. <emptyline>  The name and design of Oulton Park are used with the permission of Motorsport Vision Ltd. <emptyline>  Under License of Porsche AG <emptyline>  Trademarks of Projekt Spielberg GmbH & Co KG used with permission <emptyline>  The name and design of Road America are used with the permission of  Road America Inc. <emptyline>  “Red Bull® Marks are licensed by Red Bull GmbH/Austria” <emptyline>  The name and design of Ruapuna Park are used with the permission of  The Canterbury Car Club. <emptyline>  © Silverstone Circuits Limited 2017 <emptyline>  The name and design of Snetterton are used with the permission of  Motorsport Vision Ltd. <emptyline>  Sonoma Raceway is a trademark of Speedway Properties Company, LLC <emptyline>  Copyright ©SUGO Co.,Ltd. All rights reserved. <emptyline>  "Texas Motor Speedway ® is a registered trademark of Speedway Properties Company, LLC,  registered in the U.S. The Globe Logo ® is a registered trademark of Speedway Properties  Company, LLC, registered in the U.S." <emptyline>  WATKINS GLEN® is a registered trademark of the International Speedway, Inc. and licensed  to International Speedway Corporation. <emptyline>  The name and design of Willow Springs International Raceway are used with the permission  of Christopher C. Huth General Manager and Owner of Willow Springs International Raceway. <emptyline>  The Track Marks, designs, logo and trademark of Zhuhai International Circuit are licensed  by Zhuhai International Circuit Ltd. <emptyline>  The name and design of Circuit Zolder are used with the permission of Circuit Zolder Inc. <emptyline>  PIRELLI and PIRELLI logo are trademarks of Pirelli & C. S.p.A.; PZERO is a trademark of  Pirelli Tyre S.p.A. All trademarks are used under license <emptyline> <emptyline> <emptyline>       	<list> <header> Project CARS 2 <emptyline> <emptyline> <position> Slightly Mad Studios <emptyline> <emptyline> <position> Head of Slightly Mad Studios <list> Ian Bell - Chief Executive Officer <emptyline> <emptyline> <emptyline>  <position> Art <list> Darren White – Art Director <emptyline> <emptyline> <emptyline>  <position> Art: Character <list> Vit Budin – Character Artist Aleš Filka – Character Artist & Animator Tomáš Flak – 2D & Concept Artist Peter Gerhát – Lead Animator  Lukas Mensik - Characters and Animations Manager Marlon R. Nunez – Character Artist & Animator František Resl – Character Artist Zbyněk Trávnický – Technical Animator <emptyline> <emptyline> <emptyline>  <position> Art: Environment <list> Mark Adams - Art Manager Luis Barata - Environment Artist Chris Barnes - Senior Environment Artist Michal Beran - Senior Environment Artist Richard Berwick - Senior Environment Artist Gary Browne - Senior Environment Artist David Brumla - Senior Environment Artist Karl Davies - Senior Environment Artist Andrea Fabris - Senior Environment Artist Dave Flynn - Senior Environment Artist Martin Franek - Environment Artist Kateřina Habrová - Environment Artist Michal Jeschke - Senior Environment Artist James Kett - Principal Artist Petr Klvač - Environment Artist Siu Jone Lee - Senior Environment Artist Andrew Liddle - Senior Environment Artist Andreas Moll - Senior Principal Artist Sven Moll - Senior Principal Artist Jan Pavelko - Environment Artist David Rezac - Senior Environment Artist Cassius Rodrigues - Senior Environment Artist Oscar Soper - Lead Environment Artist Tomas Trlica - Environment Artist Jose Perez De Vries - Senior Environment Artist Darren Wakeman - Senior Environment Artist <emptyline> <emptyline> <emptyline>  <position> Art: Vehicles  <list> Sean Barron -  Junior Vehicle Artist  Tarran Booth – Vehicle Artist Jean-François Bouchard – Senior Vehicle Artist Matt Clark - Senior Vehicle Artist Vincent Dambreville – Vehicle Artist Ivo Franic – Vehicle Artist Kreso Franic – Vehicle Artist Jan Frischkorn - Vehicle Art Manager Vicko Hazdovac – Vehicle Artist Ralph Hummerich – Vehicle Artist Kunal Jain – Vehicle Artist Daniel Karlsson - Senior Vehicle Artist Jacek Kosieradzki – Vehicle Artist Ales Ogrinc – Vehicle Artist Gustavo Olivera – Vehicle Art Lead Martin Olivera – Vehicle Artist  Stanisław Potulski – Vehicle Artist Perran Truran - Senior Vehicle Artist Jaroslav Turna - Vehicle Artist <emptyline> <emptyline> <emptyline>  <position> Audio <list> Jon Bailey – Voice Over Recording Engineer Rashid Hille – Sound Designer Eilam Hoffman – Location Sound Recordist Vanesa Lorena Tate - Head of Audio Paul Scargill - Audio Programmer Gergely Szelei - Audio Programmer László Vincze - Senior Sound Designer Lewis Williams - Junior Audio Designer <emptyline> <emptyline> <emptyline>  <position> Car Handling <list> Doug Arnao - Senior Physics / AI Engineer  Jussi Karjalainen – Handling QA Lead  Casey Ringley - Technical Vehicle Lead Andrew Weber - Physics Programmer <emptyline> <emptyline> <emptyline>  <position> Cinematics <list> Ed Mas - Video Director Paul Shuker - Cinematics and Video Assistant <emptyline> <emptyline> <emptyline>  <position> Code <list> Steve Dunn – Technical Director <emptyline> <emptyline> <emptyline>  <position> Code: Gameplay <list> Gergely Bencze - Gameplay Programmer Dominic Clarke - Gameplay Programmer  Stuart Hunt - Senior Gameplay Programmer  Bob Ives - Gameplay Programmer Anders Johansson - Lead Gameplay Programmer Michael Lalaounis - Gameplay Programmer Rick Lamb - Gameplay Programmer Are Leistad - Gameplay Programmer Martin Moravec - Gameplay Programmer Ian Sweeny - Senior Gameplay Programmer James Vipond - Gameplay Programmer Mark Watson - Senior Gameplay Programmer Steven Wright - Gameplay Programmer <emptyline> <emptyline> <emptyline>  <position> Code: Online <list> Ian Bird - Online Programmer  Thomas Gomes - Online Programmer  Victor Khomskiy - Online Programmer  Mike Laskey - Head of Online Alexandru Marian - Online Programmer Pablo Medina - Online Programmer Mike Montgomery - Online Programmer Michal Řeháček – Server Programmer Štěpán Vondrák - Online Programmer  Iain Wallington - Lead Online Programmer  James Woollard - Online Programmer <emptyline> <emptyline> <emptyline>  <position> Code: Physics & AI <list> Peter Arbet - Physics Programmer  Jiří Boldyš - Physics Programmer  Artem Ermolov - Lead Physics and AI Programmer Christian Ferrario – AI Programmer Dmitry Meleshkin - Physics Programmer  Steven Walker - Physics and AI Programmer <emptyline> <emptyline> <emptyline>  <position> Code: Render <list> Kevin Boland – Principal Render Engineer  Robert Dibley - Lead Render Programmer Tim Lewis - Render Programmer Fabio Luchetta - Senior Render Programmer  Tim Mann - Low Level Cross-Platform Render Engineer Ivo Novak – Render Programmer <emptyline> <emptyline> <emptyline>  <position> Code: Tools <list> John Atkinson – Senior Tools Programmer James Boulton - Senior Tools Programmer  Andy Clark - Lead Tools Programmer Gábor Mónus - Senior Tools Programmer Jack O’Neill - Tools Programmer Daniel Wheeler - Senior Tools Programmer <emptyline> <emptyline> <emptyline>  <position> Design <list> Andy Tudor – Creative Director  Stephen Viljoen – Game Director Matt York – Junior Designer <emptyline> <emptyline> <emptyline>  <position> Graphical User Interface <list> Laurence Alexander – UI Creator  Sean Fitzpatrick – Text Designer Damian Furlong – Senior UI Programmer Nicholas Jablonowski – Senior UI Programmer Derek Payne – Lead UI Programmer Fernando Pedace – UI Designer Andy Rogers – UI Programmer Richard Steer – Senior UI Programmer <emptyline> <emptyline> <emptyline>  <position> Mediacom <list> Joe Barron – Marketing and Esports Manager  Nathan Bell – Web and Social Media Officer Patrick Kulinski – Manual Editor Alex Martini – Head of Communications Rob Massey – Analytics Manager Melinda Neil – Licensing Manager Rob Prange – Web Content Adminstrator <emptyline> <emptyline> <emptyline>  <position> Music <list> Stephen Baysted - Composer Andy Brown - Conductor / Orchestral Contractor Amanda Cook - Musician: Acoustic Guitar Caroline Dale - Musician: Cello Peter Gregson - Musician: Cello John Harvey - Drums / Electric Guitars Jake Jackson - Score Mixer / Score Producer Susan Legg - Featured Vocalist / Piano Guy Michelmore - Additional Music Simon Whiteside - Orchestrator / Score Preparation <emptyline> Music performed by The London Metropolitan Orchestra Music recorded and mixed at Air Lyndhurst Studios, London <emptyline> <emptyline> <emptyline>  <position> Production <list> Umer Ahmad – Assistant Producer  Dave Bramhall – Senior Producer Andy Cherry – Producer Benjamin Fischer – Assistant Producer and Community Manager Jarek Kleiber – Senior Production Support Pete Morrish – Director of Production  John Wray – Production Assistant <emptyline> <emptyline> <emptyline>  <position> Quality Assurance <list> Thomas Bromyard – QA Tester  Tom Brown - QA Manager Tom Curtis - QA Lead Aaron Groves – QA Tester Viktor Kolomiets – Build Manager Filipe Malaquias – QA Tester Christopher Newsum – QA Tester Bruno Pereira – QA Tester  Angus Winnard – QA Tester <emptyline> <emptyline> <emptyline>  <position> Pro Drivers <list> Ben Collins Mitchell DeJong Oliver Eriksson   Vaughn Gittin Jr Nicolas Hamilton Tommy Milner René Rast <emptyline> <emptyline> <emptyline>  <position> Management <list> Rod Chong – Chief Commercial Officer Andy Garton - Head of Development  Ged Keaveney - Chief Technical Officer Mark Pressburg - Chief Finance Officer Frank Veyder - Chief Operations Officer <emptyline> <emptyline> <emptyline>  <position> Administration <list> Margaret Bieniek-Maluszczak - Office Administrator Sally Daligan – Reporting Manager Musanna Muhit - Officer Manager Vittorio Rapa - IT Manager Dickon Springate - Assistant Accountant  Ana Tiza - HR Manager <emptyline> <emptyline> <emptyline>  <position> Additional Vehicle Art <list> Jurgen Braem  Sebastian Brunner  Guillermo Hargreaves Alex Hobbs Eric Kuebler  Che Hoe Lau Michael Peters Mitchel Saad Christian Schmidt Nigel Teags Jaime Lopez Trujillo <emptyline> <emptyline> <emptyline>  <position> Game Babies <list> Lucas Akihito Barnes Nina Simone Bell  Emily Boland Rosalie Bouchard Matyáš Brumla Samson Clark Tabatha Clark  Sonny Alfred Curtis Enzo Dambreville Timofey Ermolov Darragh Fitzpatrick Ada Alyss Furlong Arabella Julie Hoey  Ondřej Jeschke Kika Kleiber Elisabeth Melanie Moll Ester Moravcová Charlotte Maisie O'Neill Frank Jack Sweeny Elen Travnicka Aurelia Jasmine Tudor <emptyline> <emptyline> <emptyline>  <position> Special Thanks <list> Nik Ammar Pole Position Productions  The Audio Guys <emptyline> <emptyline> <emptyline>  <position> ACME <list> Kevin Malling Julie Malling John Wang Tyson Hill Brandon Acree <emptyline> <emptyline> <emptyline>  <position> Glass Egg Digital Media  <list> Thuy Le Hoang Nguyen Tu Tran Cam <emptyline> <emptyline> <emptyline>  <position> SkinzWraps Racing <emptyline> <emptyline> <emptyline>  <position> Intel Corporation <list> George Bain Leigh Davies Bartosz Boczula Patrick J Farrell <emptyline> <emptyline> <emptyline>  <position> Technology Partners <list> Simon Newby - 6T3 Eric Mindjimba - Thrustmaster Christopher McKelvy - Oculus Rift Thomas Jackermeier - Fanatec Roy Kerkhoff - Playseat Nevil Slade - Vesaro Curtis Brown - Logitech Phil Scott - NVidia Glen Chou - True Scale Miniatures <emptyline> <emptyline> <emptyline>   <position> BANDAI NAMCO Entertainment Europe S.A.S <emptyline> <list> Goran Marinković - Producer Manuela Riboldi - Localisation Project Manager Sohail Daniel - Localisation Project Manager Franck Genty - Localisation Manager Bertrand Mangin - Quality Control Project Manager Olivier Robin - Quality Control Manager Claire McGowan - Certification Manager Stéphane Entéric - Engineering Services Project Managers Emeric Polin - Engineering Services Project Managers Samuel Gatté - Publishing & Product Support Senior Director  Chris Altiparmakis - Product Manager Arnaud Staebler - 3rd party IP Strategy and Marketing Manager Morgane Ah Kong - PR Manager Héloïse Ribeaucourt - Events Manager André Persson - PR, Communication & Events Director  Alexandre Vision-Bonnet - Game Content Analyst & Designer Jocelyn Cioffi - GES Manager Rudy Pantoustier - Junior Market Analyst Julie Joet - Market Research Manager Patrick Rose - Business & Product Analyst Alberto Gonzalez Lorca - VP Business Development Pablo Rodriguez Fernandez - Business Development Manager Denis Ferrier - Business Development Manager Vincent Hattenberger - Creative Designer Gwen Ruby - Creative Assistants Anne Laure Bouton - Creative Assistants Anthony Grabit - Community Manager Team Leader Isshak Ferdjani - European Community Managers Laurence Patey - E-Commerce Manager Romain Chantelot - CRM Project Manager Julia Crusot - CRM Project Manager Junior Lucas Guedot - Web Master Bertrand Amiard - Web Project Manager Jérôme Chatelain - Digital Sales Managers Anthony Macaré - Digital Business Unit Director Hervé Hoerdt - VP Marketing & Digital Mieko Murakami - Sales Reporting & License relation Sandrine Dubois - Packaging Project Manager  Céline Vilgicquel - Packaging Project Manager & Marketing Support Caroline Fauchille - Manufacturing & Printed Materials Director Delphine Doncieux - Supply Chain Coordinators Mike Shaw - Supply Chain Coordinators Nicolas Guérard - Supply Chain Manager Laura Testud - Manufacturing Coordinator Marine Thevenet - Lawyer Stéphanie d'Ornano - Legal Manager Frederic Armitano Grivel - SVP Legal & Business Affairs Kunio Ikoma - VP Corporate Planning & Finance Christophe Delanoy - VP Distribution Operations Masataka Nemoto - Senior Director Development Strategy & Management Yoshi Niki - SVP Production & Development Naoki Katashima - President & COO <emptyline> <emptyline> <emptyline>  <position> Local Marketing Team <list> Phil Brannelly - UK Olivier Reocreux - France Alexandre Billaud - Belgium David Razaghi - Deutschland Laura Aznar - Iberica Marco Caputo - Italy Alexandre Billaud - Netherlands  Andreas Juliusson - Nordic  George Soulogiannis - Hellas Oleg Khazhinskiy - Eastern Europe Stephen O'Leary - Australia <emptyline> <emptyline> <emptyline>  <position> GlobalStep Services Pvt. Ltd. <list> Sumit Arora - QA Director Piyoosh Sah - QA Manager Neeraj Bhardwaj - Test Coordinator Saurabh Tarolkar - Test Lead Zishan Khan - Test Lead <position> Testers <list> Keshav Subhash Kale Altaf Shabbir Pathan Kishore Kumar T S Mayank Sharma Sujata Gundewar Preetam Khomane Nirav Narendra More Dheeraj Gadve R. Chandrasekher Reddy P. Vivek Abhijit Madhukar Doiphode Prashant Gulab Medhe Rahul Saini Abhijeet G. Kakpure Pramod Hambir Vishal Kakade Sagar Dhamankar Prashant Lolage Arnold Nirmal Ashish Appaso Patil Debashish Saha Devashish Mishra Gaurav Oak Harjee Anand Harshad K Kshirsagar Himanshu Shrivastava Jasmine Bhaldar Kalpesh Deelip Chavan Kanishk Sanjay Sahay Kusumesh Vyas Latif Husain Mayur Sharad Dorle Md Ilteza Alam  Mohammad Shadab Ali Mohit Kumar Bhatnagar Pooja Rikibe Prashant Pawar Purva Zarkar Shreyas M. Ranade Simjo Simon Swapnil Najan Tejas S. Vaidya Tushar Dubey Vipul Vijaykumar Powar <emptyline> <emptyline> <emptyline>  <position> Keywords International <list> Thomas Courtonne - Project Manager  Davi Almeida de Souza - Test Lead <position> Testers <list> Grégory Alliot Moulay-Toumi Sabri Perry Mainville Virginie Cloutier-Brassard Chiara Di Modica Alessandro Tenza Manuel Ravazzini Patricia Raabe Simran Karir Sebastian Schneider Alba La Orden Garcia Clara Guzman Noelia Penin Garcia Evgeniya Kozyreva Vladimir Kozin Andrei Pivovar Adam Dabrowski Natalia Mieczynska Aleksandra Wanda Jozwiak <emptyline>  <position> Maverick Media LTD <emptyline> <emptyline> <emptyline>  <position> BANDAI NAMCO Entertainment America Inc. <emptyline>  <position> Executive Management <list> Mark Tsuji - President & CEO Hide Irie - Executive VP & COO Shuji Nakata - Executive VP & CFO <emptyline> <emptyline> <emptyline>  <position> Publishing & IP Strategy <list> Taka Akiyama - VP, Publishing & IP Strategy Tad Hirabayashi - Senior Director, Production Services Rey Jimenez - Producer Knut Grossmann - Localization Manager Carmen Vega-Reina - Localization Project Manager Takeshi Miyazoe - Senior Director, IP Strategy Shoya Yamazaki - Manager, IP Strategy Nao Takeda - Manager, IP Strategy Kyoko Acheson - Manager, IP Strategy Jhune De La Cruz - Digital Business Manager Kahlil Najar - Digital Channel Marketing Manager Garrett Miller - Digital Content Specialist David Wood - Senior Manager, Business Development Tomomi Takahashi - Administrative Assistant <emptyline> <emptyline> <emptyline>  <position> Operations <list> Hans Lui - Director, Applications & Operations Jennifer Tersigni - Senior Operations Manager David Wang - Operations Analyst Shin Young - Applications Support Specialist Miriam Beltran - Travel Administrator Korey Belanger - Office Manager <emptyline> <emptyline> <emptyline>  <position> Sales <list> Chris Gilbert - Senior Vice President of Sales & Marketing Melani Windham - Senior Director of Sales Terry Carlson - Director, Sales Operations Laura Yoshioka - Sr. Director, Retail Marketing and Merchandising Bob Johnson - Senior Channel Marketing Manager May Hayes - Senior Sales Operations Specialist <emptyline> <emptyline> <emptyline>  <position> Marketing and PR <list> Eric Hartness - Vice President of Marketing Dennis Lee - Director, Brand Marketing Raymond So - Brand Manager Denny Chiu - Director, Communications & Social Media Nick O’Leary - Senior Public Relations Specialist Jason Cline - Events Manager Alia Oda - Event Planner Dalton Link - Social Marketing & Community Manager Cyrus Wesson - Social Marketing & Community Specialist Dmitryi Khlynin - Community Specialist Jeremy Caine - Interactive Designer Michael Le - Graphic Artist <emptyline> <emptyline> <emptyline>  <position> Legal and Business Affairs <list> Martin Nguyen - Senior Associate Attorney Patrick Lundell - Associate Attorney Rafael Orozco - Associate Attorney Matthew Datum - Associate Attorney Reina Nagai - IP Administrator <emptyline> <emptyline> <emptyline>  <position> Quality Assurance <list> David Moya - QA Manager Jesse Mejia - CQC Supervisor Y Pham - Project Coordinator Johnny Moya - Senior CQC Coordinator Cameo Wininger - CQC Coordinator Jonathan Price - CQC Coordinator Matt Peterson - CQC Coordinator Merwin del Rosario - CQC Coordinator Adrian Escultura - CQC Tester Adrian Serafica - CQC Tester Arnold Feener - CQC Tester Brendan Duley - CQC Tester Dustin Tran - CQC Tester Ian Nunes - CQC Tester Josh Daily - CQC Tester Luke Gardner - CQC Tester Matthew Cain - CQC Tester Nicholas Malouf - CQC Tester Samuel Reiter - CQC Tester Steven Wilton - CQC Tester Xonie Martin - CQC Tester <emptyline> <emptyline> <emptyline>  <position> Keywords International <list> Maurizio Cigoli - QA Project Manager Luis Izquierdo - Project Lead Leonardo Akimoto - LQA Brazilian Portuguese Jose Suarez - LQA Latin American Spanish Sara Bourgeois - LQA French Canadian <emptyline> <emptyline> <emptyline>  <position> Customer Support <list> Jesus Barragan - Customer Service Manager Takumi Kobayashi - Sr. Customer Service Representatives Ryan Phung - Sr. Customer Service Representatives Michael Gu - Customer Service Representatives Ryan Hamaguchi - Customer Service Representatives <emptyline> <emptyline> <emptyline>   <position> BANDAI NAMCO Entertainment Asia Pte Ltd. <emptyline>  <list> Gerard Noonan - Senior Vice President & MD Asia & Pacific Richard Taylor - Regional Finance Director Hiroaki Ochiai - SVP Business Development Asia Pacific Jennifer Poulson - SVP Marketing Asia William Wang - Managing Director (Taiwan) Chad Park (Korea) - General Manager Rainel Tan (Singapore) - General Manager Yoichiro Mogi - IP Strategy Manager Asia Pacific Tag Chang (Korea) - Associate Product Manager Eshley Gao (Singapore) - Associate Product Manager Hailey Shin - Associate Product Assistant (Korea) Hamid Rahman - Country Manager (Hong Kong) Carrie Hsiao (Taiwan) - Marketing Manager Jung-eun Oh (Korea - Marketing Manager Ronan Fong (Hong Kong) - Marketing Manager Sophia Lek (Singapore) - Marketing Manager Debbie Chu - Product Manager & PR (Taiwan) Tobias Chang - Product Manager & PR (Taiwan) Zoe Kao - Product Manager & PR (Taiwan) Joanna Fong - PR Assistant Manager (Taiwan) Vito Lee - Marketing Assistant (Korea) Diony Kum - Marketing Assistant (Korea) Catherine Abigail Santos (Philippines) - Marketing & Accounts Executive Renee Lim - Logistics And Account Coordinator (Singapore) Jessie Hsieh - Art Designer & Operations Coordinator (Taiwan) Lin Pei Hsia - Art Designer & Operations Coordinator (Taiwan) Benny Tsai (Taiwan) - Sales Manager Nicholas Ng (Malaysia, S.E.A) - Sales Manager Peter Yang (Taiwan) - Sales Representative Angeline Ang (Singapore) - Finance Manager KD Kim (Korea) - Finance Manager Vivian Liu (Taiwan) - Finance Manager Amy Soong - Senior Accounts Executive (Singapore) Betty Chen - Accountant (Taiwan) Carol Huang - Accountant (Taiwan) Chang Yuan Gang - Localisation Manager Chloe Lee (Korea) - Localisation Manager Daniel Cao (Singapore) - Localisation Manager Ash Kim - Localisation Assistant (Korea) Tsai Mulan - Localisation Project Leader (Taiwan) Chang Kang - Traditional Chinese Localisation Team Chen Pei Yu - Traditional Chinese Localisation Team Chien Chin Hsien - Traditional Chinese Localisation Team Hsieh Wan Chi - Traditional Chinese Localisation Team Hsu Tsai Ying - Traditional Chinese Localisation Team Hsu Yu Han - Traditional Chinese Localisation Team Lee Yi Shuan - Traditional Chinese Localisation Team Lin Chih Yen - Traditional Chinese Localisation Team Chiang Chi Che - Traditional Chinese QA Project Leader  Huang Shih Wei - Traditional Chinese QA Project Leader  Yu Chiao Huai - Traditional Chinese QA Project Leader  Wang Kuan Chun - Traditional Chinese QA Project Leader  Chen Chun Chih - Traditional Chinese Localisation Tester Chen Xian Zhe - Traditional Chinese Localisation Tester Chien Shih Siang - Traditional Chinese Localisation Tester Chou Yuan - Traditional Chinese Localisation Tester Hsu Kuo Huang - Traditional Chinese Localisation Tester Wang Jing Ting - Traditional Chinese Localisation Tester Wang Yan Zhe - Traditional Chinese Localisation Tester Wu Chi An - Traditional Chinese Localisation Tester Ki Moon Lee - Korean Localisation Team Bird Lee - Korean Localisation Tester Jae Jin Yi - Korean Localisation Tester In Keon Kang - Korean Localisation Tester Ji Yeon Jung - Korean Localisation Tester Duk Woo Kim - Korean Localisation Tester AltJapan Co., Ltd - Singapore Localisation Team Ethan Sia Chee Keong - English QA Project Leader  Ahmad Fuad Bin Ahiari - Singapore Localisation Tester (NYP Intern) Damian Ang Ming Guang - Singapore Localisation Tester (NYP Intern) <emptyline> <emptyline> <emptyline>   <position> BANDAI NAMCO Entertainment Inc. <emptyline> <list> Satoshi Oshita - Executive Producer Hirotaka Reizei - Executive Producer Daisuke Uchiyama - General Producer Ryuichiro Baba - General Producer Kazutoki Kono - Chief Producer Satoshi Otsuka - International Producer Tsuyoshi Koda - International Producer Manabu Shimomoto - Producer Tomoya Yoshida - Special Thanks <emptyline> <emptyline> <emptyline>  <position> Quality Assurance - Functionality QA <list> Tomoaki Imanishi Ryou Tanaka Akihide Ono Ryuuta Sano Masashi Aoyama Kaname Nakano Takashi Shimogaito Natsuki Koyama Shinya Sasaki Kouki Iwao Masaya Nakata <emptyline> <emptyline> <emptyline>  <position> Customer Service - Quality Assurance <list> Keita Kiso Takashi Sawai Miku Takamatsu <emptyline> <emptyline> <emptyline>  <position> Promotion <list> Kenta Seino Yasuko Sato Satoshi Nakauchi Onur Guenduez <emptyline> <emptyline> <emptyline>  <position> Sales & Marketing <list> Taiki Yasuko Masaki Hoshiai Hidekazu Naito Yuta Fukami Noriyuki Tanaka Yumi Maiguma  Kazuki Konishi  <emptyline> <emptyline> <emptyline>  <position> Production Support <list> Tomomi Arakawa Tomomi Fujisawa <emptyline> <emptyline> <emptyline>  <position> Localization <list> Eiichi Ikeda Takayuki Tsuji Tatsuji Michihiro Claudio Cascone Hideyoshi Misawa <emptyline> <emptyline> <emptyline>  <position> Quality Assurance Support <list> Hiroyuki Tsujii Sho Tanaka Hiroshi Araki Megan O'leary Tatsuya Wada Kiriyo Tanaka <emptyline> <emptyline> <emptyline>  <position> WMD <position> Thank you for your continued support, we couldn't have done it without you. <emptyline>  <position> WMD VIP's <list> Alex Lindstrem David Lansade Eyal Alsaud Henning Weidhase James Loucks Kyle Pearson Ross Clabburn Sven Markowski Thomas Lockers Thomas Taschler Toni Harkonen <emptyline> <emptyline> <emptyline>  <position> Special Thanks <list> Aaron Clark Aaron Coleman Aaron Parker Aaron Ritzau Aaron Turner Adam Higgs Adam Lindsey Adam Preston Adam Sharpe Adam Viljoen Adam Wilewski Ade Young Adelaida Afonso Adrian Smith Adriano James Piras Adrien Lopes Aidan Taylor Alain Jimeno Alain Kohler Alan Bertenshaw Alan Cheung Alan Nelson Alan Smith Aldo Zampatti Alec Barker Alejandro Montero Aleksander Otterstad Aleksandr Timkov Ales Permozer Alessandro De Carolis Alessio Beninato Alessio Vismara Alex Greenland Alex Porter Alex Stahlhut Alexander Dornheim Alexander Mueller Alexander Santos Alexandre Amirizian Alexey Kuntsevich Alfie Pugh Allan T. Olsen Allen Clarke Anders Peterson Andre Henschel Andre Kaestner Andreas Gremme Andreas Hader Andreas Kittlaus Andreas Seeger Andreas Traub Andreas van Wingerden Andreas Wunder Andrej Akopian Andrej Svajger Andrew Adamson Andrew Currens Andrew Jones Andrew Moseley Andrew Myers Andrew Todd Andrew Wise Andy Edwards Andy Weinberger Ang Li Angel G Criniti Anthony Azzari Anthony Haddox Anti Telkinen Antoine le Campion Antonio Benitez Antonio Rodriguez Clotet Antony Boland Ari Antero Arnaud Hirtz Arnaud Segre Arne Jurgens Arno Bisquolm Ashley Horton Aurelien Duval Aurelien Walpen Axel Dietzel Barrett Ettel Bart van Kleven Basim Alhejaili Bastian Hellmann Benjamin Beacock Benjamin Beier Benjamin Benichou Benjamin Beyer Benjamin Fischer Benjamin Menger Benjamin Weisenfeld Benjamin Winter Bent Granheim Bernd Resch Bernd Schmidt Bernd Schwarzinger Beys Nordine Bob Romano Bohuslav Lacina Boris Demidov Botond Vasarhelyi Brad Bodily Braden Williams Bradley Parrott Bradley Rossetti Bram Vanbuel Brandon Andrew Lee Brandon Bosch Brandon Clark Brandon Limkemann Brent Blihovde Brent Seeliger Brook Murray Cameron Brewster Cameron Howell Carl Morton Carl Shaw Carlos Dominiak Carlos Esteves Cedric Flouret Chadd Lowe Charles Mader Chee Keong Lau Chihoon Ahn Choserot Michael Chris Arnett Chris Aubert Chris Baumann Chris Candelaria Chris Goatcher Chris Kunz Chris Miller Chris Morris Chris Mosley Chris Payne Chris Rae Chris Stenersen Chris Twigger Chrisi Schmidt Christiaan van Beilen Christian Banks Christian Geihe Christian Gomolka Christian Hagemann Christian Hellman Christian Mutz Christian Pabinger Christian Paul Christian Pillwein Christian Quaynor Christian Schmidt Christian Schroeder Christian Schumann Christian Steinhaeusser Christian van Rooyen Christoffer Almgren Christoph Brandstetter Christoph Laux Christoph Schmidt Christophe Cador Christophe De Greef Christopher Aspden Christopher Cassidy Christopher Davis Christopher Dorn Christopher Frantz Christopher Gray Christopher Hauser Christopher Lord Christopher McEnteer Christopher Porter Christopher Reekie Chuck Duhon CJ Yi Clement Moriceau Cleon Waterberg Clive Morrison Codrin Purice Colin McKay Condamine Florian Copin Michael Corrado Raucea Craig Jorgensen Craig Moon Craig Parkes Cyril Declercq Damian Hall Dan OBrien Dan Thorpe Daniel Bader Daniel Boeckmann Daniel Dorion Daniel Krissel Daniel Meister Daniel Perez Daniel Saik Daniela Siekiera Daniele Vianini Danny Park Danny Schmid Danny Vlaar Daren Ludvigson Darin Salisbury Dario Walker Darrel King Darren Henderson Darren Leeson Darren Muir Darren Symons Darryl Mills Dave Arthur Dave Higgs Dave Holland Dave Richardson David Allak David Bishop David Bornkessel David Burton David Commons David E. Lengel David Haggar David Ham David Ingram David Ironside David Kneller David Knipp David Majidimehr David Marin David Marquez Mato David Merino Perez David Neighbour David Payne David Pym David Saunders David Sharples David Smith David Stuecker David Summers David Vangheluwe David Vickery David Waymouth Davy Van den Abbeele Dean Welfare Denis Besic Denis Eder Martinez Pineda Dennie de Groot Dennis Pohlmann Derek Millar Derrick Ritchie Detlev Hartenstein Devin Smith Devon Massan Dirk Dietrich Dirk Voegele Dmitry Afanasyev Dominic Schoenberner Dong-Gyu Park Dong-Seok Lee Drew Mackay Drew Meisberger Duprez Laurent Dustin Johnson Edson Souza Edward Garland Edward McLean Eike Stender Elliot Janssens Eneas Martinez Costa Enrico Bertolo Enrico Gerosa Erdinc Binyal Eric Bilodeau Eric Dukes Eric Kuebler Eric Lasley Eric Mayuk Eric Schroeder Erich Christen Erich Harvey Erick Gaudreault Erik Hofmann Erik Schramm Erik Uran Erwan Decroix Erwin Berkers Espen Gundersen Espen S. Andresen Eugene Flerko Fabio Calcio-Gandino Fabrice Brigati Fabrice Jourquin Fabrice Vancomerbeck Falk Guenther Felipe Becker Felix Overroedder Felix Renneberg Ferdinand Dernai Ferdinand Schwarzer Fernando Peneda Florian Faistauer Florian Talou Florian Witte Flouret Alexandre Fontaine Loic Francesco Cinque Francis Doria Franck Darstein Franck Herve Franck Montaigne Francois Chevallier Francois Feugier Francois Heitz Frank Kleefeldt Frank Lehmann Frank Schroeder Frederic Davin Frederic Le Palud Fredrik Olofsson Friedrich Riemschneider G. Auriol Gabriel Swietlicki Gareth Harwood Gareth Robinson Gareth Vaughan Garry Holcombe Garvin Kruthof Gary Hunt Gary White Geoffrey Schild Georg Naujoks Georg Swaczyna George Brushwood George Patterson George Shannon George Usoh Gerald Scherr Gerke van Keimpema Giacomo Galeotti Gian-Luca Mateo Gianko Scaglione Gilles Eberhardt Giovanni Tomaselli Glenn Briden Goetze Tobias Gordon Hislop Graham Bartsch Graham Goodrich Graham Hawkins Graham Ritter Graham Watson Greg Corbyn Greg Pillhofer Greg Southall Greg Williams Greg Wright Gregg Mandell Guanchen Liu Guido Dettweiler Guillaume Brunner Guillermo Hargreaves Gunther Roels Gunther Wicht Hanno Peng Don Chlevl Hans Silbernagel Hans-Rolf Schade Harald Kristian Gauslaa Haroon Ashraf Hayden Purvis Heiko Wenzel Hendrik Seitz Henk de Jong Henning Schirk Herbert Waller Hermann Thomas Holger Neitzel Holzer Rene Hugh Shillingford Huib Reijnders Ian Brown Ilya Babansky Ingo Schumann Ingvar Petur Thorsteinsson Ivan Dumalovski Janjusic J Kosieradzki Jacob Urbschat-Satterfield Jagdeep Rai Jaime Lopez Trujillo Jake Southcombe James Alston James Brooks James Eavis James Lithiby James Newman James Smith James Staples James Turbett James Wall Jamie Matthews Jan Berka Jan Flieshardt Jan Fortun Jan Horsky Jan Studenski Jani Mustonen Jani Sihvonen Jannik Strelow Janusz Krasek Jared Broddle Jaroslav Kraif Jason Ganz Jason Mackay Jason Penny Jason Schmidtlein Jason Watson Javier Marcos Jay Elwanger Jay Vigo Jean Christophe Jean Marie Muggianu Jean Marth Jean-francois Le Chenechal Jean-marie Jolibois Jean-Sebastien Charlot Jean-Yves Mercy Jeff Lima Jens Hoefling Jens Schmitt Jeremy Brunel Jeremy Hittle Jeremy Spinks Jeroen van Gelder Jerome Powell Jerry Jacob Vakayil Jesko Weber Jesse Brown Jesse Fahrenkrog Jessy Burgamy Joachim Thiebe Joao Simoes Jochen Klasen Joe Borde Joe Coach Joe Moore Joe Tompkins Joel Lobo Joerg Felgendreher Joerg Giezenaar Joerg Vahldieck Joeri Blootacker Johan Kemper Johan Leroy Johan Marx Johannes Gaganas Johannes Riese Johannes Wieser John Dashey John Hargreaves John Higginbotham John Montgomery John Sant John Shore John Stegman John Tomlinson Jon Burrell Jon Davies Jon Hadden Jon Large Jon Over Jon Trotter Jonas Thomsen Jonathan Carrigan Jonathan Lamela Jonathan Le Clercq Jonathan Padilla Jonathan Vauhkonen Jonathan Waltman Joni Aaltio Joost Korngold Jordi Rodriguez Gresa Jose Anaya Jose Angel Morales Calvache Jose Rivera Joseph Gossen Joseph Marques Joseph Rampelberg Joseph Russo Joseph Schles Joseph Stearn Josh Brocksopp Joshua Healy Joshua Heising Juan Manuel Sanchez Manzano Juergen Flock Juergen Oberreiter Jukka Hautajarvi Julian Oejen Julien Boisaubert Julien Lavoie Junior Basilio Juraj Mamrilla Jurgen Braem Jussi Viljami Karjalainen Justin Gay Justin Hackett Justin Strickland Kai Lochbaum Karim Saissi Karl Mitson Karsten Kremer Karsten Schiemer Kay Schurig Keith Brunnenkant Keith Partyka Ken Owers Kent Bergstrom Kent Nielsen Kevin IJpelaan Kevin Kirkbride Kevin Lawrence Kevin McKenzie Kevin Ochoa Kevin Richardson Kevin Welsh Kieran Jones Kieran Poole Kieran Vella Kim Flawwoo Andersson Kirk Kosinski Klaus-Juergen Weber Knodel David Kobus de Villiers Konrad Kostecki Konstantin Broemmelsiek Koos Rotgans Kourattana Abhay Kowal Peter Kris Dekeyser Kristof Depreitere Kristoffer Bergset Kyfan Stevens Kyron de Haas Lacorre Mickael Nicolas Lacourte-Barbadaux Lars Rosenquist Lasse Ryhanen Laud Barnor Laurent Rizzi Laurent Zender Leander Patzak Lei Liu Leigh Renfrow Leo Graae Leon Garcia Liam Cubley Lindsay Smith Lionel Beasse Llewellyn St David Luca Antonini Luca Cambianica Luca Rassek Lucas Brits Lukas Elmer Lukas Fort Lukas Kamb Lukas van Eck Luke Wojtaszek Lyndon Wright M.J. Lisseveld Mads Krog Jensen Maik Manke Manuel Ballbe Manuel Duerr Manuel Morgenroth Marc Kressmann Marc Packenius Marc Verhoef Marcel Beck Marcel Bloch Marcel Hulsbergen Marcel Jaekel Marcel Jeske Marcel Kleene Marcel Spuehler Marcel Wernegger Marco Engelage Marco Gotz Marco Mosch Marco Olivieri Marco Roth Marcus Blech Marcus Gleitsmann Marcus Johansson Marcus Meyer Marcus Winnig Marek Haase Mario Goebbels Mario Navarrete Mario Scherrer Marius Adams Mark Abbott Mark AuBuchon Mark Barrow Mark Bevan Mark Blanes Mark Bond Mark Carbonaro Mark Doran Mark Dowling Mark Goldfinch Mark Holland Mark Laybourne Mark Leighton Mark Roberts Mark Rueb Mark Smith Mark Turnbull Mark Walker Marko Adrian Markus Beckmann Markus Falkner Markus Meyerhofer Markus Schlabritz Markus Siegmeth Markus Ullrich Marten Johansson Martin G Webb Martin Hartmann Martin Hudson Martin Kucera Martin Lorgnier Martin Schaeller Martin Skytte Martin Thielen Martin Webb Marton Szamos Martyn Breed Marvin Theel Mas Jonathan Massimiliano Franchelli Mathias Veyrun Matt Muirhead Matt O Brien Matt Pierce Matt Webb Matt York Matteo Stirati Matthew Brown Matthew Gibbs Matthew Hargreaves Matthew Julian Matthew Lewis Matthew Minson Matthew Mul Matthew Rushton Matthias Arndt Matthias Beck Matthias Dorst Matthias Jacob Matthias Neber Matthias Schonder Maurice Boeschen Maurizio Lazzeretti Maurizio Posapiano Mauro Fernandez de Bobadilla Mauro Tobon Max Spooner Maxime Parquet Maxime Platon Maximilian Woerlein Michael Ball Michael Baumert Michael Bieber Michael Colomer Michael D Mckeown Michael Dew Michael Dorricott Michael Frnka Michael Herrmann Michael Knoblach Michael Laube Michael Lehneis Michael Marhenke-Richter Michael Matzen Michael Maxwell Michael Meus Michael Milem Michael Norrby Michael Peters Michael Pleym Michael Prahl Michael Repplinger Michael Schmid Michael Steiner Michael Uth Michal Bielik Michal Sofron Michel Fouvet Mick Leighton Mikael Stanne Mike Cowing Mike Dhanpat Mike Gagg Mike Hoffmann Mike van Meerbeek Mike vom Scheidt Mikko Makela Milan Danek Milan Holt Mirko Giorgi Miroslav Bettermann Mitchel Saad Mohamed Gaalich Mohammed El Gueriri Morgan Henstridge Moritz Schickel Moriz Fischer Morten Rousing Fachmann Natan Patel Nathan Kammerud Nedo Radulovic Neil Bateman Neil Brett Neil Farren Neil Hopwood Nelson Badillo Nevil Wigbels Nicholas Chong Nicholas Gregory Nick Claydon Nick Degnan Nick Garland Nick Thornhill Nick Weekes Nico Ernst Nicolas Balland Nicolas Flamand Nigel Teags Niklas Silen Nils Ruwisch Norman Morton Oli Gill Oliver Ginzel Oliver Goehring Oliver Kaiser Oliver Rademacher Oliver Schwing Omar El-Edrissi Ornulf Hagen Oscar Perez Oyvind Nordahl Oyvind Nordbo Pablo Sanchez Parker Korpak Pascal Gatsu Pascal Meyrou Pascal Welsch Patrick Dobler Patrick Gleichmann Patrick Gries Patrick Kulinski Patrick Leventhal Patrick Pomes Patrick Seeger Patrick Strippel Patrick Theysohn Patrik Marek Paul Coburn Paul DeBili Paul Hahn Paul Jackson Paul Pridham Paul Stolber Paul Taylor Paul van der Linden Paul Velasco Paul Walker Paul Yeung Pedro Antunes Pedro Braz Caria Pedro Grave Pedro Rodrigues Per Ricktun Per Rosing Mogensen Peter Andersson Peter Avelovski Peter Boutestijn Peter Chalmers Peter Karanitsch Peter Klawitter Peter Kless Peter Marquardt Peter Stuart Peter Swiatek Peter Vermeulen Petr Strecker Petr Vojkovsky Petri Niemenmaa Phil Denty Philip Bocock Philipp Ackermann Philipp Enderes Philipp Stratmann Philippe Dufour Phillip Jones Pierre Irby Pilaud Fabien Pontus Skoglund Prayoga Hadi Setiawan Quentin Laveau Rafael Sempruch Rafal Ranuszkiewicz Raffaele La Sala Raj Sharma Ralf Huisman Ralf Truttmann Ralph Burger Rambert Yohann Ramiro Correa Randall Kipker Randall Kravarik Ray Heimbuch Raymond de Vries Rene Guenon Rene Liivanurm Rene Owara Rene Regatschnig Rene Wehrmann Reto Marti Reto Marty Ricardo Almeida Richard Barrett Richard Booms Richard Cook Richard Navone Richard Touzimsky Rikki Jenkins Riley Lucier Rob Cowing Rob Denekamp Rob Greenhalgh Rob Huxtable Rob Massen Rob Simms Rob Thompsett Robby Timmermans Robert Dekker Robert Evans Robert Gardiner Robert Lidstrom Robert Lineburg Robert Reagh Robert Schulze Robert Stuart Robert Yates Rodney Tawia Roel de Meulder Roger Graham Roger Prynne Rogier Schaap Roland Franzl Roland Krystaszek Roland Respondek Romain Belorgey Romain Capdeville Romain Rukse Roman Mika Ronald Scheerder Ross Drinkwater Rouch Jean-Guillaume Roucourt Rony Roy Butler Ruedi Zimmermann Rune Morling Ryan Conaway Ryan Parker Ryan Richter Saidur Ali Sam Blease Sampo Jarvinen Sampo Mustonen Samuel Lobietti Samuel Painchaud Sandeep Singh Dhanjal Sander Keus Sascha Haub Sascha Straub Savelkoul Tom Scott Adair Scott Coleman Scott Gibson Scott Hoarty Scott Richardson Sean Foster Sean Lobjoit Sebastian Brunner Sebastian Krogull Sebastian Pechner Sebastian Schillag Sebastian Schlager Sebastian Schweiger Sebastian Wokraczka Sebastien Guglielmi Sebastien roubinet Shane Leksell Shane Stoney Shawn Silsbee Shayne Joseph Paul Shogo Kihara Silas Greiner Silvio Carlos Camolesi Silvio Szekely Simon Bresche Simon Davey Simon Hannaford Simon Hodge Simon Messerli Simon Paynton Simon Reed Simon Welch Simone Barisonzi Sofian Moukhaiar-Senac Spencer McCarthy Stef Volckaerts Stefan Almeida Stefan Biley Stefan Bosch Stefan Delalut Stefan Forster Stefan Hennig Stefan Ihl Stefan Jeppesen Stefan Monz Stefan Nydegger Stefan Oberboersch Stefan Pagenberg Stefan Pitzl Stefan Sulies Stefano Malnati Stefano Pecchio Stefano Pianoterra Steffen Deszczka Stella Lionel Stephan Czekay Stephan Goldenberg Stephan Prinz Stephane Sola Stephen Bacchus Stephen Jubb Stephen Kelly Stephen Way Stephen White Steve Berwald Steve Bird Steve Hew Steve Hoessler Steve Jones Steve Redding Steve Swangler Steve Unsen Steve White Steven Beyer Steven Johnson Steven Labbe Stuart Phillips Suzuki Ryouhei Svein Andre Nilsen Sven Bender Sven Lippmann Sven Ungerecht Sylvain Antoni Sylvain Caillat Tapio Vepsalainen Tatu Teittinen Teddy Yeboah Teemu Koskinen Terrell Olvera Tetsuo Kimura Thibault Scheffmann Thierry Chabanne Thierry Degeilh Thilo Ascher Thomas Einoeder Thomas Goesling Thomas Groener Thomas Hirschi Thomas Hoenen Thomas Keaveney Thomas Kloeters Thomas Knecht Thomas Lademann Thomas Lund Thomas Mayrhofer Thomas Mouren Thorsten Lingnau Tiago Fortuna Till Grapentin Tim Cox Tim Eles Tim Foster Tim Lundy Tim Venker Tim Wielens Timi Tuohenmaa Tobias Gloeckner Tobias Kiel Tobias Scheit Todd Norbury Tom Cornwell Tom Erik Risan Tom Goad Tom Ivar Arntsen Tom Pettersson Tommaso Rossato Tonny Draijer Tony Bull Tony Richards Tony Rickard Tony Ward Torsten Schmitt Travis Lamming Trent White Trever Braun Trevor Austin Tristan Matheson-Mayne Tyler Sinquefield Ulrich Diedrichsen Valerio Giolitto Victor Moraal Vikram Subramaniam Vincent Boulard Vincent Druart Vincent Zijlstra Vincenzo Giagheddu Vladimir Kulev Volker Keim Volker Wenski Warren Murfin William Fisher Wolf Herold Wolfgang Reh Xavier Bourgeois Xiong Yang Xristo Papageorgas Yann Kowalkiewicz Yannick Prevot Yannick Steinhauer Youcef Benyarou Zdeno Kubina Ziyu Guo <emptyline> <emptyline> <emptyline>  <position> Supported by <list> Adam Dougherty Adam Rusling Aleksi Marjusaari Alex Day Alex Salmon Alexandre Bersano Alfiero Ventura Alizard Christian Anders Wallgren Andre Gava Andre Marcos Andrea Bona Andrej Lueders Andrew Banfield Anthony Labarre Anton Volkov Arne Pannecoucque Avenel Adrien Bart Van den Broeck Bastian Schings Beeck Wolfgang Benjamin Alapetite Benjamin Aul Benjamin Schuette Benny Dean Bernd Ohlsen Bevan Roberts Brady Warren Brendan Langlois Brett Loubser Brian George Brock Williams Bruce Maytum Carion Guillaume Cesar Correa Chad Kopec Charles Verity Chee Hoe Lau Chris Lessig Christian Heinlein Christian Nutz Christoff Rampf Clive Reeves Damian Papen Dan Britton Dan Stockwell Daniel Borges Daniel Hedman Daniel Holbling Daniel Sipowicz Daniel Thomazelli Darley Laetitia Dave Peat David Filippone David Golob David Gross David LeGresley David Sosnowski Dennis Hart Diego Colafabio Diego Xavier Dominik Pflegerl Dominik Uebelhoer Donald Brooks Douglas Ries Dustin Ward Enrico Weichhold Enrique Nava Gonzalez Enrique Perez Cabedo Eric Dufour Eric Koudijs Fabian Kraus Fabien Bouteuil Fabrice Tessier Finn Verkerk Florian Laub Frank Lobers Freulon Nicolas Gareth Smith Garrick Wheeler Gavin Thomas Gene Day Georgel Eric Gerard Raccio Giuliano Golfieri Gordon Mowvley Gregory Choubana Grigoli Manuel Guerin Jimmy Guillaume Cortes Guillemoto Claude Gusthiot Maxime Haroldo Dijigov Heiko Gehrig Heiko Risse Helmut Bachmayr Hirokazu Oka Hugo Vieira Humberto Barreira Iker Mingo Israel Gallegos Jan Sterba Jarno Perala Jason Betts Jason Hsu Jason Schumacher Javier Rios Joachim Koppenhoefer Joao Bonifacio Joerg Mertin Johan Malmsten Johan Sanders John Rayson Jon Grintz Jonatan Larsson Joni Harju Jordi Rodrigo Roma Juan Luis Garcia Asmar Justin White Kai Podoklinski Kay Ekanayake Keven Menard Kevin Ellis Kevin Watts Kieran Chauhan Klaus Thon Kouhei Hata Kristopher Cobb Lars Klingman Lasse Skjoett Hansen Leandro Melo Lecomte Tristan Lombard Florian Luca Perin Lukas Ljungdahl Manuel Kamela Marco Ficara Marco Mauri Mario Gilcher Mario Macri Marius Pedersen Mark Bosman Mark Bratley Mark Bushell Mark Cooke Markus Pichler Martin Bell Martin Hauber Matej Klocek Mathieu Gebel Matt Cocks Matthew Cholerton Matthew Kennedy Matthew Thomas Maxime Monnet Meier Michael Mevlut Koc Michael Decker Michael Dorn Michael Konrad Michael Lorenz Michael McEvoy Michael Miesenberger Nathan Burtenshaw Nathan Jermyn Nicolas Pavie Nishan Baruah Oliver Abrahamsson Omer Candar Ondrej Vesely Pacula Martin Paolo Guiotto Pascal Groen Peter Bjoerk Peter Dimitri Peter Gertsson Peter Jamieson Philipp Eiselt Philipp Haenel Philipp Hofmaninger Philippe Evrard Quido Dekker Rafael Alcolea Rainer Huentemeier Ralf Trautwein Ralf Waspe Ramon Galera Raphael Smith Rasmus Lundstrom Rene Drawert Rene Hossfeld Richard McVeigh Robert Green Robin Sillars Roger Lee Sami Vahtera Sandro Draeger Santeri Rahkamaa Scott Haines Sebastian Barz Sebastien Milliot Simon Carbonnel Simon Strohmenger Sinan Mercan Sjoerd Huksloot Stefan Klause Stefan Krokowski Stefan Steinwasser Steffen Schluessler Stephen Collis Stephen Walsh Steve Seidelmann Teemu Karvinen Thiebault Debatty Thomas Granofszky Thomas Kramwinkel Thomas Meissner Thomas Olivaux Thomas Schleimer Thomas Wiercioch Timo Klostermann Timon Putzker Tobias Wellmann Tom Hutchins Tyler Grinnell Ulrich Straller Vinod Chandran William Parr Xabier Sanchez Yang Hongbo <emptyline> <emptyline> <emptyline>  <position> AEMS <list> Adam Stadler Adriano Sapetti Al Clarke Albert Bensusan Alejandro Fernandez Alessandro Balzan Alex Krugman Alex Meader Alex Nunez Allan Ng Andreas Eriksson Andreas Falkner Andrew Arroyo Andrew Thompson Andrew Wojteczko Andy Barnes Andy Blackmore Anna Degen Anne Bernard Anne Bernard Annemie Claesen Anthony Cheshire Aris Barios Arnold Eugenio Arthur Virapin Ashley Lynch Aurélie Glandais Autumn Soriano Beatrice Karlsson Becki Nile Ben Brown Ben Chong Ben Conrad Bisi Ezerioha Blair Dupree Blane Burnettt Bob West Boris Puddu Brad Beardow Brad Folz Brandon Adams Braun Smith Brett Hauschild Brian Dwyer Brian Knudson Bruce B. Frederick Bruce Garfield Bryan Alvardo Bryn Musselwhite Caroline Fallara Casey Cooper Johnson Charlotte Lumley Chico Kodama Chris Agajanian Chris Considine Chris Douglas Chris Protheroe Chris Raschke Chris Tague Chris Tate Christer Loow Christian Schick Christina Nielsen Christoph Ebenschwaiger Chuck Neal CJ Wilson Claudia Geissmann Clayton Triggs Clive Chapman Cory Burns Craig Cavalier Daniel Bandoly Daniel Cross Daniela Russell, Darren Geal Dave Phelps David Black David Fernandez David Isaacs David Ridley Declan Brennan Dennis Homberg Dennis Schwitzer Dirk Starksen Dirk Theimann Donnyelle Evans Dyan Williams Dylan Fraser Efrain, Enrico Diano Eji Tada Elena Azzali Elisa Mignini Emeline Wilson Emma Pastor Ethan Bregman Eunice Biondi Fabian Weingart Fiammetta Ginestra Florian Hagemann Florian Pitout Frank Rehak Fraser Handley Frederic Colaux Fu Yang Gary Fong George Ciordas George Kviloria Glen Chou Greg Gill Hannes Tribelnig Hannes Zanon Hayley Robinson Hedi Kim Helmut Wahl Hikaru Fujii Hiroshi Sano Hunter Skipworth Hyodo Tomomi Ian Briggs J. David Rich Jacob Agajanian James Crook James Hinchcliffe James Kirkham James Nagahashi James Rumsey Jane Mcleod Jarrod Stapley JC Waterhouse Jeff Darks Jeff Glover Jeff Neal Jen Horsey Jeremy Peirson Jerry Thienprasiddhi Jesse Wood Jillian Scheden Jim Michaelian John Chiboroski John Church Jon Barrett Jon Denton Jordon Roberts Jorge De La Torres, Jorge Rivera Julie Peyssard Jun Imai Junichi Tokuda Justin Ocello Kai Mensing Karen Schnurr Kei Muira Keith Jones Kenji Sumino Kenny Krajnik Kevin Taylor Klarissa Freibott Kris Skellenger Kristian Berg Kristian Dean Kyle Lloyd Larry Chen Laura Clever Lauren Sheridan Linden Farrow Lindsay Ross Liza Markle Louise Price Luca Bellisomo Luca Venturi Mad Mike Whiddett Marc Lewis Marc Unger Marcel Orban Maria Pia Rocca Marie Christine Ravon Mario Di Dato Marion Eisenberger Mark Bentley Mark Jones Mark Lemmer Mark Tingey Mary Lou Haen Masaya Yumeda Mat McCallum Matt Crooke Matt Levin Matt Monroe Matt Tuccillo Matt Wright Matt Young Matteo Gianotti Matthew Levin Matthias Czabok Matthias Scheffler Max (Massimiliano) Marsiaj Michael Burch Michael Gibbs Michael Grassl Michael Keyser Michael London Michael Schneider Michael Scully Michael Shank Michael Staskin Michael Teichmann Michaela Dorcikova Michal Klouda Mike Beckhusen Mike Chung Mike Hagedorn Mike Johnson Miriam Rodriguez de Lizana Mirko Lubner Mirko Markfort Miroslav Konopka Mizoguchi Kagefumi Monica Pauperas Murray Adams Natasha Dyson Nathan Freke Nathan Shriver Neill Briggs Nicole Garside Nigel Land Pascal Ursi Pascale Fleuridas Pascale Lavie Patrick Germain Patrick Mulligan Paul Zwicky-Ross Paulo Pinheiro Peter Cunningham Phillip Grenier Pierre Nicolet Pierre Nicolet Preston Calvert Quentin Frismand Rafael Navarro Ravi Dolwani René Buttler Riccardo Pezzetta Richard Barsamian Richard Hoare Richard King Rob Barnes Robin Selbach Roman Moser Romi Diana Doser Rosella Locatelli Ryan Carpenter Ryan Davis Ryu Asada Sabrina Asperti Sam Minchington Sandrine Weyders Sandy Althaus Sarah Edlinger Scott Lindley Seadon Baker Sean Horvath Sean Kleinschuster Sebastian Bagley Sebastian Hornung Sebastian Schmalz Shige Suganuma Shinjo Tsuyoshi Silvia Montsori Simon Haas Staci Langham Stefan Steinwasser Stephanie D'aprigny Steve Fields Steve Sare Steve Vandervate Thomas Gleibs Thomas Herbst Thomas Koch Thomas Muehlenz Thomas Radkovic Timo Frings Tobias Haasis Tomo Hisanaga Toni Calderon Toni Whiddett Tony Attwood Tony Balde Toshi Nakamae Travis Montgomery Trent Goodwin Trevor Wert Valerio Piersanti Vaughn Gittin Jr Vera Wessolek Victor Carrillo Vincent Vosse Vitale Alessandro Maffezzini Wakana Kosumi Warren Overton Will Brown Willett Considine Yannick Yvin Yoshiaki Hashimura Yoshihiro Sakamoto Yoshiyasu Takezawa <emptyline> <emptyline> <emptyline>   <position> External Partners <emptyline> <list> 'FMOD studios' and 'Firelight Technologies'  <emptyline>  REV technology used under license from Crankcase Audio Inc. <emptyline>  Uses Oodle. Copyright © 2008-2017 by RAD Game Tools, inc.   <emptyline>  Uses Bink Video. Copyright © 1997 – 2017 by Rad Game Tools, Inc   <emptyline>  Development tools and related technology provided under license from Logitech.  © 2001-2017 Logitech.  All rights reserved.  <emptyline>  Trademarks, design patents and copyrights are used with the approval of  the owner of Agajanian Racing <emptyline>  “Aston Martin”, “Aston Martin Racing” and related logos and other trademarks  are owned, licensed and/or used by Aston Martin and Aston Martin Racing.   These trademarks may not be used, amended and/or reproduced without permission.  All rights are reserved. <emptyline>  Trademarks, design patents and copyrights are used with the approval of the  owner of AUDI AG <emptyline>  Trademarks, design patents and copyrights are used with the approval of  the owner of Briggs Automotive Company (BAC) Limited <emptyline>  Produced under licence from Bentley Motors Limited England. “Bentley”, the ‘B’  in wings device and other associated logos and names are trademarks of  Bentley Motors Limited. The body designs of Bentley motor cars are protected  by Bentley Motors Limited under design, trademark and trade dress regulations <emptyline>  The BMW logo and BMW wordmark are trademarks of BMW AG and are used under license. <emptyline>  General Motors Trademarks used under license to Slightly Mad Studios Ltd <emptyline>  Caterham and associated logos and trade dress are registered trademarks of  Caterham Cars Ltd and are used under license. <emptyline>  The name and design of CITROËN and DS are used with the permission of  Automobiles CITROËN <emptyline>  Produced under license of Ferrari S.p.A. The name FERRARI, the PRANCING HORSE device, all associated logos and distinctive designs are property of  Ferrari S.p.A. The body designs of the Ferrari cars are protected as  Ferrari S.p.A. property under design, trademark and trade dress regulations. <emptyline>  Ford Trademarks and Trade Dress used under license to Slightly Mad Studios Ltd <emptyline>  Trademarks, design patents and copyrights are used under licence from  Ginetta Cars Limited <emptyline>  For Honda Automobiles: Honda Official Licensed Product. Designed, manufactured and distributed by or  for Slightly Mad Studios. Honda, the “H” logo, Honda vehicles and their trade  dress, and all associated vehicle emblems, logos, marks and names are trademarks  and intellectual property of Honda Motor Co., Ltd. All rights reserved. <emptyline>  For Acura Automobiles: Acura Official Licensed Product. Designed, manufactured and distributed by or  for Slightly Mad Studios. Acura, the “A” logo, Acura vehicles and their trade  dress, and all associated vehicle emblems, logos, marks and names are trademarks  and intellectual property of Honda Motor Co., Ltd. All rights reserved." <emptyline>  Trademarks of Brickyard Trademarks Inc. used with permission <emptyline>  Jaguar and the leaper device are trademarks owned and licensed by  Jaguar Land Rover Limited <emptyline>  All KTM vehicles, vehicle names, designs and logos are trademarks of KTM AG. <emptyline>  The trademarks, copyrights and design rights in and associated with Lamborghini,  Lamborghini with Bull and Shield Device are used under license from Automobili  Lamborghini S.p.A., Italy <emptyline>  Ligier and associated logos and trade dress are registered trademarks of Everspeed  for Onroak Automotive and are used under license. <emptyline>  Approved and licensed by Classic Team Lotus Ltd <emptyline>  Mazda Motor Corporation Approval No. 20019 <emptyline>  Manufactured under license from McLaren Automotive Limited.The McLaren name  and logo are registered trademarks of McLaren <emptyline>  “Mercedes-Benz” and “Three pointed star in a ring” are trademarks of Daimler AG  and used under license by Slightly Mad Studios Ltd. <emptyline>  MITSUBISHI MOTORS and  emblems are trademarks of MITSUBISHI MOTORS CORPORATION  and used under license to Slightly Mad Studios Limited. <emptyline>  MOTUL, the MOTUL LOGO and 300 V are registered trademarks of MOTUL (SA).  All rights reserved” and the Licensed Designs are protected by“© MOTUL’s  copyright – 1995- All rights reserved <emptyline>  Trademarks of Nissan Motor Co., Ltd. used under license to Slightly Mad Studios.  81-27617-22520 <emptyline>  Trademarks, design patents and copyrights are used with the approval of the  owner of OMSE. <emptyline>  "Opel Trademarks used under license to Slightly Mad Studios Ltd - Les marques Opel  sont utilisées sous license par Slightly Mad Studios Ltd" <emptyline>  Trademarks, design patents and copyrights are used with the approval of the  owner of ORECA SAS. <emptyline>  The trademarks PAGANI and Pagani Automobili and Huayra and Zonda are registered  trademarks and used under license from HORACIO PAGANI S.P.A., Italy <emptyline>  Panoz LLC vehicle models and trademarks are subject to copyright and other  intellectual property protection. Used with permission of Panoz LLC, a division  of Green4U Technologies, Inc. All rights reserved. <emptyline>  Under License of Porsche AG <emptyline>  Radical Sportscars Official Licensed Product. Designed, manufactured and distributed  by or for Slightly Mad Studios. Radical Sports Cars, Radical, the “R” logo, Radical  vehicles and their trade dress, and all associated vehicle emblems, logos, marks and  names are trademarks and intellectual property of Radical Sportscars Limited.  All rights reserved. <emptyline>  "RENAULT Official Licensed Products. Vehicle Models and Trademarks protected by  intellectual property laws. Used with permission of RENAULT. All rights reserved" <emptyline>  Under license of Toyota Motor Corporation <emptyline>  The name and design of Autodromo Internacional Do Algarve are used with the permission  of Parkalgar - Parques Tecnologicos e Desportivos, S.A.  <emptyline>  The name and design of the Mount Panorama Motor Racing Circuit are used with the permission  of Bathurst Regional Council <emptyline>  The name and design of Brands Hatch are used with the permission of Motorsport Vision Ltd. <emptyline>  Trademarks of Automotocrom Brno,a.s. used with permission <emptyline>  The name and design of Cadwell Park are used with the permission of Motorsport Vision Ltd. <emptyline>  The name and design of Circuit de Catalunya and Circuit de Barcelona-Catalunya are used  with the permission of Circuits de Catalunya, S.L. <emptyline>  Trademarks of Circuit of the Americas LLC used with permission <emptyline>  DAYTONA® is a registered trademark of the International Speedway, Inc. and licensed to  International Speedway Corporation. <emptyline>  Trademarks and likeness of DirtFish, LLC used with permission <emptyline>  "The Donington Park name, graphic design and logo are registered and protected  under UK and European law and similarly, those copyrights of all Donington's  partners and sponsors included in the track design and layouts for this game  are also protected under relevant laws. Any unauthorised breaches, misuse,  or misrepresentation of any of these copyrights, designs and logos will be  pursued to the fullest extent of the applicable law". <emptyline>  The name and design of Dubai Autodrome circuit are used with the permission  of Dubai Autodrome LLC. <emptyline>  Fuji Speedway Copyright ©Fuji International Speedway Co., Ltd. All rights reserved. <emptyline>  Trademarks of Hockenheim-Ring GmbH used with permission <emptyline>  Trademarks of Formula Imola S.P.A. used with permission <emptyline>  Trademarks of Brickyard Trademarks Inc. used with permission <emptyline>  Trademarks of Knockhill Racing Circuit Ltd used with permission <emptyline>  Trademarks of Sports car Racing Association of the Monterey Peninsula  "SCRAMP" used with permission <emptyline>  Slightly Mad Studios usage of Lånkebanen's/HellRX's track design is licensed  and approved by NAF Motorsport Trøndelag <emptyline>  24H Le Mans official Licensed product. Le Mans TM 2017. <emptyline>  Rallycross Lohéac - trademark of Association Sportive du Rallycross de Lohéac  - France used under license to Slightly Mad Studios Ltd <emptyline>  Trademarks of Grand Prix Association of Long Beach, LLC. used with permission <emptyline>  The name and design of the Lydden Hill Race Circuit are used with the permission of  Lydden Race Circuit Ltd. <emptyline>  The likeness and trade dress of the Track “Autodromo Nazionale Monza” , the name of  the track and the associated logos are exclusive properties of S.I.A.S. S.p.A. -  Autodromo Nazionale Monza. <emptyline>  The name and design of the Nürburgring Race Circuits are used with the permission of  capricorn Nürburgring GmbH. <emptyline>  The name and design of the Motorsport Arena Oschersleben are used with the permission of  Motorsport Arena Oschersleben GmbH. <emptyline>  The name and design of Oulton Park are used with the permission of Motorsport Vision Ltd. <emptyline>  Under License of Porsche AG <emptyline>  Trademarks of Projekt Spielberg GmbH & Co KG used with permission <emptyline>  The name and design of Road America are used with the permission of  Road America Inc. <emptyline>  “Red Bull® Marks are licensed by Red Bull GmbH/Austria” <emptyline>  The name and design of Ruapuna Park are used with the permission of  The Canterbury Car Club. <emptyline>  © Silverstone Circuits Limited 2017 <emptyline>  The name and design of Snetterton are used with the permission of  Motorsport Vision Ltd. <emptyline>  Sonoma Raceway is a trademark of Speedway Properties Company, LLC <emptyline>  Copyright ©SUGO Co.,Ltd. All rights reserved. <emptyline>  "Texas Motor Speedway ® is a registered trademark of Speedway Properties Company, LLC,  registered in the U.S. The Globe Logo ® is a registered trademark of Speedway Properties  Company, LLC, registered in the U.S." <emptyline>  WATKINS GLEN® is a registered trademark of the International Speedway, Inc. and licensed  to International Speedway Corporation. <emptyline>  The name and design of Willow Springs International Raceway are used with the permission  of Christopher C. Huth General Manager and Owner of Willow Springs International Raceway. <emptyline>  The Track Marks, designs, logo and trademark of Zhuhai International Circuit are licensed  by Zhuhai International Circuit Ltd. <emptyline>  The name and design of Circuit Zolder are used with the permission of Circuit Zolder Inc. <emptyline>  PIRELLI and PIRELLI logo are trademarks of Pirelli & C. S.p.A.; PZERO is a trademark of  Pirelli Tyre S.p.A. All trademarks are used under license <emptyline> <emptyline> <emptyline>       	<list> <header> Project CARS 2 <emptyline> <emptyline> <position> Slightly Mad Studios <emptyline> <emptyline> <position> Head of Slightly Mad Studios <list> Ian Bell - Chief Executive Officer <emptyline> <emptyline> <emptyline>  <position> Art <list> Darren White – Art Director <emptyline> <emptyline> <emptyline>  <position> Art: Character <list> Vit Budin – Character Artist Aleš Filka – Character Artist & Animator Tomáš Flak – 2D & Concept Artist Peter Gerhát – Lead Animator  Lukas Mensik - Characters and Animations Manager Marlon R. Nunez – Character Artist & Animator František Resl – Character Artist Zbyněk Trávnický – Technical Animator <emptyline> <emptyline> <emptyline>  <position> Art: Environment <list> Mark Adams - Art Manager Luis Barata - Environment Artist Chris Barnes - Senior Environment Artist Michal Beran - Senior Environment Artist Richard Berwick - Senior Environment Artist Gary Browne - Senior Environment Artist David Brumla - Senior Environment Artist Karl Davies - Senior Environment Artist Andrea Fabris - Senior Environment Artist Dave Flynn - Senior Environment Artist Martin Franek - Environment Artist Kateřina Habrová - Environment Artist Michal Jeschke - Senior Environment Artist James Kett - Principal Artist Petr Klvač - Environment Artist Siu Jone Lee - Senior Environment Artist Andrew Liddle - Senior Environment Artist Andreas Moll - Senior Principal Artist Sven Moll - Senior Principal Artist Jan Pavelko - Environment Artist David Rezac - Senior Environment Artist Cassius Rodrigues - Senior Environment Artist Oscar Soper - Lead Environment Artist Tomas Trlica - Environment Artist Jose Perez De Vries - Senior Environment Artist Darren Wakeman - Senior Environment Artist <emptyline> <emptyline> <emptyline>  <position> Art: Vehicles  <list> Sean Barron -  Junior Vehicle Artist  Tarran Booth – Vehicle Artist Jean-François Bouchard – Senior Vehicle Artist Matt Clark - Senior Vehicle Artist Vincent Dambreville – Vehicle Artist Ivo Franic – Vehicle Artist Kreso Franic – Vehicle Artist Jan Frischkorn - Vehicle Art Manager Vicko Hazdovac – Vehicle Artist Ralph Hummerich – Vehicle Artist Kunal Jain – Vehicle Artist Daniel Karlsson - Senior Vehicle Artist Jacek Kosieradzki – Vehicle Artist Ales Ogrinc – Vehicle Artist Gustavo Olivera – Vehicle Art Lead Martin Olivera – Vehicle Artist  Stanisław Potulski – Vehicle Artist Perran Truran - Senior Vehicle Artist Jaroslav Turna - Vehicle Artist <emptyline> <emptyline> <emptyline>  <position> Audio <list> Jon Bailey – Voice Over Recording Engineer Rashid Hille – Sound Designer Eilam Hoffman – Location Sound Recordist Vanesa Lorena Tate - Head of Audio Paul Scargill - Audio Programmer Gergely Szelei - Audio Programmer László Vincze - Senior Sound Designer Lewis Williams - Junior Audio Designer <emptyline> <emptyline> <emptyline>  <position> Car Handling <list> Doug Arnao - Senior Physics / AI Engineer  Jussi Karjalainen – Handling QA Lead  Casey Ringley - Technical Vehicle Lead Andrew Weber - Physics Programmer <emptyline> <emptyline> <emptyline>  <position> Cinematics <list> Ed Mas - Video Director Paul Shuker - Cinematics and Video Assistant <emptyline> <emptyline> <emptyline>  <position> Code <list> Steve Dunn – Technical Director <emptyline> <emptyline> <emptyline>  <position> Code: Gameplay <list> Gergely Bencze - Gameplay Programmer Dominic Clarke - Gameplay Programmer  Stuart Hunt - Senior Gameplay Programmer  Bob Ives - Gameplay Programmer Anders Johansson - Lead Gameplay Programmer Michael Lalaounis - Gameplay Programmer Rick Lamb - Gameplay Programmer Are Leistad - Gameplay Programmer Martin Moravec - Gameplay Programmer Ian Sweeny - Senior Gameplay Programmer James Vipond - Gameplay Programmer Mark Watson - Senior Gameplay Programmer Steven Wright - Gameplay Programmer <emptyline> <emptyline> <emptyline>  <position> Code: Online <list> Ian Bird - Online Programmer  Thomas Gomes - Online Programmer  Victor Khomskiy - Online Programmer  Mike Laskey - Head of Online Alexandru Marian - Online Programmer Pablo Medina - Online Programmer Mike Montgomery - Online Programmer Michal Řeháček – Server Programmer Štěpán Vondrák - Online Programmer  Iain Wallington - Lead Online Programmer  James Woollard - Online Programmer <emptyline> <emptyline> <emptyline>  <position> Code: Physics & AI <list> Peter Arbet - Physics Programmer  Jiří Boldyš - Physics Programmer  Artem Ermolov - Lead Physics and AI Programmer Christian Ferrario – AI Programmer Dmitry Meleshkin - Physics Programmer  Steven Walker - Physics and AI Programmer <emptyline> <emptyline> <emptyline>  <position> Code: Render <list> Kevin Boland – Principal Render Engineer  Robert Dibley - Lead Render Programmer Tim Lewis - Render Programmer Fabio Luchetta - Senior Render Programmer  Tim Mann - Low Level Cross-Platform Render Engineer Ivo Novak – Render Programmer <emptyline> <emptyline> <emptyline>  <position> Code: Tools <list> John Atkinson – Senior Tools Programmer James Boulton - Senior Tools Programmer  Andy Clark - Lead Tools Programmer Gábor Mónus - Senior Tools Programmer Jack O’Neill - Tools Programmer Daniel Wheeler - Senior Tools Programmer <emptyline> <emptyline> <emptyline>  <position> Design <list> Andy Tudor – Creative Director  Stephen Viljoen – Game Director Matt York – Junior Designer <emptyline> <emptyline> <emptyline>  <position> Graphical User Interface <list> Laurence Alexander – UI Creator  Sean Fitzpatrick – Text Designer Damian Furlong – Senior UI Programmer Nicholas Jablonowski – Senior UI Programmer Derek Payne – Lead UI Programmer Fernando Pedace – UI Designer Andy Rogers – UI Programmer Richard Steer – Senior UI Programmer <emptyline> <emptyline> <emptyline>  <position> Mediacom <list> Joe Barron – Marketing and Esports Manager  Nathan Bell – Web and Social Media Officer Patrick Kulinski – Manual Editor Alex Martini – Head of Communications Rob Massey – Analytics Manager Melinda Neil – Licensing Manager Rob Prange – Web Content Adminstrator <emptyline> <emptyline> <emptyline>  <position> Music <list> Stephen Baysted - Composer Andy Brown - Conductor / Orchestral Contractor Amanda Cook - Musician: Acoustic Guitar Caroline Dale - Musician: Cello Peter Gregson - Musician: Cello John Harvey - Drums / Electric Guitars Jake Jackson - Score Mixer / Score Producer Susan Legg - Featured Vocalist / Piano Guy Michelmore - Additional Music Simon Whiteside - Orchestrator / Score Preparation <emptyline> Music performed by The London Metropolitan Orchestra Music recorded and mixed at Air Lyndhurst Studios, London <emptyline> <emptyline> <emptyline>  <position> Production <list> Umer Ahmad – Assistant Producer  Dave Bramhall – Senior Producer Andy Cherry – Producer Benjamin Fischer – Assistant Producer and Community Manager Jarek Kleiber – Senior Production Support Pete Morrish – Director of Production  John Wray – Production Assistant <emptyline> <emptyline> <emptyline>  <position> Quality Assurance <list> Thomas Bromyard – QA Tester  Tom Brown - QA Manager Tom Curtis - QA Lead Aaron Groves – QA Tester Viktor Kolomiets – Build Manager Filipe Malaquias – QA Tester Christopher Newsum – QA Tester Bruno Pereira – QA Tester  Angus Winnard – QA Tester <emptyline> <emptyline> <emptyline>  <position> Pro Drivers <list> Ben Collins Mitchell DeJong Oliver Eriksson   Vaughn Gittin Jr Nicolas Hamilton Tommy Milner René Rast <emptyline> <emptyline> <emptyline>  <position> Management <list> Rod Chong – Chief Commercial Officer Andy Garton - Head of Development  Ged Keaveney - Chief Technical Officer Mark Pressburg - Chief Finance Officer Frank Veyder - Chief Operations Officer <emptyline> <emptyline> <emptyline>  <position> Administration <list> Margaret Bieniek-Maluszczak - Office Administrator Sally Daligan – Reporting Manager Musanna Muhit - Officer Manager Vittorio Rapa - IT Manager Dickon Springate - Assistant Accountant  Ana Tiza - HR Manager <emptyline> <emptyline> <emptyline>  <position> Additional Vehicle Art <list> Jurgen Braem  Sebastian Brunner  Guillermo Hargreaves Alex Hobbs Eric Kuebler  Che Hoe Lau Michael Peters Mitchel Saad Christian Schmidt Nigel Teags Jaime Lopez Trujillo <emptyline> <emptyline> <emptyline>  <position> Game Babies <list> Lucas Akihito Barnes Nina Simone Bell  Emily Boland Rosalie Bouchard Matyáš Brumla Samson Clark Tabatha Clark  Sonny Alfred Curtis Enzo Dambreville Timofey Ermolov Darragh Fitzpatrick Ada Alyss Furlong Arabella Julie Hoey  Ondřej Jeschke Kika Kleiber Elisabeth Melanie Moll Ester Moravcová Charlotte Maisie O'Neill Frank Jack Sweeny Elen Travnicka Aurelia Jasmine Tudor <emptyline> <emptyline> <emptyline>  <position> Special Thanks <list> Nik Ammar Pole Position Productions  The Audio Guys <emptyline> <emptyline> <emptyline>  <position> ACME <list> Kevin Malling Julie Malling John Wang Tyson Hill Brandon Acree <emptyline> <emptyline> <emptyline>  <position> Glass Egg Digital Media  <list> Thuy Le Hoang Nguyen Tu Tran Cam <emptyline> <emptyline> <emptyline>  <position> SkinzWraps Racing <emptyline> <emptyline> <emptyline>  <position> Intel Corporation <list> George Bain Leigh Davies Bartosz Boczula Patrick J Farrell <emptyline> <emptyline> <emptyline>  <position> Technology Partners <list> Simon Newby - 6T3 Eric Mindjimba - Thrustmaster Christopher McKelvy - Oculus Rift Thomas Jackermeier - Fanatec Roy Kerkhoff - Playseat Nevil Slade - Vesaro Curtis Brown - Logitech Phil Scott - NVidia Glen Chou - True Scale Miniatures <emptyline> <emptyline> <emptyline>   <position> BANDAI NAMCO Entertainment Europe S.A.S <emptyline> <list> Goran Marinković - Producer Manuela Riboldi - Localisation Project Manager Sohail Daniel - Localisation Project Manager Franck Genty - Localisation Manager Bertrand Mangin - Quality Control Project Manager Olivier Robin - Quality Control Manager Claire McGowan - Certification Manager Stéphane Entéric - Engineering Services Project Managers Emeric Polin - Engineering Services Project Managers Samuel Gatté - Publishing & Product Support Senior Director  Chris Altiparmakis - Product Manager Arnaud Staebler - 3rd party IP Strategy and Marketing Manager Morgane Ah Kong - PR Manager Héloïse Ribeaucourt - Events Manager André Persson - PR, Communication & Events Director  Alexandre Vision-Bonnet - Game Content Analyst & Designer Jocelyn Cioffi - GES Manager Rudy Pantoustier - Junior Market Analyst Julie Joet - Market Research Manager Patrick Rose - Business & Product Analyst Alberto Gonzalez Lorca - VP Business Development Pablo Rodriguez Fernandez - Business Development Manager Denis Ferrier - Business Development Manager Vincent Hattenberger - Creative Designer Gwen Ruby - Creative Assistants Anne Laure Bouton - Creative Assistants Anthony Grabit - Community Manager Team Leader Isshak Ferdjani - European Community Managers Laurence Patey - E-Commerce Manager Romain Chantelot - CRM Project Manager Julia Crusot - CRM Project Manager Junior Lucas Guedot - Web Master Bertrand Amiard - Web Project Manager Jérôme Chatelain - Digital Sales Managers Anthony Macaré - Digital Business Unit Director Hervé Hoerdt - VP Marketing & Digital Mieko Murakami - Sales Reporting & License relation Sandrine Dubois - Packaging Project Manager  Céline Vilgicquel - Packaging Project Manager & Marketing Support Caroline Fauchille - Manufacturing & Printed Materials Director Delphine Doncieux - Supply Chain Coordinators Mike Shaw - Supply Chain Coordinators Nicolas Guérard - Supply Chain Manager Laura Testud - Manufacturing Coordinator Marine Thevenet - Lawyer Stéphanie d'Ornano - Legal Manager Frederic Armitano Grivel - SVP Legal & Business Affairs Kunio Ikoma - VP Corporate Planning & Finance Christophe Delanoy - VP Distribution Operations Masataka Nemoto - Senior Director Development Strategy & Management Yoshi Niki - SVP Production & Development Naoki Katashima - President & COO <emptyline> <emptyline> <emptyline>  <position> Local Marketing Team <list> Phil Brannelly - UK Olivier Reocreux - France Alexandre Billaud - Belgium David Razaghi - Deutschland Laura Aznar - Iberica Marco Caputo - Italy Alexandre Billaud - Netherlands  Andreas Juliusson - Nordic  George Soulogiannis - Hellas Oleg Khazhinskiy - Eastern Europe Stephen O'Leary - Australia <emptyline> <emptyline> <emptyline>  <position> GlobalStep Services Pvt. Ltd. <list> Sumit Arora - QA Director Piyoosh Sah - QA Manager Neeraj Bhardwaj - Test Coordinator Saurabh Tarolkar - Test Lead Zishan Khan - Test Lead <position> Testers <list> Keshav Subhash Kale Altaf Shabbir Pathan Kishore Kumar T S Mayank Sharma Sujata Gundewar Preetam Khomane Nirav Narendra More Dheeraj Gadve R. Chandrasekher Reddy P. Vivek Abhijit Madhukar Doiphode Prashant Gulab Medhe Rahul Saini Abhijeet G. Kakpure Pramod Hambir Vishal Kakade Sagar Dhamankar Prashant Lolage Arnold Nirmal Ashish Appaso Patil Debashish Saha Devashish Mishra Gaurav Oak Harjee Anand Harshad K Kshirsagar Himanshu Shrivastava Jasmine Bhaldar Kalpesh Deelip Chavan Kanishk Sanjay Sahay Kusumesh Vyas Latif Husain Mayur Sharad Dorle Md Ilteza Alam  Mohammad Shadab Ali Mohit Kumar Bhatnagar Pooja Rikibe Prashant Pawar Purva Zarkar Shreyas M. Ranade Simjo Simon Swapnil Najan Tejas S. Vaidya Tushar Dubey Vipul Vijaykumar Powar <emptyline> <emptyline> <emptyline>  <position> Keywords International <list> Thomas Courtonne - Project Manager  Davi Almeida de Souza - Test Lead <position> Testers <list> Grégory Alliot Moulay-Toumi Sabri Perry Mainville Virginie Cloutier-Brassard Chiara Di Modica Alessandro Tenza Manuel Ravazzini Patricia Raabe Simran Karir Sebastian Schneider Alba La Orden Garcia Clara Guzman Noelia Penin Garcia Evgeniya Kozyreva Vladimir Kozin Andrei Pivovar Adam Dabrowski Natalia Mieczynska Aleksandra Wanda Jozwiak <emptyline>  <position> Maverick Media LTD <emptyline> <emptyline> <emptyline>  <position> BANDAI NAMCO Entertainment America Inc. <emptyline>  <position> Executive Management <list> Mark Tsuji - President & CEO Hide Irie - Executive VP & COO Shuji Nakata - Executive VP & CFO <emptyline> <emptyline> <emptyline>  <position> Publishing & IP Strategy <list> Taka Akiyama - VP, Publishing & IP Strategy Tad Hirabayashi - Senior Director, Production Services Rey Jimenez - Producer Knut Grossmann - Localization Manager Carmen Vega-Reina - Localization Project Manager Takeshi Miyazoe - Senior Director, IP Strategy Shoya Yamazaki - Manager, IP Strategy Nao Takeda - Manager, IP Strategy Kyoko Acheson - Manager, IP Strategy Jhune De La Cruz - Digital Business Manager Kahlil Najar - Digital Channel Marketing Manager Garrett Miller - Digital Content Specialist David Wood - Senior Manager, Business Development Tomomi Takahashi - Administrative Assistant <emptyline> <emptyline> <emptyline>  <position> Operations <list> Hans Lui - Director, Applications & Operations Jennifer Tersigni - Senior Operations Manager David Wang - Operations Analyst Shin Young - Applications Support Specialist Miriam Beltran - Travel Administrator Korey Belanger - Office Manager <emptyline> <emptyline> <emptyline>  <position> Sales <list> Chris Gilbert - Senior Vice President of Sales & Marketing Melani Windham - Senior Director of Sales Terry Carlson - Director, Sales Operations Laura Yoshioka - Sr. Director, Retail Marketing and Merchandising Bob Johnson - Senior Channel Marketing Manager May Hayes - Senior Sales Operations Specialist <emptyline> <emptyline> <emptyline>  <position> Marketing and PR <list> Eric Hartness - Vice President of Marketing Dennis Lee - Director, Brand Marketing Raymond So - Brand Manager Denny Chiu - Director, Communications & Social Media Nick O’Leary - Senior Public Relations Specialist Jason Cline - Events Manager Alia Oda - Event Planner Dalton Link - Social Marketing & Community Manager Cyrus Wesson - Social Marketing & Community Specialist Dmitryi Khlynin - Community Specialist Jeremy Caine - Interactive Designer Michael Le - Graphic Artist <emptyline> <emptyline> <emptyline>  <position> Legal and Business Affairs <list> Martin Nguyen - Senior Associate Attorney Patrick Lundell - Associate Attorney Rafael Orozco - Associate Attorney Matthew Datum - Associate Attorney Reina Nagai - IP Administrator <emptyline> <emptyline> <emptyline>  <position> Quality Assurance <list> David Moya - QA Manager Jesse Mejia - CQC Supervisor Y Pham - Project Coordinator Johnny Moya - Senior CQC Coordinator Cameo Wininger - CQC Coordinator Jonathan Price - CQC Coordinator Matt Peterson - CQC Coordinator Merwin del Rosario - CQC Coordinator Adrian Escultura - CQC Tester Adrian Serafica - CQC Tester Arnold Feener - CQC Tester Brendan Duley - CQC Tester Dustin Tran - CQC Tester Ian Nunes - CQC Tester Josh Daily - CQC Tester Luke Gardner - CQC Tester Matthew Cain - CQC Tester Nicholas Malouf - CQC Tester Samuel Reiter - CQC Tester Steven Wilton - CQC Tester Xonie Martin - CQC Tester <emptyline> <emptyline> <emptyline>  <position> Keywords International <list> Maurizio Cigoli - QA Project Manager Luis Izquierdo - Project Lead Leonardo Akimoto - LQA Brazilian Portuguese Jose Suarez - LQA Latin American Spanish Sara Bourgeois - LQA French Canadian <emptyline> <emptyline> <emptyline>  <position> Customer Support <list> Jesus Barragan - Customer Service Manager Takumi Kobayashi - Sr. Customer Service Representatives Ryan Phung - Sr. Customer Service Representatives Michael Gu - Customer Service Representatives Ryan Hamaguchi - Customer Service Representatives <emptyline> <emptyline> <emptyline>   <position> BANDAI NAMCO Entertainment Asia Pte Ltd. <emptyline>  <list> Gerard Noonan - Senior Vice President & MD Asia & Pacific Richard Taylor - Regional Finance Director Hiroaki Ochiai - SVP Business Development Asia Pacific Jennifer Poulson - SVP Marketing Asia William Wang - Managing Director (Taiwan) Chad Park (Korea) - General Manager Rainel Tan (Singapore) - General Manager Yoichiro Mogi - IP Strategy Manager Asia Pacific Tag Chang (Korea) - Associate Product Manager Eshley Gao (Singapore) - Associate Product Manager Hailey Shin - Associate Product Assistant (Korea) Hamid Rahman - Country Manager (Hong Kong) Carrie Hsiao (Taiwan) - Marketing Manager Jung-eun Oh (Korea - Marketing Manager Ronan Fong (Hong Kong) - Marketing Manager Sophia Lek (Singapore) - Marketing Manager Debbie Chu - Product Manager & PR (Taiwan) Tobias Chang - Product Manager & PR (Taiwan) Zoe Kao - Product Manager & PR (Taiwan) Joanna Fong - PR Assistant Manager (Taiwan) Vito Lee - Marketing Assistant (Korea) Diony Kum - Marketing Assistant (Korea) Catherine Abigail Santos (Philippines) - Marketing & Accounts Executive Renee Lim - Logistics And Account Coordinator (Singapore) Jessie Hsieh - Art Designer & Operations Coordinator (Taiwan) Lin Pei Hsia - Art Designer & Operations Coordinator (Taiwan) Benny Tsai (Taiwan) - Sales Manager Nicholas Ng (Malaysia, S.E.A) - Sales Manager Peter Yang (Taiwan) - Sales Representative Angeline Ang (Singapore) - Finance Manager KD Kim (Korea) - Finance Manager Vivian Liu (Taiwan) - Finance Manager Amy Soong - Senior Accounts Executive (Singapore) Betty Chen - Accountant (Taiwan) Carol Huang - Accountant (Taiwan) Chang Yuan Gang - Localisation Manager Chloe Lee (Korea) - Localisation Manager Daniel Cao (Singapore) - Localisation Manager Ash Kim - Localisation Assistant (Korea) Tsai Mulan - Localisation Project Leader (Taiwan) Chang Kang - Traditional Chinese Localisation Team Chen Pei Yu - Traditional Chinese Localisation Team Chien Chin Hsien - Traditional Chinese Localisation Team Hsieh Wan Chi - Traditional Chinese Localisation Team Hsu Tsai Ying - Traditional Chinese Localisation Team Hsu Yu Han - Traditional Chinese Localisation Team Lee Yi Shuan - Traditional Chinese Localisation Team Lin Chih Yen - Traditional Chinese Localisation Team Chiang Chi Che - Traditional Chinese QA Project Leader  Huang Shih Wei - Traditional Chinese QA Project Leader  Yu Chiao Huai - Traditional Chinese QA Project Leader  Wang Kuan Chun - Traditional Chinese QA Project Leader  Chen Chun Chih - Traditional Chinese Localisation Tester Chen Xian Zhe - Traditional Chinese Localisation Tester Chien Shih Siang - Traditional Chinese Localisation Tester Chou Yuan - Traditional Chinese Localisation Tester Hsu Kuo Huang - Traditional Chinese Localisation Tester Wang Jing Ting - Traditional Chinese Localisation Tester Wang Yan Zhe - Traditional Chinese Localisation Tester Wu Chi An - Traditional Chinese Localisation Tester Ki Moon Lee - Korean Localisation Team Bird Lee - Korean Localisation Tester Jae Jin Yi - Korean Localisation Tester In Keon Kang - Korean Localisation Tester Ji Yeon Jung - Korean Localisation Tester Duk Woo Kim - Korean Localisation Tester AltJapan Co., Ltd - Singapore Localisation Team Ethan Sia Chee Keong - English QA Project Leader  Ahmad Fuad Bin Ahiari - Singapore Localisation Tester (NYP Intern) Damian Ang Ming Guang - Singapore Localisation Tester (NYP Intern) <emptyline> <emptyline> <emptyline>   <position> BANDAI NAMCO Entertainment Inc. <emptyline> <list> Satoshi Oshita - Executive Producer Hirotaka Reizei - Executive Producer Daisuke Uchiyama - General Producer Ryuichiro Baba - General Producer Kazutoki Kono - Chief Producer Satoshi Otsuka - International Producer Tsuyoshi Koda - International Producer Manabu Shimomoto - Producer Tomoya Yoshida - Special Thanks <emptyline> <emptyline> <emptyline>  <position> Quality Assurance - Functionality QA <list> Tomoaki Imanishi Ryou Tanaka Akihide Ono Ryuuta Sano Masashi Aoyama Kaname Nakano Takashi Shimogaito Natsuki Koyama Shinya Sasaki Kouki Iwao Masaya Nakata <emptyline> <emptyline> <emptyline>  <position> Customer Service - Quality Assurance <list> Keita Kiso Takashi Sawai Miku Takamatsu <emptyline> <emptyline> <emptyline>  <position> Promotion <list> Kenta Seino Yasuko Sato Satoshi Nakauchi Onur Guenduez <emptyline> <emptyline> <emptyline>  <position> Sales & Marketing <list> Taiki Yasuko Masaki Hoshiai Hidekazu Naito Yuta Fukami Noriyuki Tanaka Yumi Maiguma  Kazuki Konishi  <emptyline> <emptyline> <emptyline>  <position> Production Support <list> Tomomi Arakawa Tomomi Fujisawa <emptyline> <emptyline> <emptyline>  <position> Localization <list> Eiichi Ikeda Takayuki Tsuji Tatsuji Michihiro Claudio Cascone Hideyoshi Misawa <emptyline> <emptyline> <emptyline>  <position> Quality Assurance Support <list> Hiroyuki Tsujii Sho Tanaka Hiroshi Araki Megan O'leary Tatsuya Wada Kiriyo Tanaka <emptyline> <emptyline> <emptyline>  <position> WMD <position> Thank you for your continued support, we couldn't have done it without you. <emptyline>  <position> WMD VIP's <list> Alex Lindstrem David Lansade Eyal Alsaud Henning Weidhase James Loucks Kyle Pearson Ross Clabburn Sven Markowski Thomas Lockers Thomas Taschler Toni Harkonen <emptyline> <emptyline> <emptyline>  <position> Special Thanks <list> Aaron Clark Aaron Coleman Aaron Parker Aaron Ritzau Aaron Turner Adam Higgs Adam Lindsey Adam Preston Adam Sharpe Adam Viljoen Adam Wilewski Ade Young Adelaida Afonso Adrian Smith Adriano James Piras Adrien Lopes Aidan Taylor Alain Jimeno Alain Kohler Alan Bertenshaw Alan Cheung Alan Nelson Alan Smith Aldo Zampatti Alec Barker Alejandro Montero Aleksander Otterstad Aleksandr Timkov Ales Permozer Alessandro De Carolis Alessio Beninato Alessio Vismara Alex Greenland Alex Porter Alex Stahlhut Alexander Dornheim Alexander Mueller Alexander Santos Alexandre Amirizian Alexey Kuntsevich Alfie Pugh Allan T. Olsen Allen Clarke Anders Peterson Andre Henschel Andre Kaestner Andreas Gremme Andreas Hader Andreas Kittlaus Andreas Seeger Andreas Traub Andreas van Wingerden Andreas Wunder Andrej Akopian Andrej Svajger Andrew Adamson Andrew Currens Andrew Jones Andrew Moseley Andrew Myers Andrew Todd Andrew Wise Andy Edwards Andy Weinberger Ang Li Angel G Criniti Anthony Azzari Anthony Haddox Anti Telkinen Antoine le Campion Antonio Benitez Antonio Rodriguez Clotet Antony Boland Ari Antero Arnaud Hirtz Arnaud Segre Arne Jurgens Arno Bisquolm Ashley Horton Aurelien Duval Aurelien Walpen Axel Dietzel Barrett Ettel Bart van Kleven Basim Alhejaili Bastian Hellmann Benjamin Beacock Benjamin Beier Benjamin Benichou Benjamin Beyer Benjamin Fischer Benjamin Menger Benjamin Weisenfeld Benjamin Winter Bent Granheim Bernd Resch Bernd Schmidt Bernd Schwarzinger Beys Nordine Bob Romano Bohuslav Lacina Boris Demidov Botond Vasarhelyi Brad Bodily Braden Williams Bradley Parrott Bradley Rossetti Bram Vanbuel Brandon Andrew Lee Brandon Bosch Brandon Clark Brandon Limkemann Brent Blihovde Brent Seeliger Brook Murray Cameron Brewster Cameron Howell Carl Morton Carl Shaw Carlos Dominiak Carlos Esteves Cedric Flouret Chadd Lowe Charles Mader Chee Keong Lau Chihoon Ahn Choserot Michael Chris Arnett Chris Aubert Chris Baumann Chris Candelaria Chris Goatcher Chris Kunz Chris Miller Chris Morris Chris Mosley Chris Payne Chris Rae Chris Stenersen Chris Twigger Chrisi Schmidt Christiaan van Beilen Christian Banks Christian Geihe Christian Gomolka Christian Hagemann Christian Hellman Christian Mutz Christian Pabinger Christian Paul Christian Pillwein Christian Quaynor Christian Schmidt Christian Schroeder Christian Schumann Christian Steinhaeusser Christian van Rooyen Christoffer Almgren Christoph Brandstetter Christoph Laux Christoph Schmidt Christophe Cador Christophe De Greef Christopher Aspden Christopher Cassidy Christopher Davis Christopher Dorn Christopher Frantz Christopher Gray Christopher Hauser Christopher Lord Christopher McEnteer Christopher Porter Christopher Reekie Chuck Duhon CJ Yi Clement Moriceau Cleon Waterberg Clive Morrison Codrin Purice Colin McKay Condamine Florian Copin Michael Corrado Raucea Craig Jorgensen Craig Moon Craig Parkes Cyril Declercq Damian Hall Dan OBrien Dan Thorpe Daniel Bader Daniel Boeckmann Daniel Dorion Daniel Krissel Daniel Meister Daniel Perez Daniel Saik Daniela Siekiera Daniele Vianini Danny Park Danny Schmid Danny Vlaar Daren Ludvigson Darin Salisbury Dario Walker Darrel King Darren Henderson Darren Leeson Darren Muir Darren Symons Darryl Mills Dave Arthur Dave Higgs Dave Holland Dave Richardson David Allak David Bishop David Bornkessel David Burton David Commons David E. Lengel David Haggar David Ham David Ingram David Ironside David Kneller David Knipp David Majidimehr David Marin David Marquez Mato David Merino Perez David Neighbour David Payne David Pym David Saunders David Sharples David Smith David Stuecker David Summers David Vangheluwe David Vickery David Waymouth Davy Van den Abbeele Dean Welfare Denis Besic Denis Eder Martinez Pineda Dennie de Groot Dennis Pohlmann Derek Millar Derrick Ritchie Detlev Hartenstein Devin Smith Devon Massan Dirk Dietrich Dirk Voegele Dmitry Afanasyev Dominic Schoenberner Dong-Gyu Park Dong-Seok Lee Drew Mackay Drew Meisberger Duprez Laurent Dustin Johnson Edson Souza Edward Garland Edward McLean Eike Stender Elliot Janssens Eneas Martinez Costa Enrico Bertolo Enrico Gerosa Erdinc Binyal Eric Bilodeau Eric Dukes Eric Kuebler Eric Lasley Eric Mayuk Eric Schroeder Erich Christen Erich Harvey Erick Gaudreault Erik Hofmann Erik Schramm Erik Uran Erwan Decroix Erwin Berkers Espen Gundersen Espen S. Andresen Eugene Flerko Fabio Calcio-Gandino Fabrice Brigati Fabrice Jourquin Fabrice Vancomerbeck Falk Guenther Felipe Becker Felix Overroedder Felix Renneberg Ferdinand Dernai Ferdinand Schwarzer Fernando Peneda Florian Faistauer Florian Talou Florian Witte Flouret Alexandre Fontaine Loic Francesco Cinque Francis Doria Franck Darstein Franck Herve Franck Montaigne Francois Chevallier Francois Feugier Francois Heitz Frank Kleefeldt Frank Lehmann Frank Schroeder Frederic Davin Frederic Le Palud Fredrik Olofsson Friedrich Riemschneider G. Auriol Gabriel Swietlicki Gareth Harwood Gareth Robinson Gareth Vaughan Garry Holcombe Garvin Kruthof Gary Hunt Gary White Geoffrey Schild Georg Naujoks Georg Swaczyna George Brushwood George Patterson George Shannon George Usoh Gerald Scherr Gerke van Keimpema Giacomo Galeotti Gian-Luca Mateo Gianko Scaglione Gilles Eberhardt Giovanni Tomaselli Glenn Briden Goetze Tobias Gordon Hislop Graham Bartsch Graham Goodrich Graham Hawkins Graham Ritter Graham Watson Greg Corbyn Greg Pillhofer Greg Southall Greg Williams Greg Wright Gregg Mandell Guanchen Liu Guido Dettweiler Guillaume Brunner Guillermo Hargreaves Gunther Roels Gunther Wicht Hanno Peng Don Chlevl Hans Silbernagel Hans-Rolf Schade Harald Kristian Gauslaa Haroon Ashraf Hayden Purvis Heiko Wenzel Hendrik Seitz Henk de Jong Henning Schirk Herbert Waller Hermann Thomas Holger Neitzel Holzer Rene Hugh Shillingford Huib Reijnders Ian Brown Ilya Babansky Ingo Schumann Ingvar Petur Thorsteinsson Ivan Dumalovski Janjusic J Kosieradzki Jacob Urbschat-Satterfield Jagdeep Rai Jaime Lopez Trujillo Jake Southcombe James Alston James Brooks James Eavis James Lithiby James Newman James Smith James Staples James Turbett James Wall Jamie Matthews Jan Berka Jan Flieshardt Jan Fortun Jan Horsky Jan Studenski Jani Mustonen Jani Sihvonen Jannik Strelow Janusz Krasek Jared Broddle Jaroslav Kraif Jason Ganz Jason Mackay Jason Penny Jason Schmidtlein Jason Watson Javier Marcos Jay Elwanger Jay Vigo Jean Christophe Jean Marie Muggianu Jean Marth Jean-francois Le Chenechal Jean-marie Jolibois Jean-Sebastien Charlot Jean-Yves Mercy Jeff Lima Jens Hoefling Jens Schmitt Jeremy Brunel Jeremy Hittle Jeremy Spinks Jeroen van Gelder Jerome Powell Jerry Jacob Vakayil Jesko Weber Jesse Brown Jesse Fahrenkrog Jessy Burgamy Joachim Thiebe Joao Simoes Jochen Klasen Joe Borde Joe Coach Joe Moore Joe Tompkins Joel Lobo Joerg Felgendreher Joerg Giezenaar Joerg Vahldieck Joeri Blootacker Johan Kemper Johan Leroy Johan Marx Johannes Gaganas Johannes Riese Johannes Wieser John Dashey John Hargreaves John Higginbotham John Montgomery John Sant John Shore John Stegman John Tomlinson Jon Burrell Jon Davies Jon Hadden Jon Large Jon Over Jon Trotter Jonas Thomsen Jonathan Carrigan Jonathan Lamela Jonathan Le Clercq Jonathan Padilla Jonathan Vauhkonen Jonathan Waltman Joni Aaltio Joost Korngold Jordi Rodriguez Gresa Jose Anaya Jose Angel Morales Calvache Jose Rivera Joseph Gossen Joseph Marques Joseph Rampelberg Joseph Russo Joseph Schles Joseph Stearn Josh Brocksopp Joshua Healy Joshua Heising Juan Manuel Sanchez Manzano Juergen Flock Juergen Oberreiter Jukka Hautajarvi Julian Oejen Julien Boisaubert Julien Lavoie Junior Basilio Juraj Mamrilla Jurgen Braem Jussi Viljami Karjalainen Justin Gay Justin Hackett Justin Strickland Kai Lochbaum Karim Saissi Karl Mitson Karsten Kremer Karsten Schiemer Kay Schurig Keith Brunnenkant Keith Partyka Ken Owers Kent Bergstrom Kent Nielsen Kevin IJpelaan Kevin Kirkbride Kevin Lawrence Kevin McKenzie Kevin Ochoa Kevin Richardson Kevin Welsh Kieran Jones Kieran Poole Kieran Vella Kim Flawwoo Andersson Kirk Kosinski Klaus-Juergen Weber Knodel David Kobus de Villiers Konrad Kostecki Konstantin Broemmelsiek Koos Rotgans Kourattana Abhay Kowal Peter Kris Dekeyser Kristof Depreitere Kristoffer Bergset Kyfan Stevens Kyron de Haas Lacorre Mickael Nicolas Lacourte-Barbadaux Lars Rosenquist Lasse Ryhanen Laud Barnor Laurent Rizzi Laurent Zender Leander Patzak Lei Liu Leigh Renfrow Leo Graae Leon Garcia Liam Cubley Lindsay Smith Lionel Beasse Llewellyn St David Luca Antonini Luca Cambianica Luca Rassek Lucas Brits Lukas Elmer Lukas Fort Lukas Kamb Lukas van Eck Luke Wojtaszek Lyndon Wright M.J. Lisseveld Mads Krog Jensen Maik Manke Manuel Ballbe Manuel Duerr Manuel Morgenroth Marc Kressmann Marc Packenius Marc Verhoef Marcel Beck Marcel Bloch Marcel Hulsbergen Marcel Jaekel Marcel Jeske Marcel Kleene Marcel Spuehler Marcel Wernegger Marco Engelage Marco Gotz Marco Mosch Marco Olivieri Marco Roth Marcus Blech Marcus Gleitsmann Marcus Johansson Marcus Meyer Marcus Winnig Marek Haase Mario Goebbels Mario Navarrete Mario Scherrer Marius Adams Mark Abbott Mark AuBuchon Mark Barrow Mark Bevan Mark Blanes Mark Bond Mark Carbonaro Mark Doran Mark Dowling Mark Goldfinch Mark Holland Mark Laybourne Mark Leighton Mark Roberts Mark Rueb Mark Smith Mark Turnbull Mark Walker Marko Adrian Markus Beckmann Markus Falkner Markus Meyerhofer Markus Schlabritz Markus Siegmeth Markus Ullrich Marten Johansson Martin G Webb Martin Hartmann Martin Hudson Martin Kucera Martin Lorgnier Martin Schaeller Martin Skytte Martin Thielen Martin Webb Marton Szamos Martyn Breed Marvin Theel Mas Jonathan Massimiliano Franchelli Mathias Veyrun Matt Muirhead Matt O Brien Matt Pierce Matt Webb Matt York Matteo Stirati Matthew Brown Matthew Gibbs Matthew Hargreaves Matthew Julian Matthew Lewis Matthew Minson Matthew Mul Matthew Rushton Matthias Arndt Matthias Beck Matthias Dorst Matthias Jacob Matthias Neber Matthias Schonder Maurice Boeschen Maurizio Lazzeretti Maurizio Posapiano Mauro Fernandez de Bobadilla Mauro Tobon Max Spooner Maxime Parquet Maxime Platon Maximilian Woerlein Michael Ball Michael Baumert Michael Bieber Michael Colomer Michael D Mckeown Michael Dew Michael Dorricott Michael Frnka Michael Herrmann Michael Knoblach Michael Laube Michael Lehneis Michael Marhenke-Richter Michael Matzen Michael Maxwell Michael Meus Michael Milem Michael Norrby Michael Peters Michael Pleym Michael Prahl Michael Repplinger Michael Schmid Michael Steiner Michael Uth Michal Bielik Michal Sofron Michel Fouvet Mick Leighton Mikael Stanne Mike Cowing Mike Dhanpat Mike Gagg Mike Hoffmann Mike van Meerbeek Mike vom Scheidt Mikko Makela Milan Danek Milan Holt Mirko Giorgi Miroslav Bettermann Mitchel Saad Mohamed Gaalich Mohammed El Gueriri Morgan Henstridge Moritz Schickel Moriz Fischer Morten Rousing Fachmann Natan Patel Nathan Kammerud Nedo Radulovic Neil Bateman Neil Brett Neil Farren Neil Hopwood Nelson Badillo Nevil Wigbels Nicholas Chong Nicholas Gregory Nick Claydon Nick Degnan Nick Garland Nick Thornhill Nick Weekes Nico Ernst Nicolas Balland Nicolas Flamand Nigel Teags Niklas Silen Nils Ruwisch Norman Morton Oli Gill Oliver Ginzel Oliver Goehring Oliver Kaiser Oliver Rademacher Oliver Schwing Omar El-Edrissi Ornulf Hagen Oscar Perez Oyvind Nordahl Oyvind Nordbo Pablo Sanchez Parker Korpak Pascal Gatsu Pascal Meyrou Pascal Welsch Patrick Dobler Patrick Gleichmann Patrick Gries Patrick Kulinski Patrick Leventhal Patrick Pomes Patrick Seeger Patrick Strippel Patrick Theysohn Patrik Marek Paul Coburn Paul DeBili Paul Hahn Paul Jackson Paul Pridham Paul Stolber Paul Taylor Paul van der Linden Paul Velasco Paul Walker Paul Yeung Pedro Antunes Pedro Braz Caria Pedro Grave Pedro Rodrigues Per Ricktun Per Rosing Mogensen Peter Andersson Peter Avelovski Peter Boutestijn Peter Chalmers Peter Karanitsch Peter Klawitter Peter Kless Peter Marquardt Peter Stuart Peter Swiatek Peter Vermeulen Petr Strecker Petr Vojkovsky Petri Niemenmaa Phil Denty Philip Bocock Philipp Ackermann Philipp Enderes Philipp Stratmann Philippe Dufour Phillip Jones Pierre Irby Pilaud Fabien Pontus Skoglund Prayoga Hadi Setiawan Quentin Laveau Rafael Sempruch Rafal Ranuszkiewicz Raffaele La Sala Raj Sharma Ralf Huisman Ralf Truttmann Ralph Burger Rambert Yohann Ramiro Correa Randall Kipker Randall Kravarik Ray Heimbuch Raymond de Vries Rene Guenon Rene Liivanurm Rene Owara Rene Regatschnig Rene Wehrmann Reto Marti Reto Marty Ricardo Almeida Richard Barrett Richard Booms Richard Cook Richard Navone Richard Touzimsky Rikki Jenkins Riley Lucier Rob Cowing Rob Denekamp Rob Greenhalgh Rob Huxtable Rob Massen Rob Simms Rob Thompsett Robby Timmermans Robert Dekker Robert Evans Robert Gardiner Robert Lidstrom Robert Lineburg Robert Reagh Robert Schulze Robert Stuart Robert Yates Rodney Tawia Roel de Meulder Roger Graham Roger Prynne Rogier Schaap Roland Franzl Roland Krystaszek Roland Respondek Romain Belorgey Romain Capdeville Romain Rukse Roman Mika Ronald Scheerder Ross Drinkwater Rouch Jean-Guillaume Roucourt Rony Roy Butler Ruedi Zimmermann Rune Morling Ryan Conaway Ryan Parker Ryan Richter Saidur Ali Sam Blease Sampo Jarvinen Sampo Mustonen Samuel Lobietti Samuel Painchaud Sandeep Singh Dhanjal Sander Keus Sascha Haub Sascha Straub Savelkoul Tom Scott Adair Scott Coleman Scott Gibson Scott Hoarty Scott Richardson Sean Foster Sean Lobjoit Sebastian Brunner Sebastian Krogull Sebastian Pechner Sebastian Schillag Sebastian Schlager Sebastian Schweiger Sebastian Wokraczka Sebastien Guglielmi Sebastien roubinet Shane Leksell Shane Stoney Shawn Silsbee Shayne Joseph Paul Shogo Kihara Silas Greiner Silvio Carlos Camolesi Silvio Szekely Simon Bresche Simon Davey Simon Hannaford Simon Hodge Simon Messerli Simon Paynton Simon Reed Simon Welch Simone Barisonzi Sofian Moukhaiar-Senac Spencer McCarthy Stef Volckaerts Stefan Almeida Stefan Biley Stefan Bosch Stefan Delalut Stefan Forster Stefan Hennig Stefan Ihl Stefan Jeppesen Stefan Monz Stefan Nydegger Stefan Oberboersch Stefan Pagenberg Stefan Pitzl Stefan Sulies Stefano Malnati Stefano Pecchio Stefano Pianoterra Steffen Deszczka Stella Lionel Stephan Czekay Stephan Goldenberg Stephan Prinz Stephane Sola Stephen Bacchus Stephen Jubb Stephen Kelly Stephen Way Stephen White Steve Berwald Steve Bird Steve Hew Steve Hoessler Steve Jones Steve Redding Steve Swangler Steve Unsen Steve White Steven Beyer Steven Johnson Steven Labbe Stuart Phillips Suzuki Ryouhei Svein Andre Nilsen Sven Bender Sven Lippmann Sven Ungerecht Sylvain Antoni Sylvain Caillat Tapio Vepsalainen Tatu Teittinen Teddy Yeboah Teemu Koskinen Terrell Olvera Tetsuo Kimura Thibault Scheffmann Thierry Chabanne Thierry Degeilh Thilo Ascher Thomas Einoeder Thomas Goesling Thomas Groener Thomas Hirschi Thomas Hoenen Thomas Keaveney Thomas Kloeters Thomas Knecht Thomas Lademann Thomas Lund Thomas Mayrhofer Thomas Mouren Thorsten Lingnau Tiago Fortuna Till Grapentin Tim Cox Tim Eles Tim Foster Tim Lundy Tim Venker Tim Wielens Timi Tuohenmaa Tobias Gloeckner Tobias Kiel Tobias Scheit Todd Norbury Tom Cornwell Tom Erik Risan Tom Goad Tom Ivar Arntsen Tom Pettersson Tommaso Rossato Tonny Draijer Tony Bull Tony Richards Tony Rickard Tony Ward Torsten Schmitt Travis Lamming Trent White Trever Braun Trevor Austin Tristan Matheson-Mayne Tyler Sinquefield Ulrich Diedrichsen Valerio Giolitto Victor Moraal Vikram Subramaniam Vincent Boulard Vincent Druart Vincent Zijlstra Vincenzo Giagheddu Vladimir Kulev Volker Keim Volker Wenski Warren Murfin William Fisher Wolf Herold Wolfgang Reh Xavier Bourgeois Xiong Yang Xristo Papageorgas Yann Kowalkiewicz Yannick Prevot Yannick Steinhauer Youcef Benyarou Zdeno Kubina Ziyu Guo <emptyline> <emptyline> <emptyline>  <position> Supported by <list> Adam Dougherty Adam Rusling Aleksi Marjusaari Alex Day Alex Salmon Alexandre Bersano Alfiero Ventura Alizard Christian Anders Wallgren Andre Gava Andre Marcos Andrea Bona Andrej Lueders Andrew Banfield Anthony Labarre Anton Volkov Arne Pannecoucque Avenel Adrien Bart Van den Broeck Bastian Schings Beeck Wolfgang Benjamin Alapetite Benjamin Aul Benjamin Schuette Benny Dean Bernd Ohlsen Bevan Roberts Brady Warren Brendan Langlois Brett Loubser Brian George Brock Williams Bruce Maytum Carion Guillaume Cesar Correa Chad Kopec Charles Verity Chee Hoe Lau Chris Lessig Christian Heinlein Christian Nutz Christoff Rampf Clive Reeves Damian Papen Dan Britton Dan Stockwell Daniel Borges Daniel Hedman Daniel Holbling Daniel Sipowicz Daniel Thomazelli Darley Laetitia Dave Peat David Filippone David Golob David Gross David LeGresley David Sosnowski Dennis Hart Diego Colafabio Diego Xavier Dominik Pflegerl Dominik Uebelhoer Donald Brooks Douglas Ries Dustin Ward Enrico Weichhold Enrique Nava Gonzalez Enrique Perez Cabedo Eric Dufour Eric Koudijs Fabian Kraus Fabien Bouteuil Fabrice Tessier Finn Verkerk Florian Laub Frank Lobers Freulon Nicolas Gareth Smith Garrick Wheeler Gavin Thomas Gene Day Georgel Eric Gerard Raccio Giuliano Golfieri Gordon Mowvley Gregory Choubana Grigoli Manuel Guerin Jimmy Guillaume Cortes Guillemoto Claude Gusthiot Maxime Haroldo Dijigov Heiko Gehrig Heiko Risse Helmut Bachmayr Hirokazu Oka Hugo Vieira Humberto Barreira Iker Mingo Israel Gallegos Jan Sterba Jarno Perala Jason Betts Jason Hsu Jason Schumacher Javier Rios Joachim Koppenhoefer Joao Bonifacio Joerg Mertin Johan Malmsten Johan Sanders John Rayson Jon Grintz Jonatan Larsson Joni Harju Jordi Rodrigo Roma Juan Luis Garcia Asmar Justin White Kai Podoklinski Kay Ekanayake Keven Menard Kevin Ellis Kevin Watts Kieran Chauhan Klaus Thon Kouhei Hata Kristopher Cobb Lars Klingman Lasse Skjoett Hansen Leandro Melo Lecomte Tristan Lombard Florian Luca Perin Lukas Ljungdahl Manuel Kamela Marco Ficara Marco Mauri Mario Gilcher Mario Macri Marius Pedersen Mark Bosman Mark Bratley Mark Bushell Mark Cooke Markus Pichler Martin Bell Martin Hauber Matej Klocek Mathieu Gebel Matt Cocks Matthew Cholerton Matthew Kennedy Matthew Thomas Maxime Monnet Meier Michael Mevlut Koc Michael Decker Michael Dorn Michael Konrad Michael Lorenz Michael McEvoy Michael Miesenberger Nathan Burtenshaw Nathan Jermyn Nicolas Pavie Nishan Baruah Oliver Abrahamsson Omer Candar Ondrej Vesely Pacula Martin Paolo Guiotto Pascal Groen Peter Bjoerk Peter Dimitri Peter Gertsson Peter Jamieson Philipp Eiselt Philipp Haenel Philipp Hofmaninger Philippe Evrard Quido Dekker Rafael Alcolea Rainer Huentemeier Ralf Trautwein Ralf Waspe Ramon Galera Raphael Smith Rasmus Lundstrom Rene Drawert Rene Hossfeld Richard McVeigh Robert Green Robin Sillars Roger Lee Sami Vahtera Sandro Draeger Santeri Rahkamaa Scott Haines Sebastian Barz Sebastien Milliot Simon Carbonnel Simon Strohmenger Sinan Mercan Sjoerd Huksloot Stefan Klause Stefan Krokowski Stefan Steinwasser Steffen Schluessler Stephen Collis Stephen Walsh Steve Seidelmann Teemu Karvinen Thiebault Debatty Thomas Granofszky Thomas Kramwinkel Thomas Meissner Thomas Olivaux Thomas Schleimer Thomas Wiercioch Timo Klostermann Timon Putzker Tobias Wellmann Tom Hutchins Tyler Grinnell Ulrich Straller Vinod Chandran William Parr Xabier Sanchez Yang Hongbo <emptyline> <emptyline> <emptyline>  <position> AEMS <list> Adam Stadler Adriano Sapetti Al Clarke Albert Bensusan Alejandro Fernandez Alessandro Balzan Alex Krugman Alex Meader Alex Nunez Allan Ng Andreas Eriksson Andreas Falkner Andrew Arroyo Andrew Thompson Andrew Wojteczko Andy Barnes Andy Blackmore Anna Degen Anne Bernard Anne Bernard Annemie Claesen Anthony Cheshire Aris Barios Arnold Eugenio Arthur Virapin Ashley Lynch Aurélie Glandais Autumn Soriano Beatrice Karlsson Becki Nile Ben Brown Ben Chong Ben Conrad Bisi Ezerioha Blair Dupree Blane Burnettt Bob West Boris Puddu Brad Beardow Brad Folz Brandon Adams Braun Smith Brett Hauschild Brian Dwyer Brian Knudson Bruce B. Frederick Bruce Garfield Bryan Alvardo Bryn Musselwhite Caroline Fallara Casey Cooper Johnson Charlotte Lumley Chico Kodama Chris Agajanian Chris Considine Chris Douglas Chris Protheroe Chris Raschke Chris Tague Chris Tate Christer Loow Christian Schick Christina Nielsen Christoph Ebenschwaiger Chuck Neal CJ Wilson Claudia Geissmann Clayton Triggs Clive Chapman Cory Burns Craig Cavalier Daniel Bandoly Daniel Cross Daniela Russell, Darren Geal Dave Phelps David Black David Fernandez David Isaacs David Ridley Declan Brennan Dennis Homberg Dennis Schwitzer Dirk Starksen Dirk Theimann Donnyelle Evans Dyan Williams Dylan Fraser Efrain, Enrico Diano Eji Tada Elena Azzali Elisa Mignini Emeline Wilson Emma Pastor Ethan Bregman Eunice Biondi Fabian Weingart Fiammetta Ginestra Florian Hagemann Florian Pitout Frank Rehak Fraser Handley Frederic Colaux Fu Yang Gary Fong George Ciordas George Kviloria Glen Chou Greg Gill Hannes Tribelnig Hannes Zanon Hayley Robinson Hedi Kim Helmut Wahl Hikaru Fujii Hiroshi Sano Hunter Skipworth Hyodo Tomomi Ian Briggs J. David Rich Jacob Agajanian James Crook James Hinchcliffe James Kirkham James Nagahashi James Rumsey Jane Mcleod Jarrod Stapley JC Waterhouse Jeff Darks Jeff Glover Jeff Neal Jen Horsey Jeremy Peirson Jerry Thienprasiddhi Jesse Wood Jillian Scheden Jim Michaelian John Chiboroski John Church Jon Barrett Jon Denton Jordon Roberts Jorge De La Torres, Jorge Rivera Julie Peyssard Jun Imai Junichi Tokuda Justin Ocello Kai Mensing Karen Schnurr Kei Muira Keith Jones Kenji Sumino Kenny Krajnik Kevin Taylor Klarissa Freibott Kris Skellenger Kristian Berg Kristian Dean Kyle Lloyd Larry Chen Laura Clever Lauren Sheridan Linden Farrow Lindsay Ross Liza Markle Louise Price Luca Bellisomo Luca Venturi Mad Mike Whiddett Marc Lewis Marc Unger Marcel Orban Maria Pia Rocca Marie Christine Ravon Mario Di Dato Marion Eisenberger Mark Bentley Mark Jones Mark Lemmer Mark Tingey Mary Lou Haen Masaya Yumeda Mat McCallum Matt Crooke Matt Levin Matt Monroe Matt Tuccillo Matt Wright Matt Young Matteo Gianotti Matthew Levin Matthias Czabok Matthias Scheffler Max (Massimiliano) Marsiaj Michael Burch Michael Gibbs Michael Grassl Michael Keyser Michael London Michael Schneider Michael Scully Michael Shank Michael Staskin Michael Teichmann Michaela Dorcikova Michal Klouda Mike Beckhusen Mike Chung Mike Hagedorn Mike Johnson Miriam Rodriguez de Lizana Mirko Lubner Mirko Markfort Miroslav Konopka Mizoguchi Kagefumi Monica Pauperas Murray Adams Natasha Dyson Nathan Freke Nathan Shriver Neill Briggs Nicole Garside Nigel Land Pascal Ursi Pascale Fleuridas Pascale Lavie Patrick Germain Patrick Mulligan Paul Zwicky-Ross Paulo Pinheiro Peter Cunningham Phillip Grenier Pierre Nicolet Pierre Nicolet Preston Calvert Quentin Frismand Rafael Navarro Ravi Dolwani René Buttler Riccardo Pezzetta Richard Barsamian Richard Hoare Richard King Rob Barnes Robin Selbach Roman Moser Romi Diana Doser Rosella Locatelli Ryan Carpenter Ryan Davis Ryu Asada Sabrina Asperti Sam Minchington Sandrine Weyders Sandy Althaus Sarah Edlinger Scott Lindley Seadon Baker Sean Horvath Sean Kleinschuster Sebastian Bagley Sebastian Hornung Sebastian Schmalz Shige Suganuma Shinjo Tsuyoshi Silvia Montsori Simon Haas Staci Langham Stefan Steinwasser Stephanie D'aprigny Steve Fields Steve Sare Steve Vandervate Thomas Gleibs Thomas Herbst Thomas Koch Thomas Muehlenz Thomas Radkovic Timo Frings Tobias Haasis Tomo Hisanaga Toni Calderon Toni Whiddett Tony Attwood Tony Balde Toshi Nakamae Travis Montgomery Trent Goodwin Trevor Wert Valerio Piersanti Vaughn Gittin Jr Vera Wessolek Victor Carrillo Vincent Vosse Vitale Alessandro Maffezzini Wakana Kosumi Warren Overton Will Brown Willett Considine Yannick Yvin Yoshiaki Hashimura Yoshihiro Sakamoto Yoshiyasu Takezawa <emptyline> <emptyline> <emptyline>   <position> External Partners <emptyline> <list> 'FMOD studios' and 'Firelight Technologies'  <emptyline>  REV technology used under license from Crankcase Audio Inc. <emptyline>  Uses Oodle. Copyright © 2008-2017 by RAD Game Tools, inc.   <emptyline>  Uses Bink Video. Copyright © 1997 – 2017 by Rad Game Tools, Inc   <emptyline>  Development tools and related technology provided under license from Logitech.  © 2001-2017 Logitech.  All rights reserved.  <emptyline>  Trademarks, design patents and copyrights are used with the approval of  the owner of Agajanian Racing <emptyline>  “Aston Martin”, “Aston Martin Racing” and related logos and other trademarks  are owned, licensed and/or used by Aston Martin and Aston Martin Racing.   These trademarks may not be used, amended and/or reproduced without permission.  All rights are reserved. <emptyline>  Trademarks, design patents and copyrights are used with the approval of the  owner of AUDI AG <emptyline>  Trademarks, design patents and copyrights are used with the approval of  the owner of Briggs Automotive Company (BAC) Limited <emptyline>  Produced under licence from Bentley Motors Limited England. “Bentley”, the ‘B’  in wings device and other associated logos and names are trademarks of  Bentley Motors Limited. The body designs of Bentley motor cars are protected  by Bentley Motors Limited under design, trademark and trade dress regulations <emptyline>  The BMW logo and BMW wordmark are trademarks of BMW AG and are used under license. <emptyline>  General Motors Trademarks used under license to Slightly Mad Studios Ltd <emptyline>  Caterham and associated logos and trade dress are registered trademarks of  Caterham Cars Ltd and are used under license. <emptyline>  The name and design of CITROËN and DS are used with the permission of  Automobiles CITROËN <emptyline>  Produced under license of Ferrari S.p.A. The name FERRARI, the PRANCING HORSE device, all associated logos and distinctive designs are property of  Ferrari S.p.A. The body designs of the Ferrari cars are protected as  Ferrari S.p.A. property under design, trademark and trade dress regulations. <emptyline>  Ford Trademarks and Trade Dress used under license to Slightly Mad Studios Ltd <emptyline>  Trademarks, design patents and copyrights are used under licence from  Ginetta Cars Limited <emptyline>  For Honda Automobiles: Honda Official Licensed Product. Designed, manufactured and distributed by or  for Slightly Mad Studios. Honda, the “H” logo, Honda vehicles and their trade  dress, and all associated vehicle emblems, logos, marks and names are trademarks  and intellectual property of Honda Motor Co., Ltd. All rights reserved. <emptyline>  For Acura Automobiles: Acura Official Licensed Product. Designed, manufactured and distributed by or  for Slightly Mad Studios. Acura, the “A” logo, Acura vehicles and their trade  dress, and all associated vehicle emblems, logos, marks and names are trademarks  and intellectual property of Honda Motor Co., Ltd. All rights reserved." <emptyline>  Trademarks of Brickyard Trademarks Inc. used with permission <emptyline>  Jaguar and the leaper device are trademarks owned and licensed by  Jaguar Land Rover Limited <emptyline>  All KTM vehicles, vehicle names, designs and logos are trademarks of KTM AG. <emptyline>  The trademarks, copyrights and design rights in and associated with Lamborghini,  Lamborghini with Bull and Shield Device are used under license from Automobili  Lamborghini S.p.A., Italy <emptyline>  Ligier and associated logos and trade dress are registered trademarks of Everspeed  for Onroak Automotive and are used under license. <emptyline>  Approved and licensed by Classic Team Lotus Ltd <emptyline>  Mazda Motor Corporation Approval No. 20019 <emptyline>  Manufactured under license from McLaren Automotive Limited.The McLaren name  and logo are registered trademarks of McLaren <emptyline>  “Mercedes-Benz” and “Three pointed star in a ring” are trademarks of Daimler AG  and used under license by Slightly Mad Studios Ltd. <emptyline>  MITSUBISHI MOTORS and  emblems are trademarks of MITSUBISHI MOTORS CORPORATION  and used under license to Slightly Mad Studios Limited. <emptyline>  MOTUL, the MOTUL LOGO and 300 V are registered trademarks of MOTUL (SA).  All rights reserved” and the Licensed Designs are protected by“© MOTUL’s  copyright – 1995- All rights reserved <emptyline>  Trademarks of Nissan Motor Co., Ltd. used under license to Slightly Mad Studios.  81-27617-22520 <emptyline>  Trademarks, design patents and copyrights are used with the approval of the  owner of OMSE. <emptyline>  "Opel Trademarks used under license to Slightly Mad Studios Ltd - Les marques Opel  sont utilisées sous license par Slightly Mad Studios Ltd" <emptyline>  Trademarks, design patents and copyrights are used with the approval of the  owner of ORECA SAS. <emptyline>  The trademarks PAGANI and Pagani Automobili and Huayra and Zonda are registered  trademarks and used under license from HORACIO PAGANI S.P.A., Italy <emptyline>  Panoz LLC vehicle models and trademarks are subject to copyright and other  intellectual property protection. Used with permission of Panoz LLC, a division  of Green4U Technologies, Inc. All rights reserved. <emptyline>  Under License of Porsche AG <emptyline>  Radical Sportscars Official Licensed Product. Designed, manufactured and distributed  by or for Slightly Mad Studios. Radical Sports Cars, Radical, the “R” logo, Radical  vehicles and their trade dress, and all associated vehicle emblems, logos, marks and  names are trademarks and intellectual property of Radical Sportscars Limited.  All rights reserved. <emptyline>  "RENAULT Official Licensed Products. Vehicle Models and Trademarks protected by  intellectual property laws. Used with permission of RENAULT. All rights reserved" <emptyline>  Under license of Toyota Motor Corporation <emptyline>  The name and design of Autodromo Internacional Do Algarve are used with the permission  of Parkalgar - Parques Tecnologicos e Desportivos, S.A.  <emptyline>  The name and design of the Mount Panorama Motor Racing Circuit are used with the permission  of Bathurst Regional Council <emptyline>  The name and design of Brands Hatch are used with the permission of Motorsport Vision Ltd. <emptyline>  Trademarks of Automotocrom Brno,a.s. used with permission <emptyline>  The name and design of Cadwell Park are used with the permission of Motorsport Vision Ltd. <emptyline>  The name and design of Circuit de Catalunya and Circuit de Barcelona-Catalunya are used  with the permission of Circuits de Catalunya, S.L. <emptyline>  Trademarks of Circuit of the Americas LLC used with permission <emptyline>  DAYTONA® is a registered trademark of the International Speedway, Inc. and licensed to  International Speedway Corporation. <emptyline>  Trademarks and likeness of DirtFish, LLC used with permission <emptyline>  "The Donington Park name, graphic design and logo are registered and protected  under UK and European law and similarly, those copyrights of all Donington's  partners and sponsors included in the track design and layouts for this game  are also protected under relevant laws. Any unauthorised breaches, misuse,  or misrepresentation of any of these copyrights, designs and logos will be  pursued to the fullest extent of the applicable law". <emptyline>  The name and design of Dubai Autodrome circuit are used with the permission  of Dubai Autodrome LLC. <emptyline>  Fuji Speedway Copyright ©Fuji International Speedway Co., Ltd. All rights reserved. <emptyline>  Trademarks of Hockenheim-Ring GmbH used with permission <emptyline>  Trademarks of Formula Imola S.P.A. used with permission <emptyline>  Trademarks of Brickyard Trademarks Inc. used with permission <emptyline>  Trademarks of Knockhill Racing Circuit Ltd used with permission <emptyline>  Trademarks of Sports car Racing Association of the Monterey Peninsula  "SCRAMP" used with permission <emptyline>  Slightly Mad Studios usage of Lånkebanen's/HellRX's track design is licensed  and approved by NAF Motorsport Trøndelag <emptyline>  24H Le Mans official Licensed product. Le Mans TM 2017. <emptyline>  Rallycross Lohéac - trademark of Association Sportive du Rallycross de Lohéac  - France used under license to Slightly Mad Studios Ltd <emptyline>  Trademarks of Grand Prix Association of Long Beach, LLC. used with permission <emptyline>  The name and design of the Lydden Hill Race Circuit are used with the permission of  Lydden Race Circuit Ltd. <emptyline>  The likeness and trade dress of the Track “Autodromo Nazionale Monza” , the name of  the track and the associated logos are exclusive properties of S.I.A.S. S.p.A. -  Autodromo Nazionale Monza. <emptyline>  The name and design of the Nürburgring Race Circuits are used with the permission of  capricorn Nürburgring GmbH. <emptyline>  The name and design of the Motorsport Arena Oschersleben are used with the permission of  Motorsport Arena Oschersleben GmbH. <emptyline>  The name and design of Oulton Park are used with the permission of Motorsport Vision Ltd. <emptyline>  Under License of Porsche AG <emptyline>  Trademarks of Projekt Spielberg GmbH & Co KG used with permission <emptyline>  The name and design of Road America are used with the permission of  Road America Inc. <emptyline>  “Red Bull® Marks are licensed by Red Bull GmbH/Austria” <emptyline>  The name and design of Ruapuna Park are used with the permission of  The Canterbury Car Club. <emptyline>  © Silverstone Circuits Limited 2017 <emptyline>  The name and design of Snetterton are used with the permission of  Motorsport Vision Ltd. <emptyline>  Sonoma Raceway is a trademark of Speedway Properties Company, LLC <emptyline>  Copyright ©SUGO Co.,Ltd. All rights reserved. <emptyline>  "Texas Motor Speedway ® is a registered trademark of Speedway Properties Company, LLC,  registered in the U.S. The Globe Logo ® is a registered trademark of Speedway Properties  Company, LLC, registered in the U.S." <emptyline>  WATKINS GLEN® is a registered trademark of the International Speedway, Inc. and licensed  to International Speedway Corporation. <emptyline>  The name and design of Willow Springs International Raceway are used with the permission  of Christopher C. Huth General Manager and Owner of Willow Springs International Raceway. <emptyline>  The Track Marks, designs, logo and trademark of Zhuhai International Circuit are licensed  by Zhuhai International Circuit Ltd. <emptyline>  The name and design of Circuit Zolder are used with the permission of Circuit Zolder Inc. <emptyline>  PIRELLI and PIRELLI logo are trademarks of Pirelli & C. S.p.A.; PZERO is a trademark of  Pirelli Tyre S.p.A. All trademarks are used under license <emptyline> <emptyline> <emptyline>       	<list> <header> Project CARS 2 <emptyline> <emptyline> <position> Slightly Mad Studios <emptyline> <emptyline> <position> Head of Slightly Mad Studios <list> Ian Bell - Chief Executive Officer <emptyline> <emptyline> <emptyline>  <position> Art <list> Darren White – Art Director <emptyline> <emptyline> <emptyline>  <position> Art: Character <list> Vit Budin – Character Artist Aleš Filka – Character Artist & Animator Tomáš Flak – 2D & Concept Artist Peter Gerhát – Lead Animator  Lukas Mensik - Characters and Animations Manager Marlon R. Nunez – Character Artist & Animator František Resl – Character Artist Zbyněk Trávnický – Technical Animator <emptyline> <emptyline> <emptyline>  <position> Art: Environment <list> Mark Adams - Art Manager Luis Barata - Environment Artist Chris Barnes - Senior Environment Artist Michal Beran - Senior Environment Artist Richard Berwick - Senior Environment Artist Gary Browne - Senior Environment Artist David Brumla - Senior Environment Artist Karl Davies - Senior Environment Artist Andrea Fabris - Senior Environment Artist Dave Flynn - Senior Environment Artist Martin Franek - Environment Artist Kateřina Habrová - Environment Artist Michal Jeschke - Senior Environment Artist James Kett - Principal Artist Petr Klvač - Environment Artist Siu Jone Lee - Senior Environment Artist Andrew Liddle - Senior Environment Artist Andreas Moll - Senior Principal Artist Sven Moll - Senior Principal Artist Jan Pavelko - Environment Artist David Rezac - Senior Environment Artist Cassius Rodrigues - Senior Environment Artist Oscar Soper - Lead Environment Artist Tomas Trlica - Environment Artist Jose Perez De Vries - Senior Environment Artist Darren Wakeman - Senior Environment Artist <emptyline> <emptyline> <emptyline>  <position> Art: Vehicles  <list> Sean Barron -  Junior Vehicle Artist  Tarran Booth – Vehicle Artist Jean-François Bouchard – Senior Vehicle Artist Matt Clark - Senior Vehicle Artist Vincent Dambreville – Vehicle Artist Ivo Franic – Vehicle Artist Kreso Franic – Vehicle Artist Jan Frischkorn - Vehicle Art Manager Vicko Hazdovac – Vehicle Artist Ralph Hummerich – Vehicle Artist Kunal Jain – Vehicle Artist Daniel Karlsson - Senior Vehicle Artist Jacek Kosieradzki – Vehicle Artist Ales Ogrinc – Vehicle Artist Gustavo Olivera – Vehicle Art Lead Martin Olivera – Vehicle Artist  Stanisław Potulski – Vehicle Artist Perran Truran - Senior Vehicle Artist Jaroslav Turna - Vehicle Artist <emptyline> <emptyline> <emptyline>  <position> Audio <list> Jon Bailey – Voice Over Recording Engineer Rashid Hille – Sound Designer Eilam Hoffman – Location Sound Recordist Vanesa Lorena Tate - Head of Audio Paul Scargill - Audio Programmer Gergely Szelei - Audio Programmer László Vincze - Senior Sound Designer Lewis Williams - Junior Audio Designer <emptyline> <emptyline> <emptyline>  <position> Car Handling <list> Doug Arnao - Senior Physics / AI Engineer  Jussi Karjalainen – Handling QA Lead  Casey Ringley - Technical Vehicle Lead Andrew Weber - Physics Programmer <emptyline> <emptyline> <emptyline>  <position> Cinematics <list> Ed Mas - Video Director Paul Shuker - Cinematics and Video Assistant <emptyline> <emptyline> <emptyline>  <position> Code <list> Steve Dunn – Technical Director <emptyline> <emptyline> <emptyline>  <position> Code: Gameplay <list> Gergely Bencze - Gameplay Programmer Dominic Clarke - Gameplay Programmer  Stuart Hunt - Senior Gameplay Programmer  Bob Ives - Gameplay Programmer Anders Johansson - Lead Gameplay Programmer Michael Lalaounis - Gameplay Programmer Rick Lamb - Gameplay Programmer Are Leistad - Gameplay Programmer Martin Moravec - Gameplay Programmer Ian Sweeny - Senior Gameplay Programmer James Vipond - Gameplay Programmer Mark Watson - Senior Gameplay Programmer Steven Wright - Gameplay Programmer <emptyline> <emptyline> <emptyline>  <position> Code: Online <list> Ian Bird - Online Programmer  Thomas Gomes - Online Programmer  Victor Khomskiy - Online Programmer  Mike Laskey - Head of Online Alexandru Marian - Online Programmer Pablo Medina - Online Programmer Mike Montgomery - Online Programmer Michal Řeháček – Server Programmer Štěpán Vondrák - Online Programmer  Iain Wallington - Lead Online Programmer  James Woollard - Online Programmer <emptyline> <emptyline> <emptyline>  <position> Code: Physics & AI <list> Peter Arbet - Physics Programmer  Jiří Boldyš - Physics Programmer  Artem Ermolov - Lead Physics and AI Programmer Christian Ferrario – AI Programmer Dmitry Meleshkin - Physics Programmer  Steven Walker - Physics and AI Programmer <emptyline> <emptyline> <emptyline>  <position> Code: Render <list> Kevin Boland – Principal Render Engineer  Robert Dibley - Lead Render Programmer Tim Lewis - Render Programmer Fabio Luchetta - Senior Render Programmer  Tim Mann - Low Level Cross-Platform Render Engineer Ivo Novak – Render Programmer <emptyline> <emptyline> <emptyline>  <position> Code: Tools <list> John Atkinson – Senior Tools Programmer James Boulton - Senior Tools Programmer  Andy Clark - Lead Tools Programmer Gábor Mónus - Senior Tools Programmer Jack O’Neill - Tools Programmer Daniel Wheeler - Senior Tools Programmer <emptyline> <emptyline> <emptyline>  <position> Design <list> Andy Tudor – Creative Director  Stephen Viljoen – Game Director Matt York – Junior Designer <emptyline> <emptyline> <emptyline>  <position> Graphical User Interface <list> Laurence Alexander – UI Creator  Sean Fitzpatrick – Text Designer Damian Furlong – Senior UI Programmer Nicholas Jablonowski – Senior UI Programmer Derek Payne – Lead UI Programmer Fernando Pedace – UI Designer Andy Rogers – UI Programmer Richard Steer – Senior UI Programmer <emptyline> <emptyline> <emptyline>  <position> Mediacom <list> Joe Barron – Marketing and Esports Manager  Nathan Bell – Web and Social Media Officer Patrick Kulinski – Manual Editor Alex Martini – Head of Communications Rob Massey – Analytics Manager Melinda Neil – Licensing Manager Rob Prange – Web Content Adminstrator <emptyline> <emptyline> <emptyline>  <position> Music <list> Stephen Baysted - Composer Andy Brown - Conductor / Orchestral Contractor Amanda Cook - Musician: Acoustic Guitar Caroline Dale - Musician: Cello Peter Gregson - Musician: Cello John Harvey - Drums / Electric Guitars Jake Jackson - Score Mixer / Score Producer Susan Legg - Featured Vocalist / Piano Guy Michelmore - Additional Music Simon Whiteside - Orchestrator / Score Preparation <emptyline> Music performed by The London Metropolitan Orchestra Music recorded and mixed at Air Lyndhurst Studios, London <emptyline> <emptyline> <emptyline>  <position> Production <list> Umer Ahmad – Assistant Producer  Dave Bramhall – Senior Producer Andy Cherry – Producer Benjamin Fischer – Assistant Producer and Community Manager Jarek Kleiber – Senior Production Support Pete Morrish – Director of Production  John Wray – Production Assistant <emptyline> <emptyline> <emptyline>  <position> Quality Assurance <list> Thomas Bromyard – QA Tester  Tom Brown - QA Manager Tom Curtis - QA Lead Aaron Groves – QA Tester Viktor Kolomiets – Build Manager Filipe Malaquias – QA Tester Christopher Newsum – QA Tester Bruno Pereira – QA Tester  Angus Winnard – QA Tester <emptyline> <emptyline> <emptyline>  <position> Pro Drivers <list> Ben Collins Mitchell DeJong Oliver Eriksson   Vaughn Gittin Jr Nicolas Hamilton Tommy Milner René Rast <emptyline> <emptyline> <emptyline>  <position> Management <list> Rod Chong – Chief Commercial Officer Andy Garton - Head of Development  Ged Keaveney - Chief Technical Officer Mark Pressburg - Chief Finance Officer Frank Veyder - Chief Operations Officer <emptyline> <emptyline> <emptyline>  <position> Administration <list> Margaret Bieniek-Maluszczak - Office Administrator Sally Daligan – Reporting Manager Musanna Muhit - Officer Manager Vittorio Rapa - IT Manager Dickon Springate - Assistant Accountant  Ana Tiza - HR Manager <emptyline> <emptyline> <emptyline>  <position> Additional Vehicle Art <list> Jurgen Braem  Sebastian Brunner  Guillermo Hargreaves Alex Hobbs Eric Kuebler  Che Hoe Lau Michael Peters Mitchel Saad Christian Schmidt Nigel Teags Jaime Lopez Trujillo <emptyline> <emptyline> <emptyline>  <position> Game Babies <list> Lucas Akihito Barnes Nina Simone Bell  Emily Boland Rosalie Bouchard Matyáš Brumla Samson Clark Tabatha Clark  Sonny Alfred Curtis Enzo Dambreville Timofey Ermolov Darragh Fitzpatrick Ada Alyss Furlong Arabella Julie Hoey  Ondřej Jeschke Kika Kleiber Elisabeth Melanie Moll Ester Moravcová Charlotte Maisie O'Neill Frank Jack Sweeny Elen Travnicka Aurelia Jasmine Tudor <emptyline> <emptyline> <emptyline>  <position> Special Thanks <list> Nik Ammar Pole Position Productions  The Audio Guys <emptyline> <emptyline> <emptyline>  <position> ACME <list> Kevin Malling Julie Malling John Wang Tyson Hill Brandon Acree <emptyline> <emptyline> <emptyline>  <position> Glass Egg Digital Media  <list> Thuy Le Hoang Nguyen Tu Tran Cam <emptyline> <emptyline> <emptyline>  <position> SkinzWraps Racing <emptyline> <emptyline> <emptyline>  <position> Intel Corporation <list> George Bain Leigh Davies Bartosz Boczula Patrick J Farrell <emptyline> <emptyline> <emptyline>  <position> Technology Partners <list> Simon Newby - 6T3 Eric Mindjimba - Thrustmaster Christopher McKelvy - Oculus Rift Thomas Jackermeier - Fanatec Roy Kerkhoff - Playseat Nevil Slade - Vesaro Curtis Brown - Logitech Phil Scott - NVidia Glen Chou - True Scale Miniatures <emptyline> <emptyline> <emptyline>   <position> BANDAI NAMCO Entertainment Europe S.A.S <emptyline> <list> Goran Marinković - Producer Manuela Riboldi - Localisation Project Manager Sohail Daniel - Localisation Project Manager Franck Genty - Localisation Manager Bertrand Mangin - Quality Control Project Manager Olivier Robin - Quality Control Manager Claire McGowan - Certification Manager Stéphane Entéric - Engineering Services Project Managers Emeric Polin - Engineering Services Project Managers Samuel Gatté - Publishing & Product Support Senior Director  Chris Altiparmakis - Product Manager Arnaud Staebler - 3rd party IP Strategy and Marketing Manager Morgane Ah Kong - PR Manager Héloïse Ribeaucourt - Events Manager André Persson - PR, Communication & Events Director  Alexandre Vision-Bonnet - Game Content Analyst & Designer Jocelyn Cioffi - GES Manager Rudy Pantoustier - Junior Market Analyst Julie Joet - Market Research Manager Patrick Rose - Business & Product Analyst Alberto Gonzalez Lorca - VP Business Development Pablo Rodriguez Fernandez - Business Development Manager Denis Ferrier - Business Development Manager Vincent Hattenberger - Creative Designer Gwen Ruby - Creative Assistants Anne Laure Bouton - Creative Assistants Anthony Grabit - Community Manager Team Leader Isshak Ferdjani - European Community Managers Laurence Patey - E-Commerce Manager Romain Chantelot - CRM Project Manager Julia Crusot - CRM Project Manager Junior Lucas Guedot - Web Master Bertrand Amiard - Web Project Manager Jérôme Chatelain - Digital Sales Managers Anthony Macaré - Digital Business Unit Director Hervé Hoerdt - VP Marketing & Digital Mieko Murakami - Sales Reporting & License relation Sandrine Dubois - Packaging Project Manager  Céline Vilgicquel - Packaging Project Manager & Marketing Support Caroline Fauchille - Manufacturing & Printed Materials Director Delphine Doncieux - Supply Chain Coordinators Mike Shaw - Supply Chain Coordinators Nicolas Guérard - Supply Chain Manager Laura Testud - Manufacturing Coordinator Marine Thevenet - Lawyer Stéphanie d'Ornano - Legal Manager Frederic Armitano Grivel - SVP Legal & Business Affairs Kunio Ikoma - VP Corporate Planning & Finance Christophe Delanoy - VP Distribution Operations Masataka Nemoto - Senior Director Development Strategy & Management Yoshi Niki - SVP Production & Development Naoki Katashima - President & COO <emptyline> <emptyline> <emptyline>  <position> Local Marketing Team <list> Phil Brannelly - UK Olivier Reocreux - France Alexandre Billaud - Belgium David Razaghi - Deutschland Laura Aznar - Iberica Marco Caputo - Italy Alexandre Billaud - Netherlands  Andreas Juliusson - Nordic  George Soulogiannis - Hellas Oleg Khazhinskiy - Eastern Europe Stephen O'Leary - Australia <emptyline> <emptyline> <emptyline>  <position> GlobalStep Services Pvt. Ltd. <list> Sumit Arora - QA Director Piyoosh Sah - QA Manager Neeraj Bhardwaj - Test Coordinator Saurabh Tarolkar - Test Lead Zishan Khan - Test Lead <position> Testers <list> Keshav Subhash Kale Altaf Shabbir Pathan Kishore Kumar T S Mayank Sharma Sujata Gundewar Preetam Khomane Nirav Narendra More Dheeraj Gadve R. Chandrasekher Reddy P. Vivek Abhijit Madhukar Doiphode Prashant Gulab Medhe Rahul Saini Abhijeet G. Kakpure Pramod Hambir Vishal Kakade Sagar Dhamankar Prashant Lolage Arnold Nirmal Ashish Appaso Patil Debashish Saha Devashish Mishra Gaurav Oak Harjee Anand Harshad K Kshirsagar Himanshu Shrivastava Jasmine Bhaldar Kalpesh Deelip Chavan Kanishk Sanjay Sahay Kusumesh Vyas Latif Husain Mayur Sharad Dorle Md Ilteza Alam  Mohammad Shadab Ali Mohit Kumar Bhatnagar Pooja Rikibe Prashant Pawar Purva Zarkar Shreyas M. Ranade Simjo Simon Swapnil Najan Tejas S. Vaidya Tushar Dubey Vipul Vijaykumar Powar <emptyline> <emptyline> <emptyline>  <position> Keywords International <list> Thomas Courtonne - Project Manager  Davi Almeida de Souza - Test Lead <position> Testers <list> Grégory Alliot Moulay-Toumi Sabri Perry Mainville Virginie Cloutier-Brassard Chiara Di Modica Alessandro Tenza Manuel Ravazzini Patricia Raabe Simran Karir Sebastian Schneider Alba La Orden Garcia Clara Guzman Noelia Penin Garcia Evgeniya Kozyreva Vladimir Kozin Andrei Pivovar Adam Dabrowski Natalia Mieczynska Aleksandra Wanda Jozwiak <emptyline>  <position> Maverick Media LTD <emptyline> <emptyline> <emptyline>  <position> BANDAI NAMCO Entertainment America Inc. <emptyline>  <position> Executive Management <list> Mark Tsuji - President & CEO Hide Irie - Executive VP & COO Shuji Nakata - Executive VP & CFO <emptyline> <emptyline> <emptyline>  <position> Publishing & IP Strategy <list> Taka Akiyama - VP, Publishing & IP Strategy Tad Hirabayashi - Senior Director, Production Services Rey Jimenez - Producer Knut Grossmann - Localization Manager Carmen Vega-Reina - Localization Project Manager Takeshi Miyazoe - Senior Director, IP Strategy Shoya Yamazaki - Manager, IP Strategy Nao Takeda - Manager, IP Strategy Kyoko Acheson - Manager, IP Strategy Jhune De La Cruz - Digital Business Manager Kahlil Najar - Digital Channel Marketing Manager Garrett Miller - Digital Content Specialist David Wood - Senior Manager, Business Development Tomomi Takahashi - Administrative Assistant <emptyline> <emptyline> <emptyline>  <position> Operations <list> Hans Lui - Director, Applications & Operations Jennifer Tersigni - Senior Operations Manager David Wang - Operations Analyst Shin Young - Applications Support Specialist Miriam Beltran - Travel Administrator Korey Belanger - Office Manager <emptyline> <emptyline> <emptyline>  <position> Sales <list> Chris Gilbert - Senior Vice President of Sales & Marketing Melani Windham - Senior Director of Sales Terry Carlson - Director, Sales Operations Laura Yoshioka - Sr. Director, Retail Marketing and Merchandising Bob Johnson - Senior Channel Marketing Manager May Hayes - Senior Sales Operations Specialist <emptyline> <emptyline> <emptyline>  <position> Marketing and PR <list> Eric Hartness - Vice President of Marketing Dennis Lee - Director, Brand Marketing Raymond So - Brand Manager Denny Chiu - Director, Communications & Social Media Nick O’Leary - Senior Public Relations Specialist Jason Cline - Events Manager Alia Oda - Event Planner Dalton Link - Social Marketing & Community Manager Cyrus Wesson - Social Marketing & Community Specialist Dmitryi Khlynin - Community Specialist Jeremy Caine - Interactive Designer Michael Le - Graphic Artist <emptyline> <emptyline> <emptyline>  <position> Legal and Business Affairs <list> Martin Nguyen - Senior Associate Attorney Patrick Lundell - Associate Attorney Rafael Orozco - Associate Attorney Matthew Datum - Associate Attorney Reina Nagai - IP Administrator <emptyline> <emptyline> <emptyline>  <position> Quality Assurance <list> David Moya - QA Manager Jesse Mejia - CQC Supervisor Y Pham - Project Coordinator Johnny Moya - Senior CQC Coordinator Cameo Wininger - CQC Coordinator Jonathan Price - CQC Coordinator Matt Peterson - CQC Coordinator Merwin del Rosario - CQC Coordinator Adrian Escultura - CQC Tester Adrian Serafica - CQC Tester Arnold Feener - CQC Tester Brendan Duley - CQC Tester Dustin Tran - CQC Tester Ian Nunes - CQC Tester Josh Daily - CQC Tester Luke Gardner - CQC Tester Matthew Cain - CQC Tester Nicholas Malouf - CQC Tester Samuel Reiter - CQC Tester Steven Wilton - CQC Tester Xonie Martin - CQC Tester <emptyline> <emptyline> <emptyline>  <position> Keywords International <list> Maurizio Cigoli - QA Project Manager Luis Izquierdo - Project Lead Leonardo Akimoto - LQA Brazilian Portuguese Jose Suarez - LQA Latin American Spanish Sara Bourgeois - LQA French Canadian <emptyline> <emptyline> <emptyline>  <position> Customer Support <list> Jesus Barragan - Customer Service Manager Takumi Kobayashi - Sr. Customer Service Representatives Ryan Phung - Sr. Customer Service Representatives Michael Gu - Customer Service Representatives Ryan Hamaguchi - Customer Service Representatives <emptyline> <emptyline> <emptyline>   <position> BANDAI NAMCO Entertainment Asia Pte Ltd. <emptyline>  <list> Gerard Noonan - Senior Vice President & MD Asia & Pacific Richard Taylor - Regional Finance Director Hiroaki Ochiai - SVP Business Development Asia Pacific Jennifer Poulson - SVP Marketing Asia William Wang - Managing Director (Taiwan) Chad Park (Korea) - General Manager Rainel Tan (Singapore) - General Manager Yoichiro Mogi - IP Strategy Manager Asia Pacific Tag Chang (Korea) - Associate Product Manager Eshley Gao (Singapore) - Associate Product Manager Hailey Shin - Associate Product Assistant (Korea) Hamid Rahman - Country Manager (Hong Kong) Carrie Hsiao (Taiwan) - Marketing Manager Jung-eun Oh (Korea - Marketing Manager Ronan Fong (Hong Kong) - Marketing Manager Sophia Lek (Singapore) - Marketing Manager Debbie Chu - Product Manager & PR (Taiwan) Tobias Chang - Product Manager & PR (Taiwan) Zoe Kao - Product Manager & PR (Taiwan) Joanna Fong - PR Assistant Manager (Taiwan) Vito Lee - Marketing Assistant (Korea) Diony Kum - Marketing Assistant (Korea) Catherine Abigail Santos (Philippines) - Marketing & Accounts Executive Renee Lim - Logistics And Account Coordinator (Singapore) Jessie Hsieh - Art Designer & Operations Coordinator (Taiwan) Lin Pei Hsia - Art Designer & Operations Coordinator (Taiwan) Benny Tsai (Taiwan) - Sales Manager Nicholas Ng (Malaysia, S.E.A) - Sales Manager Peter Yang (Taiwan) - Sales Representative Angeline Ang (Singapore) - Finance Manager KD Kim (Korea) - Finance Manager Vivian Liu (Taiwan) - Finance Manager Amy Soong - Senior Accounts Executive (Singapore) Betty Chen - Accountant (Taiwan) Carol Huang - Accountant (Taiwan) Chang Yuan Gang - Localisation Manager Chloe Lee (Korea) - Localisation Manager Daniel Cao (Singapore) - Localisation Manager Ash Kim - Localisation Assistant (Korea) Tsai Mulan - Localisation Project Leader (Taiwan) Chang Kang - Traditional Chinese Localisation Team Chen Pei Yu - Traditional Chinese Localisation Team Chien Chin Hsien - Traditional Chinese Localisation Team Hsieh Wan Chi - Traditional Chinese Localisation Team Hsu Tsai Ying - Traditional Chinese Localisation Team Hsu Yu Han - Traditional Chinese Localisation Team Lee Yi Shuan - Traditional Chinese Localisation Team Lin Chih Yen - Traditional Chinese Localisation Team Chiang Chi Che - Traditional Chinese QA Project Leader  Huang Shih Wei - Traditional Chinese QA Project Leader  Yu Chiao Huai - Traditional Chinese QA Project Leader  Wang Kuan Chun - Traditional Chinese QA Project Leader  Chen Chun Chih - Traditional Chinese Localisation Tester Chen Xian Zhe - Traditional Chinese Localisation Tester Chien Shih Siang - Traditional Chinese Localisation Tester Chou Yuan - Traditional Chinese Localisation Tester Hsu Kuo Huang - Traditional Chinese Localisation Tester Wang Jing Ting - Traditional Chinese Localisation Tester Wang Yan Zhe - Traditional Chinese Localisation Tester Wu Chi An - Traditional Chinese Localisation Tester Ki Moon Lee - Korean Localisation Team Bird Lee - Korean Localisation Tester Jae Jin Yi - Korean Localisation Tester In Keon Kang - Korean Localisation Tester Ji Yeon Jung - Korean Localisation Tester Duk Woo Kim - Korean Localisation Tester AltJapan Co., Ltd - Singapore Localisation Team Ethan Sia Chee Keong - English QA Project Leader  Ahmad Fuad Bin Ahiari - Singapore Localisation Tester (NYP Intern) Damian Ang Ming Guang - Singapore Localisation Tester (NYP Intern) <emptyline> <emptyline> <emptyline>   <position> BANDAI NAMCO Entertainment Inc. <emptyline> <list> Satoshi Oshita - Executive Producer Hirotaka Reizei - Executive Producer Daisuke Uchiyama - General Producer Ryuichiro Baba - General Producer Kazutoki Kono - Chief Producer Satoshi Otsuka - International Producer Tsuyoshi Koda - International Producer Manabu Shimomoto - Producer Tomoya Yoshida - Special Thanks <emptyline> <emptyline> <emptyline>  <position> Quality Assurance - Functionality QA <list> Tomoaki Imanishi Ryou Tanaka Akihide Ono Ryuuta Sano Masashi Aoyama Kaname Nakano Takashi Shimogaito Natsuki Koyama Shinya Sasaki Kouki Iwao Masaya Nakata <emptyline> <emptyline> <emptyline>  <position> Customer Service - Quality Assurance <list> Keita Kiso Takashi Sawai Miku Takamatsu <emptyline> <emptyline> <emptyline>  <position> Promotion <list> Kenta Seino Yasuko Sato Satoshi Nakauchi Onur Guenduez <emptyline> <emptyline> <emptyline>  <position> Sales & Marketing <list> Taiki Yasuko Masaki Hoshiai Hidekazu Naito Yuta Fukami Noriyuki Tanaka Yumi Maiguma  Kazuki Konishi  <emptyline> <emptyline> <emptyline>  <position> Production Support <list> Tomomi Arakawa Tomomi Fujisawa <emptyline> <emptyline> <emptyline>  <position> Localization <list> Eiichi Ikeda Takayuki Tsuji Tatsuji Michihiro Claudio Cascone Hideyoshi Misawa <emptyline> <emptyline> <emptyline>  <position> Quality Assurance Support <list> Hiroyuki Tsujii Sho Tanaka Hiroshi Araki Megan O'leary Tatsuya Wada Kiriyo Tanaka <emptyline> <emptyline> <emptyline>  <position> WMD <position> Thank you for your continued support, we couldn't have done it without you. <emptyline>  <position> WMD VIP's <list> Alex Lindstrem David Lansade Eyal Alsaud Henning Weidhase James Loucks Kyle Pearson Ross Clabburn Sven Markowski Thomas Lockers Thomas Taschler Toni Harkonen <emptyline> <emptyline> <emptyline>  <position> Special Thanks <list> Aaron Clark Aaron Coleman Aaron Parker Aaron Ritzau Aaron Turner Adam Higgs Adam Lindsey Adam Preston Adam Sharpe Adam Viljoen Adam Wilewski Ade Young Adelaida Afonso Adrian Smith Adriano James Piras Adrien Lopes Aidan Taylor Alain Jimeno Alain Kohler Alan Bertenshaw Alan Cheung Alan Nelson Alan Smith Aldo Zampatti Alec Barker Alejandro Montero Aleksander Otterstad Aleksandr Timkov Ales Permozer Alessandro De Carolis Alessio Beninato Alessio Vismara Alex Greenland Alex Porter Alex Stahlhut Alexander Dornheim Alexander Mueller Alexander Santos Alexandre Amirizian Alexey Kuntsevich Alfie Pugh Allan T. Olsen Allen Clarke Anders Peterson Andre Henschel Andre Kaestner Andreas Gremme Andreas Hader Andreas Kittlaus Andreas Seeger Andreas Traub Andreas van Wingerden Andreas Wunder Andrej Akopian Andrej Svajger Andrew Adamson Andrew Currens Andrew Jones Andrew Moseley Andrew Myers Andrew Todd Andrew Wise Andy Edwards Andy Weinberger Ang Li Angel G Criniti Anthony Azzari Anthony Haddox Anti Telkinen Antoine le Campion Antonio Benitez Antonio Rodriguez Clotet Antony Boland Ari Antero Arnaud Hirtz Arnaud Segre Arne Jurgens Arno Bisquolm Ashley Horton Aurelien Duval Aurelien Walpen Axel Dietzel Barrett Ettel Bart van Kleven Basim Alhejaili Bastian Hellmann Benjamin Beacock Benjamin Beier Benjamin Benichou Benjamin Beyer Benjamin Fischer Benjamin Menger Benjamin Weisenfeld Benjamin Winter Bent Granheim Bernd Resch Bernd Schmidt Bernd Schwarzinger Beys Nordine Bob Romano Bohuslav Lacina Boris Demidov Botond Vasarhelyi Brad Bodily Braden Williams Bradley Parrott Bradley Rossetti Bram Vanbuel Brandon Andrew Lee Brandon Bosch Brandon Clark Brandon Limkemann Brent Blihovde Brent Seeliger Brook Murray Cameron Brewster Cameron Howell Carl Morton Carl Shaw Carlos Dominiak Carlos Esteves Cedric Flouret Chadd Lowe Charles Mader Chee Keong Lau Chihoon Ahn Choserot Michael Chris Arnett Chris Aubert Chris Baumann Chris Candelaria Chris Goatcher Chris Kunz Chris Miller Chris Morris Chris Mosley Chris Payne Chris Rae Chris Stenersen Chris Twigger Chrisi Schmidt Christiaan van Beilen Christian Banks Christian Geihe Christian Gomolka Christian Hagemann Christian Hellman Christian Mutz Christian Pabinger Christian Paul Christian Pillwein Christian Quaynor Christian Schmidt Christian Schroeder Christian Schumann Christian Steinhaeusser Christian van Rooyen Christoffer Almgren Christoph Brandstetter Christoph Laux Christoph Schmidt Christophe Cador Christophe De Greef Christopher Aspden Christopher Cassidy Christopher Davis Christopher Dorn Christopher Frantz Christopher Gray Christopher Hauser Christopher Lord Christopher McEnteer Christopher Porter Christopher Reekie Chuck Duhon CJ Yi Clement Moriceau Cleon Waterberg Clive Morrison Codrin Purice Colin McKay Condamine Florian Copin Michael Corrado Raucea Craig Jorgensen Craig Moon Craig Parkes Cyril Declercq Damian Hall Dan OBrien Dan Thorpe Daniel Bader Daniel Boeckmann Daniel Dorion Daniel Krissel Daniel Meister Daniel Perez Daniel Saik Daniela Siekiera Daniele Vianini Danny Park Danny Schmid Danny Vlaar Daren Ludvigson Darin Salisbury Dario Walker Darrel King Darren Henderson Darren Leeson Darren Muir Darren Symons Darryl Mills Dave Arthur Dave Higgs Dave Holland Dave Richardson David Allak David Bishop David Bornkessel David Burton David Commons David E. Lengel David Haggar David Ham David Ingram David Ironside David Kneller David Knipp David Majidimehr David Marin David Marquez Mato David Merino Perez David Neighbour David Payne David Pym David Saunders David Sharples David Smith David Stuecker David Summers David Vangheluwe David Vickery David Waymouth Davy Van den Abbeele Dean Welfare Denis Besic Denis Eder Martinez Pineda Dennie de Groot Dennis Pohlmann Derek Millar Derrick Ritchie Detlev Hartenstein Devin Smith Devon Massan Dirk Dietrich Dirk Voegele Dmitry Afanasyev Dominic Schoenberner Dong-Gyu Park Dong-Seok Lee Drew Mackay Drew Meisberger Duprez Laurent Dustin Johnson Edson Souza Edward Garland Edward McLean Eike Stender Elliot Janssens Eneas Martinez Costa Enrico Bertolo Enrico Gerosa Erdinc Binyal Eric Bilodeau Eric Dukes Eric Kuebler Eric Lasley Eric Mayuk Eric Schroeder Erich Christen Erich Harvey Erick Gaudreault Erik Hofmann Erik Schramm Erik Uran Erwan Decroix Erwin Berkers Espen Gundersen Espen S. Andresen Eugene Flerko Fabio Calcio-Gandino Fabrice Brigati Fabrice Jourquin Fabrice Vancomerbeck Falk Guenther Felipe Becker Felix Overroedder Felix Renneberg Ferdinand Dernai Ferdinand Schwarzer Fernando Peneda Florian Faistauer Florian Talou Florian Witte Flouret Alexandre Fontaine Loic Francesco Cinque Francis Doria Franck Darstein Franck Herve Franck Montaigne Francois Chevallier Francois Feugier Francois Heitz Frank Kleefeldt Frank Lehmann Frank Schroeder Frederic Davin Frederic Le Palud Fredrik Olofsson Friedrich Riemschneider G. Auriol Gabriel Swietlicki Gareth Harwood Gareth Robinson Gareth Vaughan Garry Holcombe Garvin Kruthof Gary Hunt Gary White Geoffrey Schild Georg Naujoks Georg Swaczyna George Brushwood George Patterson George Shannon George Usoh Gerald Scherr Gerke van Keimpema Giacomo Galeotti Gian-Luca Mateo Gianko Scaglione Gilles Eberhardt Giovanni Tomaselli Glenn Briden Goetze Tobias Gordon Hislop Graham Bartsch Graham Goodrich Graham Hawkins Graham Ritter Graham Watson Greg Corbyn Greg Pillhofer Greg Southall Greg Williams Greg Wright Gregg Mandell Guanchen Liu Guido Dettweiler Guillaume Brunner Guillermo Hargreaves Gunther Roels Gunther Wicht Hanno Peng Don Chlevl Hans Silbernagel Hans-Rolf Schade Harald Kristian Gauslaa Haroon Ashraf Hayden Purvis Heiko Wenzel Hendrik Seitz Henk de Jong Henning Schirk Herbert Waller Hermann Thomas Holger Neitzel Holzer Rene Hugh Shillingford Huib Reijnders Ian Brown Ilya Babansky Ingo Schumann Ingvar Petur Thorsteinsson Ivan Dumalovski Janjusic J Kosieradzki Jacob Urbschat-Satterfield Jagdeep Rai Jaime Lopez Trujillo Jake Southcombe James Alston James Brooks James Eavis James Lithiby James Newman James Smith James Staples James Turbett James Wall Jamie Matthews Jan Berka Jan Flieshardt Jan Fortun Jan Horsky Jan Studenski Jani Mustonen Jani Sihvonen Jannik Strelow Janusz Krasek Jared Broddle Jaroslav Kraif Jason Ganz Jason Mackay Jason Penny Jason Schmidtlein Jason Watson Javier Marcos Jay Elwanger Jay Vigo Jean Christophe Jean Marie Muggianu Jean Marth Jean-francois Le Chenechal Jean-marie Jolibois Jean-Sebastien Charlot Jean-Yves Mercy Jeff Lima Jens Hoefling Jens Schmitt Jeremy Brunel Jeremy Hittle Jeremy Spinks Jeroen van Gelder Jerome Powell Jerry Jacob Vakayil Jesko Weber Jesse Brown Jesse Fahrenkrog Jessy Burgamy Joachim Thiebe Joao Simoes Jochen Klasen Joe Borde Joe Coach Joe Moore Joe Tompkins Joel Lobo Joerg Felgendreher Joerg Giezenaar Joerg Vahldieck Joeri Blootacker Johan Kemper Johan Leroy Johan Marx Johannes Gaganas Johannes Riese Johannes Wieser John Dashey John Hargreaves John Higginbotham John Montgomery John Sant John Shore John Stegman John Tomlinson Jon Burrell Jon Davies Jon Hadden Jon Large Jon Over Jon Trotter Jonas Thomsen Jonathan Carrigan Jonathan Lamela Jonathan Le Clercq Jonathan Padilla Jonathan Vauhkonen Jonathan Waltman Joni Aaltio Joost Korngold Jordi Rodriguez Gresa Jose Anaya Jose Angel Morales Calvache Jose Rivera Joseph Gossen Joseph Marques Joseph Rampelberg Joseph Russo Joseph Schles Joseph Stearn Josh Brocksopp Joshua Healy Joshua Heising Juan Manuel Sanchez Manzano Juergen Flock Juergen Oberreiter Jukka Hautajarvi Julian Oejen Julien Boisaubert Julien Lavoie Junior Basilio Juraj Mamrilla Jurgen Braem Jussi Viljami Karjalainen Justin Gay Justin Hackett Justin Strickland Kai Lochbaum Karim Saissi Karl Mitson Karsten Kremer Karsten Schiemer Kay Schurig Keith Brunnenkant Keith Partyka Ken Owers Kent Bergstrom Kent Nielsen Kevin IJpelaan Kevin Kirkbride Kevin Lawrence Kevin McKenzie Kevin Ochoa Kevin Richardson Kevin Welsh Kieran Jones Kieran Poole Kieran Vella Kim Flawwoo Andersson Kirk Kosinski Klaus-Juergen Weber Knodel David Kobus de Villiers Konrad Kostecki Konstantin Broemmelsiek Koos Rotgans Kourattana Abhay Kowal Peter Kris Dekeyser Kristof Depreitere Kristoffer Bergset Kyfan Stevens Kyron de Haas Lacorre Mickael Nicolas Lacourte-Barbadaux Lars Rosenquist Lasse Ryhanen Laud Barnor Laurent Rizzi Laurent Zender Leander Patzak Lei Liu Leigh Renfrow Leo Graae Leon Garcia Liam Cubley Lindsay Smith Lionel Beasse Llewellyn St David Luca Antonini Luca Cambianica Luca Rassek Lucas Brits Lukas Elmer Lukas Fort Lukas Kamb Lukas van Eck Luke Wojtaszek Lyndon Wright M.J. Lisseveld Mads Krog Jensen Maik Manke Manuel Ballbe Manuel Duerr Manuel Morgenroth Marc Kressmann Marc Packenius Marc Verhoef Marcel Beck Marcel Bloch Marcel Hulsbergen Marcel Jaekel Marcel Jeske Marcel Kleene Marcel Spuehler Marcel Wernegger Marco Engelage Marco Gotz Marco Mosch Marco Olivieri Marco Roth Marcus Blech Marcus Gleitsmann Marcus Johansson Marcus Meyer Marcus Winnig Marek Haase Mario Goebbels Mario Navarrete Mario Scherrer Marius Adams Mark Abbott Mark AuBuchon Mark Barrow Mark Bevan Mark Blanes Mark Bond Mark Carbonaro Mark Doran Mark Dowling Mark Goldfinch Mark Holland Mark Laybourne Mark Leighton Mark Roberts Mark Rueb Mark Smith Mark Turnbull Mark Walker Marko Adrian Markus Beckmann Markus Falkner Markus Meyerhofer Markus Schlabritz Markus Siegmeth Markus Ullrich Marten Johansson Martin G Webb Martin Hartmann Martin Hudson Martin Kucera Martin Lorgnier Martin Schaeller Martin Skytte Martin Thielen Martin Webb Marton Szamos Martyn Breed Marvin Theel Mas Jonathan Massimiliano Franchelli Mathias Veyrun Matt Muirhead Matt O Brien Matt Pierce Matt Webb Matt York Matteo Stirati Matthew Brown Matthew Gibbs Matthew Hargreaves Matthew Julian Matthew Lewis Matthew Minson Matthew Mul Matthew Rushton Matthias Arndt Matthias Beck Matthias Dorst Matthias Jacob Matthias Neber Matthias Schonder Maurice Boeschen Maurizio Lazzeretti Maurizio Posapiano Mauro Fernandez de Bobadilla Mauro Tobon Max Spooner Maxime Parquet Maxime Platon Maximilian Woerlein Michael Ball Michael Baumert Michael Bieber Michael Colomer Michael D Mckeown Michael Dew Michael Dorricott Michael Frnka Michael Herrmann Michael Knoblach Michael Laube Michael Lehneis Michael Marhenke-Richter Michael Matzen Michael Maxwell Michael Meus Michael Milem Michael Norrby Michael Peters Michael Pleym Michael Prahl Michael Repplinger Michael Schmid Michael Steiner Michael Uth Michal Bielik Michal Sofron Michel Fouvet Mick Leighton Mikael Stanne Mike Cowing Mike Dhanpat Mike Gagg Mike Hoffmann Mike van Meerbeek Mike vom Scheidt Mikko Makela Milan Danek Milan Holt Mirko Giorgi Miroslav Bettermann Mitchel Saad Mohamed Gaalich Mohammed El Gueriri Morgan Henstridge Moritz Schickel Moriz Fischer Morten Rousing Fachmann Natan Patel Nathan Kammerud Nedo Radulovic Neil Bateman Neil Brett Neil Farren Neil Hopwood Nelson Badillo Nevil Wigbels Nicholas Chong Nicholas Gregory Nick Claydon Nick Degnan Nick Garland Nick Thornhill Nick Weekes Nico Ernst Nicolas Balland Nicolas Flamand Nigel Teags Niklas Silen Nils Ruwisch Norman Morton Oli Gill Oliver Ginzel Oliver Goehring Oliver Kaiser Oliver Rademacher Oliver Schwing Omar El-Edrissi Ornulf Hagen Oscar Perez Oyvind Nordahl Oyvind Nordbo Pablo Sanchez Parker Korpak Pascal Gatsu Pascal Meyrou Pascal Welsch Patrick Dobler Patrick Gleichmann Patrick Gries Patrick Kulinski Patrick Leventhal Patrick Pomes Patrick Seeger Patrick Strippel Patrick Theysohn Patrik Marek Paul Coburn Paul DeBili Paul Hahn Paul Jackson Paul Pridham Paul Stolber Paul Taylor Paul van der Linden Paul Velasco Paul Walker Paul Yeung Pedro Antunes Pedro Braz Caria Pedro Grave Pedro Rodrigues Per Ricktun Per Rosing Mogensen Peter Andersson Peter Avelovski Peter Boutestijn Peter Chalmers Peter Karanitsch Peter Klawitter Peter Kless Peter Marquardt Peter Stuart Peter Swiatek Peter Vermeulen Petr Strecker Petr Vojkovsky Petri Niemenmaa Phil Denty Philip Bocock Philipp Ackermann Philipp Enderes Philipp Stratmann Philippe Dufour Phillip Jones Pierre Irby Pilaud Fabien Pontus Skoglund Prayoga Hadi Setiawan Quentin Laveau Rafael Sempruch Rafal Ranuszkiewicz Raffaele La Sala Raj Sharma Ralf Huisman Ralf Truttmann Ralph Burger Rambert Yohann Ramiro Correa Randall Kipker Randall Kravarik Ray Heimbuch Raymond de Vries Rene Guenon Rene Liivanurm Rene Owara Rene Regatschnig Rene Wehrmann Reto Marti Reto Marty Ricardo Almeida Richard Barrett Richard Booms Richard Cook Richard Navone Richard Touzimsky Rikki Jenkins Riley Lucier Rob Cowing Rob Denekamp Rob Greenhalgh Rob Huxtable Rob Massen Rob Simms Rob Thompsett Robby Timmermans Robert Dekker Robert Evans Robert Gardiner Robert Lidstrom Robert Lineburg Robert Reagh Robert Schulze Robert Stuart Robert Yates Rodney Tawia Roel de Meulder Roger Graham Roger Prynne Rogier Schaap Roland Franzl Roland Krystaszek Roland Respondek Romain Belorgey Romain Capdeville Romain Rukse Roman Mika Ronald Scheerder Ross Drinkwater Rouch Jean-Guillaume Roucourt Rony Roy Butler Ruedi Zimmermann Rune Morling Ryan Conaway Ryan Parker Ryan Richter Saidur Ali Sam Blease Sampo Jarvinen Sampo Mustonen Samuel Lobietti Samuel Painchaud Sandeep Singh Dhanjal Sander Keus Sascha Haub Sascha Straub Savelkoul Tom Scott Adair Scott Coleman Scott Gibson Scott Hoarty Scott Richardson Sean Foster Sean Lobjoit Sebastian Brunner Sebastian Krogull Sebastian Pechner Sebastian Schillag Sebastian Schlager Sebastian Schweiger Sebastian Wokraczka Sebastien Guglielmi Sebastien roubinet Shane Leksell Shane Stoney Shawn Silsbee Shayne Joseph Paul Shogo Kihara Silas Greiner Silvio Carlos Camolesi Silvio Szekely Simon Bresche Simon Davey Simon Hannaford Simon Hodge Simon Messerli Simon Paynton Simon Reed Simon Welch Simone Barisonzi Sofian Moukhaiar-Senac Spencer McCarthy Stef Volckaerts Stefan Almeida Stefan Biley Stefan Bosch Stefan Delalut Stefan Forster Stefan Hennig Stefan Ihl Stefan Jeppesen Stefan Monz Stefan Nydegger Stefan Oberboersch Stefan Pagenberg Stefan Pitzl Stefan Sulies Stefano Malnati Stefano Pecchio Stefano Pianoterra Steffen Deszczka Stella Lionel Stephan Czekay Stephan Goldenberg Stephan Prinz Stephane Sola Stephen Bacchus Stephen Jubb Stephen Kelly Stephen Way Stephen White Steve Berwald Steve Bird Steve Hew Steve Hoessler Steve Jones Steve Redding Steve Swangler Steve Unsen Steve White Steven Beyer Steven Johnson Steven Labbe Stuart Phillips Suzuki Ryouhei Svein Andre Nilsen Sven Bender Sven Lippmann Sven Ungerecht Sylvain Antoni Sylvain Caillat Tapio Vepsalainen Tatu Teittinen Teddy Yeboah Teemu Koskinen Terrell Olvera Tetsuo Kimura Thibault Scheffmann Thierry Chabanne Thierry Degeilh Thilo Ascher Thomas Einoeder Thomas Goesling Thomas Groener Thomas Hirschi Thomas Hoenen Thomas Keaveney Thomas Kloeters Thomas Knecht Thomas Lademann Thomas Lund Thomas Mayrhofer Thomas Mouren Thorsten Lingnau Tiago Fortuna Till Grapentin Tim Cox Tim Eles Tim Foster Tim Lundy Tim Venker Tim Wielens Timi Tuohenmaa Tobias Gloeckner Tobias Kiel Tobias Scheit Todd Norbury Tom Cornwell Tom Erik Risan Tom Goad Tom Ivar Arntsen Tom Pettersson Tommaso Rossato Tonny Draijer Tony Bull Tony Richards Tony Rickard Tony Ward Torsten Schmitt Travis Lamming Trent White Trever Braun Trevor Austin Tristan Matheson-Mayne Tyler Sinquefield Ulrich Diedrichsen Valerio Giolitto Victor Moraal Vikram Subramaniam Vincent Boulard Vincent Druart Vincent Zijlstra Vincenzo Giagheddu Vladimir Kulev Volker Keim Volker Wenski Warren Murfin William Fisher Wolf Herold Wolfgang Reh Xavier Bourgeois Xiong Yang Xristo Papageorgas Yann Kowalkiewicz Yannick Prevot Yannick Steinhauer Youcef Benyarou Zdeno Kubina Ziyu Guo <emptyline> <emptyline> <emptyline>  <position> Supported by <list> Adam Dougherty Adam Rusling Aleksi Marjusaari Alex Day Alex Salmon Alexandre Bersano Alfiero Ventura Alizard Christian Anders Wallgren Andre Gava Andre Marcos Andrea Bona Andrej Lueders Andrew Banfield Anthony Labarre Anton Volkov Arne Pannecoucque Avenel Adrien Bart Van den Broeck Bastian Schings Beeck Wolfgang Benjamin Alapetite Benjamin Aul Benjamin Schuette Benny Dean Bernd Ohlsen Bevan Roberts Brady Warren Brendan Langlois Brett Loubser Brian George Brock Williams Bruce Maytum Carion Guillaume Cesar Correa Chad Kopec Charles Verity Chee Hoe Lau Chris Lessig Christian Heinlein Christian Nutz Christoff Rampf Clive Reeves Damian Papen Dan Britton Dan Stockwell Daniel Borges Daniel Hedman Daniel Holbling Daniel Sipowicz Daniel Thomazelli Darley Laetitia Dave Peat David Filippone David Golob David Gross David LeGresley David Sosnowski Dennis Hart Diego Colafabio Diego Xavier Dominik Pflegerl Dominik Uebelhoer Donald Brooks Douglas Ries Dustin Ward Enrico Weichhold Enrique Nava Gonzalez Enrique Perez Cabedo Eric Dufour Eric Koudijs Fabian Kraus Fabien Bouteuil Fabrice Tessier Finn Verkerk Florian Laub Frank Lobers Freulon Nicolas Gareth Smith Garrick Wheeler Gavin Thomas Gene Day Georgel Eric Gerard Raccio Giuliano Golfieri Gordon Mowvley Gregory Choubana Grigoli Manuel Guerin Jimmy Guillaume Cortes Guillemoto Claude Gusthiot Maxime Haroldo Dijigov Heiko Gehrig Heiko Risse Helmut Bachmayr Hirokazu Oka Hugo Vieira Humberto Barreira Iker Mingo Israel Gallegos Jan Sterba Jarno Perala Jason Betts Jason Hsu Jason Schumacher Javier Rios Joachim Koppenhoefer Joao Bonifacio Joerg Mertin Johan Malmsten Johan Sanders John Rayson Jon Grintz Jonatan Larsson Joni Harju Jordi Rodrigo Roma Juan Luis Garcia Asmar Justin White Kai Podoklinski Kay Ekanayake Keven Menard Kevin Ellis Kevin Watts Kieran Chauhan Klaus Thon Kouhei Hata Kristopher Cobb Lars Klingman Lasse Skjoett Hansen Leandro Melo Lecomte Tristan Lombard Florian Luca Perin Lukas Ljungdahl Manuel Kamela Marco Ficara Marco Mauri Mario Gilcher Mario Macri Marius Pedersen Mark Bosman Mark Bratley Mark Bushell Mark Cooke Markus Pichler Martin Bell Martin Hauber Matej Klocek Mathieu Gebel Matt Cocks Matthew Cholerton Matthew Kennedy Matthew Thomas Maxime Monnet Meier Michael Mevlut Koc Michael Decker Michael Dorn Michael Konrad Michael Lorenz Michael McEvoy Michael Miesenberger Nathan Burtenshaw Nathan Jermyn Nicolas Pavie Nishan Baruah Oliver Abrahamsson Omer Candar Ondrej Vesely Pacula Martin Paolo Guiotto Pascal Groen Peter Bjoerk Peter Dimitri Peter Gertsson Peter Jamieson Philipp Eiselt Philipp Haenel Philipp Hofmaninger Philippe Evrard Quido Dekker Rafael Alcolea Rainer Huentemeier Ralf Trautwein Ralf Waspe Ramon Galera Raphael Smith Rasmus Lundstrom Rene Drawert Rene Hossfeld Richard McVeigh Robert Green Robin Sillars Roger Lee Sami Vahtera Sandro Draeger Santeri Rahkamaa Scott Haines Sebastian Barz Sebastien Milliot Simon Carbonnel Simon Strohmenger Sinan Mercan Sjoerd Huksloot Stefan Klause Stefan Krokowski Stefan Steinwasser Steffen Schluessler Stephen Collis Stephen Walsh Steve Seidelmann Teemu Karvinen Thiebault Debatty Thomas Granofszky Thomas Kramwinkel Thomas Meissner Thomas Olivaux Thomas Schleimer Thomas Wiercioch Timo Klostermann Timon Putzker Tobias Wellmann Tom Hutchins Tyler Grinnell Ulrich Straller Vinod Chandran William Parr Xabier Sanchez Yang Hongbo <emptyline> <emptyline> <emptyline>  <position> AEMS <list> Adam Stadler Adriano Sapetti Al Clarke Albert Bensusan Alejandro Fernandez Alessandro Balzan Alex Krugman Alex Meader Alex Nunez Allan Ng Andreas Eriksson Andreas Falkner Andrew Arroyo Andrew Thompson Andrew Wojteczko Andy Barnes Andy Blackmore Anna Degen Anne Bernard Anne Bernard Annemie Claesen Anthony Cheshire Aris Barios Arnold Eugenio Arthur Virapin Ashley Lynch Aurélie Glandais Autumn Soriano Beatrice Karlsson Becki Nile Ben Brown Ben Chong Ben Conrad Bisi Ezerioha Blair Dupree Blane Burnettt Bob West Boris Puddu Brad Beardow Brad Folz Brandon Adams Braun Smith Brett Hauschild Brian Dwyer Brian Knudson Bruce B. Frederick Bruce Garfield Bryan Alvardo Bryn Musselwhite Caroline Fallara Casey Cooper Johnson Charlotte Lumley Chico Kodama Chris Agajanian Chris Considine Chris Douglas Chris Protheroe Chris Raschke Chris Tague Chris Tate Christer Loow Christian Schick Christina Nielsen Christoph Ebenschwaiger Chuck Neal CJ Wilson Claudia Geissmann Clayton Triggs Clive Chapman Cory Burns Craig Cavalier Daniel Bandoly Daniel Cross Daniela Russell, Darren Geal Dave Phelps David Black David Fernandez David Isaacs David Ridley Declan Brennan Dennis Homberg Dennis Schwitzer Dirk Starksen Dirk Theimann Donnyelle Evans Dyan Williams Dylan Fraser Efrain, Enrico Diano Eji Tada Elena Azzali Elisa Mignini Emeline Wilson Emma Pastor Ethan Bregman Eunice Biondi Fabian Weingart Fiammetta Ginestra Florian Hagemann Florian Pitout Frank Rehak Fraser Handley Frederic Colaux Fu Yang Gary Fong George Ciordas George Kviloria Glen Chou Greg Gill Hannes Tribelnig Hannes Zanon Hayley Robinson Hedi Kim Helmut Wahl Hikaru Fujii Hiroshi Sano Hunter Skipworth Hyodo Tomomi Ian Briggs J. David Rich Jacob Agajanian James Crook James Hinchcliffe James Kirkham James Nagahashi James Rumsey Jane Mcleod Jarrod Stapley JC Waterhouse Jeff Darks Jeff Glover Jeff Neal Jen Horsey Jeremy Peirson Jerry Thienprasiddhi Jesse Wood Jillian Scheden Jim Michaelian John Chiboroski John Church Jon Barrett Jon Denton Jordon Roberts Jorge De La Torres, Jorge Rivera Julie Peyssard Jun Imai Junichi Tokuda Justin Ocello Kai Mensing Karen Schnurr Kei Muira Keith Jones Kenji Sumino Kenny Krajnik Kevin Taylor Klarissa Freibott Kris Skellenger Kristian Berg Kristian Dean Kyle Lloyd Larry Chen Laura Clever Lauren Sheridan Linden Farrow Lindsay Ross Liza Markle Louise Price Luca Bellisomo Luca Venturi Mad Mike Whiddett Marc Lewis Marc Unger Marcel Orban Maria Pia Rocca Marie Christine Ravon Mario Di Dato Marion Eisenberger Mark Bentley Mark Jones Mark Lemmer Mark Tingey Mary Lou Haen Masaya Yumeda Mat McCallum Matt Crooke Matt Levin Matt Monroe Matt Tuccillo Matt Wright Matt Young Matteo Gianotti Matthew Levin Matthias Czabok Matthias Scheffler Max (Massimiliano) Marsiaj Michael Burch Michael Gibbs Michael Grassl Michael Keyser Michael London Michael Schneider Michael Scully Michael Shank Michael Staskin Michael Teichmann Michaela Dorcikova Michal Klouda Mike Beckhusen Mike Chung Mike Hagedorn Mike Johnson Miriam Rodriguez de Lizana Mirko Lubner Mirko Markfort Miroslav Konopka Mizoguchi Kagefumi Monica Pauperas Murray Adams Natasha Dyson Nathan Freke Nathan Shriver Neill Briggs Nicole Garside Nigel Land Pascal Ursi Pascale Fleuridas Pascale Lavie Patrick Germain Patrick Mulligan Paul Zwicky-Ross Paulo Pinheiro Peter Cunningham Phillip Grenier Pierre Nicolet Pierre Nicolet Preston Calvert Quentin Frismand Rafael Navarro Ravi Dolwani René Buttler Riccardo Pezzetta Richard Barsamian Richard Hoare Richard King Rob Barnes Robin Selbach Roman Moser Romi Diana Doser Rosella Locatelli Ryan Carpenter Ryan Davis Ryu Asada Sabrina Asperti Sam Minchington Sandrine Weyders Sandy Althaus Sarah Edlinger Scott Lindley Seadon Baker Sean Horvath Sean Kleinschuster Sebastian Bagley Sebastian Hornung Sebastian Schmalz Shige Suganuma Shinjo Tsuyoshi Silvia Montsori Simon Haas Staci Langham Stefan Steinwasser Stephanie D'aprigny Steve Fields Steve Sare Steve Vandervate Thomas Gleibs Thomas Herbst Thomas Koch Thomas Muehlenz Thomas Radkovic Timo Frings Tobias Haasis Tomo Hisanaga Toni Calderon Toni Whiddett Tony Attwood Tony Balde Toshi Nakamae Travis Montgomery Trent Goodwin Trevor Wert Valerio Piersanti Vaughn Gittin Jr Vera Wessolek Victor Carrillo Vincent Vosse Vitale Alessandro Maffezzini Wakana Kosumi Warren Overton Will Brown Willett Considine Yannick Yvin Yoshiaki Hashimura Yoshihiro Sakamoto Yoshiyasu Takezawa <emptyline> <emptyline> <emptyline>   <position> External Partners <emptyline> <list> 'FMOD studios' and 'Firelight Technologies'  <emptyline>  REV technology used under license from Crankcase Audio Inc. <emptyline>  Uses Oodle. Copyright © 2008-2017 by RAD Game Tools, inc.   <emptyline>  Uses Bink Video. Copyright © 1997 – 2017 by Rad Game Tools, Inc   <emptyline>  Development tools and related technology provided under license from Logitech.  © 2001-2017 Logitech.  All rights reserved.  <emptyline>  Trademarks, design patents and copyrights are used with the approval of  the owner of Agajanian Racing <emptyline>  “Aston Martin”, “Aston Martin Racing” and related logos and other trademarks  are owned, licensed and/or used by Aston Martin and Aston Martin Racing.   These trademarks may not be used, amended and/or reproduced without permission.  All rights are reserved. <emptyline>  Trademarks, design patents and copyrights are used with the approval of the  owner of AUDI AG <emptyline>  Trademarks, design patents and copyrights are used with the approval of  the owner of Briggs Automotive Company (BAC) Limited <emptyline>  Produced under licence from Bentley Motors Limited England. “Bentley”, the ‘B’  in wings device and other associated logos and names are trademarks of  Bentley Motors Limited. The body designs of Bentley motor cars are protected  by Bentley Motors Limited under design, trademark and trade dress regulations <emptyline>  The BMW logo and BMW wordmark are trademarks of BMW AG and are used under license. <emptyline>  General Motors Trademarks used under license to Slightly Mad Studios Ltd <emptyline>  Caterham and associated logos and trade dress are registered trademarks of  Caterham Cars Ltd and are used under license. <emptyline>  The name and design of CITROËN and DS are used with the permission of  Automobiles CITROËN <emptyline>  Produced under license of Ferrari S.p.A. The name FERRARI, the PRANCING HORSE device, all associated logos and distinctive designs are property of  Ferrari S.p.A. The body designs of the Ferrari cars are protected as  Ferrari S.p.A. property under design, trademark and trade dress regulations. <emptyline>  Ford Trademarks and Trade Dress used under license to Slightly Mad Studios Ltd <emptyline>  Trademarks, design patents and copyrights are used under licence from  Ginetta Cars Limited <emptyline>  For Honda Automobiles: Honda Official Licensed Product. Designed, manufactured and distributed by or  for Slightly Mad Studios. Honda, the “H” logo, Honda vehicles and their trade  dress, and all associated vehicle emblems, logos, marks and names are trademarks  and intellectual property of Honda Motor Co., Ltd. All rights reserved. <emptyline>  For Acura Automobiles: Acura Official Licensed Product. Designed, manufactured and distributed by or  for Slightly Mad Studios. Acura, the “A” logo, Acura vehicles and their trade  dress, and all associated vehicle emblems, logos, marks and names are trademarks  and intellectual property of Honda Motor Co., Ltd. All rights reserved." <emptyline>  Trademarks of Brickyard Trademarks Inc. used with permission <emptyline>  Jaguar and the leaper device are trademarks owned and licensed by  Jaguar Land Rover Limited <emptyline>  All KTM vehicles, vehicle names, designs and logos are trademarks of KTM AG. <emptyline>  The trademarks, copyrights and design rights in and associated with Lamborghini,  Lamborghini with Bull and Shield Device are used under license from Automobili  Lamborghini S.p.A., Italy <emptyline>  Ligier and associated logos and trade dress are registered trademarks of Everspeed  for Onroak Automotive and are used under license. <emptyline>  Approved and licensed by Classic Team Lotus Ltd <emptyline>  Mazda Motor Corporation Approval No. 20019 <emptyline>  Manufactured under license from McLaren Automotive Limited.The McLaren name  and logo are registered trademarks of McLaren <emptyline>  “Mercedes-Benz” and “Three pointed star in a ring” are trademarks of Daimler AG  and used under license by Slightly Mad Studios Ltd. <emptyline>  MITSUBISHI MOTORS and  emblems are trademarks of MITSUBISHI MOTORS CORPORATION  and used under license to Slightly Mad Studios Limited. <emptyline>  MOTUL, the MOTUL LOGO and 300 V are registered trademarks of MOTUL (SA).  All rights reserved” and the Licensed Designs are protected by“© MOTUL’s  copyright – 1995- All rights reserved <emptyline>  Trademarks of Nissan Motor Co., Ltd. used under license to Slightly Mad Studios.  81-27617-22520 <emptyline>  Trademarks, design patents and copyrights are used with the approval of the  owner of OMSE. <emptyline>  "Opel Trademarks used under license to Slightly Mad Studios Ltd - Les marques Opel  sont utilisées sous license par Slightly Mad Studios Ltd" <emptyline>  Trademarks, design patents and copyrights are used with the approval of the  owner of ORECA SAS. <emptyline>  The trademarks PAGANI and Pagani Automobili and Huayra and Zonda are registered  trademarks and used under license from HORACIO PAGANI S.P.A., Italy <emptyline>  Panoz LLC vehicle models and trademarks are subject to copyright and other  intellectual property protection. Used with permission of Panoz LLC, a division  of Green4U Technologies, Inc. All rights reserved. <emptyline>  Under License of Porsche AG <emptyline>  Radical Sportscars Official Licensed Product. Designed, manufactured and distributed  by or for Slightly Mad Studios. Radical Sports Cars, Radical, the “R” logo, Radical  vehicles and their trade dress, and all associated vehicle emblems, logos, marks and  names are trademarks and intellectual property of Radical Sportscars Limited.  All rights reserved. <emptyline>  "RENAULT Official Licensed Products. Vehicle Models and Trademarks protected by  intellectual property laws. Used with permission of RENAULT. All rights reserved" <emptyline>  Under license of Toyota Motor Corporation <emptyline>  The name and design of Autodromo Internacional Do Algarve are used with the permission  of Parkalgar - Parques Tecnologicos e Desportivos, S.A.  <emptyline>  The name and design of the Mount Panorama Motor Racing Circuit are used with the permission  of Bathurst Regional Council <emptyline>  The name and design of Brands Hatch are used with the permission of Motorsport Vision Ltd. <emptyline>  Trademarks of Automotocrom Brno,a.s. used with permission <emptyline>  The name and design of Cadwell Park are used with the permission of Motorsport Vision Ltd. <emptyline>  The name and design of Circuit de Catalunya and Circuit de Barcelona-Catalunya are used  with the permission of Circuits de Catalunya, S.L. <emptyline>  Trademarks of Circuit of the Americas LLC used with permission <emptyline>  DAYTONA® is a registered trademark of the International Speedway, Inc. and licensed to  International Speedway Corporation. <emptyline>  Trademarks and likeness of DirtFish, LLC used with permission <emptyline>  "The Donington Park name, graphic design and logo are registered and protected  under UK and European law and similarly, those copyrights of all Donington's  partners and sponsors included in the track design and layouts for this game  are also protected under relevant laws. Any unauthorised breaches, misuse,  or misrepresentation of any of these copyrights, designs and logos will be  pursued to the fullest extent of the applicable law". <emptyline>  The name and design of Dubai Autodrome circuit are used with the permission  of Dubai Autodrome LLC. <emptyline>  Fuji Speedway Copyright ©Fuji International Speedway Co., Ltd. All rights reserved. <emptyline>  Trademarks of Hockenheim-Ring GmbH used with permission <emptyline>  Trademarks of Formula Imola S.P.A. used with permission <emptyline>  Trademarks of Brickyard Trademarks Inc. used with permission <emptyline>  Trademarks of Knockhill Racing Circuit Ltd used with permission <emptyline>  Trademarks of Sports car Racing Association of the Monterey Peninsula  "SCRAMP" used with permission <emptyline>  Slightly Mad Studios usage of Lånkebanen's/HellRX's track design is licensed  and approved by NAF Motorsport Trøndelag <emptyline>  24H Le Mans official Licensed product. Le Mans TM 2017. <emptyline>  Rallycross Lohéac - trademark of Association Sportive du Rallycross de Lohéac  - France used under license to Slightly Mad Studios Ltd <emptyline>  Trademarks of Grand Prix Association of Long Beach, LLC. used with permission <emptyline>  The name and design of the Lydden Hill Race Circuit are used with the permission of  Lydden Race Circuit Ltd. <emptyline>  The likeness and trade dress of the Track “Autodromo Nazionale Monza” , the name of  the track and the associated logos are exclusive properties of S.I.A.S. S.p.A. -  Autodromo Nazionale Monza. <emptyline>  The name and design of the Nürburgring Race Circuits are used with the permission of  capricorn Nürburgring GmbH. <emptyline>  The name and design of the Motorsport Arena Oschersleben are used with the permission of  Motorsport Arena Oschersleben GmbH. <emptyline>  The name and design of Oulton Park are used with the permission of Motorsport Vision Ltd. <emptyline>  Under License of Porsche AG <emptyline>  Trademarks of Projekt Spielberg GmbH & Co KG used with permission <emptyline>  The name and design of Road America are used with the permission of  Road America Inc. <emptyline>  “Red Bull® Marks are licensed by Red Bull GmbH/Austria” <emptyline>  The name and design of Ruapuna Park are used with the permission of  The Canterbury Car Club. <emptyline>  © Silverstone Circuits Limited 2017 <emptyline>  The name and design of Snetterton are used with the permission of  Motorsport Vision Ltd. <emptyline>  Sonoma Raceway is a trademark of Speedway Properties Company, LLC <emptyline>  Copyright ©SUGO Co.,Ltd. All rights reserved. <emptyline>  "Texas Motor Speedway ® is a registered trademark of Speedway Properties Company, LLC,  registered in the U.S. The Globe Logo ® is a registered trademark of Speedway Properties  Company, LLC, registered in the U.S." <emptyline>  WATKINS GLEN® is a registered trademark of the International Speedway, Inc. and licensed  to International Speedway Corporation. <emptyline>  The name and design of Willow Springs International Raceway are used with the permission  of Christopher C. Huth General Manager and Owner of Willow Springs International Raceway. <emptyline>  The Track Marks, designs, logo and trademark of Zhuhai International Circuit are licensed  by Zhuhai International Circuit Ltd. <emptyline>  The name and design of Circuit Zolder are used with the permission of Circuit Zolder Inc. <emptyline>  PIRELLI and PIRELLI logo are trademarks of Pirelli & C. S.p.A.; PZERO is a trademark of  Pirelli Tyre S.p.A. All trademarks are used under license <emptyline> <emptyline> <emptyline>       	<list> <header> Project CARS 2 <emptyline> <emptyline> <position> Slightly Mad Studios <emptyline> <emptyline> <position> Head of Slightly Mad Studios <list> Ian Bell - Chief Executive Officer <emptyline> <emptyline> <emptyline>  <position> Art <list> Darren White – Art Director <emptyline> <emptyline> <emptyline>  <position> Art: Character <list> Vit Budin – Character Artist Aleš Filka – Character Artist & Animator Tomáš Flak – 2D & Concept Artist Peter Gerhát – Lead Animator  Lukas Mensik - Characters and Animations Manager Marlon R. Nunez – Character Artist & Animator František Resl – Character Artist Zbyněk Trávnický – Technical Animator <emptyline> <emptyline> <emptyline>  <position> Art: Environment <list> Mark Adams - Art Manager Luis Barata - Environment Artist Chris Barnes - Senior Environment Artist Michal Beran - Senior Environment Artist Richard Berwick - Senior Environment Artist Gary Browne - Senior Environment Artist David Brumla - Senior Environment Artist Karl Davies - Senior Environment Artist Andrea Fabris - Senior Environment Artist Dave Flynn - Senior Environment Artist Martin Franek - Environment Artist Kateřina Habrová - Environment Artist Michal Jeschke - Senior Environment Artist James Kett - Principal Artist Petr Klvač - Environment Artist Siu Jone Lee - Senior Environment Artist Andrew Liddle - Senior Environment Artist Andreas Moll - Senior Principal Artist Sven Moll - Senior Principal Artist Jan Pavelko - Environment Artist David Rezac - Senior Environment Artist Cassius Rodrigues - Senior Environment Artist Oscar Soper - Lead Environment Artist Tomas Trlica - Environment Artist Jose Perez De Vries - Senior Environment Artist Darren Wakeman - Senior Environment Artist <emptyline> <emptyline> <emptyline>  <position> Art: Vehicles  <list> Sean Barron -  Junior Vehicle Artist  Tarran Booth – Vehicle Artist Jean-François Bouchard – Senior Vehicle Artist Matt Clark - Senior Vehicle Artist Vincent Dambreville – Vehicle Artist Ivo Franic – Vehicle Artist Kreso Franic – Vehicle Artist Jan Frischkorn - Vehicle Art Manager Vicko Hazdovac – Vehicle Artist Ralph Hummerich – Vehicle Artist Kunal Jain – Vehicle Artist Daniel Karlsson - Senior Vehicle Artist Jacek Kosieradzki – Vehicle Artist Ales Ogrinc – Vehicle Artist Gustavo Olivera – Vehicle Art Lead Martin Olivera – Vehicle Artist  Stanisław Potulski – Vehicle Artist Perran Truran - Senior Vehicle Artist Jaroslav Turna - Vehicle Artist <emptyline> <emptyline> <emptyline>  <position> Audio <list> Jon Bailey – Voice Over Recording Engineer Rashid Hille – Sound Designer Eilam Hoffman – Location Sound Recordist Vanesa Lorena Tate - Head of Audio Paul Scargill - Audio Programmer Gergely Szelei - Audio Programmer László Vincze - Senior Sound Designer Lewis Williams - Junior Audio Designer <emptyline> <emptyline> <emptyline>  <position> Car Handling <list> Doug Arnao - Senior Physics / AI Engineer  Jussi Karjalainen – Handling QA Lead  Casey Ringley - Technical Vehicle Lead Andrew Weber - Physics Programmer <emptyline> <emptyline> <emptyline>  <position> Cinematics <list> Ed Mas - Video Director Paul Shuker - Cinematics and Video Assistant <emptyline> <emptyline> <emptyline>  <position> Code <list> Steve Dunn – Technical Director <emptyline> <emptyline> <emptyline>  <position> Code: Gameplay <list> Gergely Bencze - Gameplay Programmer Dominic Clarke - Gameplay Programmer  Stuart Hunt - Senior Gameplay Programmer  Bob Ives - Gameplay Programmer Anders Johansson - Lead Gameplay Programmer Michael Lalaounis - Gameplay Programmer Rick Lamb - Gameplay Programmer Are Leistad - Gameplay Programmer Martin Moravec - Gameplay Programmer Ian Sweeny - Senior Gameplay Programmer James Vipond - Gameplay Programmer Mark Watson - Senior Gameplay Programmer Steven Wright - Gameplay Programmer <emptyline> <emptyline> <emptyline>  <position> Code: Online <list> Ian Bird - Online Programmer  Thomas Gomes - Online Programmer  Victor Khomskiy - Online Programmer  Mike Laskey - Head of Online Alexandru Marian - Online Programmer Pablo Medina - Online Programmer Mike Montgomery - Online Programmer Michal Řeháček – Server Programmer Štěpán Vondrák - Online Programmer  Iain Wallington - Lead Online Programmer  James Woollard - Online Programmer <emptyline> <emptyline> <emptyline>  <position> Code: Physics & AI <list> Peter Arbet - Physics Programmer  Jiří Boldyš - Physics Programmer  Artem Ermolov - Lead Physics and AI Programmer Christian Ferrario – AI Programmer Dmitry Meleshkin - Physics Programmer  Steven Walker - Physics and AI Programmer <emptyline> <emptyline> <emptyline>  <position> Code: Render <list> Kevin Boland – Principal Render Engineer  Robert Dibley - Lead Render Programmer Tim Lewis - Render Programmer Fabio Luchetta - Senior Render Programmer  Tim Mann - Low Level Cross-Platform Render Engineer Ivo Novak – Render Programmer <emptyline> <emptyline> <emptyline>  <position> Code: Tools <list> John Atkinson – Senior Tools Programmer James Boulton - Senior Tools Programmer  Andy Clark - Lead Tools Programmer Gábor Mónus - Senior Tools Programmer Jack O’Neill - Tools Programmer Daniel Wheeler - Senior Tools Programmer <emptyline> <emptyline> <emptyline>  <position> Design <list> Andy Tudor – Creative Director  Stephen Viljoen – Game Director Matt York – Junior Designer <emptyline> <emptyline> <emptyline>  <position> Graphical User Interface <list> Laurence Alexander – UI Creator  Sean Fitzpatrick – Text Designer Damian Furlong – Senior UI Programmer Nicholas Jablonowski – Senior UI Programmer Derek Payne – Lead UI Programmer Fernando Pedace – UI Designer Andy Rogers – UI Programmer Richard Steer – Senior UI Programmer <emptyline> <emptyline> <emptyline>  <position> Mediacom <list> Joe Barron – Marketing and Esports Manager  Nathan Bell – Web and Social Media Officer Patrick Kulinski – Manual Editor Alex Martini – Head of Communications Rob Massey – Analytics Manager Melinda Neil – Licensing Manager Rob Prange – Web Content Adminstrator <emptyline> <emptyline> <emptyline>  <position> Music <list> Stephen Baysted - Composer Andy Brown - Conductor / Orchestral Contractor Amanda Cook - Musician: Acoustic Guitar Caroline Dale - Musician: Cello Peter Gregson - Musician: Cello John Harvey - Drums / Electric Guitars Jake Jackson - Score Mixer / Score Producer Susan Legg - Featured Vocalist / Piano Guy Michelmore - Additional Music Simon Whiteside - Orchestrator / Score Preparation <emptyline> Music performed by The London Metropolitan Orchestra Music recorded and mixed at Air Lyndhurst Studios, London <emptyline> <emptyline> <emptyline>  <position> Production <list> Umer Ahmad – Assistant Producer  Dave Bramhall – Senior Producer Andy Cherry – Producer Benjamin Fischer – Assistant Producer and Community Manager Jarek Kleiber – Senior Production Support Pete Morrish – Director of Production  John Wray – Production Assistant <emptyline> <emptyline> <emptyline>  <position> Quality Assurance <list> Thomas Bromyard – QA Tester  Tom Brown - QA Manager Tom Curtis - QA Lead Aaron Groves – QA Tester Viktor Kolomiets – Build Manager Filipe Malaquias – QA Tester Christopher Newsum – QA Tester Bruno Pereira – QA Tester  Angus Winnard – QA Tester <emptyline> <emptyline> <emptyline>  <position> Pro Drivers <list> Ben Collins Mitchell DeJong Oliver Eriksson   Vaughn Gittin Jr Nicolas Hamilton Tommy Milner René Rast <emptyline> <emptyline> <emptyline>  <position> Management <list> Rod Chong – Chief Commercial Officer Andy Garton - Head of Development  Ged Keaveney - Chief Technical Officer Mark Pressburg - Chief Finance Officer Frank Veyder - Chief Operations Officer <emptyline> <emptyline> <emptyline>  <position> Administration <list> Margaret Bieniek-Maluszczak - Office Administrator Sally Daligan – Reporting Manager Musanna Muhit - Officer Manager Vittorio Rapa - IT Manager Dickon Springate - Assistant Accountant  Ana Tiza - HR Manager <emptyline> <emptyline> <emptyline>  <position> Additional Vehicle Art <list> Jurgen Braem  Sebastian Brunner  Guillermo Hargreaves Alex Hobbs Eric Kuebler  Che Hoe Lau Michael Peters Mitchel Saad Christian Schmidt Nigel Teags Jaime Lopez Trujillo <emptyline> <emptyline> <emptyline>  <position> Game Babies <list> Lucas Akihito Barnes Nina Simone Bell  Emily Boland Rosalie Bouchard Matyáš Brumla Samson Clark Tabatha Clark  Sonny Alfred Curtis Enzo Dambreville Timofey Ermolov Darragh Fitzpatrick Ada Alyss Furlong Arabella Julie Hoey  Ondřej Jeschke Kika Kleiber Elisabeth Melanie Moll Ester Moravcová Charlotte Maisie O'Neill Frank Jack Sweeny Elen Travnicka Aurelia Jasmine Tudor <emptyline> <emptyline> <emptyline>  <position> Special Thanks <list> Nik Ammar Pole Position Productions  The Audio Guys <emptyline> <emptyline> <emptyline>  <position> ACME <list> Kevin Malling Julie Malling John Wang Tyson Hill Brandon Acree <emptyline> <emptyline> <emptyline>  <position> Glass Egg Digital Media  <list> Thuy Le Hoang Nguyen Tu Tran Cam <emptyline> <emptyline> <emptyline>  <position> SkinzWraps Racing <emptyline> <emptyline> <emptyline>  <position> Intel Corporation <list> George Bain Leigh Davies Bartosz Boczula Patrick J Farrell <emptyline> <emptyline> <emptyline>  <position> Technology Partners <list> Simon Newby - 6T3 Eric Mindjimba - Thrustmaster Christopher McKelvy - Oculus Rift Thomas Jackermeier - Fanatec Roy Kerkhoff - Playseat Nevil Slade - Vesaro Curtis Brown - Logitech Phil Scott - NVidia Glen Chou - True Scale Miniatures <emptyline> <emptyline> <emptyline>   <position> BANDAI NAMCO Entertainment Europe S.A.S <emptyline> <list> Goran Marinković - Producer Manuela Riboldi - Localisation Project Manager Sohail Daniel - Localisation Project Manager Franck Genty - Localisation Manager Bertrand Mangin - Quality Control Project Manager Olivier Robin - Quality Control Manager Claire McGowan - Certification Manager Stéphane Entéric - Engineering Services Project Managers Emeric Polin - Engineering Services Project Managers Samuel Gatté - Publishing & Product Support Senior Director  Chris Altiparmakis - Product Manager Arnaud Staebler - 3rd party IP Strategy and Marketing Manager Morgane Ah Kong - PR Manager Héloïse Ribeaucourt - Events Manager André Persson - PR, Communication & Events Director  Alexandre Vision-Bonnet - Game Content Analyst & Designer Jocelyn Cioffi - GES Manager Rudy Pantoustier - Junior Market Analyst Julie Joet - Market Research Manager Patrick Rose - Business & Product Analyst Alberto Gonzalez Lorca - VP Business Development Pablo Rodriguez Fernandez - Business Development Manager Denis Ferrier - Business Development Manager Vincent Hattenberger - Creative Designer Gwen Ruby - Creative Assistants Anne Laure Bouton - Creative Assistants Anthony Grabit - Community Manager Team Leader Isshak Ferdjani - European Community Managers Laurence Patey - E-Commerce Manager Romain Chantelot - CRM Project Manager Julia Crusot - CRM Project Manager Junior Lucas Guedot - Web Master Bertrand Amiard - Web Project Manager Jérôme Chatelain - Digital Sales Managers Anthony Macaré - Digital Business Unit Director Hervé Hoerdt - VP Marketing & Digital Mieko Murakami - Sales Reporting & License relation Sandrine Dubois - Packaging Project Manager  Céline Vilgicquel - Packaging Project Manager & Marketing Support Caroline Fauchille - Manufacturing & Printed Materials Director Delphine Doncieux - Supply Chain Coordinators Mike Shaw - Supply Chain Coordinators Nicolas Guérard - Supply Chain Manager Laura Testud - Manufacturing Coordinator Marine Thevenet - Lawyer Stéphanie d'Ornano - Legal Manager Frederic Armitano Grivel - SVP Legal & Business Affairs Kunio Ikoma - VP Corporate Planning & Finance Christophe Delanoy - VP Distribution Operations Masataka Nemoto - Senior Director Development Strategy & Management Yoshi Niki - SVP Production & Development Naoki Katashima - President & COO <emptyline> <emptyline> <emptyline>  <position> Local Marketing Team <list> Phil Brannelly - UK Olivier Reocreux - France Alexandre Billaud - Belgium David Razaghi - Deutschland Laura Aznar - Iberica Marco Caputo - Italy Alexandre Billaud - Netherlands  Andreas Juliusson - Nordic  George Soulogiannis - Hellas Oleg Khazhinskiy - Eastern Europe Stephen O'Leary - Australia <emptyline> <emptyline> <emptyline>  <position> GlobalStep Services Pvt. Ltd. <list> Sumit Arora - QA Director Piyoosh Sah - QA Manager Neeraj Bhardwaj - Test Coordinator Saurabh Tarolkar - Test Lead Zishan Khan - Test Lead <position> Testers <list> Keshav Subhash Kale Altaf Shabbir Pathan Kishore Kumar T S Mayank Sharma Sujata Gundewar Preetam Khomane Nirav Narendra More Dheeraj Gadve R. Chandrasekher Reddy P. Vivek Abhijit Madhukar Doiphode Prashant Gulab Medhe Rahul Saini Abhijeet G. Kakpure Pramod Hambir Vishal Kakade Sagar Dhamankar Prashant Lolage Arnold Nirmal Ashish Appaso Patil Debashish Saha Devashish Mishra Gaurav Oak Harjee Anand Harshad K Kshirsagar Himanshu Shrivastava Jasmine Bhaldar Kalpesh Deelip Chavan Kanishk Sanjay Sahay Kusumesh Vyas Latif Husain Mayur Sharad Dorle Md Ilteza Alam  Mohammad Shadab Ali Mohit Kumar Bhatnagar Pooja Rikibe Prashant Pawar Purva Zarkar Shreyas M. Ranade Simjo Simon Swapnil Najan Tejas S. Vaidya Tushar Dubey Vipul Vijaykumar Powar <emptyline> <emptyline> <emptyline>  <position> Keywords International <list> Thomas Courtonne - Project Manager  Davi Almeida de Souza - Test Lead <position> Testers <list> Grégory Alliot Moulay-Toumi Sabri Perry Mainville Virginie Cloutier-Brassard Chiara Di Modica Alessandro Tenza Manuel Ravazzini Patricia Raabe Simran Karir Sebastian Schneider Alba La Orden Garcia Clara Guzman Noelia Penin Garcia Evgeniya Kozyreva Vladimir Kozin Andrei Pivovar Adam Dabrowski Natalia Mieczynska Aleksandra Wanda Jozwiak <emptyline>  <position> Maverick Media LTD <emptyline> <emptyline> <emptyline>  <position> BANDAI NAMCO Entertainment America Inc. <emptyline>  <position> Executive Management <list> Mark Tsuji - President & CEO Hide Irie - Executive VP & COO Shuji Nakata - Executive VP & CFO <emptyline> <emptyline> <emptyline>  <position> Publishing & IP Strategy <list> Taka Akiyama - VP, Publishing & IP Strategy Tad Hirabayashi - Senior Director, Production Services Rey Jimenez - Producer Knut Grossmann - Localization Manager Carmen Vega-Reina - Localization Project Manager Takeshi Miyazoe - Senior Director, IP Strategy Shoya Yamazaki - Manager, IP Strategy Nao Takeda - Manager, IP Strategy Kyoko Acheson - Manager, IP Strategy Jhune De La Cruz - Digital Business Manager Kahlil Najar - Digital Channel Marketing Manager Garrett Miller - Digital Content Specialist David Wood - Senior Manager, Business Development Tomomi Takahashi - Administrative Assistant <emptyline> <emptyline> <emptyline>  <position> Operations <list> Hans Lui - Director, Applications & Operations Jennifer Tersigni - Senior Operations Manager David Wang - Operations Analyst Shin Young - Applications Support Specialist Miriam Beltran - Travel Administrator Korey Belanger - Office Manager <emptyline> <emptyline> <emptyline>  <position> Sales <list> Chris Gilbert - Senior Vice President of Sales & Marketing Melani Windham - Senior Director of Sales Terry Carlson - Director, Sales Operations Laura Yoshioka - Sr. Director, Retail Marketing and Merchandising Bob Johnson - Senior Channel Marketing Manager May Hayes - Senior Sales Operations Specialist <emptyline> <emptyline> <emptyline>  <position> Marketing and PR <list> Eric Hartness - Vice President of Marketing Dennis Lee - Director, Brand Marketing Raymond So - Brand Manager Denny Chiu - Director, Communications & Social Media Nick O’Leary - Senior Public Relations Specialist Jason Cline - Events Manager Alia Oda - Event Planner Dalton Link - Social Marketing & Community Manager Cyrus Wesson - Social Marketing & Community Specialist Dmitryi Khlynin - Community Specialist Jeremy Caine - Interactive Designer Michael Le - Graphic Artist <emptyline> <emptyline> <emptyline>  <position> Legal and Business Affairs <list> Martin Nguyen - Senior Associate Attorney Patrick Lundell - Associate Attorney Rafael Orozco - Associate Attorney Matthew Datum - Associate Attorney Reina Nagai - IP Administrator <emptyline> <emptyline> <emptyline>  <position> Quality Assurance <list> David Moya - QA Manager Jesse Mejia - CQC Supervisor Y Pham - Project Coordinator Johnny Moya - Senior CQC Coordinator Cameo Wininger - CQC Coordinator Jonathan Price - CQC Coordinator Matt Peterson - CQC Coordinator Merwin del Rosario - CQC Coordinator Adrian Escultura - CQC Tester Adrian Serafica - CQC Tester Arnold Feener - CQC Tester Brendan Duley - CQC Tester Dustin Tran - CQC Tester Ian Nunes - CQC Tester Josh Daily - CQC Tester Luke Gardner - CQC Tester Matthew Cain - CQC Tester Nicholas Malouf - CQC Tester Samuel Reiter - CQC Tester Steven Wilton - CQC Tester Xonie Martin - CQC Tester <emptyline> <emptyline> <emptyline>  <position> Keywords International <list> Maurizio Cigoli - QA Project Manager Luis Izquierdo - Project Lead Leonardo Akimoto - LQA Brazilian Portuguese Jose Suarez - LQA Latin American Spanish Sara Bourgeois - LQA French Canadian <emptyline> <emptyline> <emptyline>  <position> Customer Support <list> Jesus Barragan - Customer Service Manager Takumi Kobayashi - Sr. Customer Service Representatives Ryan Phung - Sr. Customer Service Representatives Michael Gu - Customer Service Representatives Ryan Hamaguchi - Customer Service Representatives <emptyline> <emptyline> <emptyline>   <position> BANDAI NAMCO Entertainment Asia Pte Ltd. <emptyline>  <list> Gerard Noonan - Senior Vice President & MD Asia & Pacific Richard Taylor - Regional Finance Director Hiroaki Ochiai - SVP Business Development Asia Pacific Jennifer Poulson - SVP Marketing Asia William Wang - Managing Director (Taiwan) Chad Park (Korea) - General Manager Rainel Tan (Singapore) - General Manager Yoichiro Mogi - IP Strategy Manager Asia Pacific Tag Chang (Korea) - Associate Product Manager Eshley Gao (Singapore) - Associate Product Manager Hailey Shin - Associate Product Assistant (Korea) Hamid Rahman - Country Manager (Hong Kong) Carrie Hsiao (Taiwan) - Marketing Manager Jung-eun Oh (Korea - Marketing Manager Ronan Fong (Hong Kong) - Marketing Manager Sophia Lek (Singapore) - Marketing Manager Debbie Chu - Product Manager & PR (Taiwan) Tobias Chang - Product Manager & PR (Taiwan) Zoe Kao - Product Manager & PR (Taiwan) Joanna Fong - PR Assistant Manager (Taiwan) Vito Lee - Marketing Assistant (Korea) Diony Kum - Marketing Assistant (Korea) Catherine Abigail Santos (Philippines) - Marketing & Accounts Executive Renee Lim - Logistics And Account Coordinator (Singapore) Jessie Hsieh - Art Designer & Operations Coordinator (Taiwan) Lin Pei Hsia - Art Designer & Operations Coordinator (Taiwan) Benny Tsai (Taiwan) - Sales Manager Nicholas Ng (Malaysia, S.E.A) - Sales Manager Peter Yang (Taiwan) - Sales Representative Angeline Ang (Singapore) - Finance Manager KD Kim (Korea) - Finance Manager Vivian Liu (Taiwan) - Finance Manager Amy Soong - Senior Accounts Executive (Singapore) Betty Chen - Accountant (Taiwan) Carol Huang - Accountant (Taiwan) Chang Yuan Gang - Localisation Manager Chloe Lee (Korea) - Localisation Manager Daniel Cao (Singapore) - Localisation Manager Ash Kim - Localisation Assistant (Korea) Tsai Mulan - Localisation Project Leader (Taiwan) Chang Kang - Traditional Chinese Localisation Team Chen Pei Yu - Traditional Chinese Localisation Team Chien Chin Hsien - Traditional Chinese Localisation Team Hsieh Wan Chi - Traditional Chinese Localisation Team Hsu Tsai Ying - Traditional Chinese Localisation Team Hsu Yu Han - Traditional Chinese Localisation Team Lee Yi Shuan - Traditional Chinese Localisation Team Lin Chih Yen - Traditional Chinese Localisation Team Chiang Chi Che - Traditional Chinese QA Project Leader  Huang Shih Wei - Traditional Chinese QA Project Leader  Yu Chiao Huai - Traditional Chinese QA Project Leader  Wang Kuan Chun - Traditional Chinese QA Project Leader  Chen Chun Chih - Traditional Chinese Localisation Tester Chen Xian Zhe - Traditional Chinese Localisation Tester Chien Shih Siang - Traditional Chinese Localisation Tester Chou Yuan - Traditional Chinese Localisation Tester Hsu Kuo Huang - Traditional Chinese Localisation Tester Wang Jing Ting - Traditional Chinese Localisation Tester Wang Yan Zhe - Traditional Chinese Localisation Tester Wu Chi An - Traditional Chinese Localisation Tester Ki Moon Lee - Korean Localisation Team Bird Lee - Korean Localisation Tester Jae Jin Yi - Korean Localisation Tester In Keon Kang - Korean Localisation Tester Ji Yeon Jung - Korean Localisation Tester Duk Woo Kim - Korean Localisation Tester AltJapan Co., Ltd - Singapore Localisation Team Ethan Sia Chee Keong - English QA Project Leader  Ahmad Fuad Bin Ahiari - Singapore Localisation Tester (NYP Intern) Damian Ang Ming Guang - Singapore Localisation Tester (NYP Intern) <emptyline> <emptyline> <emptyline>   <position> BANDAI NAMCO Entertainment Inc. <emptyline> <list> Satoshi Oshita - Executive Producer Hirotaka Reizei - Executive Producer Daisuke Uchiyama - General Producer Ryuichiro Baba - General Producer Kazutoki Kono - Chief Producer Satoshi Otsuka - International Producer Tsuyoshi Koda - International Producer Manabu Shimomoto - Producer Tomoya Yoshida - Special Thanks <emptyline> <emptyline> <emptyline>  <position> Quality Assurance - Functionality QA <list> Tomoaki Imanishi Ryou Tanaka Akihide Ono Ryuuta Sano Masashi Aoyama Kaname Nakano Takashi Shimogaito Natsuki Koyama Shinya Sasaki Kouki Iwao Masaya Nakata <emptyline> <emptyline> <emptyline>  <position> Customer Service - Quality Assurance <list> Keita Kiso Takashi Sawai Miku Takamatsu <emptyline> <emptyline> <emptyline>  <position> Promotion <list> Kenta Seino Yasuko Sato Satoshi Nakauchi Onur Guenduez <emptyline> <emptyline> <emptyline>  <position> Sales & Marketing <list> Taiki Yasuko Masaki Hoshiai Hidekazu Naito Yuta Fukami Noriyuki Tanaka Yumi Maiguma  Kazuki Konishi  <emptyline> <emptyline> <emptyline>  <position> Production Support <list> Tomomi Arakawa Tomomi Fujisawa <emptyline> <emptyline> <emptyline>  <position> Localization <list> Eiichi Ikeda Takayuki Tsuji Tatsuji Michihiro Claudio Cascone Hideyoshi Misawa <emptyline> <emptyline> <emptyline>  <position> Quality Assurance Support <list> Hiroyuki Tsujii Sho Tanaka Hiroshi Araki Megan O'leary Tatsuya Wada Kiriyo Tanaka <emptyline> <emptyline> <emptyline>  <position> WMD <position> Thank you for your continued support, we couldn't have done it without you. <emptyline>  <position> WMD VIP's <list> Alex Lindstrem David Lansade Eyal Alsaud Henning Weidhase James Loucks Kyle Pearson Ross Clabburn Sven Markowski Thomas Lockers Thomas Taschler Toni Harkonen <emptyline> <emptyline> <emptyline>  <position> Special Thanks <list> Aaron Clark Aaron Coleman Aaron Parker Aaron Ritzau Aaron Turner Adam Higgs Adam Lindsey Adam Preston Adam Sharpe Adam Viljoen Adam Wilewski Ade Young Adelaida Afonso Adrian Smith Adriano James Piras Adrien Lopes Aidan Taylor Alain Jimeno Alain Kohler Alan Bertenshaw Alan Cheung Alan Nelson Alan Smith Aldo Zampatti Alec Barker Alejandro Montero Aleksander Otterstad Aleksandr Timkov Ales Permozer Alessandro De Carolis Alessio Beninato Alessio Vismara Alex Greenland Alex Porter Alex Stahlhut Alexander Dornheim Alexander Mueller Alexander Santos Alexandre Amirizian Alexey Kuntsevich Alfie Pugh Allan T. Olsen Allen Clarke Anders Peterson Andre Henschel Andre Kaestner Andreas Gremme Andreas Hader Andreas Kittlaus Andreas Seeger Andreas Traub Andreas van Wingerden Andreas Wunder Andrej Akopian Andrej Svajger Andrew Adamson Andrew Currens Andrew Jones Andrew Moseley Andrew Myers Andrew Todd Andrew Wise Andy Edwards Andy Weinberger Ang Li Angel G Criniti Anthony Azzari Anthony Haddox Anti Telkinen Antoine le Campion Antonio Benitez Antonio Rodriguez Clotet Antony Boland Ari Antero Arnaud Hirtz Arnaud Segre Arne Jurgens Arno Bisquolm Ashley Horton Aurelien Duval Aurelien Walpen Axel Dietzel Barrett Ettel Bart van Kleven Basim Alhejaili Bastian Hellmann Benjamin Beacock Benjamin Beier Benjamin Benichou Benjamin Beyer Benjamin Fischer Benjamin Menger Benjamin Weisenfeld Benjamin Winter Bent Granheim Bernd Resch Bernd Schmidt Bernd Schwarzinger Beys Nordine Bob Romano Bohuslav Lacina Boris Demidov Botond Vasarhelyi Brad Bodily Braden Williams Bradley Parrott Bradley Rossetti Bram Vanbuel Brandon Andrew Lee Brandon Bosch Brandon Clark Brandon Limkemann Brent Blihovde Brent Seeliger Brook Murray Cameron Brewster Cameron Howell Carl Morton Carl Shaw Carlos Dominiak Carlos Esteves Cedric Flouret Chadd Lowe Charles Mader Chee Keong Lau Chihoon Ahn Choserot Michael Chris Arnett Chris Aubert Chris Baumann Chris Candelaria Chris Goatcher Chris Kunz Chris Miller Chris Morris Chris Mosley Chris Payne Chris Rae Chris Stenersen Chris Twigger Chrisi Schmidt Christiaan van Beilen Christian Banks Christian Geihe Christian Gomolka Christian Hagemann Christian Hellman Christian Mutz Christian Pabinger Christian Paul Christian Pillwein Christian Quaynor Christian Schmidt Christian Schroeder Christian Schumann Christian Steinhaeusser Christian van Rooyen Christoffer Almgren Christoph Brandstetter Christoph Laux Christoph Schmidt Christophe Cador Christophe De Greef Christopher Aspden Christopher Cassidy Christopher Davis Christopher Dorn Christopher Frantz Christopher Gray Christopher Hauser Christopher Lord Christopher McEnteer Christopher Porter Christopher Reekie Chuck Duhon CJ Yi Clement Moriceau Cleon Waterberg Clive Morrison Codrin Purice Colin McKay Condamine Florian Copin Michael Corrado Raucea Craig Jorgensen Craig Moon Craig Parkes Cyril Declercq Damian Hall Dan OBrien Dan Thorpe Daniel Bader Daniel Boeckmann Daniel Dorion Daniel Krissel Daniel Meister Daniel Perez Daniel Saik Daniela Siekiera Daniele Vianini Danny Park Danny Schmid Danny Vlaar Daren Ludvigson Darin Salisbury Dario Walker Darrel King Darren Henderson Darren Leeson Darren Muir Darren Symons Darryl Mills Dave Arthur Dave Higgs Dave Holland Dave Richardson David Allak David Bishop David Bornkessel David Burton David Commons David E. Lengel David Haggar David Ham David Ingram David Ironside David Kneller David Knipp David Majidimehr David Marin David Marquez Mato David Merino Perez David Neighbour David Payne David Pym David Saunders David Sharples David Smith David Stuecker David Summers David Vangheluwe David Vickery David Waymouth Davy Van den Abbeele Dean Welfare Denis Besic Denis Eder Martinez Pineda Dennie de Groot Dennis Pohlmann Derek Millar Derrick Ritchie Detlev Hartenstein Devin Smith Devon Massan Dirk Dietrich Dirk Voegele Dmitry Afanasyev Dominic Schoenberner Dong-Gyu Park Dong-Seok Lee Drew Mackay Drew Meisberger Duprez Laurent Dustin Johnson Edson Souza Edward Garland Edward McLean Eike Stender Elliot Janssens Eneas Martinez Costa Enrico Bertolo Enrico Gerosa Erdinc Binyal Eric Bilodeau Eric Dukes Eric Kuebler Eric Lasley Eric Mayuk Eric Schroeder Erich Christen Erich Harvey Erick Gaudreault Erik Hofmann Erik Schramm Erik Uran Erwan Decroix Erwin Berkers Espen Gundersen Espen S. Andresen Eugene Flerko Fabio Calcio-Gandino Fabrice Brigati Fabrice Jourquin Fabrice Vancomerbeck Falk Guenther Felipe Becker Felix Overroedder Felix Renneberg Ferdinand Dernai Ferdinand Schwarzer Fernando Peneda Florian Faistauer Florian Talou Florian Witte Flouret Alexandre Fontaine Loic Francesco Cinque Francis Doria Franck Darstein Franck Herve Franck Montaigne Francois Chevallier Francois Feugier Francois Heitz Frank Kleefeldt Frank Lehmann Frank Schroeder Frederic Davin Frederic Le Palud Fredrik Olofsson Friedrich Riemschneider G. Auriol Gabriel Swietlicki Gareth Harwood Gareth Robinson Gareth Vaughan Garry Holcombe Garvin Kruthof Gary Hunt Gary White Geoffrey Schild Georg Naujoks Georg Swaczyna George Brushwood George Patterson George Shannon George Usoh Gerald Scherr Gerke van Keimpema Giacomo Galeotti Gian-Luca Mateo Gianko Scaglione Gilles Eberhardt Giovanni Tomaselli Glenn Briden Goetze Tobias Gordon Hislop Graham Bartsch Graham Goodrich Graham Hawkins Graham Ritter Graham Watson Greg Corbyn Greg Pillhofer Greg Southall Greg Williams Greg Wright Gregg Mandell Guanchen Liu Guido Dettweiler Guillaume Brunner Guillermo Hargreaves Gunther Roels Gunther Wicht Hanno Peng Don Chlevl Hans Silbernagel Hans-Rolf Schade Harald Kristian Gauslaa Haroon Ashraf Hayden Purvis Heiko Wenzel Hendrik Seitz Henk de Jong Henning Schirk Herbert Waller Hermann Thomas Holger Neitzel Holzer Rene Hugh Shillingford Huib Reijnders Ian Brown Ilya Babansky Ingo Schumann Ingvar Petur Thorsteinsson Ivan Dumalovski Janjusic J Kosieradzki Jacob Urbschat-Satterfield Jagdeep Rai Jaime Lopez Trujillo Jake Southcombe James Alston James Brooks James Eavis James Lithiby James Newman James Smith James Staples James Turbett James Wall Jamie Matthews Jan Berka Jan Flieshardt Jan Fortun Jan Horsky Jan Studenski Jani Mustonen Jani Sihvonen Jannik Strelow Janusz Krasek Jared Broddle Jaroslav Kraif Jason Ganz Jason Mackay Jason Penny Jason Schmidtlein Jason Watson Javier Marcos Jay Elwanger Jay Vigo Jean Christophe Jean Marie Muggianu Jean Marth Jean-francois Le Chenechal Jean-marie Jolibois Jean-Sebastien Charlot Jean-Yves Mercy Jeff Lima Jens Hoefling Jens Schmitt Jeremy Brunel Jeremy Hittle Jeremy Spinks Jeroen van Gelder Jerome Powell Jerry Jacob Vakayil Jesko Weber Jesse Brown Jesse Fahrenkrog Jessy Burgamy Joachim Thiebe Joao Simoes Jochen Klasen Joe Borde Joe Coach Joe Moore Joe Tompkins Joel Lobo Joerg Felgendreher Joerg Giezenaar Joerg Vahldieck Joeri Blootacker Johan Kemper Johan Leroy Johan Marx Johannes Gaganas Johannes Riese Johannes Wieser John Dashey John Hargreaves John Higginbotham John Montgomery John Sant John Shore John Stegman John Tomlinson Jon Burrell Jon Davies Jon Hadden Jon Large Jon Over Jon Trotter Jonas Thomsen Jonathan Carrigan Jonathan Lamela Jonathan Le Clercq Jonathan Padilla Jonathan Vauhkonen Jonathan Waltman Joni Aaltio Joost Korngold Jordi Rodriguez Gresa Jose Anaya Jose Angel Morales Calvache Jose Rivera Joseph Gossen Joseph Marques Joseph Rampelberg Joseph Russo Joseph Schles Joseph Stearn Josh Brocksopp Joshua Healy Joshua Heising Juan Manuel Sanchez Manzano Juergen Flock Juergen Oberreiter Jukka Hautajarvi Julian Oejen Julien Boisaubert Julien Lavoie Junior Basilio Juraj Mamrilla Jurgen Braem Jussi Viljami Karjalainen Justin Gay Justin Hackett Justin Strickland Kai Lochbaum Karim Saissi Karl Mitson Karsten Kremer Karsten Schiemer Kay Schurig Keith Brunnenkant Keith Partyka Ken Owers Kent Bergstrom Kent Nielsen Kevin IJpelaan Kevin Kirkbride Kevin Lawrence Kevin McKenzie Kevin Ochoa Kevin Richardson Kevin Welsh Kieran Jones Kieran Poole Kieran Vella Kim Flawwoo Andersson Kirk Kosinski Klaus-Juergen Weber Knodel David Kobus de Villiers Konrad Kostecki Konstantin Broemmelsiek Koos Rotgans Kourattana Abhay Kowal Peter Kris Dekeyser Kristof Depreitere Kristoffer Bergset Kyfan Stevens Kyron de Haas Lacorre Mickael Nicolas Lacourte-Barbadaux Lars Rosenquist Lasse Ryhanen Laud Barnor Laurent Rizzi Laurent Zender Leander Patzak Lei Liu Leigh Renfrow Leo Graae Leon Garcia Liam Cubley Lindsay Smith Lionel Beasse Llewellyn St David Luca Antonini Luca Cambianica Luca Rassek Lucas Brits Lukas Elmer Lukas Fort Lukas Kamb Lukas van Eck Luke Wojtaszek Lyndon Wright M.J. Lisseveld Mads Krog Jensen Maik Manke Manuel Ballbe Manuel Duerr Manuel Morgenroth Marc Kressmann Marc Packenius Marc Verhoef Marcel Beck Marcel Bloch Marcel Hulsbergen Marcel Jaekel Marcel Jeske Marcel Kleene Marcel Spuehler Marcel Wernegger Marco Engelage Marco Gotz Marco Mosch Marco Olivieri Marco Roth Marcus Blech Marcus Gleitsmann Marcus Johansson Marcus Meyer Marcus Winnig Marek Haase Mario Goebbels Mario Navarrete Mario Scherrer Marius Adams Mark Abbott Mark AuBuchon Mark Barrow Mark Bevan Mark Blanes Mark Bond Mark Carbonaro Mark Doran Mark Dowling Mark Goldfinch Mark Holland Mark Laybourne Mark Leighton Mark Roberts Mark Rueb Mark Smith Mark Turnbull Mark Walker Marko Adrian Markus Beckmann Markus Falkner Markus Meyerhofer Markus Schlabritz Markus Siegmeth Markus Ullrich Marten Johansson Martin G Webb Martin Hartmann Martin Hudson Martin Kucera Martin Lorgnier Martin Schaeller Martin Skytte Martin Thielen Martin Webb Marton Szamos Martyn Breed Marvin Theel Mas Jonathan Massimiliano Franchelli Mathias Veyrun Matt Muirhead Matt O Brien Matt Pierce Matt Webb Matt York Matteo Stirati Matthew Brown Matthew Gibbs Matthew Hargreaves Matthew Julian Matthew Lewis Matthew Minson Matthew Mul Matthew Rushton Matthias Arndt Matthias Beck Matthias Dorst Matthias Jacob Matthias Neber Matthias Schonder Maurice Boeschen Maurizio Lazzeretti Maurizio Posapiano Mauro Fernandez de Bobadilla Mauro Tobon Max Spooner Maxime Parquet Maxime Platon Maximilian Woerlein Michael Ball Michael Baumert Michael Bieber Michael Colomer Michael D Mckeown Michael Dew Michael Dorricott Michael Frnka Michael Herrmann Michael Knoblach Michael Laube Michael Lehneis Michael Marhenke-Richter Michael Matzen Michael Maxwell Michael Meus Michael Milem Michael Norrby Michael Peters Michael Pleym Michael Prahl Michael Repplinger Michael Schmid Michael Steiner Michael Uth Michal Bielik Michal Sofron Michel Fouvet Mick Leighton Mikael Stanne Mike Cowing Mike Dhanpat Mike Gagg Mike Hoffmann Mike van Meerbeek Mike vom Scheidt Mikko Makela Milan Danek Milan Holt Mirko Giorgi Miroslav Bettermann Mitchel Saad Mohamed Gaalich Mohammed El Gueriri Morgan Henstridge Moritz Schickel Moriz Fischer Morten Rousing Fachmann Natan Patel Nathan Kammerud Nedo Radulovic Neil Bateman Neil Brett Neil Farren Neil Hopwood Nelson Badillo Nevil Wigbels Nicholas Chong Nicholas Gregory Nick Claydon Nick Degnan Nick Garland Nick Thornhill Nick Weekes Nico Ernst Nicolas Balland Nicolas Flamand Nigel Teags Niklas Silen Nils Ruwisch Norman Morton Oli Gill Oliver Ginzel Oliver Goehring Oliver Kaiser Oliver Rademacher Oliver Schwing Omar El-Edrissi Ornulf Hagen Oscar Perez Oyvind Nordahl Oyvind Nordbo Pablo Sanchez Parker Korpak Pascal Gatsu Pascal Meyrou Pascal Welsch Patrick Dobler Patrick Gleichmann Patrick Gries Patrick Kulinski Patrick Leventhal Patrick Pomes Patrick Seeger Patrick Strippel Patrick Theysohn Patrik Marek Paul Coburn Paul DeBili Paul Hahn Paul Jackson Paul Pridham Paul Stolber Paul Taylor Paul van der Linden Paul Velasco Paul Walker Paul Yeung Pedro Antunes Pedro Braz Caria Pedro Grave Pedro Rodrigues Per Ricktun Per Rosing Mogensen Peter Andersson Peter Avelovski Peter Boutestijn Peter Chalmers Peter Karanitsch Peter Klawitter Peter Kless Peter Marquardt Peter Stuart Peter Swiatek Peter Vermeulen Petr Strecker Petr Vojkovsky Petri Niemenmaa Phil Denty Philip Bocock Philipp Ackermann Philipp Enderes Philipp Stratmann Philippe Dufour Phillip Jones Pierre Irby Pilaud Fabien Pontus Skoglund Prayoga Hadi Setiawan Quentin Laveau Rafael Sempruch Rafal Ranuszkiewicz Raffaele La Sala Raj Sharma Ralf Huisman Ralf Truttmann Ralph Burger Rambert Yohann Ramiro Correa Randall Kipker Randall Kravarik Ray Heimbuch Raymond de Vries Rene Guenon Rene Liivanurm Rene Owara Rene Regatschnig Rene Wehrmann Reto Marti Reto Marty Ricardo Almeida Richard Barrett Richard Booms Richard Cook Richard Navone Richard Touzimsky Rikki Jenkins Riley Lucier Rob Cowing Rob Denekamp Rob Greenhalgh Rob Huxtable Rob Massen Rob Simms Rob Thompsett Robby Timmermans Robert Dekker Robert Evans Robert Gardiner Robert Lidstrom Robert Lineburg Robert Reagh Robert Schulze Robert Stuart Robert Yates Rodney Tawia Roel de Meulder Roger Graham Roger Prynne Rogier Schaap Roland Franzl Roland Krystaszek Roland Respondek Romain Belorgey Romain Capdeville Romain Rukse Roman Mika Ronald Scheerder Ross Drinkwater Rouch Jean-Guillaume Roucourt Rony Roy Butler Ruedi Zimmermann Rune Morling Ryan Conaway Ryan Parker Ryan Richter Saidur Ali Sam Blease Sampo Jarvinen Sampo Mustonen Samuel Lobietti Samuel Painchaud Sandeep Singh Dhanjal Sander Keus Sascha Haub Sascha Straub Savelkoul Tom Scott Adair Scott Coleman Scott Gibson Scott Hoarty Scott Richardson Sean Foster Sean Lobjoit Sebastian Brunner Sebastian Krogull Sebastian Pechner Sebastian Schillag Sebastian Schlager Sebastian Schweiger Sebastian Wokraczka Sebastien Guglielmi Sebastien roubinet Shane Leksell Shane Stoney Shawn Silsbee Shayne Joseph Paul Shogo Kihara Silas Greiner Silvio Carlos Camolesi Silvio Szekely Simon Bresche Simon Davey Simon Hannaford Simon Hodge Simon Messerli Simon Paynton Simon Reed Simon Welch Simone Barisonzi Sofian Moukhaiar-Senac Spencer McCarthy Stef Volckaerts Stefan Almeida Stefan Biley Stefan Bosch Stefan Delalut Stefan Forster Stefan Hennig Stefan Ihl Stefan Jeppesen Stefan Monz Stefan Nydegger Stefan Oberboersch Stefan Pagenberg Stefan Pitzl Stefan Sulies Stefano Malnati Stefano Pecchio Stefano Pianoterra Steffen Deszczka Stella Lionel Stephan Czekay Stephan Goldenberg Stephan Prinz Stephane Sola Stephen Bacchus Stephen Jubb Stephen Kelly Stephen Way Stephen White Steve Berwald Steve Bird Steve Hew Steve Hoessler Steve Jones Steve Redding Steve Swangler Steve Unsen Steve White Steven Beyer Steven Johnson Steven Labbe Stuart Phillips Suzuki Ryouhei Svein Andre Nilsen Sven Bender Sven Lippmann Sven Ungerecht Sylvain Antoni Sylvain Caillat Tapio Vepsalainen Tatu Teittinen Teddy Yeboah Teemu Koskinen Terrell Olvera Tetsuo Kimura Thibault Scheffmann Thierry Chabanne Thierry Degeilh Thilo Ascher Thomas Einoeder Thomas Goesling Thomas Groener Thomas Hirschi Thomas Hoenen Thomas Keaveney Thomas Kloeters Thomas Knecht Thomas Lademann Thomas Lund Thomas Mayrhofer Thomas Mouren Thorsten Lingnau Tiago Fortuna Till Grapentin Tim Cox Tim Eles Tim Foster Tim Lundy Tim Venker Tim Wielens Timi Tuohenmaa Tobias Gloeckner Tobias Kiel Tobias Scheit Todd Norbury Tom Cornwell Tom Erik Risan Tom Goad Tom Ivar Arntsen Tom Pettersson Tommaso Rossato Tonny Draijer Tony Bull Tony Richards Tony Rickard Tony Ward Torsten Schmitt Travis Lamming Trent White Trever Braun Trevor Austin Tristan Matheson-Mayne Tyler Sinquefield Ulrich Diedrichsen Valerio Giolitto Victor Moraal Vikram Subramaniam Vincent Boulard Vincent Druart Vincent Zijlstra Vincenzo Giagheddu Vladimir Kulev Volker Keim Volker Wenski Warren Murfin William Fisher Wolf Herold Wolfgang Reh Xavier Bourgeois Xiong Yang Xristo Papageorgas Yann Kowalkiewicz Yannick Prevot Yannick Steinhauer Youcef Benyarou Zdeno Kubina Ziyu Guo <emptyline> <emptyline> <emptyline>  <position> Supported by <list> Adam Dougherty Adam Rusling Aleksi Marjusaari Alex Day Alex Salmon Alexandre Bersano Alfiero Ventura Alizard Christian Anders Wallgren Andre Gava Andre Marcos Andrea Bona Andrej Lueders Andrew Banfield Anthony Labarre Anton Volkov Arne Pannecoucque Avenel Adrien Bart Van den Broeck Bastian Schings Beeck Wolfgang Benjamin Alapetite Benjamin Aul Benjamin Schuette Benny Dean Bernd Ohlsen Bevan Roberts Brady Warren Brendan Langlois Brett Loubser Brian George Brock Williams Bruce Maytum Carion Guillaume Cesar Correa Chad Kopec Charles Verity Chee Hoe Lau Chris Lessig Christian Heinlein Christian Nutz Christoff Rampf Clive Reeves Damian Papen Dan Britton Dan Stockwell Daniel Borges Daniel Hedman Daniel Holbling Daniel Sipowicz Daniel Thomazelli Darley Laetitia Dave Peat David Filippone David Golob David Gross David LeGresley David Sosnowski Dennis Hart Diego Colafabio Diego Xavier Dominik Pflegerl Dominik Uebelhoer Donald Brooks Douglas Ries Dustin Ward Enrico Weichhold Enrique Nava Gonzalez Enrique Perez Cabedo Eric Dufour Eric Koudijs Fabian Kraus Fabien Bouteuil Fabrice Tessier Finn Verkerk Florian Laub Frank Lobers Freulon Nicolas Gareth Smith Garrick Wheeler Gavin Thomas Gene Day Georgel Eric Gerard Raccio Giuliano Golfieri Gordon Mowvley Gregory Choubana Grigoli Manuel Guerin Jimmy Guillaume Cortes Guillemoto Claude Gusthiot Maxime Haroldo Dijigov Heiko Gehrig Heiko Risse Helmut Bachmayr Hirokazu Oka Hugo Vieira Humberto Barreira Iker Mingo Israel Gallegos Jan Sterba Jarno Perala Jason Betts Jason Hsu Jason Schumacher Javier Rios Joachim Koppenhoefer Joao Bonifacio Joerg Mertin Johan Malmsten Johan Sanders John Rayson Jon Grintz Jonatan Larsson Joni Harju Jordi Rodrigo Roma Juan Luis Garcia Asmar Justin White Kai Podoklinski Kay Ekanayake Keven Menard Kevin Ellis Kevin Watts Kieran Chauhan Klaus Thon Kouhei Hata Kristopher Cobb Lars Klingman Lasse Skjoett Hansen Leandro Melo Lecomte Tristan Lombard Florian Luca Perin Lukas Ljungdahl Manuel Kamela Marco Ficara Marco Mauri Mario Gilcher Mario Macri Marius Pedersen Mark Bosman Mark Bratley Mark Bushell Mark Cooke Markus Pichler Martin Bell Martin Hauber Matej Klocek Mathieu Gebel Matt Cocks Matthew Cholerton Matthew Kennedy Matthew Thomas Maxime Monnet Meier Michael Mevlut Koc Michael Decker Michael Dorn Michael Konrad Michael Lorenz Michael McEvoy Michael Miesenberger Nathan Burtenshaw Nathan Jermyn Nicolas Pavie Nishan Baruah Oliver Abrahamsson Omer Candar Ondrej Vesely Pacula Martin Paolo Guiotto Pascal Groen Peter Bjoerk Peter Dimitri Peter Gertsson Peter Jamieson Philipp Eiselt Philipp Haenel Philipp Hofmaninger Philippe Evrard Quido Dekker Rafael Alcolea Rainer Huentemeier Ralf Trautwein Ralf Waspe Ramon Galera Raphael Smith Rasmus Lundstrom Rene Drawert Rene Hossfeld Richard McVeigh Robert Green Robin Sillars Roger Lee Sami Vahtera Sandro Draeger Santeri Rahkamaa Scott Haines Sebastian Barz Sebastien Milliot Simon Carbonnel Simon Strohmenger Sinan Mercan Sjoerd Huksloot Stefan Klause Stefan Krokowski Stefan Steinwasser Steffen Schluessler Stephen Collis Stephen Walsh Steve Seidelmann Teemu Karvinen Thiebault Debatty Thomas Granofszky Thomas Kramwinkel Thomas Meissner Thomas Olivaux Thomas Schleimer Thomas Wiercioch Timo Klostermann Timon Putzker Tobias Wellmann Tom Hutchins Tyler Grinnell Ulrich Straller Vinod Chandran William Parr Xabier Sanchez Yang Hongbo <emptyline> <emptyline> <emptyline>  <position> AEMS <list> Adam Stadler Adriano Sapetti Al Clarke Albert Bensusan Alejandro Fernandez Alessandro Balzan Alex Krugman Alex Meader Alex Nunez Allan Ng Andreas Eriksson Andreas Falkner Andrew Arroyo Andrew Thompson Andrew Wojteczko Andy Barnes Andy Blackmore Anna Degen Anne Bernard Anne Bernard Annemie Claesen Anthony Cheshire Aris Barios Arnold Eugenio Arthur Virapin Ashley Lynch Aurélie Glandais Autumn Soriano Beatrice Karlsson Becki Nile Ben Brown Ben Chong Ben Conrad Bisi Ezerioha Blair Dupree Blane Burnettt Bob West Boris Puddu Brad Beardow Brad Folz Brandon Adams Braun Smith Brett Hauschild Brian Dwyer Brian Knudson Bruce B. Frederick Bruce Garfield Bryan Alvardo Bryn Musselwhite Caroline Fallara Casey Cooper Johnson Charlotte Lumley Chico Kodama Chris Agajanian Chris Considine Chris Douglas Chris Protheroe Chris Raschke Chris Tague Chris Tate Christer Loow Christian Schick Christina Nielsen Christoph Ebenschwaiger Chuck Neal CJ Wilson Claudia Geissmann Clayton Triggs Clive Chapman Cory Burns Craig Cavalier Daniel Bandoly Daniel Cross Daniela Russell, Darren Geal Dave Phelps David Black David Fernandez David Isaacs David Ridley Declan Brennan Dennis Homberg Dennis Schwitzer Dirk Starksen Dirk Theimann Donnyelle Evans Dyan Williams Dylan Fraser Efrain, Enrico Diano Eji Tada Elena Azzali Elisa Mignini Emeline Wilson Emma Pastor Ethan Bregman Eunice Biondi Fabian Weingart Fiammetta Ginestra Florian Hagemann Florian Pitout Frank Rehak Fraser Handley Frederic Colaux Fu Yang Gary Fong George Ciordas George Kviloria Glen Chou Greg Gill Hannes Tribelnig Hannes Zanon Hayley Robinson Hedi Kim Helmut Wahl Hikaru Fujii Hiroshi Sano Hunter Skipworth Hyodo Tomomi Ian Briggs J. David Rich Jacob Agajanian James Crook James Hinchcliffe James Kirkham James Nagahashi James Rumsey Jane Mcleod Jarrod Stapley JC Waterhouse Jeff Darks Jeff Glover Jeff Neal Jen Horsey Jeremy Peirson Jerry Thienprasiddhi Jesse Wood Jillian Scheden Jim Michaelian John Chiboroski John Church Jon Barrett Jon Denton Jordon Roberts Jorge De La Torres, Jorge Rivera Julie Peyssard Jun Imai Junichi Tokuda Justin Ocello Kai Mensing Karen Schnurr Kei Muira Keith Jones Kenji Sumino Kenny Krajnik Kevin Taylor Klarissa Freibott Kris Skellenger Kristian Berg Kristian Dean Kyle Lloyd Larry Chen Laura Clever Lauren Sheridan Linden Farrow Lindsay Ross Liza Markle Louise Price Luca Bellisomo Luca Venturi Mad Mike Whiddett Marc Lewis Marc Unger Marcel Orban Maria Pia Rocca Marie Christine Ravon Mario Di Dato Marion Eisenberger Mark Bentley Mark Jones Mark Lemmer Mark Tingey Mary Lou Haen Masaya Yumeda Mat McCallum Matt Crooke Matt Levin Matt Monroe Matt Tuccillo Matt Wright Matt Young Matteo Gianotti Matthew Levin Matthias Czabok Matthias Scheffler Max (Massimiliano) Marsiaj Michael Burch Michael Gibbs Michael Grassl Michael Keyser Michael London Michael Schneider Michael Scully Michael Shank Michael Staskin Michael Teichmann Michaela Dorcikova Michal Klouda Mike Beckhusen Mike Chung Mike Hagedorn Mike Johnson Miriam Rodriguez de Lizana Mirko Lubner Mirko Markfort Miroslav Konopka Mizoguchi Kagefumi Monica Pauperas Murray Adams Natasha Dyson Nathan Freke Nathan Shriver Neill Briggs Nicole Garside Nigel Land Pascal Ursi Pascale Fleuridas Pascale Lavie Patrick Germain Patrick Mulligan Paul Zwicky-Ross Paulo Pinheiro Peter Cunningham Phillip Grenier Pierre Nicolet Pierre Nicolet Preston Calvert Quentin Frismand Rafael Navarro Ravi Dolwani René Buttler Riccardo Pezzetta Richard Barsamian Richard Hoare Richard King Rob Barnes Robin Selbach Roman Moser Romi Diana Doser Rosella Locatelli Ryan Carpenter Ryan Davis Ryu Asada Sabrina Asperti Sam Minchington Sandrine Weyders Sandy Althaus Sarah Edlinger Scott Lindley Seadon Baker Sean Horvath Sean Kleinschuster Sebastian Bagley Sebastian Hornung Sebastian Schmalz Shige Suganuma Shinjo Tsuyoshi Silvia Montsori Simon Haas Staci Langham Stefan Steinwasser Stephanie D'aprigny Steve Fields Steve Sare Steve Vandervate Thomas Gleibs Thomas Herbst Thomas Koch Thomas Muehlenz Thomas Radkovic Timo Frings Tobias Haasis Tomo Hisanaga Toni Calderon Toni Whiddett Tony Attwood Tony Balde Toshi Nakamae Travis Montgomery Trent Goodwin Trevor Wert Valerio Piersanti Vaughn Gittin Jr Vera Wessolek Victor Carrillo Vincent Vosse Vitale Alessandro Maffezzini Wakana Kosumi Warren Overton Will Brown Willett Considine Yannick Yvin Yoshiaki Hashimura Yoshihiro Sakamoto Yoshiyasu Takezawa <emptyline> <emptyline> <emptyline>   <position> External Partners <emptyline> <list> 'FMOD studios' and 'Firelight Technologies'  <emptyline>  REV technology used under license from Crankcase Audio Inc. <emptyline>  Uses Oodle. Copyright © 2008-2017 by RAD Game Tools, inc.   <emptyline>  Uses Bink Video. Copyright © 1997 – 2017 by Rad Game Tools, Inc   <emptyline>  Development tools and related technology provided under license from Logitech.  © 2001-2017 Logitech.  All rights reserved.  <emptyline>  Trademarks, design patents and copyrights are used with the approval of  the owner of Agajanian Racing <emptyline>  “Aston Martin”, “Aston Martin Racing” and related logos and other trademarks  are owned, licensed and/or used by Aston Martin and Aston Martin Racing.   These trademarks may not be used, amended and/or reproduced without permission.  All rights are reserved. <emptyline>  Trademarks, design patents and copyrights are used with the approval of the  owner of AUDI AG <emptyline>  Trademarks, design patents and copyrights are used with the approval of  the owner of Briggs Automotive Company (BAC) Limited <emptyline>  Produced under licence from Bentley Motors Limited England. “Bentley”, the ‘B’  in wings device and other associated logos and names are trademarks of  Bentley Motors Limited. The body designs of Bentley motor cars are protected  by Bentley Motors Limited under design, trademark and trade dress regulations <emptyline>  The BMW logo and BMW wordmark are trademarks of BMW AG and are used under license. <emptyline>  General Motors Trademarks used under license to Slightly Mad Studios Ltd <emptyline>  Caterham and associated logos and trade dress are registered trademarks of  Caterham Cars Ltd and are used under license. <emptyline>  The name and design of CITROËN and DS are used with the permission of  Automobiles CITROËN <emptyline>  Produced under license of Ferrari S.p.A. The name FERRARI, the PRANCING HORSE device, all associated logos and distinctive designs are property of  Ferrari S.p.A. The body designs of the Ferrari cars are protected as  Ferrari S.p.A. property under design, trademark and trade dress regulations. <emptyline>  Ford Trademarks and Trade Dress used under license to Slightly Mad Studios Ltd <emptyline>  Trademarks, design patents and copyrights are used under licence from  Ginetta Cars Limited <emptyline>  For Honda Automobiles: Honda Official Licensed Product. Designed, manufactured and distributed by or  for Slightly Mad Studios. Honda, the “H” logo, Honda vehicles and their trade  dress, and all associated vehicle emblems, logos, marks and names are trademarks  and intellectual property of Honda Motor Co., Ltd. All rights reserved. <emptyline>  For Acura Automobiles: Acura Official Licensed Product. Designed, manufactured and distributed by or  for Slightly Mad Studios. Acura, the “A” logo, Acura vehicles and their trade  dress, and all associated vehicle emblems, logos, marks and names are trademarks  and intellectual property of Honda Motor Co., Ltd. All rights reserved." <emptyline>  Trademarks of Brickyard Trademarks Inc. used with permission <emptyline>  Jaguar and the leaper device are trademarks owned and licensed by  Jaguar Land Rover Limited <emptyline>  All KTM vehicles, vehicle names, designs and logos are trademarks of KTM AG. <emptyline>  The trademarks, copyrights and design rights in and associated with Lamborghini,  Lamborghini with Bull and Shield Device are used under license from Automobili  Lamborghini S.p.A., Italy <emptyline>  Ligier and associated logos and trade dress are registered trademarks of Everspeed  for Onroak Automotive and are used under license. <emptyline>  Approved and licensed by Classic Team Lotus Ltd <emptyline>  Mazda Motor Corporation Approval No. 20019 <emptyline>  Manufactured under license from McLaren Automotive Limited.The McLaren name  and logo are registered trademarks of McLaren <emptyline>  “Mercedes-Benz” and “Three pointed star in a ring” are trademarks of Daimler AG  and used under license by Slightly Mad Studios Ltd. <emptyline>  MITSUBISHI MOTORS and  emblems are trademarks of MITSUBISHI MOTORS CORPORATION  and used under license to Slightly Mad Studios Limited. <emptyline>  MOTUL, the MOTUL LOGO and 300 V are registered trademarks of MOTUL (SA).  All rights reserved” and the Licensed Designs are protected by“© MOTUL’s  copyright – 1995- All rights reserved <emptyline>  Trademarks of Nissan Motor Co., Ltd. used under license to Slightly Mad Studios.  81-27617-22520 <emptyline>  Trademarks, design patents and copyrights are used with the approval of the  owner of OMSE. <emptyline>  "Opel Trademarks used under license to Slightly Mad Studios Ltd - Les marques Opel  sont utilisées sous license par Slightly Mad Studios Ltd" <emptyline>  Trademarks, design patents and copyrights are used with the approval of the  owner of ORECA SAS. <emptyline>  The trademarks PAGANI and Pagani Automobili and Huayra and Zonda are registered  trademarks and used under license from HORACIO PAGANI S.P.A., Italy <emptyline>  Panoz LLC vehicle models and trademarks are subject to copyright and other  intellectual property protection. Used with permission of Panoz LLC, a division  of Green4U Technologies, Inc. All rights reserved. <emptyline>  Under License of Porsche AG <emptyline>  Radical Sportscars Official Licensed Product. Designed, manufactured and distributed  by or for Slightly Mad Studios. Radical Sports Cars, Radical, the “R” logo, Radical  vehicles and their trade dress, and all associated vehicle emblems, logos, marks and  names are trademarks and intellectual property of Radical Sportscars Limited.  All rights reserved. <emptyline>  "RENAULT Official Licensed Products. Vehicle Models and Trademarks protected by  intellectual property laws. Used with permission of RENAULT. All rights reserved" <emptyline>  Under license of Toyota Motor Corporation <emptyline>  The name and design of Autodromo Internacional Do Algarve are used with the permission  of Parkalgar - Parques Tecnologicos e Desportivos, S.A.  <emptyline>  The name and design of the Mount Panorama Motor Racing Circuit are used with the permission  of Bathurst Regional Council <emptyline>  The name and design of Brands Hatch are used with the permission of Motorsport Vision Ltd. <emptyline>  Trademarks of Automotocrom Brno,a.s. used with permission <emptyline>  The name and design of Cadwell Park are used with the permission of Motorsport Vision Ltd. <emptyline>  The name and design of Circuit de Catalunya and Circuit de Barcelona-Catalunya are used  with the permission of Circuits de Catalunya, S.L. <emptyline>  Trademarks of Circuit of the Americas LLC used with permission <emptyline>  DAYTONA® is a registered trademark of the International Speedway, Inc. and licensed to  International Speedway Corporation. <emptyline>  Trademarks and likeness of DirtFish, LLC used with permission <emptyline>  "The Donington Park name, graphic design and logo are registered and protected  under UK and European law and similarly, those copyrights of all Donington's  partners and sponsors included in the track design and layouts for this game  are also protected under relevant laws. Any unauthorised breaches, misuse,  or misrepresentation of any of these copyrights, designs and logos will be  pursued to the fullest extent of the applicable law". <emptyline>  The name and design of Dubai Autodrome circuit are used with the permission  of Dubai Autodrome LLC. <emptyline>  Fuji Speedway Copyright ©Fuji International Speedway Co., Ltd. All rights reserved. <emptyline>  Trademarks of Hockenheim-Ring GmbH used with permission <emptyline>  Trademarks of Formula Imola S.P.A. used with permission <emptyline>  Trademarks of Brickyard Trademarks Inc. used with permission <emptyline>  Trademarks of Knockhill Racing Circuit Ltd used with permission <emptyline>  Trademarks of Sports car Racing Association of the Monterey Peninsula  "SCRAMP" used with permission <emptyline>  Slightly Mad Studios usage of Lånkebanen's/HellRX's track design is licensed  and approved by NAF Motorsport Trøndelag <emptyline>  24H Le Mans official Licensed product. Le Mans TM 2017. <emptyline>  Rallycross Lohéac - trademark of Association Sportive du Rallycross de Lohéac  - France used under license to Slightly Mad Studios Ltd <emptyline>  Trademarks of Grand Prix Association of Long Beach, LLC. used with permission <emptyline>  The name and design of the Lydden Hill Race Circuit are used with the permission of  Lydden Race Circuit Ltd. <emptyline>  The likeness and trade dress of the Track “Autodromo Nazionale Monza” , the name of  the track and the associated logos are exclusive properties of S.I.A.S. S.p.A. -  Autodromo Nazionale Monza. <emptyline>  The name and design of the Nürburgring Race Circuits are used with the permission of  capricorn Nürburgring GmbH. <emptyline>  The name and design of the Motorsport Arena Oschersleben are used with the permission of  Motorsport Arena Oschersleben GmbH. <emptyline>  The name and design of Oulton Park are used with the permission of Motorsport Vision Ltd. <emptyline>  Under License of Porsche AG <emptyline>  Trademarks of Projekt Spielberg GmbH & Co KG used with permission <emptyline>  The name and design of Road America are used with the permission of  Road America Inc. <emptyline>  “Red Bull® Marks are licensed by Red Bull GmbH/Austria” <emptyline>  The name and design of Ruapuna Park are used with the permission of  The Canterbury Car Club. <emptyline>  © Silverstone Circuits Limited 2017 <emptyline>  The name and design of Snetterton are used with the permission of  Motorsport Vision Ltd. <emptyline>  Sonoma Raceway is a trademark of Speedway Properties Company, LLC <emptyline>  Copyright ©SUGO Co.,Ltd. All rights reserved. <emptyline>  "Texas Motor Speedway ® is a registered trademark of Speedway Properties Company, LLC,  registered in the U.S. The Globe Logo ® is a registered trademark of Speedway Properties  Company, LLC, registered in the U.S." <emptyline>  WATKINS GLEN® is a registered trademark of the International Speedway, Inc. and licensed  to International Speedway Corporation. <emptyline>  The name and design of Willow Springs International Raceway are used with the permission  of Christopher C. Huth General Manager and Owner of Willow Springs International Raceway. <emptyline>  The Track Marks, designs, logo and trademark of Zhuhai International Circuit are licensed  by Zhuhai International Circuit Ltd. <emptyline>  The name and design of Circuit Zolder are used with the permission of Circuit Zolder Inc. <emptyline>  PIRELLI and PIRELLI logo are trademarks of Pirelli & C. S.p.A.; PZERO is a trademark of  Pirelli Tyre S.p.A. All trademarks are used under license <emptyline> <emptyline> <emptyline>       
