sub	key	English	French	Italian	German	Spanish	Russian	Polish	Japanese	Brazilian-Portuguese	Neutral-Spanish	French-Canadian	Korean	Chinese-Simple	Chinese-Traditional
	General_GraphicsOptions_Bilinear	Bilinear	Bilinéaire	Bilineare	Bilinear	Bilineal	Билинейная	Dwuliniowe	バイリニア	Bilinear	Bilineal	Bilinéaire	이중 선형 필터링	双线性	雙線性
	General_GraphicsOptions_Trilinear	Trilinear	Trilinéaire	Trilineare	Trilinear	Trilineal	Трилинейная	Trójliniowe	トライリニア	Trilinear	Trilineal	Trilinéaire	삼중 선형 필터링	三线性	三線性
	General_GraphicsOptions_Anisotropic2x	Anisotropic 2x	Anisotropique x2	Anisotropico 2x	Anisotropisch 2x	Anisotrópico x2	Анизотропная х2	Anizotropowe x2	アニソトロピック 2倍	Anisotrópico 2x	Anisotrópico x2	Anisotropique x2	이등방성 필터링 2x	各向异性 2倍	各向異性 2倍
	General_GraphicsOptions_Anisotropic4x	Anisotropic 4x	Anisotropique x4	Anisotropico 4x	Anisotropisch 4x	Anisotrópico x4	Анизотропная х4	Anizotropowe x4	アニソトロピック 4倍	Anisotrópico 4x	Anisotrópico x4	Anisotropique x4	이등방성 필터링 4x	各向异性 4倍	各向異性 4倍
	General_GraphicsOptions_Anisotropic8x	Anisotropic 8x	Anisotropique x8	Anisotropico 8x	Anisotropisch 8x	Anisotrópico x8	Анизотропная х8	Anizotropowe x8	アニソトロピック 8倍	Anisotrópico 8x	Anisotrópico x8	Anisotropique x8	이등방성 필터링 8x	各向异性 8倍	各向異性 8倍
	General_GraphicsOptions_Anisotropic16x	Anisotropic 16x	Anisotropique x16	Anisotropico 16x	Anisotropisch 16x	Anisotrópico x16	Анизотропная х16	Anizotropowe x16	アニソトロピック 16倍	Anisotrópico 16x	Anisotrópico x16	Anisotropique x16	이등방성 필터링 16x	各向异性 16倍	各向異性 16倍
	General_GraphicsOptions_Hz	Hz	Hz	Hz	Hz	Hz	Гц	Hz	Hz	Hz	Hz	Hz	Hz	Hz	Hz
	General_GraphicsOptions_VirtualReality	Virtual Reality	Réalité virtuelle	Realtà virtuale	Virtuelle Realität	Realidad virtual	Виртуальная реальность	Wirtualna rzeczywistość	バーチャルリアリティ	Realidade virtual	Realidad virtual	Réalité virtuelle	가상 현실	虚拟现实	虛擬實境
	General_GraphicsOptions_Subtle	Subtle	Discret	Accennato	Geringfügig	Sutil	Слабые	Subtelny	控えめ	Sutil	Sutil	Discret	서틀	细微	細微
	General_GraphicsOptions_Chroma	Chroma	En surimpression	Cromatico	Chroma	Croma	Хроматические	Wyrazisty	彩度	Chroma	Intenso	En surimpression	다채로운	色差	色差
	General_GraphicsOptions_Unadjusted	Unadjusted	Non corrigé	Non modificato	Nicht angepasst	Sin ajustar	Не настроено	Nie ustawiono	未調整	Não ajustado	Sin ajustar	Non corrigé	보정 없음	未调整	未調整
	General_GraphicsOptions_LinearScale	Linear Scale	Évolution linéaire	Scala lineare	Lineare Skalierung	Escala lineal	Линейная шкала	Skala liniowa	リニアスケール	Escala linear	Escala lineal	Évolution linéaire	리니어스케일	线性比例	線性比例
	General_GraphicsOptions_SimpleExposure	Simple	Simple	Semplice	Einfach	Simple	Просто	Prosta	シンプル	Simples	Simple	Simple	심플	简单	簡單
	General_GraphicsOptions_HableFilmic	Hable Filmic	Hable cinématographique	Hable filmico	Hable Filmic	HDR	Hable Filmic	Hable Filmic	ヘイブルフィルミック	Hable Filmic	Hable Filmic	Hable cinématographique	영화식 과장	Hable电影式	Hable電影式
	General_GraphicsOptions_PhotographicExposure	Photographic	Photographique	Fotografico	Fotografisch	Fotográfico	Фото	Fotograficzna	フォトグラフィック	Fotográfico	Fotográfico	Photographique	사진	图像	圖像
	General_TimeDateCurrency_TimeFormatMMSS	[MM]:[SS]	[MM]:[SS]	[MM]:[SS]	[MM]:[SS]	[MM]:[SS]	[MM]:[SS]	[MM]:[SS]	[MM]:[SS]	[MM]:[SS]	[MM]:[SS]	[MM]:[SS]	[MM]:[SS]	[MM]:[SS]	[MM]:[SS]
	General_TimeDateCurrency_TimeFormatHHMMSS	[HH]:[MM]:[SS]	[HH]:[MM]:[SS]	[HH]:[MM]:[SS]	[HH]:[MM]:[SS]	[HH]:[MM]:[SS]	[HH]:[MM]:[SS]	[HH]:[MM]:[SS]	[HH]:[MM]:[SS]	[HH]:[MM]:[SS]	[HH]:[MM]:[SS]	[HH]:[MM]:[SS]	[HH]:[MM]:[SS]	[HH]:[MM]:[SS]	[HH]:[MM]:[SS]
	General_TimeDateCurrency_TimeFormatMMSSTTT	[MM]:[SS].[TTT]	[MM]:[SS].[TTT]	[MM]:[SS].[TTT]	[MM]:[SS].[TTT]	[MM]:[SS].[TTT]	[MM]:[SS].[TTT]	[MM]:[SS].[TTT]	[MM]:[SS].[TTT]	[MM]:[SS].[TTT]	[MM]:[SS].[TTT]	[MM]:[SS].[TTT]	[MM]:[SS].[TTT]	[MM]:[SS].[TTT]	[MM]:[SS].[TTT]
	General_TimeDateCurrency_DateFormatDDMMYY	[DD]/[MM]/[YY]	[DD]/[MM]/[YY]	[DD]/[MM]/[YY]	[DD]/[MM]/[YY]	[DD]/[MM]/[YY]	[DD].[MM].[YY]	[DD]/[MM]/[YY]	[YY] / [MM] / [DD]	[DD]/[MM]/[YY]	[DD]/[MM]/[YY]	[DD]/[MM]/[YY]	[DD]/[MM]/[YY]	[YY] / [MM] / [DD]	[YY] / [MM] / [DD]
	General_TimeDateCurrency_DateFormatDDMMYYYY	[DD]/[MM]/[YYYY]	[DD]/[MM]/[YYYY]	[DD]/[MM]/[YYYY]	[DD]/[MM]/[YYYY]	[DD]/[MM]/[YYYY]	[DD].[MM].[YYYY]	[DD]/[MM]/[YYYY]	[YYYY] / [MM] / [DD]	[DD]/[MM]/[YYYY]	[DD]/[MM]/[YYYY]	[DD]/[MM]/[YYYY]	[DD]/[MM]/[YYYY]	[YYYY] / [MM] / [DD]	[YYYY] / [MM] / [DD]
	General_TimeDateCurrency_CurrencyFormat	$[VALUE]	$[VALUE]	$[VALUE]	$[VALUE]	$[VALUE]	$[VALUE]	$[VALUE]	$[VALUE]	$[VALUE]	$[VALUE]	$[VALUE]	$[VALUE]	$[VALUE]	$[VALUE]
	General_TimeDateCurrency_SpeedFormatMPH	[SPEED] mph	[SPEED] mph	[SPEED] mph	[SPEED] mph	[SPEED] mph	[SPEED] миль/ч	[SPEED] mph	[SPEED] mi/h	[SPEED] mph	[SPEED] mph	[SPEED] mi/h	[SPEED] mph	[SPEED] mph	[SPEED] mph
	General_TimeDateCurrency_SpeedFormatKPH	[SPEED] kph	[SPEED] km/h	[SPEED] km/h	[SPEED] km/h	[SPEED] km/h	[SPEED] км/ч	[SPEED] km/h	[SPEED] km/h	[SPEED] km/h	[SPEED] km/h	[SPEED] km/h	[SPEED] kph	[SPEED] kph	[SPEED] kph
	General_TimeDateCurrency_AccelerationFormatSECS	[SECONDS] Secs	[SECONDS] sec	[SECONDS] sec	[SECONDS] Sek.	[SECONDS] s	[SECONDS] с	[SECONDS] sek.	[SECONDS] 秒	[SECONDS] seg.	[SECONDS] s	[SECONDS] sec	[SECONDS] 초	[SECONDS] Secs	[SECONDS] Secs
	General_TimeDateCurrency_MassFormatKG	[MASS]kg	[MASS] kg	[MASS] kg	[MASS] kg	[MASS] kg	[MASS] кг	[MASS] kg	[MASS] kg	[MASS] kg	[MASS] kg	[MASS] kg	[MASS] kg	[MASS]kg	[MASS]kg
	General_TimeDateCurrency_MassFormatLBS	[MASS] Lbs	[MASS] lbs	[MASS] lb	[MASS] Pf.	[MASS] lb	[MASS] фунт.	[MASS] Lbs	[MASS]lbs	[MASS] lbs	[MASS] lb	[MASS] lbs	[MASS] Lbs	[MASS] Lbs	[MASS] Lbs
	General_TimeDateCurrency_TorqueFormatNM	[TORQUE]Nm	[TORQUE] Nm	[TORQUE] N·m	[TORQUE] Nm	[TORQUE] Nm	[TORQUE] Н*м	[TORQUE] Nm	[TORQUE] Nm	[TORQUE] Nm	[TORQUE] Nm	[TORQUE] Nm	[TORQUE] Nm	[TORQUE]Nm	[TORQUE]Nm
	General_TimeDateCurrency_TorqueFormatLBFT	[TORQUE] ft-lbf	[TORQUE] ft-lbf	[TORQUE] ft lbf	[TORQUE] ft-lb	[TORQUE] ft-lbf	[TORQUE] фунто-фут.	[TORQUE] ft-lbf	[TORQUE] ft·lbf	[TORQUE] ft-lbf	[TORQUE] ft-lbf	[TORQUE] pi-lb de couple	[TORQUE] ft-lbf	[TORQUE] ft-lbf	[TORQUE] ft-lbf
	General_TimeDateCurrency_PowerFormatHP	[POWER] HP	[POWER] ch	[POWER] CV	[POWER] PS	[POWER] CV	[POWER] л. с.	[POWER] KM	[POWER] HP	[POWER] HP	[POWER] CV	[POWER] ch	[POWER] 마력	[POWER] HP	[POWER] HP
	General_TimeDateCurrency_Dawn	Dawn	Aube	Alba	Morgendämmerung	Amanecer	Рассвет	Świt	明け方	Amanhecer	Amanecer	Aube	새벽	黎明	黎明
	General_TimeDateCurrency_Day	Day	Journée	Giorno	Tag	Día	День	Dzień	日中	Dia	Día	Journée	낮	白天	白天
	General_TimeDateCurrency_SunSet	Dusk	Soirée	Tramonto	Abenddämmerung	Anochecer	Сумерки	Zmierzch	夕方	Entardecer	Anochecer	Soirée	저녁	黄昏	黃昏
	General_TimeDateCurrency_Night	Night	Nuit	Notte	Nacht	Noche	Ночь	Noc	夜	Noite	Noche	Nuit	밤	夜晚	夜晚
	General_TimeDateCurrency_PlayTimeFormatDDHHMM	[DD]d [HH]h [MM]min	[DD] j [HH] h [MM] min	[DD]g [HH]h [MM]m	[DD]d [HH]h [MM]min	[DD] d [HH] h [MM] min	[DD] д [HH] ч [MM] мин	[DD]d [HH]h [MM]min.	[DD] 日 [HH] 時間 [MM] 分	[DD]d [HH]h [MM]min	[DD] d [HH] h [MM] min	[DD] j [HH] h [MM] min	[DD]일 [HH]시 [MM]분	[DD]天 [HH]小时 [MM]m分	[DD]天 [HH]小時 [MM]m分
	General_TimeDateCurrency_PlayTimeFormatHHMM	[HH]h [MM]min	[HH] h [MM] min	[HH]h [MM]m	[HH]h [MM]min	[HH] h [MM] min	[HH] ч [MM] мин	[HH]h [MM]min	[HH] 時間 [MM] 分	[HH]h [MM]min	[HH] h [MM] min	[HH] h [MM] min	[HH]시 [MM]분	[HH]小时 [MM]分	[HH]小時 [MM]分
	General_TimeDateCurrency_TimeFormatMMSSUU	[MM]:[SS].[UU]	[MM]:[SS].[UU]	[MM]:[SS].[UU]	[MM]:[SS].[UU]	[MM]:[SS].[UU]	[MM]:[SS].[UU]	[MM]:[SS].[UU]	[MM]:[SS].[UU]	[MM]:[SS].[UU]	[MM]:[SS].[UU]	[MM]:[SS].[UU]	[MM]:[SS].[UU]	[MM]:[SS].[UU]	[MM]:[SS].[UU]
	General_TimeDateCurrency_DistanceKMFormat	[DISTANCE] km	[DISTANCE] km	[DISTANCE] km	[DISTANCE] km	[DISTANCE] km	[DISTANCE] км	[DISTANCE] km	[DISTANCE] km	[DISTANCE] km	[DISTANCE] km	[DISTANCE] km	[DISTANCE] KM	[DISTANCE] km	[DISTANCE] km
	General_TimeDateCurrency_DistanceMilesFormat	[DISTANCE] miles	[DISTANCE] miles	[DISTANCE] miglia	[DISTANCE] Meilen	[DISTANCE] millas	[DISTANCE] миль	[DISTANCE] mil.	[DISTANCE] miles	[DISTANCE] milhas	[DISTANCE] millas	[DISTANCE] miles	[DISTANCE] 마일	[DISTANCE] miles	[DISTANCE] miles
	General_TimeDateCurrency_DateFormatDDMM	[DD]/[MM]	[DD]/[MM]	[DD]/[MM]	[DD]/[MM]	[DD]/[MM]	[DD].[MM]	[DD]/[MM]	[MM] / [DD]	[DD]/[MM]	[DD]/[MM]	[DD]/[MM]	[DD]/[MM]	[MM] / [DD]	[MM] / [DD]
	General_TimeDateCurrency_PowerFormatKW	[POWER] kW	[POWER] kW	[POWER] kW	[POWER] kW	[POWER] kW	[POWER] кВт	[POWER] kW	[POWER] kW	[POWER] kW	[POWER] kW	[POWER] kW	[POWER] kW	[POWER] kW	[POWER] kW
	General_TimeDateCurrency_CurrencySeperator	,	,	.	.	 ,	,	,	,	,	,	,	,	,	,
	General_TimeDateCurrency_PercentageFormat	[PERCENTAGE]%	[PERCENTAGE] %	[PERCENTAGE]%	[PERCENTAGE] %	[PERCENTAGE] %	[PERCENTAGE]%	[PERCENTAGE]%	[PERCENTAGE] %	[PERCENTAGE]%	[PERCENTAGE]%	[PERCENTAGE] %	[PERCENTAGE]%	[PERCENTAGE]%	[PERCENTAGE]%
	General_TimeDateCurrency_SlashSeperator	[FIRST]/[SECOND]	[FIRST]/[SECOND]	[FIRST]/[SECOND]	[FIRST]/[SECOND]	[FIRST]/[SECOND]	[FIRST]/[SECOND]	[FIRST]/[SECOND]	[FIRST]/[SECOND]	[FIRST]/[SECOND]	[FIRST]/[SECOND]	[FIRST]/[SECOND]	[FIRST]/[SECOND]	[FIRST]/[SECOND]	[FIRST]/[SECOND]
	General_TimeDateCurrency_DecimalSeparator	.	,	,	,	,	,	,	.	.	,	,	.	.	.
	General_TimeDateCurrency_Slash	/	/	/	/	/	/	/	/	/	/	/	/	/	/
	General_TimeDateCurrency_MassThousandSeparator	,	,	,	,	,	,	,	,	,	,	,	,	,	,
	General_TimeDateCurrency_TimeFormatHHMM	[HH]:[MM]	[HH]:[MM]	[HH]:[MM]	[HH]:[MM]	[HH]:[MM]	[HH]:[MM]	[HH]:[MM]	[HH]:[MM]	[HH]:[MM]	[HH]:[MM]	[HH]:[MM]	[HH]:[MM]	[HH]:[MM]	[HH]:[MM]
	General_TimeDateCurrency_TimeProgressionRealTime	Real Time	Temps réel	Tempo reale	Echtzeit	Tiempo real	Реальн. время	Czas rzecz.	リアルタイム	Tempo real	Tiempo real	Temps réel	실시간	即时	即時
	General_TimeDateCurrency_TimeProgression2x	x2	x2	x2	x2	x2	x2	x2	x2	x2	x2	x2	x2	x2	x2
	General_TimeDateCurrency_TimeProgression10x	x10	x10	x10	x10	x10	x10	x10	x10	x10	x10	x10	x10	x10	x10
	General_TimeDateCurrency_TimeProgression60x	x60	x60	x60	x60	x60	x60	x60	x60	x60	x60	x60	x60	x60	x60
	General_TimeDateCurrency_RP	RP Spent	RP Spent	RP Spent	RP Spent	RP Spent	RP Spent	RP Spent	RP Spent	RP Spent	RP Spent	RP Spent	RP Spent	RP Spent	RP Spent
	General_TimeDateCurrency_SyncToRaceProgression	Sync To Race	Sync. à la course	Sincro con la gara	Synchron zum Rennen 	Sincronizado a carrera	Синхронизация с гонкой	Dopasuj do wyścigu	レースに同期	Sinc para Corrida	Sincronizar	Sync. à la course	레이스에 맞춤	同步至比赛	同步至比賽
	General_TimeDateCurrency_MonthJanuary	January	Janvier	Gennaio	Januar	Enero	Январь	styczeń	1月	Janeiro	Enero	Janvier	1월	一月	一月
	General_TimeDateCurrency_MonthFebruary	February	Février	Febbraio	Februar	Febrero	Февраль	luty	2月	Fevereiro	Febrero	Février	2월	二月	二月
	General_TimeDateCurrency_MonthMarch	March	Mars	Marzo	März	Marzo	Март	marzec	3月	Março	Marzo	Mars	3월	三月	三月
	General_TimeDateCurrency_MonthApril	April	Avril	Aprile	April	Abril	Апрель	kwiecień	4月	Abril	Abril	Avril	4월	四月	四月
	General_TimeDateCurrency_MonthMay	May	Mai	Maggio	Mai	Mayo	Май	maj	5月	Maio	Mayo	Mai	5월	五月	五月
	General_TimeDateCurrency_MonthJune	June	Juin	Giugno	Juni	Junio	Июнь	czerwiec	6月	Junho	Junio	Juin	6월	六月	六月
	General_TimeDateCurrency_MonthJuly	July	Juillet	Luglio	Juli	Julio	Июль	lipiec	7月	Julho	Julio	Juillet	7월	七月	七月
	General_TimeDateCurrency_MonthAugust	August	Août	Agosto	August	Agosto	Август	sierpień	8月	Agosto	Agosto	Août	8월	八月	八月
	General_TimeDateCurrency_MonthSeptember	September	Septembre	Settembre	September	Septiembre	Сентябрь	wrzesień	9月	Setembro	Septiembre	Septembre	9월	九月	九月
	General_TimeDateCurrency_MonthOctober	October	Octobre	Ottobre	Oktober	Octubre	Октябрь	październik	10月	Outubro	Octubre	Octobre	10월	十月	十月
	General_TimeDateCurrency_MonthNovember	November	Novembre	Novembre	November	Noviembre	Ноябрь	listopad	11月	Novembro	Noviembre	Novembre	11월	十一月	十一月
	General_TimeDateCurrency_MonthDecember	December	Décembre	Dicembre	Dezember	Diciembre	Декабрь	grudzień	12月	Dezembro	Diciembre	Décembre	12월	十二月	十二月
	General_TimeDateCurrency_SpeedFormatKnots	[SPEED] kts	[SPEED] nds	[SPEED] nodi	[SPEED] kn	[SPEED] kts	[SPEED] уз	[SPEED] w.	[SPEED] kt	[SPEED] nós	[SPEED] kts	[SPEED] nds	[SPEED] 노트	[SPEED] kts	[SPEED] kts
	General_TimeDateCurrency_LengthFormatMetres	[LENGTH] metres	[LENGTH] mètres	[LENGTH] metri	[LENGTH] Meter	[LENGTH] metros	[LENGTH] м	[LENGTH] m	[LENGTH] メートル	[LENGTH] metros	[LENGTH] metros	[LENGTH] mètres	[LENGTH] 미터	[LENGTH] metres	[LENGTH] metres
	General_TimeDateCurrency_RollRate	[RATE] deg/s	[ASC] deg/s	[RATE] gradi/s	[RATE] Grad/Sek.	[RATE] grad/s	[RATE] град/с	[RATE] deg/s	[RATE] deg/s	[RATE] grau/s	[RATE] grad/s	[ASC] deg/s	[RATE] 도/초	[RATE] deg/s	[RATE] deg/s
	General_TimeDateCurrency_ClimbRate	[RATE] ft/min	[ASC] pds/min	[RATE] piedi/min	[RATE] Fuß/Min.	[RATE] pies/min	[RATE] фут/мин	[RATE] ft/min	[RATE] ft/min	[RATE] pés/min	[RATE] pies/min	[ASC] pds/min	[RATE] 피트/분	[RATE] ft/min	[RATE] ft/min
	General_TimeDateCurrency_DistanceNauticMilesFormat	[DISTANCE] nautic miles	[DISTANCE] milles nautiques	[DISTANCE] miglia nautiche	[DISTANCE] Seemeilen	[DISTANCE] millas náuticas	[DISTANCE] м. м.	[DISTANCE] Mm	[DISTANCE] 海里	[DISTANCE] milhas náuticas	[DISTANCE] millas náuticas	[DISTANCE] milles naut.	[DISTANCE] 해리	[DISTANCE] nautic miles	[DISTANCE] nautic miles
	General_TimeDateCurrency_NightUPPER	NIGHT RACE	NOCTURNE	GARA NOTTURNA	NACHTRENNEN	CARRERA NOCTURNA	НОЧНАЯ ГОНКА	WYŚCIG NOCNY	夜間レース	CORRIDA NOTURNA	CARRERA NOCTURNA	NOCTURNE	야간 레이스	夜间赛	夜間賽
	General_TimeDateCurrency_DuskUPPER	EVENING	SOIR	SERA	ABEND	TARDE	ВЕЧЕР	WIECZÓR	夕方	INÍCIO DA NOITE	TARDE	SOIR	저녁	黄昏	黃昏
	General_TimeDateCurrency_DayUPPER	AFTERNOON	APRÈS-MIDI	POMERIGGIO	NACHMITTAG	MEDIA TARDE	ПОСЛЕ ПОЛУДНЯ	POPOŁUDNIE	午後	TARDE	MEDIA TARDE	APRÈS-MIDI	오후	下午	下午
	General_TimeDateCurrency_DawnUPPER	MORNING	MATIN	MATTINA	MORGEN	MAÑANA	УТРО	PORANEK	午前	MANHÃ	MAÑANA	MATIN	오전	上午	上午
	General_TimeDateCurrency_UnitsKM	km	km	km	km	km	км	km	km	km	km	km	킬로미터	km	km
	General_TimeDateCurrency_UnitsMiles	miles	miles	miglia	Meilen	millas	миль	mile	miles	milhas	millas	miles	마일	miles	miles
	General_TimeDateCurrency_UnitsNauticMiles	nautical miles	nautical miles	nautical miles	nautical miles	nautical miles	nautical miles	nautical miles	nautical miles	nautical miles	nautical miles	nautical miles	nautical miles	nautical miles	nautical miles
	General_TimeDateCurrency_UnitsMPH	mph	mph	mph	mph	mph	миль/ч	mph	mi/h	mph	mph	mph	mph	mph	mph
	General_TimeDateCurrency_UnitsKPH	kph	km/h	km/h	km/h	km/h	км/ч	km/h	km/h	km/h	kph	km/h	kph	kph	kph
	General_TimeDateCurrency_UnitsKnots	kts	nds	nodi	kn	kts	уз	w.	kt	nós	kts	nds	노트	kts	kts
	General_TimeDateCurrency_TimeProgression5x	x5	x5	x5	x5	x5	x5	x5	x5	x5	x5	x5	x5	x5	x5
	General_TimeDateCurrency_TimeProgression20x	x20	x20	x20	x20	x20	x20	x20	x20	x20	x20	x20	x20	x20	x20
	General_TimeDateCurrency_TemperatureCelcius	[TEMP]°C	[TEMP]°C	[TEMP]°C	[TEMP]°C	[TEMP]°C	[TEMP]°C	[TEMP]°C	[TEMP] °C	[TEMP]°C	[TEMP]°C	[TEMP]°C	[TEMP]°C	[TEMP]°C	[TEMP]°C
	General_TimeDateCurrency_TemperatureFarenheit	[TEMP]°F	[TEMP]°F	[TEMP]°F	[TEMP]°F	[TEMP]°F	[TEMP]°F	[TEMP]°F	[TEMP] °F	[TEMP]°F	[TEMP]°F	[TEMP]°F	[TEMP]°F	[TEMP]°F	[TEMP]°F
	General_TimeDateCurrency_TimeProgression15x	x15	x15	x15	x15	x15	x15	x15	x15	x15	x15	x15	x15	x15	x15
	General_TimeDateCurrency_TimeProgression25x	x25	x25	x25	x25	x25	x25	x25	x25	x25	x25	x25	x25	x25	x25
	General_TimeDateCurrency_TimeProgression30x	x30	x30	x30	x30	x30	x30	x30	x30	x30	x30	x30	x30	x30	x30
	General_TimeDateCurrency_TimeProgression40x	x40	x40	x40	x40	x40	x40	x40	x40	x40	x40	x40	x40	x40	x40
	General_TimeDateCurrency_TimeProgression50x	x50	x50	x50	x50	x50	x50	x50	x50	x50	x50	x50	x50	x50	x50
	General_TimeDateCurrency_MiniMonthJAN	JAN	JAN	GEN	JAN	ENE	ЯНВ	STY	JAN	JAN	ENE	JAN	1월	JAN	JAN
	General_TimeDateCurrency_MiniMonthFEB	FEB	FÉV	FEB	FEB	FEB	ФЕВ	LUT	FEB	FEV	FEB	FÉV	2월	FEB	FEB
	General_TimeDateCurrency_MiniMonthMAR	MAR	MAR	MAR	MÄR	MAR	МАР	MAR	MAR	MAR	MAR	MAR	3월	MAR	MAR
	General_TimeDateCurrency_MiniMonthAPR	APR	AVR	APR	APR	ABR	АПР	KWI	APR	ABR	ABR	AVR	4월	APR	APR
	General_TimeDateCurrency_MiniMonthMAY	MAY	MAI	MAG	MAI	MAYO	МАЙ	MAJ	MAY	MAI	MAYO	MAI	5월	MAY	MAY
	General_TimeDateCurrency_MiniMonthJUN	JUN	JUIN	GIU	JUN	JUN	ИЮН	CZE	JUN	JUN	JUN	JUIN	6월	JUN	JUN
	General_TimeDateCurrency_MiniMonthJUL	JUL	JUIL	LUG	JUL	JUL	ИЮЛ	LIP	JUL	JUL	JUL	JUIL	7월	JUL	JUL
	General_TimeDateCurrency_MiniMonthAUG	AUG	AOÛT	AGO	AUG	AGO	АВГ	SIE	AUG	AGO	AGO	AOÛT	8월	AUG	AUG
	General_TimeDateCurrency_MiniMonthSEP	SEP	SEP	SET	SEP	SEP	СЕН	WRZ	SEP	SET	SEP	SEP	9월	SEP	SEP
	General_TimeDateCurrency_MiniMonthOCT	OCT	OCT	OTT	OKT	OCT	ОКТ	PAŹ	OCT	OUT	OCT	OCT	10월	OCT	OCT
	General_TimeDateCurrency_MiniMonthNOV	NOV	NOV	NOV	NOV	NOV	НОЯ	LIS	NOV	NOV	NOV	NOV	11월	NOV	NOV
	General_TimeDateCurrency_MiniMonthDEC	DEC	DÉC	DIC	DEZ	DIC	ДЕК	GRU	DEC	DEZ	DIC	DÉC	12월	DEC	DEC
	General_TimeDateCurrency_DateFormatDDMMM	[DD] [MMM]	[DD] [MMM]	[DD] [MMM]	[DD]/[MMM]	[DD] [MMM]	[DD] [MMM]	[DD] [MMM]	[MMM] [DD]	[DD] [MMM]	[DD] [MMM]	[DD] [MMM]	[DD] [MMM]	[DD] [MMM]	[DD] [MMM]
	General_TimeDateCurrency_LengthFormatMM	[LENGTH] mm	[LENGTH] mm	[LENGTH] mm	[LENGTH] mm	[LENGTH] mm	[LENGTH] мм	[LENGTH] mm	[LENGTH] mm	[LENGTH] mm	[LENGTH] mm	[LENGTH] mm	[LENGTH] mm	[LENGTH] mm	[LENGTH] mm
	General_TimeDateCurrency_FStop	F[VALUE]	F[VALUE]	A[VALUE]	F[VALUE]	F[VALUE]	F[VALUE]	[VALUE] F	F [VALUE]	F[VALUE]	F[VALUE]	F[VALUE]	F[VALUE]	F[VALUE]	F[VALUE]
	General_TimeDateCurrency_ReciprocalSeconds	1/[SECONDS] s	1/[SECONDS] s	1/[SECONDS] s	1/[SECONDS] s	1/[SECONDS] s	1/[SECONDS] с	1/[SECONDS] s	1/[SECONDS] 秒	1/[SECONDS] s	1/[SECONDS] s	1/[SECONDS] s	1/[SECONDS]초	1/[SECONDS]s	1/[SECONDS]s
	General_TimeDateCurrency_TimeFormatHHMMSSTTT	[HH]:[MM]:[SS].[TTT]	[HH]:[MM]:[SS].[TTT]	[HH]:[MM]:[SS].[TTT]	[HH]:[MM]:[SS].[TTT]	[HH]:[MM]:[SS].[TTT]	[HH]:[MM]:[SS].[TTT]	[HH]:[MM]:[SS].[TTT]	[HH]:[MM]:[SS].[TTT]	[HH]:[MM]:[SS].[TTT]	[HH]:[MM]:[SS].[TTT]	[HH]:[MM]:[SS].[TTT]	[HH]:[MM]:[SS].[TTT]	[HH]:[MM]:[SS].[TTT]	[HH]:[MM]:[SS].[TTT]
	General_TimeDateCurrency_speshcharacters	ÀÁÂÃÄÅÇÈÉÊËÌÍÎÏÑÒÓÔÕÖÙÚÛÜÝŁ	ÀÁÂÃÄÅÇÈÉÊËÌÍÎÏÑÒÓÔÕÖÙÚÛÜÝŁ	ÀÁÂÃÄÅÇÈÉÊËÌÍÎÏÑÒÓÔÕÖÙÚÛÜÝŁ	ÀÁÂÃÄÅÇÈÉÊËÌÍÎÏÑÒÓÔÕÖÙÚÛÜÝŁ	ÀÁÂÃÄÅÇÈÉÊËÌÍÎÏÑÒÓÔÕÖÙÚÛÜÝŁ	ÀÁÂÃÄÅÇÈÉÊËÌÍÎÏÑÒÓÔÕÖÙÚÛÜÝŁ	ÀÁÂÃÄÅÇÈÉÊËÌÍÎÏÑÒÓÔÕÖÙÚÛÜÝŁ	ÀÁÂÃÄÅÇÈÉÊËÌÍÎÏÑÒÓÔÕÖÙÚÛÜÝŁ	ÀÁÂÃÄÅÇÈÉÊËÌÍÎÏÑÒÓÔÕÖÙÚÛÜÝŁ	ÀÁÂÃÄÅÇÈÉÊËÌÍÎÏÑÒÓÔÕÖÙÚÛÜÝŁ	ÀÁÂÃÄÅÇÈÉÊËÌÍÎÏÑÒÓÔÕÖÙÚÛÜÝŁ	ÀÁÂÃÄÅÇÈÉÊËÌÍÎÏÑÒÓÔÕÖÙÚÛÜÝŁ	ÀÁÂÃÄÅÇÈÉÊËÌÍÎÏÑÒÓÔÕÖÙÚÛÜÝŁ	ÀÁÂÃÄÅÇÈÉÊËÌÍÎÏÑÒÓÔÕÖÙÚÛÜÝŁ
	General_TimeDateCurrency_LengthFormatInches	[LENGTH] in	[LONGUEUR] pouces	[LENGTH] pollici	[LENGTH] Zoll	[LENGTH] pulg.	[LENGTH] д.	[LENGTH] cali	[LENGTH] in	[LENGTH] pol.	[LENGTH] pulg.	[LONGUEUR] pouces	[길이] 인치	[LENGTH] in	[LENGTH] in
	General_TimeDateCurrency_LengthFormatFeet	[LENGTH] ft	[LONGUEUR] pieds	[LENGTH] piedi	[LENGTH] Fuß	[LENGTH] pies	[LENGTH] фт.	[LENGTH] stóp	[LENGTH] ft	[LENGTH] pés	[LENGTH] pies	[LONGUEUR] pieds	[길이] 피트	[LENGTH] ft	[LENGTH] ft
	General_TimeDateCurrency_UnitMetreShort	m	m	UNTRANSLATED (2654667208): General_TimeDateCurrency_UnitMetreShort	m	UNTRANSLATED (2654667208): General_TimeDateCurrency_UnitMetreShort	UNTRANSLATED (2654667208): General_TimeDateCurrency_UnitMetreShort	UNTRANSLATED (2654667208): General_TimeDateCurrency_UnitMetreShort	UNTRANSLATED (2654667208): General_TimeDateCurrency_UnitMetreShort	m	m	UNTRANSLATED (2654667208): General_TimeDateCurrency_UnitMetreShort	UNTRANSLATED (2654667208): General_TimeDateCurrency_UnitMetreShort	UNTRANSLATED (2654667208): General_TimeDateCurrency_UnitMetreShort	UNTRANSLATED (2654667208): General_TimeDateCurrency_UnitMetreShort
	General_TimeDateCurrency_UnitFeetShort	ft	ft	UNTRANSLATED (1463897252): General_TimeDateCurrency_UnitFeetShort	ft	UNTRANSLATED (1463897252): General_TimeDateCurrency_UnitFeetShort	UNTRANSLATED (1463897252): General_TimeDateCurrency_UnitFeetShort	UNTRANSLATED (1463897252): General_TimeDateCurrency_UnitFeetShort	UNTRANSLATED (1463897252): General_TimeDateCurrency_UnitFeetShort	pés	ft	UNTRANSLATED (1463897252): General_TimeDateCurrency_UnitFeetShort	UNTRANSLATED (1463897252): General_TimeDateCurrency_UnitFeetShort	UNTRANSLATED (1463897252): General_TimeDateCurrency_UnitFeetShort	UNTRANSLATED (1463897252): General_TimeDateCurrency_UnitFeetShort
	General_TimeDateCurrency_TimeProgression3x	x3	x3	x3	x3	x3	x3	x3	x3	x3	x3	x3	x3	x3	x3
	General_TimeDateCurrency_TimeProgression4x	x4	x4	x4	x4	x4	x4	x4	x4	x4	x4	x4	x4	x4	x4
	General_TimeDateCurrency_TimeProgressionHalfX	x0.5	x0.5	x0.5	x0.5	x0.5	x0.5	x0.5	x0.5	x0.5	x0.5	x0.5	x0.5	x0.5	x0.5
	General_Weather_Clear1	Clear	Dégagé	Sereno	Klar	Despejado	Ясно	Bezchmurne niebo	晴れ	Claro	Despejado	Dégagé	맑음	晴朗	晴朗
	General_Weather_Clear2	Clear 2	Dégagé 2	Sereno 2	Klar	Despejado 2	Ясно 2	Bezchmurne niebo 2	晴れ2	Claro 2	Despejado 2	Dégagé 2	맑음 2	晴朗 2	晴朗 2
	General_Weather_Clear3	Clear 3	Dégagé 3	Sereno 3	Schön	Despejado 3	Ясно 3	Bezchmurne niebo 3	晴れ3	Claro 3	Despejado 3	Dégagé 3	맑음 3	晴朗 3	晴朗 3
	General_Weather_Clear4	Clear 4	Dégagé 4	Sereno 4	Sonnig	Despejado 4	Ясно 4	Bezchmurne niebo 4	晴れ4	Claro 4	Despejado 4	Dégagé 4	맑음 4	晴朗 4	晴朗 4
	General_Weather_Clear5	Clear 5	Dégagé 5	Sereno 5	Wolkenlos	Despejado 5	Ясно 5	Bezchmurne niebo 5	晴れ5	Claro 5	Despejado 5	Dégagé 5	맑음 5	晴朗 5	晴朗 5
	General_Weather_Hazy	Hazy	Brumeux	Foschia	Diesig 	Neblina	Туманно	Lekka mgła	薄霧	Enevoado	Neblina	Brumeux	연무	阴霾	陰暗
	General_Weather_LightCloud	Light Cloud	Légèrement nuageux	Leggermente nuvoloso	Heiter	Poco nuboso	Слабая облачность	Małe zachmurzenie	曇り1	Levemente nublado	Parcialmente nublado	Nuages légers	구름 조금	少云	少雲
	General_Weather_MediumCloud	Medium Cloud	Moyennement nuageux	Mediamente nuvoloso	Wolkig	Nuboso	Средняя облачность	Śr. zachmurzenie	曇り2	Parcialmente nublado	Medianamente nublado	Moyennement nuageux	구름	多云	多雲
	General_Weather_HeavyCloud	Heavy Cloud	Fortement nuageux	Nuvoloso	Bewölkt	Muy nuboso	Сильная облачность	Duże zachmurzenie	曇り3	Totalmente nublado	Mayormente nublado	Nuages denses	구름 많음	乌云	烏雲
	General_Weather_Overcast	Overcast	Couvert	Coperto	Bedeckt	Nublado	Пасмурно	Pochmurno	曇り4	Encoberto	Nublado	Sombre	흐림	阴天	陰天
	General_Weather_Foggy	Fog	Brouillard	Nebbia	Nebel	Niebla	Туман	Mgła	霧	Neblina	Neblinoso	Brouillard	안개	雾	霧
	General_Weather_LightRain	Light Rain	Pluie légère	Pioggia leggera	Leichter Regen	Llovizna	Небольшой дождь	Mżawka	小雨	Chuva fina	Llovizna	Pluie faible	비 조금	小雨	小雨
	General_Weather_Rain	Rain	Pluie	Pioggia	Regen	Lluvia	Дождь	Deszcz	雨	Chuva	Lluvia	Pluie	비	中雨	中雨
	General_Weather_Storm	Storm	Tempête	Temporale	Sturm	Tormenta	Буря	Burza	大雨	Temporal	Tormenta	Tempête	태풍	暴雨	暴雨
	General_Weather_ThunderStorm	Thunderstorm	Orage	Tempesta	Gewitter	Tormenta eléctrica	Гроза	Burza z piorunami	雷雨	Tempestade	Tormenta eléctrica	Orage	뇌우	雷雨	雷雨
	General_Weather_Snow	Snow	Neige	Neve	Schnee	Nieve	Снег	Śnieg	雪	Neve	Nieve	Neige	눈	雪	雪
	General_Weather_LightSnow	Light Snow	Neige légère	Neve leggera	Leichter Schneefall	Nevada leve	Легкий снег	Lekki śnieg	小雪	Pouca neve	Nieve ligera	Neige légère	약간의 눈	小雪	小雪
	General_Weather_HeavyFog	Heavy Fog	Brouillard épais	Nebbia fitta	Starker Nebel	Niebla densa	Tуман и ливень	Gęsta mgła	濃霧	Neblina pesada	Niebla densa	Brouillard épais	짙은 안개	大雾	大霧
	General_Weather_HeavyFogWithRain	Heavy Fog with Rain	B. épais avec pluie	Nebbia fitta con pioggia	Starknebel m. Regen	Neblina y lluvia	Сил. туман и дождь	Gęsta mgła i deszcz	濃霧と雨	Neblina pes. e chuva	Niebla densa y lluvia	B. épais avec pluie	짙은 안개와 비	大雾带雨	大霧帶雨
	General_Weather_FogWithRain	Fog with Rain	Brouillard avec pluie	Nebbia con pioggia	Nebel mit Regen	Niebla con lluvia	Туман и дождь	Mgła z deszczem	霧と雨	Neblina com chuva	Niebla con lluvia	Brouillard avec pluie	안개와 비	雾带雨	霧帶雨
	General_Weather_Random	Random	Aléatoire	Casuale	Zufällig	Aleatorio	Случайно	Losowo	ランダム	Aleatório	Aleatorio	Aléatoire	랜덤	随机	隨機
	General_Weather_Clear	Clear	Dégagé	Sereno	Klar	Despejado	Ясно	Bezchmurne niebo	晴れ	Claro	Despejado	Dégagé	맑음	晴朗	晴朗
	General_Weather_ClearUPPER	CLEAR	DÉGAGÉ	SERENO	KLAR	DESPEJADO	ЯСНО	BEZCHMURNE NIEBO	晴れ1	CLARO	DESPEJADO	DÉGAGÉ	맑음	晴朗	晴朗
	General_Weather_LightCloudUPPER	LIGHT CLOUD	NUAGES LÉGERS	LEGGERMENTE NUVOLOSO	HEITER	POCO NUBOSO	МАЛООБЛАЧНО	MAŁE ZACHMURZENIE	曇り1	LEVEMENTE NUBLADO	PARCIALMENTE NUBLADO	NUAGES LÉGERS	구름 조금	少云	少雲
	General_Weather_HeavyCloudUPPER	HEAVY CLOUD	NUAGES DENSES	NUVOLOSO	BEWÖLKT	MUY NUBOSO	ПАСМУРНО	DUŻE ZACHMURZENIE	曇り3	TOTALMENTE NUBLADO	MAYORMENTE NUBLADO	NUAGES DENSES	구름 많음	多云	多雲
	General_Weather_RainUPPER	RAIN	PLUIE	PIOGGIA	REGEN	LLUVIA	ДОЖДЬ	DESZCZ	雨	CHUVA	LLUVIA	PLUIE	비	下雨	下雨
	General_Weather_ClearMist	Mist	Brume	Foschia	Nebel	Niebla	Туман	Mgła	もや	Névoa	Niebla	Brume	엷은 안개	薄雾	薄霧
	General_Weather_heavysnow	Heavy Snow	Tempête de neige	Neve fitta	Dichter Schneefall	Nevada densa	Снегопад	Silny śnieg	大雪	Muita neve	Nieve densa	Tempête de neige	많은 눈	大雪	大雪
	General_Weather_blizzard	Blizzard	Blizzard	Bufera	Schneesturm	Ventisca	Метель	Śnieżyca	吹雪	Nevasca	Ventisca	Blizzard	눈보라	暴风雪	暴風雪
	General_Weather_SeasonSpring	Spring	Printemps	Primavera	Frühling	Primavera	Весна	Wiosna	春	Primavera	Primavera	Printemps	봄	春季	春季
	General_Weather_SeasonSummer	Summer	Été	Estate	Sommer	Verano	Лето	Lato	夏	Verão	Verano	Été	여름	夏季	夏季
	General_Weather_SeasonAutumn	Autumn	Automne	Autunno	Herbst	Otoño	Осень	Jesień	秋	Outono	Otoño	Automne	가을	秋季	秋季
	General_Weather_SeasonWinter	Winter	Hiver	Inverno	Winter	Invierno	Зима	Zima	冬	Inverno	Invierno	Hiver	겨울	冬季	冬季
	General_Weather_SeasonSnow	Snow	Neige	Neve	Schnee	Nieve	Снег	Śnieg	雪	Neve	Nieve	Neige	눈	雪	雪
	General_WeatherSlots_Real	Real Weather	Météo réelle	Condizioni meteo reali	Echtes Wetter	Clima real	Реальная погода	Prawdziwa pogoda	天候変化あり	Clima real	Clima real	Météo réelle	실제 기상	真实天气	真實天氣
	General_WeatherSlots_Fixed	Fixed Weather	Météo fixe	Condizioni meteo fisse	Festgelegtes Wetter	Clima fijo	Фиксированная погода	Stała pogoda	天候変化なし	Clima fixo	Fijo	Météo fixe	기상 고정	固定天气	固定天氣
	General_WeatherSlots_Two	2	2	2	2	2	2	2	2	2	2	2	2	2	2
	General_WeatherSlots_Three	3	3	3	3	3	3	3	3	3	3	3	3	3	3
	General_WeatherSlots_Four	4	4	4	4	4	4	4	4	4	4	4	4	4	4
	General_CountryName_NLD	Netherlands	Pays-Bas	Paesi Bassi	Niederlande	Países Bajos	Нидерланды	Holandia	オランダ王国	Holanda	Países Bajos	Pays-Bas	네덜란드	荷兰	荷蘭
	General_CountryName_GBR	United Kingdom	Royaume-Uni	Regno Unito	Vereinigtes Königreich	Reino Unido	Великобритания	Wielka Brytania	英国	Reino Unido	Reino Unido	Royaume-Uni	영국	英国	英國
	General_CountryName_SWE	Sweden	Suède	Svezia	Schweden	Suecia	Швеция	Szwecja	スウェーデン王国	Suécia	Suecia	Suède	스웨덴	瑞典	瑞典
	General_CountryName_BRA	Brazil	Brésil	Brasile	Brasilien	Brasil	Бразилия	Brazylia	ブラジル連邦共和国	Brasil	Brasil	Brésil	브라질	巴西	巴西
	General_CountryName_ESP	Spain	Espagne	Spagna	Spanien	España	Испания	Hiszpania	スペイン王国	Espanha	España	Espagne	스페인	西班牙	西班牙
	General_CountryName_USA	United States	États-Unis	Stati Uniti	Vereinigte Staaten	Estados Unidos	США	Stany Zjednoczone	アメリカ合衆国	Estados Unidos	Estados Unidos	États-Unis	미국	美国	美國
	General_CountryName_ITA	Italy	Italie	Italia	Italien	Italia	Италия	Włochy	イタリア共和国	Itália	Italia	Italie	이탈리아	义大利	義大利
	General_CountryName_DEU	Germany	Allemagne	Germania	Deutschland	Alemania	Германия	Niemcy	ドイツ連邦共和国 	Alemanha	Alemania	Allemagne	독일	德国	德國
	General_CountryName_AUS	Australia	Australie	Australia	Australien	Australia	Австралия	Australia	オーストラリア連邦 	Austrália	Australia	Australie	오스트레일리아	澳大利亚	澳大利亞
	General_CountryName_DNK	Denmark	Danemark	Danimarca	Dänemark	Dinamarca	Дания	Dania	デンマーク王国	Dinamarca	Dinamarca	Danemark	덴마크	丹麦	丹麥
	General_CountryName_NOR	Norway	Norvège	Norvegia	Norwegen	Noruega	Норвегия	Norwegia	ノルウェー王国	Noruega	Noruega	Norvège	노르웨이	挪威	挪威
	General_CountryName_EST	Estonia	Estonie	Estonia	Estland	Estonia	Эстония	Estonia	エストニア共和国	Estônia	Estonia	Estonie	에스토니아	爱沙尼亚	愛沙尼亞
	General_CountryName_SRB	Serbia	Serbie	Serbia	Serbien	Serbia	Сербия	Serbia	セルビア共和国	Sérvia	Serbia	Serbie	세르비아	塞尔维亚	塞爾維亞
	General_CountryName_FRA	France	France	Francia	Frankreich	Francia	Франция	Francja	フランス共和国	França	Francia	France	프랑스	法国	法國
	General_CountryName_CAN	Canada	Canada	Canada	Kanada	Canadá	Канада	Kanada	カナダ	Canadá	Canadá	Canada	캐나다	加拿大	加拿大
	General_CountryName_ROU	Romania	Roumanie	Romania	Rumänien	Rumanía	Румыния	Rumunia	ルーマニア	Romênia	Rumania	Roumanie	루마니아	罗马尼亚	羅馬尼亞
	General_CountryName_AUT	Austria	Autriche	Austria	Österreich	Austria	Австрия	Austria	オーストリア共和国	Áustria	Austria	Autriche	오스트리아	奥地利	奧地利
	General_CountryName_FIN	Finland	Finlande	Finlandia	Finnland	Finlandia	Финляндия	Finlandia	フィンランド共和国	Finlândia	Finlandia	Finlande	핀란드	芬兰	芬蘭
	General_CountryName_PRT	Portugal	Portugal	Portogallo	Portugal	Portugal	Португалия	Portugalia	ポルトガル共和国	Portugal	Portugal	Portugal	포르투갈	葡萄牙	葡萄牙
	General_CountryName_LUX	Luxembourg	Luxembourg	Lussemburgo	Luxemburg	Luxemburgo	Люксембург	Luksemburg	ルクセンブルク大公国	Luxemburgo	Luxemburgo	Luxembourg	룩셈부르크	卢森堡	盧森堡
	General_CountryName_BEL	Belgium	Belgique	Belgio	Belgien	Bélgica	Бельгия	Belgia	ベルギー王国	Bélgica	Bélgica	Belgique	벨기에	比利时	比利時
	General_CountryName_HUN	Hungary	Hongrie	Ungheria	Ungarn	Hungría	Венгрия	Węgry	ハンガリー	Hungria	Hungría	Hongrie	헝가리	匈牙利	匈牙利
	General_CountryName_ZAF	South Africa	Afrique du Sud	Sudafrica	Südafrika	Sudáfrica	ЮАР	Republika Południowej Afryki	南アフリカ共和国	África do Sul	Sudáfrica	Afrique du Sud	남아프리카	南非	南非
	General_CountryName_GRC	Greece	Grèce	Grecia	Griechenland	Grecia	Греция	Grecja	ギリシャ共和国	Grécia	Grecia	Grèce	그리스	希腊	希臘
	General_CountryName_POL	Poland	Pologne	Polonia	Polen	Polonia	Польша	Polska	ポーランド共和国 	Polônia	Polonia	Pologne	폴란드	波兰	波蘭
	General_CountryName_IRL	Republic of Ireland	Irlande	Irlanda	Republik Irland	República de Irlanda	Ирландия	Irlandia	アイルランド	República da Irlanda	República de Irlanda	Irlande (République d')	아일랜드	爱尔兰共和国	愛爾蘭共和國
	General_CountryName_CHE	Switzerland	Suisse	Svizzera	Schweiz	Suiza	Швейцария	Szwajcaria	スイス連邦	Suíça	Suiza	Suisse	스위스	瑞士	瑞士
	General_CountryName_NZL	New Zealand	Nouvelle-Zélande	Nuova Zelanda	Neuseeland	Nueva Zelanda	Новая Зеландия	Nowa Zelandia	ニュージーランド	Nova Zelândia	Nueva Zelanda	Nouvelle-Zélande	뉴질랜드	纽西兰	紐西蘭
	General_CountryName_TUR	Turkey	Turquie	Turchia	Türkei	Turquía	Турция	Turcja	トルコ共和国	Turquia	Turquía	Turquie	터키	土耳其	土耳其
	General_CountryName_RUS	Russian Federation	Russie	Russia	Russische Föderation	Federación Rusa	Россия	Federacja Rosyjska	ロシア連邦	Rússia	Federación Rusa	Russie	러시아	俄罗斯	俄羅斯
	General_CountryName_CZE	Czech Republic	République tchèque	Repubblica Ceca	Tschechische Republik	República Checa	Чехия	Czechy	チェコ共和国	República Tcheca	República Checa	République tchèque	체코	捷克	捷克
	General_CountryName_CHN	China	Chine	Cina	China	China	Китай	Chiny	中華人民共和国	China	China	Chine	중국	中国	中國
	General_CountryName_SVK	Slovakia	Slovaquie	Slovacchia	Slowakei	Eslovaquia	Словакия	Słowacja	スロバキア共和国	Eslováquia	Eslovaquia	Slovaquie	슬로바키아	斯洛伐克	斯洛伐克
	General_CountryName_LTU	Lithuania	Lituanie	Lituania	Litauen	Lituania	Литва	Litwa	リトアニア共和国	Lituânia	Lituania	Lituanie	리투아니아	立陶宛	立陶宛
	General_CountryName_SVN	Slovenia	Slovénie	Slovenia	Slowenien	Eslovenia	Словения	Słowenia	スロベニア共和国	Eslovênia	Eslovenia	Slovénie	슬로베니아	斯洛维尼亚	斯洛維尼亞
	General_CountryName_IND	India	Inde	India	Indien	India	Индия	Indie	インド	Índia	India	Inde	인도	印度	印度
	General_CountryName_HRV	Croatia	Croatie	Croazia	Kroatien	Croacia	Хорватия	Chorwacja	クロアチア共和国	Croácia	Croacia	Croatie	크로아티아	克罗埃西亚	克羅埃西亞
	General_CountryName_MYS	Malaysia	Malaisie	Malesia	Malaysia	Malasia	Малайзия	Malezja	マレーシア	Malásia	Malasia	Malaisie	말레이시아	马来西亚	馬來西亞
	General_CountryName_CRI	Costa Rica	Costa Rica	Costa Rica	Costa Rica	Costa Rica	Коста-Рика	Kostaryka	コスタリカ共和国	Costa Rica	Costa Rica	Costa Rica	코스타리카	哥斯大黎加	哥斯大黎加
	General_CountryName_ARG	Argentina	Argentine	Argentina	Argentinien	Argentina	Аргентина	Argentyna	アルゼンチン共和国	Argentina	Argentina	Argentine	아르헨티나	阿根廷	阿根廷
	General_CountryName_SAU	Saudi Arabia	Arabie saoudite	Arabia Saudita	Saudi-Arabien	Arabia Saudí	Саудовская Аравия	Arabia Saudyjska	サウジアラビア王国	Arábia Saudita	Arabia Saudí	Arabie saoudite	사우디아라비아	沙乌地阿拉伯	沙烏地阿拉伯
	General_CountryName_COL	Colombia	Colombie	Colombia	Kolumbien	Colombia	Колумбия	Kolumbia	コロンビア共和国	Colômbia	Colombia	Colombie	콜롬비아	哥伦比亚	哥倫比亞
	General_CountryName_DOM	Dominican Republic	République dominicaine	Repubblica Dominicana	Dominikanische Rep.	República Dominicana	Доминиканская Республика	Dominikana	ドミニカ共和国	República Dominicana	República Dominicana	République dominicaine	도미니카공화국	多明尼加	多明尼加
	General_CountryName_BGR	Bulgaria	Bulgarie	Bulgaria	Bulgarien	Bulgaria	Болгария	Bułgaria	ブルガリア共和国	Bulgária	Bulgaria	Bulgarie	불가리아	保加利亚	保加利亞
	General_CountryName_MCO	Monaco	Monaco	Monaco	Monaco	Mónaco	Монако	Monako	モナコ公国	Mônaco	Mónaco	Monaco	모나코	摩纳哥	摩納哥
	General_CountryName_KOR	South Korea	Corée du Sud	Corea del Sud	Südkorea	Corea del Sur	Южная Корея	Korea Południowa	大韓民国	Coréia do Sul	Corea del Sur	Corée du Sud	한국	韩国	韓國
	General_CountryName_BOL	Bolivia	Bolivie	Bolivia	Bolivien	Bolivia	Боливия	Boliwia	ボリビア多民族国	Bolívia	Bolivia	Bolivie	볼리비아	玻利维亚	玻利維亞
	General_CountryName_LIE	Liechtenstein	Liechtenstein	Liechtenstein	Liechtenstein	Liechtenstein	Лихтенштейн	Liechtenstein	リヒテンシュタイン公国	Liechtenstein	Liechtenstein	Liechtenstein	리히텐슈타인	列支敦斯登	列支敦斯登
	General_CountryName_UKR	Ukraine	Ukraine	Ucraina	Ukraine	Ucrania	Украина	Ukraina	ウクライナ	Ucrânia	Ucrania	Ukraine	우크라이나	乌克兰	烏克蘭
	General_CountryName_CHL	Chile	Chili	Cile	Chile	Chile	Чили	Chile	チリ共和国	Chile	Chile	Chili	칠레	智利	智利
	General_CountryName_BLR	Belarus	Biélorussie	Bielorussia	Weißrussland	Bielorrusia	Беларусь	Białoruś	ベラルーシ共和国 	Bielorrússia	Bielorrusia	Biélorussie	벨라루스	白俄罗斯	白俄羅斯
	General_CountryName_URY	Uruguay	Uruguay	Uruguay	Uruguay	Uruguay	Уругвай	Urugwaj	ウルグアイ東方共和国 	Uruguai	Uruguay	Uruguay	우루과이	乌拉圭	烏拉圭
	General_CountryName_LVA	Latvia	Lettonie	Lettonia	Lettland	Letonia	Латвия	Łotwa	ラトビア共和国	Letônia	Letonia	Lettonie	라트비아	拉脱维亚	拉脫維亞
	General_CountryName_ISR	Israel	Israël	Israele	Israel	Israel	Израиль	Izrael	イスラエル国	Israel	Israel	Israël	이스라엘	以色列	以色列
	General_CountryName_HKG	Hong Kong	Hong Kong	Hong Kong	Hongkong	Hong Kong	Гонконг	Hongkong	香港	Hong Kong	Hong Kong	Hong Kong	홍콩	香港	香港
	General_CountryName_BHS	Bahamas	Bahamas	Bahamas	Bahamas	Bahamas	Багамские острова	Bahamy	バハマ国	Bahamas	Bahamas	Bahamas	바하마	巴哈马	巴哈馬
	General_CountryName_MLT	Malta	Malte	Malta	Malta	Malta	Мальта	Malta	マルタ共和国	Malta	Malta	Malte	몰타	马尔他	馬爾他
	General_CountryName_SGP	Singapore	Singapour	Singapore	Singapur	Singapur	Сингапур	Singapur	シンガポール共和国	Singapura	Singapur	Singapour	싱가포르	新加坡	新加坡
	General_CountryName_PNG	Papua New Guinea	Papouasie-Nouvelle-Guinée	Papua Nuova Guinea	Papua-Neuguinea	Papúa Nueva Guinea	Папуа-Новая Гвинея	Papua Nowa Gwinea	パプアニューギニア独立国	Papua-Nova Guiné	Papúa Nueva Guinea	Papouasie-Nouvelle-Guinée	파푸아뉴기니	巴布亚纽几内亚	巴布亞紐幾內亞
	General_CountryName_PHL	Philippines	Philippines	Filippine	Philippinen	Filipinas	Филиппины	Filipiny	フィリピン共和国	Filipinas	Filipinas	Philippines	필리핀	菲律宾	菲律賓
	General_CountryName_JPN	Japan	Japon	Giappone	Japan	Japón	Япония	Japonia	日本国	Japão	Japón	Japon	일본	日本	日本
	General_CountryName_ARE	United Arab Emirates	Émirats arabes unis	Emirati Arabi Uniti	VAE	Emiratos Árabes Unidos	ОАЭ	Zjednoczone Emiraty Arabskie	アラブ首長国連邦	EAU	Emiratos Árabes Unidos	Émirats arabes unis	UAE	阿拉伯联合大公国	阿拉伯聯合大公國
	General_CountryName_KWT	Kuwait	Koweït	Kuwait	Kuwait	Kuwait	Кувейт	Kuwejt	クウェート国	Kuwait	Kuwait	Koweït	아랍에미리트	科威特	科威特
	General_CountryName_LBN	Lebanon	Liban	Libano	Libanon	Líbano	Ливан	Liban	レバノン共和国	Líbano	Líbano	Liban	레바논	黎巴嫩	黎巴嫩
	General_CountryName_TTO	Trinidad & Tobago	Trinité-et-Tobago	Trinidad e Tobago	Trinidad & Tobago	Trinidad y Tobago	Тринидад и Тобаго	Trynidad i Tobago 	トリニダード・トバゴ共和国	Trindade e Tobago	Trinidad y Tobago	Trinité-et-Tobago	트리니다드토바고	千里达及托巴哥	千里達及托巴哥
	General_CountryName_PAK	Pakistan	Pakistan	Pakistan	Pakistan	Pakistán	Пакистан	Pakistan	パキスタン・イスラム共和国	Paquistão	Pakistán	Pakistan	파키스탄	巴基斯坦	巴基斯坦
	General_CountryName_JOR	Jordan	Jordanie	Giordania	Jordanien	Jordania	Иордания	Jordania	ヨルダン・ハシェミット王国	Jordânia	Jordania	Jordanie	요르단	约旦	約旦
	General_CountryName_UNKNOWN	Unknown Country	Pays inconnu	Nazione sconosciuta	Unbekanntes Land	País desconocido	Неизвестная страна	Nieznany kraj	不明な国	País desconhecido	País desconocido	Pays inconnu	알 수 없는 국가	未知国家/地区	未知國家/地區
	General_CountryName_CYP	Cyprus	Chypre	Cipro	Zypern	Chipre	Кипр	Cypr	キプロス共和国	Chipre	Chipre	Chypre	키프로스	塞浦勒斯	塞浦勒斯
	General_CountryName_EGY	Egypt	Égypte	Egitto	Ägypten	Egipto	Египет	Egipt	エジプト・アラブ共和国 	Egito	Egipto	Égypte	이집트	埃及	埃及
	General_CountryName_HND	Honduras	Honduras	Honduras	Honduras	Honduras	Гондурас	Honduras	ホンジュラス共和国 	Honduras	Honduras	Honduras	온두라스	洪都拉斯	洪都拉斯
	General_CountryName_MEX	Mexico	Mexique	Messico	Mexiko	México	Мексика	Meksyk	メキシコ合衆国	México	México	Mexique	멕시코	墨西哥	墨西哥
	General_CountryName_SSD	South Sudan	Soudan du Sud	Sudan del Sud	Südsudan	Sudán del Sur	Южный Судан	Sudan Południowy	南スーダン共和国	Sudão do Sul	Sudán del Sur	Soudan du Sud	남수단공화국	南苏丹	南蘇丹
	General_CountryName_TWN	Taiwan	Taïwan	Taiwan	Taiwan	Taiwán	Тайвань	Tajwan	台湾	Taiwan	Taiwán	Taïwan	타이완	台湾	臺灣
	General_CountryName_THA	Thailand	Thaïlande	Thailandia	Thailand	Tailandia	Таиланд	Tajlandia	タイ王国	Tailândia	Tailandia	Thaïlande	타이	泰国	泰國
	General_CountryName_AFG	Afghanistan	Afghanistan	Afghanistan	Afghanistan	Afganistán	Афганистан	Afganistan	アフガニスタン・イスラム共和国	Afeganistão	Afganistán	Afghanistan	아프가니스탄	阿富汗	阿富汗
	General_CountryName_ALB	Albania	Albanie	Albania	Albanien	Albania	Албания	Albania	アルバニア共和国	Albânia	Albania	Albanie	알바니아	阿尔巴尼亚	阿爾巴尼亞
	General_CountryName_DZA	Algeria	Algérie	Algeria	Algerien	Argelia	Алжир	Algieria	アルジェリア民主人民共和国	Argélia	Argelia	Algérie	알제리	阿尔及利亚	阿爾及利亞
	General_CountryName_AND	Andorra	Andorre	Andorra	Andorra	Andorra	Андорра	Andora	アンドラ公国	Andorra	Andorra	Andorre	안도라	安道尔	安道爾
	General_CountryName_AGO	Angola	Angola	Angola	Angola	Angola	Ангола	Angola	アンゴラ共和国	Angola	Angola	Angola	앙골라	安哥拉	安哥拉
	General_CountryName_ATG	Antigua & Deps	Antigua-et-Barbuda	Antigua e Barbuda	Antigua & zugehörige Gebiete	Antigua y Barbuda	Антигуа и Барбуда	Antigua i Barbuda	アンティグア・バーブーダ	Antígua e Barbuda	Antigua y Barbuda	Antigua-et-Barbuda	안티가바부다	安地瓜	安地瓜
	General_CountryName_ARM	Armenia	Arménie	Armenia	Armenien	Armenia	Армения	Armenia	アルメニア共和国	Armênia	Armenia	Arménie	아르메니아	亚美尼亚	亞美尼亞
	General_CountryName_AZE	Azerbaijan	Azerbaïdjan	Azerbaigian	Aserbaidschan	Azerbaiyán	Азербайджан	Azerbejdżan	アゼルバイジャン共和国	Azerbaijão	Azerbaiyán	Azerbaïdjan	아제르바이잔	亚塞拜然	亞塞拜然
	General_CountryName_BHR	Bahrain	Bahreïn	Bahrein	Bahrain	Baréin	Бахрейн	Bahrajn	バーレーン王国	Barém	Bahréin	Bahreïn	바레인	巴林	巴林
	General_CountryName_BGD	Bangladesh	Bangladesh	Bangladesh	Bangladesch	Bangladés	Бангладеш	Bangladesz	バングラデシュ人民共和国	Bangladesh	Bangladés	Bangladesh	방글라데시	孟加拉	孟加拉
	General_CountryName_BRB	Barbados	Barbade	Barbados	Barbados	Barbados	Барбадос	Barbados	バルバドス	Barbados	Barbados	Barbade	바베이도스	巴巴多斯	巴巴多斯
	General_CountryName_BLZ	Belize	Belize	Belize	Belize	Belice	Белиз	Belize	ベリーズ	Belize	Belice	Belize	벨리즈	贝里斯	貝里斯
	General_CountryName_BEN	Benin	Bénin	Benin	Benin	Benín	Бенин	Benin	ベナン共和国	Benim	Benín	Bénin	베냉	贝南	貝南
	General_CountryName_BTN	Bhutan	Bhoutan	Bhutan	Bhutan	Bután	Бутан	Bhutan	ブータン王国	Butão	Bután	Bhoutan	부탄	不丹	不丹
	General_CountryName_BIH	Bosnia Herzegovina	Bosnie-Herzégovine	Bosnia-Erzegovina	Bosnien-Herzegowina	Bosnia-Herzegovina	Босния и Герцеговина	Bośnia i Hercegowina	ボスニア・ヘルツェゴビナ	Bósnia e Herzegovina	Bosnia-Herzegovina	Bosnie-Herzégovine	보스니아헤르체고비나	波黑	波黑
	General_CountryName_BWA	Botswana	Botswana	Botswana	Botswana	Botsuana	Ботсвана	Botswana	ボツワナ共和国	Botsuana	Botsuana	Botswana	보츠와나	波札那	波札那
	General_CountryName_BRN	Brunei	Brunei	Brunei	Brunei	Brunéi	Бруней	Brunei	ブルネイ・ダルサラーム国 	Brunei	Brunéi	Brunei	브루나이	汶莱	汶萊
	General_CountryName_BFA	Burkina	Burkina Faso	Burkina Faso	Burkina Faso	Burkina Faso	Буркина-Фасо	Burkina Faso	ブルキナファソ	Burquina Faso	Burkina Faso	Burkina Faso	부루키나파소	布吉纳法索	布吉納法索
	General_CountryName_BDI	Burundi	Burundi	Burundi	Burundi	Burundi	Бурунди	Burundi	ブルンジ共和国	Burúndi	Burundi	Burundi	부룬디	蒲隆地	蒲隆地
	General_CountryName_KHM	Cambodia	Cambodge	Cambogia	Kambodscha	Camboya	Камбоджа	Kambodża	カンボジア王国	Camboja	Camboya	Cambodge	캄보디아	柬埔寨	柬埔寨
	General_CountryName_CMR	Cameroon	Cameroun	Camerun	Kamerun	Camerún	Камерун	Kamerun	カメルーン共和国	Camarões	Camerún	Cameroun	카메룬	喀麦隆	喀麥隆
	General_CountryName_CPV	Cape Verde	Cap-Vert	Capo Verde	Kap Verde	Cabo Verde	Кабо-Верде	Republika Zielonego Przylądka	カーボヴェルデ共和国	Cabo Verde	Cabo Verde	Cap-Vert	카보베르데	维德角	維德角
	General_CountryName_CAF	Central African Rep	République centrafricaine	Repubblica Centrafricana	Zentralafrikanische Republik	República Centroafricana	ЦАР	Republika Środkowoafrykańska	中央アフリカ共和国	República Centro-Africana	República Centroafricana	République centrafricaine	중앙아프리카	中非共和国	中非共和國
	General_CountryName_TCD	Chad	Tchad	Ciad	Tschad	Chad	Чад	Czad	チャド共和国	Chade	Chad	Tchad	차드	查德	查德
	General_CountryName_COM	Comoros	Comores	Comore	Komoren	Comoras	Коморские острова	Komory	コモロ連合	Comores	Comoras	Comores	코모로	葛摩	葛摩
	General_CountryName_COG	Congo	Congo	Congo	Kongo	Congo	Конго	Kongo	コンゴ共和国	Congo	Congo	Congo	콩고	刚果共和国	剛果共和國
	General_CountryName_COD	Congo {Democratic Rep}	Congo (République démocratique du)	Rep. democratica del Congo	Demokratische Republik Kongo	Congo {Rep. democrática}	Демократическая Республика Конго	Demokratyczna Republika Konga	コンゴ民主共和国	Rep. Democrática do Congo	Congo {Rep. democrática}	Congo (République démocratique du)	콩고민주공화국	刚果民主共和国	剛果民主共和國
	General_CountryName_CUB	Cuba	Cuba	Cuba	Kuba	Cuba	Куба	Kuba	キューバ共和国	Cuba	Cuba	Cuba	쿠바	古巴	古巴
	General_CountryName_DJI	Djibouti	Djibouti	Gibuti	Dschibuti	Yibuti	Джибути	Dżibuti	ジブチ共和国	Jibuti	Yibuti	Djibouti	지부티	吉布地	吉布地
	General_CountryName_DMA	Dominica	Dominique	Dominica	Dominica	Dominica	Доминика	Dominika	ドミニカ国	Domínica	Dominica	Dominique	도미니카	多明尼加	多明尼加
	General_CountryName_TLS	East Timor	Timor oriental	Timor Est	Osttimor	Timor Oriental	Восточный Тимор	Timor Wschodni	東ティモール民主共和国	Timor Leste	Timor Oriental	Timor oriental	동티모르	东帝汶	東帝汶
	General_CountryName_ECU	Ecuador	Équateur	Ecuador	Ecuador	Ecuador	Эквадор	Ekwador	エクアドル共和国	Equador	Ecuador	Équateur	에콰도르	厄瓜多	厄瓜多
	General_CountryName_SLV	El Salvador	Salvador	El Salvador	El Salvador	El Salvador	Сальвадор	Salwador	エルサルバドル共和国	El Salvador	El Salvador	El Salvador	엘살바도르	萨尔瓦多	薩爾瓦多
	General_CountryName_GNQ	Equatorial Guinea	Guinée équatoriale	Guinea Equatoriale	Äquatorialguinea	Guinea Ecuatorial	Экваториальная Гвинея	Gwinea Równikowa	赤道ギニア共和国	Guiné Equatorial	Guinea Ecuatorial	Guinée équatoriale	적도 기니	赤道几内亚	赤道幾內亞
	General_CountryName_ERI	Eritrea	Érythrée	Eritrea	Eritrea	Eritrea	Эритрея	Erytrea	エリトリア国	Eritreia	Eritrea	Érythrée	에리트레아	厄利垂亚	厄利垂亞
	General_CountryName_ETH	Ethiopia	Éthiopie	Etiopia	Äthiopien	Etiopía	Эфиопия	Etiopia	エチオピア連邦民主共和国	Etiópia	Etiopía	Éthiopie	에티오피아	衣索比亚	衣索比亞
	General_CountryName_FJI	Fiji	Fidji	Figi	Fidschi	Fiyi	Фиджи	Fidżi	フィジー共和国	Fiji	Fiyi	Fidji	피지	斐济	斐濟
	General_CountryName_GAB	Gabon	Gabon	Gabon	Gabun	Gabón	Габон	Gabon	ガボン共和国	Gabão	Gabón	Gabon	가봉	加彭	加彭
	General_CountryName_GMB	Gambia	Gambie	Gambia	Gambia	Gambia	Гамбия	Gambia	ガンビア共和国	Gâmbia	Gambia	Gambie	감비아	甘比亚	甘比亞
	General_CountryName_GEO	Georgia	Géorgie	Georgia	Georgien	Georgia	Грузия	Gruzja	ジョージア	Geórgia	Georgia	Géorgie	조지아	乔治亚	喬治亞
	General_CountryName_GHA	Ghana	Ghana	Ghana	Ghana	Ghana	Гана	Ghana	ガーナ共和国	Gana	Ghana	Ghana	가나	加纳	加納
	General_CountryName_GRD	Grenada	Grenade	Grenada	Grenada	Granada	Гренада	Grenada	グレナダ	Granada	Granada	Grenade	그레나다	格瑞纳达	格瑞納達
	General_CountryName_GTM	Guatemala	Guatemala	Guatemala	Guatemala	Guatemala	Гватемала	Gwatemala	グアテマラ共和国	Guatemala	Guatemala	Guatemala	과테말라	瓜地马拉	瓜地馬拉
	General_CountryName_GIN	Guinea	Guinée	Guinea	Guinea	Guinea	Гвинея	Gwinea	ギニア共和国	Guiné	Guinea	Guinée	기니	几内亚	幾內亞
	General_CountryName_GNB	Guinea-Bissau	Guinée-Bissau	Guinea-Bissau	Guinea-Bissau	Guinea-Bisáu	Гвинея-Бисау	Gwinea-Bissau	ギニアビサウ共和国	Guiné-Bissau	Guinea-Bissau	Guinée-Bissau	기니비사우	几内亚比索	幾內亞比索
	General_CountryName_GUY	Guyana	Guyane	Guyana	Guyana	Guyana	Гайана	Gujana	ガイアナ共和国	Guiana	Guyana	Guyane	가이아나	圭亚那	圭亞那
	General_CountryName_HTI	Haiti	Haïti	Haiti	Haiti	Haití	Гаити	Haiti	ハイチ共和国	Haiti	Haití	Haïti	아이티	海地	海地
	General_CountryName_ISL	Iceland	Islande	Islanda	Island	Islandia	Исландия	Islandia	アイスランド共和国	Islândia	Islandia	Islande	아이슬란드	冰岛	冰島
	General_CountryName_IDN	Indonesia	Indonésie	Indonesia	Indonesien	Indonesia	Индонезия	Indonezja	インドネシア共和国	Indonésia	Indonesia	Indonésie	인도네시아	印尼	印尼
	General_CountryName_IRN	Iran	Iran	Iran	Iran	Irán	Иран	Iran	イラン・イスラム共和国	Irã	Irán	Iran	이란	伊朗	伊朗
	General_CountryName_IRQ	Iraq	Irak	Iraq	Irak	Irak	Ирак	Irak	イラク共和国	Iraque	Irak	Irak	이라크	伊拉克	伊拉克
	General_CountryName_CIV	Ivory Coast	Côte d'Ivoire	Costa d'Avorio	Elfenbeinküste	Costa de Marfil	Кот-д'Ивуар	Wybrzeże Kości Słoniowej	コートジボワール共和国	Costa do Marfim	Costa de Marfil	Côte d'Ivoire	코트디부아르	象牙海岸	象牙海岸
	General_CountryName_JAM	Jamaica	Jamaïque	Giamaica	Jamaika	Jamaica	Ямайка	Jamajka	ジャマイカ	Jamaica	Jamaica	Jamaïque	자메이카	牙买加	牙買加
	General_CountryName_KAZ	Kazakhstan	Kazakhstan	Kazakistan	Kasachstan	Kazajistán	Казахстан	Kazachstan	カザフスタン共和国	Cazaquistão	Kazajistán	Kazakhstan	카자흐스탄	哈萨克斯坦	哈薩克斯坦
	General_CountryName_KEN	Kenya	Kenya	Kenya	Kenia	Kenia	Кения	Kenia	ケニア共和国	Quênia	Kenia	Kenya	케냐	肯亚	肯亞
	General_CountryName_KIR	Kiribati	Kiribati	Kiribati	Kiribati	Kiribati	Кирибати	Kiribati	キリバス共和国	Quiribáti	Kiribati	Kiribati	키리바시	吉里巴斯	吉里巴斯
	General_CountryName_PRK	North Korea 	Corée du Nord	Corea del Nord	Nordkorea	Corea del Norte	Северная Корея	Korea Północna	北朝鮮	Coreia do Norte	Corea del Norte	Corée du Nord	북한	朝鲜	朝鮮
	General_CountryName_KOS	Kosovo	Kosovo	Kosovo	Kosovo	Kosovo	Косово	Kosowo	コソボ共和国	Kosovo	Kosovo	Kosovo	코소보	科索沃	科索沃
	General_CountryName_KGZ	Kyrgyzstan	Kirghizistan	Kirghizistan	Kirgisistan	Kirguistán	Кыргызстан	Kirgistan	キルギス共和国	Quirguistão	Kirguistán	Kirghizistan	키르기스스탄	吉尔吉斯	吉爾吉斯
	General_CountryName_LAO	Laos	Laos	Laos	Laos	Laos	Лаос	Laos	ラオス人民民主共和国	Laos	Laos	Laos	라오스	寮国	寮國
	General_CountryName_LSO	Lesotho	Lesotho	Lesotho	Lesotho	Lesoto	Лесото	Lesotho	レソト王国	Lesoto	Lesoto	Lesotho	레소토	赖索托	賴索托
	General_CountryName_LBR	Liberia	Libéria	Liberia	Liberia	Liberia	Либерия	Liberia	リベリア共和国	Libéria	Liberia	Libéria	라이베리아	赖比瑞亚	賴比瑞亞
	General_CountryName_LBY	Libya	Libye	Libia	Libyen	Libia	Ливия	Libia	リビア	Líbia	Libia	Libye	리비아	利比亚	利比亞
	General_CountryName_MKD	Macedonia	Macédoine	Macedonia	Mazedonien	Macedonia	Македония	Macedonia	マケドニア旧ユーゴスラビア共和国	Macedônia	Macedonia	Macédoine	마케도니아	马其顿	馬其頓
	General_CountryName_MDG	Madagascar	Madagascar	Madagascar	Madagaskar	Madagascar	Мадагаскар	Madagaskar	マダガスカル共和国	Madagascar	Madagascar	Madagascar	마다가스카르	马达加斯加	馬達加斯加
	General_CountryName_MWI	Malawi	Malawi	Malawi	Malawi	Malaui	Малави	Malawi	マラウイ共和国	Malawi	Malaui	Malawi	말라위	马拉威	馬拉威
	General_CountryName_MDV	Maldives	Maldives	Maldive	Malediven	Maldivas	Мальдивские острова	Malediwy	モルディブ共和国	Maldivas	Maldivas	Maldives	몰디브	马尔地夫	馬爾地夫
	General_CountryName_MLI	Mali	Mali	Mali	Mali	Mali	Мали	Mali	マリ共和国	Mali	Mali	Mali	말리	马利	馬利
	General_CountryName_MHL	Marshall Islands	Îles Marshall	Isole Marshall	Marshallinseln	Islas Marshall	Маршалловы острова	Wyspy Marshalla	マーシャル諸島共和国	Ilhas Marshall	Islas Marshall	Îles Marshall	마셜	马绍尔群岛	馬紹爾群島
	General_CountryName_MRT	Mauritania	Mauritanie	Mauritania	Mauretanien	Mauritania	Мавритания	Mauretania	モーリタニア・イスラム共和国	Mauritânia	Mauritania	Mauritanie	모리타니	茅利塔尼亚	茅利塔尼亞
	General_CountryName_MUS	Mauritius	Maurice	Mauritius	Mauritius	Mauricio	Маврикий	Mauritius	モーリシャス共和国	Maurício	Mauricio	Maurice	모리셔스	模里西斯	模里西斯
	General_CountryName_FSM	Micronesia	Micronésie	Micronesia	Mikronesien	Micronesia	Микронезия	Mikronezja	ミクロネシア連邦	Micronésia	Micronesia	Micronésie	미크로네시아	密克罗尼西亚	密克羅尼西亞
	General_CountryName_MDA	Moldova	Moldavie	Moldavia	Moldawien	Moldavia	Молдова	Mołdawia	モルドバ共和国	Moldávia	Moldavia	Moldavie	몰도바	摩尔多瓦	摩爾多瓦
	General_CountryName_MNG	Mongolia	Mongolie	Mongolia	Mongolei	Mongolia	Монголия	Mongolia	モンゴル国	Mongólia	Mongolia	Mongolie	몽골	蒙古	蒙古
	General_CountryName_MNE	Montenegro	Monténégro	Montenegro	Montenegro	Montenegro	Черногория	Czarnogóra	モンテネグロ	Montenegro	Montenegro	Monténégro	몬테네그로	黑山	黑山
	General_CountryName_MAR	Morocco	Maroc	Marocco	Marokko	Marruecos	Марокко	Maroko	モロッコ王国	Marrocos	Marruecos	Maroc	모로코	摩洛哥	摩洛哥
	General_CountryName_MOZ	Mozambique	Mozambique	Mozambico	Mosambik	Mozambique	Мозамбик	Mozambik	モザンビーク共和国	Moçambique	Mozambique	Mozambique	모잠비크	莫三比克	莫三比克
	General_CountryName_MMR	Myanmar, {Burma}	Birmanie	Myanmar	Myanmar, {Burma}	Myanmar {Birmania}	Мьянма (Бирма)	Birma	ミャンマー連邦共和国	Mianmar (Birmânia)	Myanmar {Birmania}	Birmanie	미얀마	缅甸	緬甸
	General_CountryName_NAM	Namibia	Namibie	Namibia	Namibia	Namibia	Намибия	Namibia	ナミビア共和国	Namíbia	Namibia	Namibie	나미비아	纳米比亚	納米比亞
	General_CountryName_NRU	Nauru	Nauru	Nauru	Nauru	Nauru	Науру	Nauru	ナウル共和国	Nauru	Nauru	Nauru	나우루	诺鲁	諾魯
	General_CountryName_NPL	Nepal	Népal	Nepal	Nepal	Nepal	Непал	Nepal	ネパール連邦民主共和国	Nepal	Nepal	Népal	네팔	尼泊尔	尼泊爾
	General_CountryName_NIC	Nicaragua	Nicaragua	Nicaragua	Nicaragua	Nicaragua	Никарагуа	Nikaragua	ニカラグア共和国	Nicarágua	Nicaragua	Nicaragua	니카라과	尼加拉瓜	尼加拉瓜
	General_CountryName_NER	Niger	Niger	Niger	Niger	Níger	Нигер	Niger	ニジェール共和国	Níger	Níger	Niger	니제르	尼日	尼日
	General_CountryName_NGA	Nigeria	Nigéria	Nigeria	Nigeria	Nigeria	Нигерия	Nigeria	ナイジェリア連邦共和国	Nigéria	Nigeria	Nigéria	나이지리아	奈及利亚	奈及利亞
	General_CountryName_OMN	Oman	Oman	Oman	Oman	Omán	Оман	Oman	オマーン国	Omã	Omán	Oman	오만	阿曼	阿曼
	General_CountryName_PLW	Palau	Palau	Palau	Palau	Palaos	Палау	Palau	パラオ共和国	Palau	Palaos	Palau	팔라우	帛琉	帛琉
	General_CountryName_PAN	Panama	Panama	Panama	Panama	Panamá	Панама	Panama	パナマ共和国	Panamá	Panamá	Panama	파나마	巴拿马	巴拿馬
	General_CountryName_PRY	Paraguay	Paraguay	Paraguay	Paraguay	Paraguay	Парагвай	Paragwaj	パラグアイ共和国	Paraguai	Paraguay	Paraguay	파라과이	巴拉圭	巴拉圭
	General_CountryName_PER	Peru	Pérou	Perù	Peru	Perú	Перу	Peru	ペルー共和国	Peru	Perú	Pérou	페루	秘鲁	秘魯
	General_CountryName_QAT	Qatar	Qatar	Qatar	Katar	Catar	Катар	Katar	カタール国	Catar	Qatar	Qatar	카타르	卡达	卡達
	General_CountryName_RWA	Rwanda	Rwanda	Ruanda	Ruanda	Ruanda	Руанда	Rwanda	ルワンダ共和国	Ruanda	Ruanda	Rwanda	르완다	卢安达	盧安達
	General_CountryName_KNA	St Kitts & Nevis	Saint-Christophe-et-Niévès	Saint Kitts e Nevis	St. Kitts & Nevis	San Cristóbal y Nieves	Сент-Китс и Невис	St Kitts i Nevis	セントクリストファー・ネーヴィス	São Cristóvão e Nevis	San Cristóbal y Nieves	Saint-Kitts-et-Nevis	세인트키츠네비스	圣克里斯多福及尼维斯	聖克里斯多福及尼維斯
	General_CountryName_LCA	St Lucia	Sainte-Lucie	Santa Lucia	St. Lucia	Santa Lucía	Сент-Люсия	St Lucia	セントルシア	Santa Lúcia	Santa Lucía	Sainte-Lucie	세인트루시아	圣露西亚	聖露西亞
	General_CountryName_VCT	Saint Vincent & the Grenadines	Saint-Vincent-et-les-Grenadines	Saint Vincent e Grenadine	St. Vincent & die Grenadinen	San Vicente y las Granadinas	Сент-Винсент и Гренадины	Saint Vincent i Grenadyny	セントビンセント及びグレナディーン諸島	São Vicente e Granadinas	San Vicente y las Granadinas	Saint-Vincent-et-les Grenadines	세인트빈센트그레나딘	圣文森及格瑞那丁	聖文森及格瑞那丁
	General_CountryName_WSM	Samoa	Samoa	Samoa	Samoa	Samoa	Самоа	Samoa	サモア独立国	Samoa	Samoa	Samoa	사모아	萨摩亚	薩摩亞
	General_CountryName_SMR	San Marino	Saint-Marin	San Marino	San Marino	San Marino	Сан-Марино	San Marino	サンマリノ共和国	San Marino	San Marino	Saint-Marin	산마리노	圣马利诺	聖馬利諾
	General_CountryName_STP	Sao Tome & Principe	Sao Tomé-et-Principe	Sao Tomé e Principe	São Tomé & Príncipe	Santo Tomé y Príncipe	Сан-Томе и Принсипи	Sao Tome i Principe	サントメ・プリンシペ民主共和国	São Tomé e Príncipe	Santo Tomé y Príncipe	Sao Tomé et Principe	상투메프린시페	圣多美普林西比	聖多美普林西比
	General_CountryName_SEN	Senegal	Sénégal	Senegal	Senegal	Senegal	Сенегал	Senegal	セネガル共和国	Senegal	Senegal	Sénégal	세네갈	塞内加尔	塞內加爾
	General_CountryName_SYC	Seychelles	Seychelles	Seychelles	Seychellen	Seychelles	Сейшельские острова	Seszele	セーシェル共和国	Seicheles	Seychelles	Seychelles	세이셸	塞西尔	塞西爾
	General_CountryName_SLE	Sierra Leone	Sierra Leone	Sierra Leone	Sierra Leone	Sierra Leona	Сьерра-Леоне	Sierra Leone	シエラレオネ共和国	Serra Leoa	Sierra Leona	Sierra Leone	시에라리온	塞拉耶佛	塞拉耶佛
	General_CountryName_SLB	Solomon Islands	Îles Salomon	Isole Salomone	Salomonen	Islas Salomón	Соломоновы острова	Wyspy Salomona	ソロモン諸島	Ilhas Salomão	Islas Salomón	Îles Salomon	솔로몬제도	所罗门群岛	所羅門群島
	General_CountryName_SOM	Somalia	Somalie	Somalia	Somalia	Somalia	Сомали	Somalia	ソマリア連邦共和国 	Somália	Somalia	Somalie	소말리아	索马利亚	索馬利亞
	General_CountryName_LKA	Sri Lanka	Sri Lanka	Sri Lanka	Sri Lanka	Sri Lanka	Шри-Ланка	Sri Lanka	スリランカ民主社会主義共和国	Sri Lanka	Sri Lanka	Sri Lanka	스리랑카	斯里兰卡	斯里蘭卡
	General_CountryName_SDN	Sudan	Soudan	Sudan	Sudan	Sudán	Судан	Sudan	スーダン共和国	Sudão	Sudán	Soudan	수단	苏丹	蘇丹
	General_CountryName_SUR	Suriname	Surinam	Suriname	Suriname	Surinam	Суринам	Surinam	スリナム共和国	Suriname	Surinam	Surinam	수리남	苏利南	蘇利南
	General_CountryName_SWZ	Swaziland	Swaziland	Swaziland	Swasiland	Suazilandia	Свазиленд	Suazi	スワジランド王国	Suazilândia	Suazilandia	Swaziland	스와질란드	史瓦济兰	史瓦濟蘭
	General_CountryName_SYR	Syria	Syrie	Siria	Syrien	Siria	Сирия	Syria	シリア・アラブ共和国	Síria	Siria	Syrie	시리아	叙利亚	敘利亞
	General_CountryName_TJK	Tajikistan	Tadjikistan	Tagikistan	Tadschikistan	Tayikistán	Таджикистан	Tadżykistan	タジキスタン共和国	Tajiquistão	Tayikistán	Tadjikistan	타지키스탄	塔吉克	塔吉克
	General_CountryName_TZA	Tanzania	Tanzanie	Tanzania	Tansania	Tanzania	Танзания	Tanzania	タンザニア連合共和国 	Tanzânia	Tanzania	Tanzanie	탄자니아	坦尚尼亚	坦尚尼亞
	General_CountryName_TGO	Togo	Togo	Togo	Togo	Togo	Того	Togo	トーゴ共和国	Togo	Togo	Togo	토고	多哥	多哥
	General_CountryName_TON	Tonga	Tonga	Tonga	Tonga	Tonga	Тонга	Tonga	トンガ王国	Tonga	Tonga	Tonga	통가	东加	東加
	General_CountryName_TUN	Tunisia	Tunisie	Tunisia	Tunesien	Túnez	Тунис	Tunezja	チュニジア共和国	Tunísia	Túnez	Tunisie	튀니지	突尼西亚	突尼西亞
	General_CountryName_TKM	Turkmenistan	Turkménistan	Turkmenistan	Turkmenistan	Turkmenistán	Туркменистан	Turkmenistan	トルクメニスタン	Turcomenistão	Turkmenistán	Turkménistan	투르크메니스탄	土库曼斯坦	土庫曼斯坦
	General_CountryName_TUV	Tuvalu	Tuvalu	Tuvalu	Tuvalu	Tuvalu	Тувалу	Tuvalu	ツバル	Tuvalu	Tuvalu	Tuvalu	투발루	吐瓦鲁	吐瓦魯
	General_CountryName_UGA	Uganda	Ouganda	Uganda	Uganda	Uganda	Уганда	Uganda	ウガンダ共和国	Uganda	Uganda	Ouganda	우간다	乌干达	烏干達
	General_CountryName_UZB	Uzbekistan	Ouzbékistan	Uzbekistan	Usbekistan	Uzbekistán	Узбекистан	Uzbekistan	ウズベキスタン共和国	Uzbequistão	Uzbekistán	Ouzbékistan	우즈베키스탄	乌兹别克	烏茲別克
	General_CountryName_VUT	Vanuatu	Vanuatu	Vanuatu	Vanuatu	Vanuatu	Вануату	Vanuatu	バヌアツ共和国	Vanuatu	Vanuatu	Vanuatu	바누아투	万那杜	萬那杜
	General_CountryName_VAT	Vatican City	Cité du Vatican	Città del Vaticano	Vatikanstadt	Ciudad del Vaticano	Ватикан	Watykan	バチカン市国	Cidade do Vaticano	Ciudad del Vaticano	Cité du Vatican	바티칸시국	梵蒂冈	梵蒂岡
	General_CountryName_VEN	Venezuela	Vénézuela	Venezuela	Venezuela	Venezuela	Венесуэла	Wenezuela	ベネズエラ・ボリバル共和国	Venezuela	Venezuela	Venezuela	베네수엘라	委内瑞拉	委內瑞拉
	General_CountryName_VNM	Vietnam	Vietnam	Vietnam	Vietnam	Vietnam	Вьетнам	Wietnam	ベトナム社会主義共和国	Vietnã	Vietnam	Vietnam	베트남	越南	越南
	General_CountryName_YEM	Yemen	Yémen	Yemen	Jemen	Yemen	Йемен	Jemen	イエメン共和国	Iêmen	Yemen	Yémen	예멘	叶门	葉門
	General_CountryName_ZMB	Zambia	Zambie	Zambia	Sambia	Zambia	Замбия	Zambia	ザンビア共和国	Zâmbia	Zambia	Zambie	잠비아	尚比亚	尚比亞
	General_CountryName_ZWE	Zimbabwe	Zimbabwe	Zimbabwe	Simbabwe	Zimbabue	Зимбабве	Zimbabwe	ジンバブエ共和国	Zimbábue	Zimbabue	Zimbabwe	짐바브웨	辛巴威	辛巴威
	General_TrackDetails_Belgium	Belgium	Belgique	Belgio	Belgien	Bélgica	Бельгия	Belgia	ベルギー王国	Bélgica	Bélgica	Belgique	벨기에	比利时	比利時
	General_TrackDetails_Circuit	Circuit	Circuit	Circuito	Rundkurs	Circuito	Трасса	Tor	サーキット	Circuito	Circuito	Circuit	서킷	赛车场	賽車場
	General_TrackDetails_AzureCoast	Azure Coast	Côte d'Azur	Costa Azzurra	Côte d’Azur	Azure Coast	Azure Coast	Azure Coast	Azure Coast	Azure Coast	Azure Coast	Azure Coast	아주르 코스트	Azure Coast	Azure Coast
	General_TrackDetails_NurburgringGP	Nürburgring	Nürburgring	UNTRANSLATED (3750397599): General_TrackDetails_NurburgringGP	Nürburgring	UNTRANSLATED (3750397599): General_TrackDetails_NurburgringGP	UNTRANSLATED (3750397599): General_TrackDetails_NurburgringGP	UNTRANSLATED (3750397599): General_TrackDetails_NurburgringGP	UNTRANSLATED (3750397599): General_TrackDetails_NurburgringGP	Nürburgring	Nürburgring	UNTRANSLATED (3750397599): General_TrackDetails_NurburgringGP	UNTRANSLATED (3750397599): General_TrackDetails_NurburgringGP	UNTRANSLATED (3750397599): General_TrackDetails_NurburgringGP	UNTRANSLATED (3750397599): General_TrackDetails_NurburgringGP
	General_TrackDetails_Nurburgring	Nürburgring	Nürburgring	Nürburgring	Nürburgring	Nürburgring	Nürburgring	Nürburgring	Nürburgring	Nürburgring	Nürburgring	Nürburgring	뉘르부르크링	Nürburgring	Nürburgring
	General_TrackDetails_AzureCircuit	Azure Circuit	Circuit d'Azur	Costa Azzurra	Côte d’Azur Circuit	Azure Circuit	Azure Circuit	Azure Circuit	Azure Circuit	Azure Circuit	Azure Circuit	Azure Circuit	아주르 서킷	Azure 赛道	Azure 賽道
	General_TrackDetails_AzureCoastStage1	Azure Coast Stage 1	Côte d'Azur Stage 1	Costa Azzurra Segmento 1	Côte d’Azur Stage 1	Azure Coast: fase 1	Azure Coast Stage 1	Azure Coast – odcinek 1	Azure Coast（ステージ1）	Azure Coast Estágio 1	Azure Coast Fase 1	Azure Coast Stage 1	아주르 코스트 스테이지 1	Azure Coast 第 1 赛段	Azure Coast 第 1 賽段
	General_TrackDetails_AzureCoastStage2	Azure Coast Stage 2	Côte d'Azur Stage 2	Costa Azzurra Segmento 2	Côte d’Azur Stage 2	Azure Coast: fase 2	Azure Coast Stage 2	Lazurowe Wybrzeże – odcinek 2	Azure Coast（ステージ2）	Azure Coast Estágio 2	Azure Coast Fase 2	Azure Coast Stage 2	아주르 코스트 스테이지 2	Azure Coast 第 2 赛段	Azure Coast 第 2 賽段
	General_TrackDetails_AzureCoastStage3	Azure Coast Stage 3	Côte d'Azur Stage 3	Costa Azzurra Segmento 3	Côte d’Azur Stage 3	Azure Coast: fase 3	Azure Coast Stage 3	Azure Coast – odcinek 3	Azure Coast（ステージ3）	Azure Coast Estágio 3	Azure Coast Fase 3	Azure Coast Stage 3	아주르 코스트 스테이지 3	Azure Coast 第 3 赛段	Azure Coast 第 3 賽段
	General_TrackDetails_AzureCoastWestbound	Azure Coast Westbound	Côte d'Azur Ouest	Costa Azzurra Westbound	Côte d’Azur Westbound	Azure Coast: Rumbo al oeste	Azure Coast Westbound	Azure Coast – na zachód	Azure Coast（ウェストバウンド）	Azure Coast Westbound	Azure Coast Westbound	Azure Coast Ouest	아주르 코스트 웨스트바운드	Azure Coast 湾岸线西行赛道	Azure Coast 灣岸線西行賽道
	General_TrackDetails_BrandsHatch	Brands Hatch	Brands Hatch	Brands Hatch	Brands Hatch	Brands Hatch	Brands Hatch	Brands Hatch	Brands Hatch	Brands Hatch	Brands Hatch	Brands Hatch	브랜드 해치	Brands Hatch	Brands Hatch
	General_TrackDetails_BrandsHatchGP	Brands Hatch	Brands Hatch	UNTRANSLATED (1892684912): General_TrackDetails_BrandsHatchGP	Brands Hatch	UNTRANSLATED (1892684912): General_TrackDetails_BrandsHatchGP	UNTRANSLATED (1892684912): General_TrackDetails_BrandsHatchGP	UNTRANSLATED (1892684912): General_TrackDetails_BrandsHatchGP	UNTRANSLATED (1892684912): General_TrackDetails_BrandsHatchGP	Brands Hatch	Brands Hatch	UNTRANSLATED (1892684912): General_TrackDetails_BrandsHatchGP	UNTRANSLATED (1892684912): General_TrackDetails_BrandsHatchGP	UNTRANSLATED (1892684912): General_TrackDetails_BrandsHatchGP	UNTRANSLATED (1892684912): General_TrackDetails_BrandsHatchGP
	General_TrackDetails_BrandsHatchIndy	Brands Hatch Indy	Brands Hatch Indy	Brands Hatch Indy	Brands Hatch Indy	Brands Hatch Indy	Brands Hatch Indy	Brands Hatch Indy	Brands Hatch（インディサーキット）	Brands Hatch Indy	Brands Hatch Indy	Brands Hatch Indy	브랜드 해치 인디	Brands Hatch Indy赛道	Brands Hatch Indy賽道
	General_TrackDetails_CaliforniaHighway	California Highway	California Highway	California Highway	California Highway	California Highway	California Highway	California Highway	California Highway	California Highway	California Highway	California Highway	캘리포니아 하이웨이	California Highway	California Highway
	General_TrackDetails_CaliforniaHighwayFull	California Highway Full	California Highway Complet	California Highway Completo	California Highway Full	California Highway completo	California Highway Full	California Highway – Pełen tor	California Highway（フルコース）	California Highway Completo	California Highway completo	California Highway Complet	캘리포니아 하이웨이 풀	California Highway 完整赛道	California Highway 完整賽道
	General_TrackDetails_CaliforniaHighwayStage1	California Highway Stage 1	California Highway Stage 1	California Highway Segmento 1	California Highway Stage 1	California Highway fase 1	California Highway Stage 1	California Highway – odcinek 1	California Highway（ステージ1）	California Highway Estágio 1	California Highway Fase 1	California Highway Stage 1	캘리포니아 하이웨이 스테이지 1	California Highway 第 1 赛段	California Highway 第 1 賽段
	General_TrackDetails_CaliforniaHighwayStage2	California Highway Stage 2	California Highway Stage 2	California Highway Segmento 2	California Highway Stage 2	California Highway fase 2	California Highway Stage 2	California Highway – odcinek 2	California Highway（ステージ2）	California Highway Estágio 2	California Highway Fase 2	California Highway Stage 2	캘리포니아 하이웨이 스테이지 2	California Highway 第 2 赛段	California Highway 第 2 賽段
	General_TrackDetails_CaliforniaHighwayStage3	California Highway Stage 3	California Highway Stage 3	California Highway Segmento 3	California Highway Stage 3	California Highway fase 3	California Highway Stage 3	California Highway – odcinek 3	California Highway（ステージ3）	California Highway Estágio 3	California Highway Fase 3	California Highway Stage 3	캘리포니아 하이웨이 스테이지 3	California Highway 第 3 赛段	California Highway 第 3 賽段
	General_TrackDetails_CaliforniaHighwayReverse	California Highway Reverse	California Highway Miroir	California Highway Inverso	California Highway Reverse	California Highway inverso	California Highway Reverse	California Highway – odwrócony	California Highway（リバース）	California Highway Reverso	California Highway al revés	California Highway Miroir	캘리포니아 하이웨이 리버스	California Highway 逆向赛道	California Highway 逆向賽道
	General_TrackDetails_WatkinsGlenInternational	Watkins Glen International	Watkins Glen International	Watkins Glen International	Watkins Glen International	Watkins Glen International	Watkins Glen International	Watkins Glen – międzynarodowy	Watkins Glen（インターナショナルコース）	Watkins Glen International	Watkins Glen International	Watkins Glen International	왓킨스 글렌 인터내셔널	Watkins Glen 国际赛道	Watkins Glen 國際賽道
	General_TrackDetails_WatkinsGlenGP	Watkins Glen GP	Watkins Glen GP	Watkins Glen GP	Watkins Glen GP	Watkins Glen: GP	Watkins Glen GP	Watkins Glen GP	Watkins Glen（GPコース）	Watkins Glen GP	Watkins Glen GP	Watkins Glen GP	왓킨스 글렌 GP	Watkins Glen GP赛道	Watkins Glen GP賽道
	General_TrackDetails_WatkinsGlenShort	Watkins Glen Short	Watkins Glen Court	Watkins Glen Breve	Watkins Glen Short	Watkins Glen: corto	Watkins Glen Short	Watkins Glen – krótki tor	Watkins Glen（ショートコース）	Watkins Glen Curto	Watkins Glen corto	Watkins Glen Court	왓킨스 글렌 쇼트	Watkins Glen 短程赛道	Watkins Glen 短程賽道
	General_TrackDetails_National	National	National	Nazionale	National	Nacional	National	Krajowy	ナショナルコース	National	Nacional	National	내셔널	国立赛车场	國立賽車場
	General_TrackDetails_DubaiAutodrome	Dubai Autodrome	Dubai Autodrome	Dubai Autodrome	Dubai Autodrome	Dubai Autodrome	Dubai Autodrome	Dubai Autodrome	Dubai Autodrome	Dubai Autodrome	Autódromo de Dubai	Dubai Autodrome	두바이 오토드롬	Dubai Autodrome	Dubai Autodrome
	General_TrackDetails_DubaiAutodromeGP	Dubai Autodrome GP	Dubai Autodrome GP	Dubai Autodrome GP	Dubai Autodrome GP	Dubai Autodrome GP	Dubai Autodrome GP	Dubai Autodrome GP	Dubai Autodrome（GPコース）	Dubai Autodrome GP	Autódromo de Dubai GP	Dubai Autodrome GP	두바이 오토드롬 GP	Dubai Autodrome GP赛车场	Dubai Autodrome GP賽車場
	General_TrackDetails_DubaiAutodromeNational	Dubai Autodrome National	Dubai Autodrome National	Dubai Autodrome nazionale	Dubai Autodrome National	Dubai Autodrome National	Dubai Autodrome National	Dubai Autodrome – krajowy	Dubai Autodrome（ナショナルコース）	Dubai Autodrome National	Autódromo de Dubai Nacional	Dubai Autodrome National	두바이 오토드롬 내셔널	Dubai Autodrome 国立赛车场	Dubai Autodrome 國立賽車場
	General_TrackDetails_DubaiAutodromeInternational	Dubai Autodrome International	Dubai Autodrome International	Dubai Autodrome internazionale	Dubai Autodrome International	Dubai Autodrome International	Dubai Autodrome International	Dubai Autodrome – międzynarodowy	Dubai Autodrome（インターナショナルコース）	Dubai Autodrome International	Autódromo de Dubai Internacional	Dubai Autodrome International	두바이 오토드롬 인터내셔널	Dubai Autodrome 国际赛车场	Dubai Autodrome 國際賽車場
	General_TrackDetails_DubaiAutodromeClub	Dubai Autodrome Club	Dubai Autodrome Club	Dubai Autodrome Club	Dubai Autodrome Club	Dubai Autodrome Club	Dubai Autodrome Club	Dubai Autodrome - tor klubowy	Dubai Autodrome（クラブコース）	Dubai Autodrome Club	Autódromo de Dubai Club	Dubai Autodrome Club	두바이 오토드롬 클럽	Dubai Autodrome 俱乐部赛车场	Dubai Autodrome 俱樂部賽車場
	General_TrackDetails_DubaiKartdrome	Dubai Kartdrome	Dubai Kartdrome	Dubai Kartodromo	Dubai Kartdrome	Dubai Kartdrome	Dubai Kartdrome	Dubai Kartdrome	Dubai（カートドローム）	Dubai Kartdrome	Kartódromo de Dubai	Dubai Kartdrome	두바이 카트드롬	Dubai Kartdrome	Dubai Kartdrome
	General_TrackDetails_GlencairnEast	Glencairn East	Glencairn Est	Glencairn Est	Glencairn East	Glencairn Este	Glencairn East	Glencairn – wschód	Glencairn（イーストコース）	Glencairn East	Glencairn Este	Glencairn Est	글렌케언 이스트	Glencairn 东侧赛道	Glencairn 東側賽道
	General_TrackDetails_GlencairnWest	Glencairn West	Glencairn Ouest	Glencairn Ovest	Glencairn West	Glencairn Oeste	Glencairn West	Glencairn – zachód	Glencairn（ウェストコース）	Glencairn West	Glencairn Oeste	Glencairn Ouest	글렌케언 웨스트	Glencairn 西侧赛道	Glencairn 西側賽道
	General_TrackDetails_GlencairnReverse	Glencairn Reverse	Glencairn Miroir	Glencairn Inverso	Glencairn Reverse	Glencairn inverso	Glencairn Reverse	Glencairn – odwrócony	Glencairn（リバース）	Glencairn Reverso	Glencairn al revés	Glencairn Miroir	글렌케언 리버스	Glencairn 逆向赛道	Glencairn 逆向賽道
	General_TrackDetails_GlencairnEastReverse	Glencairn East Reverse	Glencairn Est Miroir 	Glencairn Est Inverso	Glencairn East Reverse	Glencairn Este inverso	Glencairn East Reverse	Glencairn – wschód odwrócony	Glencairn（イーストコース/リバース）	Glencairn East Reverso	Glencairn Este al revés	Glencairn Est Miroir	글렌케언 이스트 리버스	Glencairn 东侧逆向赛道	Glencairn 東側逆向賽道
	General_TrackDetails_GlencairnWestReverse	Glencairn West Reverse	Glencairn Ouest Miroir	Glencairn Ovest Inverso	Glencairn West Reverse	Glencairn Oeste inverso	Glencairn West Reverse	Glencairn – zachód odwrócony	Glencairn（ウェストコース/リバース）	Glencairn West Reverso	Glencairn Oeste al revés	Glencairn Ouest Miroir	글렌케언 웨스트 리버스	Glencairn 西侧逆向赛道	Glencairn 西側逆向賽道
	General_TrackDetails_IndianapolisMotorSpeedway	Indianapolis Motor Speedway	Indianapolis Motor Speedway	Indianapolis Motor Speedway	Indianapolis Motor Speedway	Indianapolis Motor Speedway	Indianapolis Motor Speedway	Indianapolis Motor Speedway	Indianapolis Motor Speedway	Indianapolis Motor Speedway	Indianapolis Motor Speedway	Indianapolis Motor Speedway	Indianapolis Motor Speedway	Indianapolis Motor Speedway	Indianapolis Motor Speedway
	General_TrackDetails_OscherslebenACourse	Oschersleben A Course	Circuit Oschersleben A	Oschersleben Percorso A	Oschersleben A Course	Circuito Oschersleben A	Oschersleben A Course	Oschersleben A Course	Oschersleben（Aコース）	Oschersleben A Course	Oschersleben A Course	Circuit Oschersleben A	오셔스레벤 A 코스	Oschersleben GP赛车场	Oschersleben A賽車場
	General_TrackDetails_OscherslebenBCourse	Oschersleben B Course	Circuit Oschersleben B	Oschersleben Percorso B	Oschersleben B Course	Circuito Oschersleben B	Oschersleben B Course	Oschersleben B Course	Oschersleben（Bコース）	Oschersleben B Course	Oschersleben B Course	Circuit Oschersleben B	오셔스레벤 B 코스	Oschersleben 国立赛车场	Oschersleben B賽車場
	General_TrackDetails_LeCircuitBugatti	Le Circuit Bugatti	Le Circuit Bugatti	Le Circuit Bugatti	Le Circuit Bugatti	Le Circuit Bugatti	Le Circuit Bugatti	Le Circuit Bugatti	Le Circuit Bugatti	Le Circuit Bugatti	Le Circuit Bugatti	Le Circuit Bugatti	르 서킷 부가티	Bugatti 赛道	Bugatti 賽道
	General_TrackDetails_MonzaGP	Autodromo Nazionale Monza GP	Autodromo Nazionale Monza GP	Autodromo Nazionale Monza GP	Autodromo Nazionale Monza GP	Autodromo Nazionale Monza GP	Autodromo Nazionale Monza GP	Autodromo Nazionale Monza GP	Autodromo Nazionale Monza（GPコース）	Autodromo Nazionale Monza GP	Autodromo Nazionale Monza GP	Autodromo Nazionale Monza GP	오토드로모 내셔널 몬자 GP	国立 Monza GP赛车场	國立 Monza GP賽車場
	General_TrackDetails_MonzaShort	Autodromo Nazionale Monza Short	Autodromo Nazionale Monza Short	Autodromo Nazionale Monza Short	Autodromo Nazionale Monza Short	Autodromo Nazionale Monza Short	Autodromo Nazionale Monza Short	Autodromo Nazionale Monza Short	Autodromo Nazionale Monza Short	Autodromo Nazionale Monza Short	Autodromo Nazionale Monza Short	Autodromo Nazionale Monza Short	Autodromo Nazionale Monza Short	Autodromo Nazionale Monza Short	Autodromo Nazionale Monza Short
	General_TrackDetails_Nordschleife	Nordschleife	Nordschleife	Nordschleife	Nordschleife	Nordschleife	Nordschleife	Nordschleife	Nordschleife	Nordschleife	Nordschleife	Nordschleife	노르트슐라이페	Nordschleife	Nordschleife
	General_TrackDetails_NordschleifeStage1	Nordschleife Stage 1	Nordschleife Stage 1	Nordschleife Segmento 1	Nordschleife Stage 1	Nordschleife fase 1	Nordschleife Stage 1	Nordschleife – odcinek 1	Nordschleife（ステージ1）	Nordschleife Estágio 1	Nordschleife Fase 1	Nordschleife Stage 1	노르트슐라이페 스테이지 1	Nordschleife 第 1 赛段	Nordschleife 第 1 賽段
	General_TrackDetails_NordschleifeStage2	Nordschleife Stage 2	Nordschleife Stage 2	Nordschleife Segmento 2	Nordschleife Stage 2	Nordschleife fase 2	Nordschleife Stage 2	Nordschleife – odcinek 2	Nordschleife（ステージ2）	Nordschleife Estágio 2	Nordschleife Fase 2	Nordschleife Stage 2	노르트슐라이페 스테이지 2	Nordschleife 第 2 赛段	Nordschleife 第 2 賽段
	General_TrackDetails_NordschleifeStage3	Nordschleife Stage 3	Nordschleife Stage 3	Nordschleife Segmento 3	Nordschleife Stage 3	Nordschleife fase 3	Nordschleife Stage 3	Nordschleife – odcinek 3	Nordschleife（ステージ3）	Nordschleife Estágio 3	Nordschleife Fase 3	Nordschleife Stage 3	노르트슐라이페 스테이지 3	Nordschleife 第 3 赛段	Nordschleife 第 3 賽段
	General_TrackDetails_NurburgringMuellenbach	Nürburgring Müllenbach	Nürburgring Müllenbach	Nürburgring Müllenbach	Nürburgring Müllenbach	Nürburgring Müllenbach	Nürburgring Muellenbach	Nürburgring Muellenbach	Nürburgring（ミューレンバッハ）	Nürburgring Müllenbach	Nürburgring Müllenbach	Nürburgring Müllenbach	뉘르부르크링 뮬렌바흐	Nürburgring Müllenbach	Nürburgring Müllenbach
	General_TrackDetails_NurburgringSprint	Nürburgring Sprint	Nürburgring Sprint	Nürburgring Sprint	Nürburgring Sprint	Nürburgring Sprint	Nürburgring Sprint	Nürburgring – sprint	Nürburgring（スプリントコース）	Nürburgring Sprint	Nürburgring Sprint	Nürburgring Sprint	뉘르부르크링 스프린트	Nürburgring 冲刺赛道	Nürburgring 衝刺賽道
	General_TrackDetails_NurburgringSprintAlt	Nürburgring Sprint Short	Nürburgring Sprint Court	Nürburgring Sprint Breve	Nürburgring Sprint Short	Nürburgring Sprint corto	Nürburgring Sprint Short	Nürburgring – sprint (krótki)	Nürburgring（スプリントショートコース）	Nürburgring Sprint Curto	Nürburgring Sprint corto	Nürburgring Sprint Court	뉘르부르크링 스프린트 쇼트	Nürburgring 短程冲刺赛道	Nürburgring 短程衝刺賽道
	General_TrackDetails_HockenheimGP	Hockenheim	Hockenheim	UNTRANSLATED (502439042): General_TrackDetails_HockenheimGP	Hockenheim	UNTRANSLATED (502439042): General_TrackDetails_HockenheimGP	UNTRANSLATED (502439042): General_TrackDetails_HockenheimGP	UNTRANSLATED (502439042): General_TrackDetails_HockenheimGP	UNTRANSLATED (502439042): General_TrackDetails_HockenheimGP	Hockenheim	Hockenheim	UNTRANSLATED (502439042): General_TrackDetails_HockenheimGP	UNTRANSLATED (502439042): General_TrackDetails_HockenheimGP	UNTRANSLATED (502439042): General_TrackDetails_HockenheimGP	UNTRANSLATED (502439042): General_TrackDetails_HockenheimGP
	General_TrackDetails_HockenheimNational	Hockenheim National	Hockenheim National	Hockenheim Nazionale	Hockenheimring National	Hockenheim National	Hockenheim National	Hockenheim – krajowy	Hockenheim（ナショナルコース）	Hockenheim National	Hockenheim Nacional	Hockenheim National	호켄하임 내셔널	Hockenheim 国立赛道	Hockenheim 國立賽道
	General_TrackDetails_HockenheimShortA	Hockenheim Short A	Hockenheim Short A	UNTRANSLATED (3029767246): General_TrackDetails_HockenheimShortA	Hockenheim Kurz A	UNTRANSLATED (3029767246): General_TrackDetails_HockenheimShortA	UNTRANSLATED (3029767246): General_TrackDetails_HockenheimShortA	UNTRANSLATED (3029767246): General_TrackDetails_HockenheimShortA	UNTRANSLATED (3029767246): General_TrackDetails_HockenheimShortA	Hockenheim Short A	Hockenheim Corto A	UNTRANSLATED (3029767246): General_TrackDetails_HockenheimShortA	UNTRANSLATED (3029767246): General_TrackDetails_HockenheimShortA	UNTRANSLATED (3029767246): General_TrackDetails_HockenheimShortA	UNTRANSLATED (3029767246): General_TrackDetails_HockenheimShortA
	General_TrackDetails_OultonPark	Oulton Park	Oulton Park	Oulton Park	Oulton Park	Oulton Park	Oulton Park	Oulton Park	Oulton Park	Oulton Park	Oulton Park	Oulton Park	울턴 파크	Oulton Park	Oulton Park
	General_TrackDetails_OultonParkInternational	Oulton Park International	Oulton Park International	Oulton Park Internazionale	Oulton Park International	Oulton Park International	Oulton Park International	Oulton Park – międzynarodowy	Oulton Park（インターナショナルコース）	Oulton Park International	Oulton Park International	Oulton Park International	울턴 파크 인터내셔널	Oulton Park 国际赛道	Oulton Park 國際賽道
	General_TrackDetails_OultonParkIsland	Oulton Park Island	Oulton Park Island	Oulton Park Island	Oulton Park Island	Oulton Park Island	Oulton Park Island	Oulton Park Island	Oulton Park（アイランドサーキット）	Oulton Park Island	Oulton Park Island	Oulton Park Island	울턴 파크 아일랜드	Oulton Park Island赛道	Oulton Park Island賽道
	General_TrackDetails_OultonParkFosters	Oulton Park Fosters	Oulton Park Fosters	Oulton Park Fosters	Oulton Park Fosters	Oulton Park Fosters	Oulton Park Fosters	Oulton Park Fosters	Oulton Park（フォスターズサーキット）	Oulton Park Fosters	Oulton Park Fosters	Oulton Park Fosters	울턴 파크 포스터스	Oulton Park Fosters赛道	Oulton Park Fosters賽道
	General_TrackDetails_Rouen	Rouen Les Essarts	Rouen Les Essarts	Rouen Les Essarts	Rouen Les Essarts	Rouen Les Essarts	Rouen Les Essarts	Rouen Les Essarts	Rouen Les Essarts	Rouen Les Essarts	Rouen Les Essarts	Rouen Les Essarts	루앙레제사르트	Rouen Les Essarts	Rouen Les Essarts
	General_TrackDetails_RouenShort	Rouen Les Essarts Short	Rouen Les Essarts Court	Rouen Les Essarts Breve	Rouen Les Essarts Short	Rouen Les Essarts corto	Rouen Les Essarts Short	Rouen Les Essarts – krótki	Rouen Les Essarts（ショートコース）	Rouen Les Essarts Curto	Rouen Les Essarts corto	Rouen Les Essarts Court	루앙레제사르트 쇼트	Rouen Les Essarts 短程赛道	Rouen Les Essarts 短程賽道
	General_TrackDetails_SakittoGP	Sakitto GP	Sakitto GP	Sakitto GP	Sakitto GP	Sakitto GP	Sakitto GP	Sakitto GP	Sakitto（GPコース）	Sakitto GP	Sakitto GP	Sakitto GP	사키토 GP	Sakitto GP赛道	Sakitto GP賽道
	General_TrackDetails_SakittoWest	Sakitto West	Sakitto Ouest	Sakitto Ovest	Sakitto West	Sakitto Oeste	Sakitto West	Sakitto – zachód	Sakitto（ウェストコース）	Sakitto West	Sakitto Oeste	Sakitto Ouest	사키토 웨스트	Sakitto 西侧赛道	Sakitto 西側賽道
	General_TrackDetails_SilverstoneInt	Silverstone International	Silverstone International	Silverstone Internazionale	Silverstone International	Silverstone International	Silverstone International	Silverstone – międzynarodowy	Silverstone（インターナショナルコース）	Silverstone International	Silverstone International	Silverstone International	실버스톤 인터내셔널	Silverstone 国际赛道	Silverstone 國際賽道
	General_TrackDetails_SilverstoneGP	Silverstone	Silverstone	UNTRANSLATED (1429359048): General_TrackDetails_SilverstoneGP	Silverstone	UNTRANSLATED (1429359048): General_TrackDetails_SilverstoneGP	UNTRANSLATED (1429359048): General_TrackDetails_SilverstoneGP	UNTRANSLATED (1429359048): General_TrackDetails_SilverstoneGP	UNTRANSLATED (1429359048): General_TrackDetails_SilverstoneGP	Silverstone	Silverstone	UNTRANSLATED (1429359048): General_TrackDetails_SilverstoneGP	UNTRANSLATED (1429359048): General_TrackDetails_SilverstoneGP	UNTRANSLATED (1429359048): General_TrackDetails_SilverstoneGP	UNTRANSLATED (1429359048): General_TrackDetails_SilverstoneGP
	General_TrackDetails_SilverstoneStowe	Silverstone Stowe	Silverstone Stowe	Silverstone Stowe	Silverstone Stowe	Silverstone Stowe	Silverstone Stowe	Silverstone Stowe	Silverstone（ストウサーキット）	Silverstone Stowe	Silverstone Stowe	Silverstone Stowe	실버스톤 Stowe	Silverstone Stowe	Silverstone Stowe
	General_TrackDetails_SilverstoneNat	Silverstone National	Silverstone National	Silverstone Nazionale	Silverstone National	Silverstone National	Silverstone National	Silverstone – krajowy	Silverstone（ナショナルコース）	Silverstone National	Silverstone Nacional	Silverstone National	실버스톤 내셔널	Silverstone 国立赛道	Silverstone 國立賽道
	General_TrackDetails_Silverstone2001National	Silverstone National Historic 2001	Silverstone National Historic 2001	UNTRANSLATED (2258362969): General_TrackDetails_Silverstone2001National	Silverstone National Historisch 2001	UNTRANSLATED (2258362969): General_TrackDetails_Silverstone2001National	UNTRANSLATED (2258362969): General_TrackDetails_Silverstone2001National	UNTRANSLATED (2258362969): General_TrackDetails_Silverstone2001National	UNTRANSLATED (2258362969): General_TrackDetails_Silverstone2001National	Silverstone National Histórica 2001	Silverstone National Histórico 2001	UNTRANSLATED (2258362969): General_TrackDetails_Silverstone2001National	UNTRANSLATED (2258362969): General_TrackDetails_Silverstone2001National	UNTRANSLATED (2258362969): General_TrackDetails_Silverstone2001National	UNTRANSLATED (2258362969): General_TrackDetails_Silverstone2001National
	General_TrackDetails_Snetterton200	Snetterton 200	Snetterton 200	Snetterton 200	Snetterton 200	Snetterton 200	Snetterton 200	Snetterton 200	Snetterton（200サーキット）	Snetterton 200	Snetterton 200	Snetterton 200	스네터턴 200	Snetterton 200	Snetterton 200
	General_TrackDetails_Snetterton300	Snetterton 300	Snetterton 300	Snetterton 300	Snetterton 300	Snetterton 300	Snetterton 300	Snetterton 300	Snetterton（300サーキット）	Snetterton 300	Snetterton 300	Snetterton 300	스네터턴 300	Snetterton 300	Snetterton 300
	General_TrackDetails_SpaFrancorchamps	Spa-Francorchamps	Spa-Francorchamps	Spa-Francorchamps	Spa-Francorchamps	Spa Francorchamps	Spa-Francorchamps	Spa Francorchamps	Spa-Francorchamps	Spa Francorchamps	Spa Francorchamps	Spa-Francorchamps	스파프랑코르샹	Spa-Francorchamps	Spa-Francorchamps
	General_TrackDetails_SpaFrancorchampsHistoric	Spa-Francorchamps Historic	Spa-Francorchamps Historique	Spa Francorchamps percorso storico	Spa-Francorchamps Historic	Histórico de Spa Francorchamps	Spa-Francorchamps Historic	Spa Francorchamps Historic	Spa-Francorchamps（ヒストリックコース）	Spa Francorchamps Historic	Spa Francorchamps Historic	Spa-Francorchamps Historique	스파프랑코르샹 히스토릭	Circuit de Spa-Francorchamps 老式赛道	Spa-Francorchamps 老式賽道
	General_TrackDetails_Bannochbrae1	Bannochbrae	Bannochbrae	Bannochbrae	Bannochbrae	Bannochbrae	Bannochbrae	Bannochbrae	Bannochbrae	Bannochbrae	Bannochbrae	Bannochbrae	바노쉬브래	Bannochbrae	Bannochbrae
	General_TrackDetails_Donington	Donington Park	Donington Park	Donington Park	Donington Park	Donington Park	Donington Park	Donington Park	Donington Park	Donington Park	Donington Park	Donington Park	도닝턴 파크	Donington Park	Donington Park
	General_TrackDetails_BelgianForestHistoric	Circuit de Spa-Francorchamps Historic GP	Circuit de Spa-Francorchamps Historique GP	Circuito di Spa-Francorchamps GP storico	Circuit de Spa-Francorchamps Historic GP	GP Histórico de Circuit de Spa-Francorchamps	Circuit de Spa-Francorchamps Historic GP	Circuit de Spa-Francorchamps Historic GP	Circuit de Spa-Francorchamps（ヒストリックGPコース）	Circuit de Spa-Francorchamps Historic GP	Circuito de Spa-Francorchamps GP histórico	Circuit GP Spa-Francorchamps Historique	스파프랑코르샹 서킷 히스토릭 GP	Circuit de Spa-Francorchamps 老式GP赛道	Circuit de Spa-Francorchamps 老式GP賽道
	General_TrackDetails_Zolder	Zolder	Zolder	Zolder	Zolder	Zolder	Zolder	Zolder	Zolder	Zolder	Zolder	Zolder	졸더	Zolder	Zolder
	General_TrackDetails_ZolderGP	Zolder GP	Zolder GP	Zolder GP	Zolder GP	Zolder GP	Zolder GP	Zolder GP	Zolder（GPコース）	Zolder GP	Zolder GP	Zolder GP	졸더 GP	Zolder GP赛道	Zolder GP賽道
	General_TrackDetails_DaytonaInternationalSpeedway	Daytona International Speedway	Daytona International Speedway	Daytona International Speedway	Daytona International Speedway	Daytona International Speedway	Daytona International Speedway	Daytona International Speedway	Daytona（インターナショナルコース）	Daytona International Speedway	Daytona International Speedway	Daytona International Speedway	데이토나 인터내셔널 스피드웨이	Daytona 国际赛车场	Daytona 國際賽車場
	General_TrackDetails_DaytonaTriOval	Daytona Tri-Oval	Daytona tri-ovale	Daytona Tri-Oval	Daytona Tri-Oval	Daytona: Tri-Oval	Daytona Tri-Oval	Daytona Tri-Oval	Daytona（トライオーバルコース）	Daytona Tri-Oval	Daytona Tri-Oval	Daytona Tri-Oval	데이토나 트라이-오벌	Daytona 三角椭圆赛道	Daytona 三角橢圓賽道
	General_TrackDetails_DaytonaRoadCourse	Daytona Sports Car Course	Daytona Sports Car Course	Daytona Sports Car Course	Daytona Sports Car Course	Daytona Sports Car Course	Daytona Sports Car Course	Daytona Sports Car Course	Daytona Sports Car Course	Daytona Sports Car Course	Daytona Sports Car Course	Daytona Sports Car Course	Daytona Sports Car Course	Daytona Sports Car Course	Daytona Sports Car Course
	General_TrackDetails_LeMans	Le Mans	Le Mans	Le Mans	Le Mans	Le Mans	Le Mans	Le Mans	Le Mans	Le Mans	Le Mans	Le Mans	르망	Le Mans	Le Mans
	General_TrackDetails_Circuitdes24HeuresduMans	Circuit des 24 Heures du Mans	Circuit des 24 Heures du Mans	Circuit des 24 Heures du Mans	Circuit des 24 Heures du Mans	Circuit des 24 Heures du Mans	Circuit des 24 Heures du Mans	Circuit des 24 Heures du Mans	Circuit des 24 Heures du Mans	Circuit des 24 Heures du Mans	Circuit des 24 Heures du Mans	Circuit des 24 Heures du Mans	르망 24시	Circuit des 24 Heures du Mans	Circuit des 24 Heures du Mans
	General_TrackDetails_Snetterton100	Snetterton 100	Snetterton 100	Snetterton 100	Snetterton 100	Snetterton 100	Snetterton 100	Snetterton 100	Snetterton（100サーキット）	Snetterton 100	Snetterton 100	Snetterton 100	스네터턴 100	Snetterton 100	Snetterton 100
	General_TrackDetails_CzechRepublic	Czech Republic	République tchèque	Repubblica Ceca	Tschechische Republik	República Checa	Чехия	Czechy	チェコ共和国	República Checa	República Checa	République tchèque	체코 공화국	捷克	捷克
	General_TrackDetails_RoadAmerica	Road America	Road America	Road America	Road America	Road America	Road America	Road America	Road America	Road America	Road America	Road America	로드 아메리카	Road America	Road America
	General_TrackDetails_Bathurst	Bathurst	Bathurst	Bathurst	Bathurst	Bathurst	Bathurst	Bathurst	Bathurst	Bathurst	Bathurst	Bathurst	배서스트	Bathurst	Bathurst
	General_TrackDetails_ClubCircuit	Club Circuit	Club Circuit	Club Circuit	Club Circuit	Club Circuit	Club Circuit	Club Circuit	Club Circuit	Club Circuit	Club Circuit	Club Circuit	클럽 서킷	俱乐部赛车场	俱樂部賽車場
	General_TrackDetails_Monza	Monza	Monza	Monza	Monza	Monza	Monza	Monza	Monza	Monza	Monza	Monza	몬자	国立 Monza 赛车场	Monza
	General_TrackDetails_GreenwoodKartingCircuit	Greenwood Karting Circuit	Circuit Greenwood Karting	Greenwood Karting Circuit	Greenwood Karting Circuit	Greenwood Karting Circuit	Greenwood Karting Circuit	Greenwood Karting Circuit	Greenwood（カートサーキット）	Greenwood Karting Circuit	Greenwood Karting Circuit	Greenwood Karting Circuit	그린우드 카팅 서킷	Greenwood 卡丁车赛车场	Greenwood 卡丁車賽車場 
	General_TrackDetails_Stage1	Stage 1	Stage 1	Segmento 1	Stage 1	Fase 1	Stage 1	Odcinek 1	ステージ1	Estágio 1	Fase 1	Stage 1	스테이지 1	第 1 赛段	第 1 賽段
	General_TrackDetails_Stage2	Stage 2	Stage 2	Segmento 2	Stage 2	Fase 2	Stage 2	Odcinek 2	ステージ2	Estágio 2	Fase 2	Stage 2	스테이지 2	第 2 赛段	第 2 賽段
	General_TrackDetails_Stage3	Stage 3	Stage 3	Segmento 3	Stage 3	Fase 3	Stage 3	Odcinek 3	ステージ3	Estágio 3	Fase 3	Stage 3	스테이지 3	第 3 赛段	第 3 賽段
	General_TrackDetails_OscherslebenCCourse	Oschersleben C Course	Circuit Oschersleben C	Oschersleben Percorso C	Oschersleben C Course	Circuito Oschersleben C	Oschersleben C Course	Oschersleben C Course	Oschersleben（Cコース）	Oschersleben C Course	Oschersleben C Course	Circuit Oschersleben C	오셔스레벤 C 코스	Oschersleben C赛道	Oschersleben C賽車場
	General_TrackDetails_PointToPoint	Point to Point	Parcours	Da punto a punto	Punkt zu Punkt	Tramo	Спринт	Z punktu do punktu	ポイント・ツー・ポイント	Ponto a ponto	Punto a punto	Point à Point	지점간 트랙	点对点	點對點
	General_TrackDetails_HorseThiefMile	Horse Thief Mile	Horse Thief Mile	Horse Thief Mile	Horse Thief Mile	Horse Thief Mile	Horse Thief Mile	Horse Thief Mile	ホース・シーフ・マイル	Horse Thief Mile	Horse Thief Mile	Horse Thief Mile	호스 시프 마일	Horse Thief Mile	Horse Thief Mile
	General_TrackDetails_Germany	Germany	Allemagne	Germania	Deutschland	Alemania	Германия	Niemcy	ドイツ	Alemanha	Alemania	Allemagne	독일	德国	德國
	General_TrackDetails_France	France	France	Francia	Frankreich	Francia	Франция	Francja	フランス	França	Francia	France	프랑스	法国	法國
	General_TrackDetails_Australia	Australia	Australie	Australia	Australien	Australia	Австралия	Australia	オーストラリア	Austrália	Australia	Australie	호주	澳大利亚	澳大利亞
	General_TrackDetails_Spain	Spain	Espagne	Spagna	Spanien	España	Испания	Hiszpania	スペイン	Espanha	España	Espagne	스페인	西班牙	西班牙
	General_TrackDetails_Italy	Italy	Italie	Italia	Italien	Italia	Италия	Włochy	イタリア	Itália	Italia	Italie	이탈리아	意大利	義大利
	General_TrackDetails_UK	United Kingdom	Royaume-Uni	Regno Unito	Vereinigtes Königreich	Reino Unido	Великобритания	Wielka Brytania	イギリス	Reino Unido	Reino Unido	Royaume-Uni	영국	英国	英國
	General_TrackDetails_England	England	Angleterre	Inghilterra	England	Inglaterra	Англия	Anglia	イギリス	Inglaterra	Inglaterra	Angleterre	잉글랜드	英国	英國
	General_TrackDetails_USA	USA	États-Unis	Stati Uniti d'America	Vereinigte Staaten	Estados Unidos de América	США	Stany Zjednoczone	アメリカ	EUA	Estados Unidos	États-Unis	미국	美国	美國
	General_TrackDetails_UAE	United Arab Emirates	Émirats arabes unis	Emirati Arabi Uniti	VAE	EAU	ОАЭ	Zjednoczone Emiraty Arabskie	アラブ首長国連邦	Emirados Árabes Unidos	Emiratos Árabes Unidos	Émirats arabes unis	아랍에미리트	阿拉伯联合酋长国	阿拉伯聯合大公國
	General_TrackDetails_China	China	Chine	Cina	China	China	Китай	Chiny	中華人民共和国	China	China	Chine	중국	中国	中國
	General_TrackDetails_Japan	Japan	Japon	Giappone	Japan	Japón	Япония	Japonia	日本	Japão	Japón	Japon	일본	日本	日本
	General_TrackDetails_GP	Grand Prix	Grand Prix	Grand Prix	Grand Prix	Grand Prix	Grand Prix	Grand Prix	グランプリ	Grand Prix	Grand Prix	Grand Prix	그랑프리	大奖赛	大獎賽
	General_TrackDetails_Scotland	Scotland	Écosse	Scozia	Schottland	Escocia	Шотландия	Szkocja	スコットランド	Escócia	Escocia	Écosse	스코틀랜드	苏格兰	蘇格蘭
	General_TrackDetails_NewZealand	New Zealand	Nouvelle-Zélande	Nuova Zelanda	Neuseeland	Nueva Zelanda	Новая Зеландия	Nowa Zelandia	ニュージーランド	Nova Zelândia	Nueva Zelanda	Nouvelle-Zélande	뉴질랜드	新西兰	紐西蘭
	General_TrackDetails_Reverse	Reverse	Miroir	Al contrario	Rückwärts	Inverso	Реверс	Odwrócony	リバース	Reverso	Al revés	Miroir	리버스	逆向	逆向
	General_TrackDetails_Short	Short	Courte	Corta	Kurz	Corto	Короткий	Krótki	ショートコース	Curto	Corto	Courte	쇼트	短程	短程
	General_TrackDetails_Sprint	Sprint	Sprint	Sprint	Sprint	Sprint	Sprint	Sprint	スプリントコース	Sprint	Sprint	Sprint	스프린트	冲刺	衝刺
	General_TrackDetails_Oval	Oval	Ovale	Ovale	Oval	Ovalado	Овал	Owal	オーバルコース	Oval	Ovalado	Ovale	오벌	椭圆	橢圓
	General_TrackDetails_MazdaRacewayLagunaSeca	Mazda Raceway Laguna Seca	Mazda Raceway Laguna Seca	Mazda Raceway Laguna Seca	Mazda Raceway Laguna Seca	Mazda Raceway Laguna Seca	Mazda Raceway Laguna Seca	Mazda Raceway Laguna Seca	Mazda Raceway Laguna Seca	Mazda Raceway Laguna Seca	Mazda Raceway Laguna Seca	Mazda Raceway Laguna Seca	마즈다 레이스웨이 라구나 세카	Mazda Raceway Laguna Seca	Mazda Raceway Laguna Seca
	General_TrackDetails_MazdaRaceway	Mazda Raceway	Mazda Raceway	Mazda Raceway	Mazda Raceway	Mazda Raceway	Mazda Raceway	Mazda Raceway	Mazda Raceway	Mazda Raceway	Mazda Raceway	Mazda Raceway	마즈다 레이스웨이 	Mazda Raceway	Mazda Raceway
	General_TrackDetails_LagunaSeca	Laguna Seca	Laguna Seca	Laguna Seca	Laguna Seca	Laguna Seca	Laguna Seca	Laguna Seca	Laguna Seca	Laguna Seca	Laguna Seca	Laguna Seca	라구나 세카	Laguna Seca	Laguna Seca
	General_TrackDetails_Club	Club	Club	Club	Club	Club	Club	Klub	クラブコース	Clube	Club	Club	클럽	俱乐部	俱樂部
	General_TrackDetails_Woodland	Woodland	Forêt	Woodland	Woodland	Woodland	Woodland	Teren lesisty	ウッドランドコース	Woodland	Woodland	Forêt	우드랜드	林地	林地
	General_TrackDetails_Full	Full	Complet	Completo	Vollständig	Completo	Полный	Pełny	フルコース	Total	Completo	Complet	풀	完整赛道	完整賽道
	General_TrackDetails_Raceway	Raceway	Raceway	Raceway	Raceway	Raceway	Raceway	Raceway	Raceway	Raceway	Circuito	Raceway	레이스웨이	赛道	賽道
	General_TrackDetails_ShortCircuit	Short Circuit	Circuit court	Circuito breve	Short Circuit	Circuito corto	Short Circuit	Tor krótki	Short Circuit	Circuito curto	Circuito corto	Circuit court	쇼트 서킷	短程赛道	短程賽道
	General_TrackDetails_SprintShort	Sprint Short	Sprint Court	Sprint breve	Sprint Short	Circuito de sprint	Sprint Short	Sprint (krótki)	スプリントショートコース	Sprint Curto	Circuito sprint	Sprint Court	스프린트 쇼트	短程冲刺	短程衝刺
	General_TrackDetails_Kartdrome	Kartdrome	Kartdrome	Kartodromo	Kartdrome	Kartdrome	Kartdrome	Tor kartingowy	カートドローム	Kartódromo	Kartódromo	Kartdrome	카트드롬	卡丁车赛车场	卡丁車賽車場
	General_TrackDetails_International	International	International	Internazionale	International	Internacional	International	Międzynarodowy	インターナショナルコース	Internacional	Internacional	International	인터내셔널	国际	國際
	General_TrackDetails_East	East	Est	Est	East	Este	East	Wschód	イーストコース	Leste	Este	Est	이스트	东侧	東側
	General_TrackDetails_West	West	Ouest	Ovest	West	Oeste	West	Zachód	ウェストコース	Oeste	Oeste	Ouest	웨스트	西侧	西側
	General_TrackDetails_GPReverse	GP Reverese	GP Miroir	GP Inverso	GP Reverse	GP inverso	GP Reverese	GP (odwrócony)	GPコース/リバース	GP Reverso	GP al revés	GP Miroir	GP 리버스	GP 逆向	GP 逆向
	General_TrackDetails_EastReverse	East Reverse	Est Miroir	Est Inverso	East Reverse	Inverso este	East Reverse	Wschód (odwrócony)	イーストコース/リバース	Leste Reverso	Este al revés	Est Miroir	이스트 리버스	东侧 逆向	東側 逆向
	General_TrackDetails_WestReverse	West Reverse	Ouest Miroir	Ovest Inverso	West Reverse	Inverso oeste	West Reverse	Zachód (odwrócony)	ウェストコース/リバース	Oeste Reverso	Oeste al revés	Ouest Miroir	웨스트 리버스	西侧 逆向	西側 逆向
	General_TrackDetails_California	California	Californie	California	California	California	California	California	カリフォルニア	Califórnia	California	Californie	캘리포니아	加州	加州
	General_TrackDetails_SummertonNational	Summerton National	Summerton National	Summerton Nazionale	Summerton National	Summerton National	Summerton National	Summerton – krajowy	Summerton（ナショナルコース）	Summerton National	Summerton National	Summerton National	섬머턴 내셔널	Summerton 国立赛道	Summerton 國立賽道
	General_TrackDetails_SummertonSprint	Summerton Sprint	Summerton Sprint	Summerton Sprint	Summerton Sprint	Summerton Sprint	Summerton Sprint	Summerton – sprint	Summerton（スプリントコース）	Summerton Sprint	Summerton Sprint	Summerton Sprint	섬머턴 스프린트	Summerton 冲刺赛道	Summerton 衝刺賽道
	General_TrackDetails_Summerton	Summerton	Summerton	Summerton	Summerton	Summerton	Summerton	Summerton	Summerton	Summerton	Summerton	Summerton	섬머턴	Summerton	Summerton
	General_TrackDetails_ROI	Republic of Ireland	République d'Irlande	Irlanda	Irland	Irlanda	Ирландия	Irlandia	アイルランド共和国	Irlanda	República de Irlanda	République d'Irlande	아일랜드	爱尔兰共和国	愛爾蘭共和國
	General_TrackDetails_SakittoSprint	Sakitto Sprint	Sakitto Sprint	Sakitto Sprint	Sakitto Sprint	Sakitto Sprint	Sakitto Sprint	Sakitto – sprint	Sakitto（スプリントコース）	Sakitto Sprint	Sakitto Sprint	Sakitto Sprint	사키토 스프린트	Sakitto 冲刺赛道	Sakitto 衝刺賽道
	General_TrackDetails_SakittoNational	Sakitto National	Sakitto National	Sakitto Nazionale	Sakitto National	Sakitto National	Sakitto National	Sakitto – krajowy	Sakitto（ナショナルコース）	Sakitto National	Sakitto National	Sakitto National	사키토 내셔널	Sakitto 国立赛道	Sakitto 國立賽道
	General_TrackDetails_SakittoInt	Sakitto International	Sakitto International	Sakitto Internazionale	Sakitto International	Sakitto International	Sakitto International	Sakitto – międzynarodowy	Sakitto（インターナショナルコース）	Sakitto International	Sakitto International	Sakitto International	사키토 인터내셔널	Sakitto 国际赛道	Sakitto 國際賽道
	General_TrackDetails_Sakitto	Sakitto	Sakitto	Sakitto	Sakitto	Sakitto	Sakitto	Sakitto	Sakitto	Sakitto	Sakitto	Sakitto	사키토	Sakitto	Sakitto
	General_TrackDetails_CircuitdeBarcelonaCatalunya	Circuit de Barcelona-Catalunya	Circuit de Barcelona-Catalunya	Circuit de Barcelona-Catalunya	Circuit de Barcelona-Catalunya	Circuit de Barcelona-Catalunya	Circuit de Barcelona-Catalunya	Circuit de Barcelona-Catalunya	Circuit de Barcelona-Catalunya	Circuit de Barcelona-Catalunya	Circuito de Barcelona-Cataluña	Circuit de Barcelona-Catalunya	바르셀로나-카탈루냐 서킷	Circuit de Barcelona-Catalunya	Circuit de Barcelona-Catalunya
	General_TrackDetails_CircuitdeBarcelonaCatalunyaGP	Circuit de Barcelona-Catalunya GP	Circuit de Barcelona-Catalunya GP	Circuit de Barcelona-Catalunya GP	Circuit de Barcelona-Catalunya GP	Circuit de Barcelona-Catalunya GP	Circuit de Barcelona-Catalunya GP	Circuit de Barcelona-Catalunya GP	Circuit de Barcelona-Catalunya（GPコース）	Circuit de Barcelona-Catalunya GP	Circuito de Barcelona-Cataluña GP	Circuit de Barcelona-Catalunya GP	바르셀로나-카탈루냐 서킷 GP	Circuit de Barcelona-Catalunya GP赛道	Circuit de Barcelona-Catalunya GP賽道
	General_TrackDetails_CircuitdeBarcelonaCatalunyaNational	Circuit de Barcelona-Catalunya National	Circuit de Barcelona-Catalunya National	Circuit de Barcelona-Catalunya Nazionale	Circuit de Barcelona-Catalunya National	Circuit de Barcelona-Catalunya Nacional	Circuit de Barcelona-Catalunya National	Circuit de Barcelona-Catalunya – krajowy	Circuit de Barcelona-Catalunya（ナショナルコース）	Circuit de Barcelona-Catalunya National	Circuito de Barcelona-Cataluña Nacional	Circuit de Barcelona-Catalunya National	바르셀로나-카탈루냐 서킷 내셔널	Circuit de Barcelona-Catalunya 国立赛道	Circuit de Barcelona-Catalunya 國立賽道
	General_TrackDetails_CircuitdeSpaFrancorchampsGP	Circuit de Spa-Francorchamps GP	Circuit de Spa-Francorchamps GP	Circuit de Spa-Francorchamps GP	Circuit de Spa-Francorchamps GP	Circuit de Spa-Francorchamps GP	Circuit de Spa-Francorchamps GP	Circuit de Spa-Francorchamps GP	Circuit de Spa-Francorchamps（GPコース）	Circuit de Spa-Francorchamps GP	Circuito de Spa-Francorchamps GP	Circuit GP Spa-Francorchamps	스파프랑코르샹 서킷 GP	Circuit de Spa-Francorchamps GP赛道	Circuit de Spa-Francorchamps GP賽道
	General_TrackDetails_ZhuhaiInternationalCircuit	Zhuhai International Circuit	Zhuhai International Circuit	Zhuhai International Circuit	Zhuhai International Circuit	Zhuhai International Circuit	Zhuhai International Circuit	Zhuhai International Circuit	Zhuhai International Circuit	Zhuhai International Circuit	Circuito internacional de Zhuhai	Zhuhai International Circuit	주하이 인터내셔널 서킷	珠海 国际赛车场	珠海 國際賽車場
	General_TrackDetails_Zhuhai	Zhuhai	Zhuhai	Zhuhai	Zhuhai	Zhuhai	Zhuhai	Zhuhai	Zhuhai 	Zhuhai	Zhuhai	Zhuhai	주하이 인터내셔널 서킷	珠海	珠海
	General_TrackDetails_WillowSprings	Willow Springs	Willow Springs	Willow Springs	Willow Springs	Willow Springs	Willow Springs	Willow Springs	Willow Springs	Willow Springs	Willow Springs	Willow Springs	윌로우 스프링스	Willow Springs	Willow Springs
	General_TrackDetails_WillowSpringsInternationalRaceway	Willow Springs International Raceway	Willow Springs International Raceway	Willow Springs International Raceway	Willow Springs International Raceway	Willow Springs International Raceway	Willow Springs International Raceway	Willow Springs International Raceway	Willow Springs（インターナショナルレースウェイ）	Willow Springs International Raceway	Circuito internacional de Willow Springs	Willow Springs International Raceway	윌로우 스프링스 인터내셔널 레이스웨이	Willow Springs 国际赛道	Willow Springs 國際賽道
	General_TrackDetails_WillowSpringsHorseThiefMile	Willow Springs Horse Thief Mile	Willow Springs Horse Thief Mile	Willow Springs Horse Thief Mile	Willow Springs Horse Thief Mile	Willow Springs Horse Thief Mile	Willow Springs Horse Thief Mile	Willow Springs Horse Thief Mile	Willow Springs（ホース・シーフ・マイル）	Willow Springs Horse Thief Mile	Willow Springs Horse Thief Mile	Willow Springs Horse Thief Mile	윌로우 스프링스 호스 시프 마일	Willow Springs Horse Thief Mile	Willow Springs Horse Thief Mile
	General_TrackDetails_SonomaRaceway	Sonoma Raceway	Sonoma Raceway	Sonoma Raceway	Sonoma Raceway	Sonoma Raceway	Sonoma Raceway	Sonoma Raceway	Sonoma Raceway	Sonoma Raceway	Circuito de Sonoma	Sonoma Raceway	소노마 레이스웨이	Sonoma Raceway	Sonoma Raceway
	General_TrackDetails_SonomaRacewayGP	Sonoma Raceway GP	Sonoma Raceway GP	Sonoma Raceway GP	Sonoma Raceway GP	Sonoma Raceway GP	Sonoma Raceway GP	Sonoma Raceway GP	Sonoma Raceway（GPコース）	Sonoma Raceway GP	Circuito de Sonoma GP	Sonoma Raceway GP	소노마 레이스웨이 GP	Sonoma Raceway GP赛道	Sonoma Raceway GP賽道
	General_TrackDetails_SonomaRacewayNational	Sonoma Raceway National	Sonoma Raceway National	Sonoma Raceway Nazionale	Sonoma Raceway National	Sonoma Raceway National	Sonoma Raceway National	Sonoma Raceway – krajowy	Sonoma Raceway（ナショナルコース）	Sonoma Raceway National	Circuito Nacional de Sonoma	Sonoma Raceway National	소노마 레이스웨이 내셔널	Sonoma Raceway 国立赛道	Sonoma Raceway 國立賽道
	General_TrackDetails_SonomaRacewayShort	Sonoma Raceway Short	Sonoma Raceway Court	Sonoma Raceway Breve	Sonoma Raceway Short	Sonoma Raceway corto	Sonoma Raceway Short	Sonoma Raceway – krótki	Sonoma Raceway（ショートコース）	Sonoma Raceway Curto	Circuito de Sonoma corto	Sonoma Raceway Court	소노마 레이스웨이 쇼트	Sonoma Raceway 短程赛道	Sonoma Raceway 短程賽道
	General_TrackDetails_CircuitdeBarcelonaCatalunyaClub	Circuit de Barcelona-Catalunya Club	Circuit de Barcelona-Catalunya Club	Circuit de Barcelona-Catalunya Club	Circuit de Barcelona-Catalunya Club	Circuit de Barcelona-Catalunya Club	Circuit de Barcelona-Catalunya Club	Circuit de Barcelona-Catalunya - tor klubowy	Circuit de Barcelona-Catalunya（クラブコース）	Circuit de Barcelona-Catalunya Club	Circuito de Barcelona-Cataluña Club	Circuit de Barcelona-Catalunya Club	바르셀로나-카탈루냐 서킷 클럽	Circuit de Barcelona-Catalunya 俱乐部赛道	Circuit de Barcelona-Catalunya 俱樂部賽道
	General_TrackDetails_Brno	Brno	Brno	Brno	Brno	Brno	Brno	Brno	Brno	Brno	Brno	Brno	브르노	Brno	Brno
	General_TrackDetails_DoningtonGP	Donington GP	Donington GP	UNTRANSLATED (1769218919): General_TrackDetails_DoningtonGP	Donington GP	UNTRANSLATED (1769218919): General_TrackDetails_DoningtonGP	UNTRANSLATED (1769218919): General_TrackDetails_DoningtonGP	UNTRANSLATED (1769218919): General_TrackDetails_DoningtonGP	UNTRANSLATED (1769218919): General_TrackDetails_DoningtonGP	Donington GP	Donington GP	UNTRANSLATED (1769218919): General_TrackDetails_DoningtonGP	UNTRANSLATED (1769218919): General_TrackDetails_DoningtonGP	UNTRANSLATED (1769218919): General_TrackDetails_DoningtonGP	UNTRANSLATED (1769218919): General_TrackDetails_DoningtonGP
	General_TrackDetails_DoningtonNat	Donington National	Donington National	Donington National	Donington National	Donington National	Donington National	Donington National	UNTRANSLATED (3002610448): General_TrackDetails_DoningtonNat	Donington National	Donington Nacional	UNTRANSLATED (3002610448): General_TrackDetails_DoningtonNat	UNTRANSLATED (3002610448): General_TrackDetails_DoningtonNat	UNTRANSLATED (3002610448): General_TrackDetails_DoningtonNat	UNTRANSLATED (3002610448): General_TrackDetails_DoningtonNat
	General_TrackDetails_Kart	Karting Circuit	Piste de Karting	Tracciato Kart	Kart-Rundkurs	Circuito de Karts	Картинг Трек	Tor kartingowy	カート	Circuito de Kart	Circuito de karts	Piste de Karting	카팅 서킷	卡丁车赛道	卡丁車賽道
	General_TrackDetails_Fosters	Fosters	Fosters	Fosters	Fosters	Fosters	Fosters	Fosters	フォスターズサーキット	Fosters	Fosters	Fosters	포스터스	Fosters赛道	Fosters賽道
	General_TrackDetails_RuapunaPark	Ruapuna Park	Ruapuna Park	Ruapuna Park	Ruapuna Park	Ruapuna Park	Ruapuna Park	Ruapuna Park	Ruapuna Park	Ruapuna Park	Ruapuna Park	Ruapuna Park	루아푸나 파크	Ruapuna Park	Ruapuna Park
	General_TrackDetails_RuapunaParkGP	Ruapuna Park GP	Ruapuna Park GP	Ruapuna Park GP	Ruapuna Park GP	Ruapuna Park GP	Ruapuna Park GP	Ruapuna Park GP	Ruapuna Park（GPコース）	Ruapuna Park GP	Ruapuna Park GP	Ruapuna Park GP	루아푸나 파크 GP	Ruapuna Park GP赛车场	Ruapuna Park GP賽車場
	General_TrackDetails_RuapunaParkACircuit	Ruapuna Park A Circuit	Ruapuna Park Circuit A	Ruapuna Park A Circuit	Ruapuna Park A Circuit	Ruapuna Park Circuito A	Ruapuna Park A Circuit	Ruapuna Park Tor A	Ruapuna Park（Aサーキット）	Ruapuna Park A Circuit	Ruapuna Park Circuito A	Ruapuna Park Circuit A	루아푸나 파크 A 서킷	Ruapuna Park A赛车场	Ruapuna Park A賽車場
	General_TrackDetails_RuapunaParkBCircuit	Ruapuna Park B Circuit	Ruapuna Park Circuit B	Ruapuna Park B Circuit	Ruapuna Park B Circuit	Ruapuna Park Circuito B	Ruapuna Park B Circuit	Ruapuna Park Tor B	Ruapuna Park（Bサーキット）	Ruapuna Park B Circuit	Ruapuna Park Circuito B	Ruapuna Park Circuit B	루아푸나 파크 B 서킷	Ruapuna Park B赛车场	Ruapuna Park B賽車場
	General_TrackDetails_RuapunaParkClub	Ruapuna Park Club	Ruapuna Park Club	Ruapuna Park Club	Ruapuna Park Club	Ruapuna Park Club	Ruapuna Park Club	Ruapuna Park - tor klubowy	Ruapuna Park（クラブコース）	Ruapuna Park Club	Ruapuna Park Club	Ruapuna Park Club	루아푸나 파크 클럽	Ruapuna Park 俱乐部赛车场	Ruapuna Park 俱樂部賽車場
	General_TrackDetails_TexasMotorSpeedway	Texas Motor Speedway	Texas Motor Speedway	Texas Motor Speedway	Texas Motor Speedway	Texas Motor Speedway	Texas Motor Speedway	Texas Motor Speedway	Texas Motor Speedway	Texas Motor Speedway	Texas Motor Speedway	Texas Motor Speedway	텍사스 모터 스피드웨이	Texas Motor Speedway	Texas Motor Speedway
	General_TrackDetails_TexasMotorSpeedwayRoadCourse	Texas Motor Speedway Road Course	Texas Motor Speedway Road Course	Texas Motor Speedway Road Course	Texas Motor Speedway Road Course	Texas Motor Speedway Road Course	Texas Motor Speedway Road Course	Texas Motor Speedway Road Course	Texas Motor Speedway（ロードコース）	Texas Motor Speedway Road Course	Texas Motor Speedway Road Course	Texas Motor Speedway Road Course	텍사스 모터 스피드웨이 로드 코스	Texas Motor Speedway 公路赛道	Texas Motor Speedway 公路賽道
	General_TrackDetails_RedBullRingGP	Red Bull Ring GP	Red Bull Ring GP	Red Bull Ring GP	Red Bull Ring GP	Red Bull Ring GP	Red Bull Ring GP	Red Bull Ring GP	Red Bull Ring（GPコース）	Red Bull Ring GP	Red Bull Ring GP	Red Bull Ring GP	레드불 링 GP	Red Bull Ring GP赛道	Red Bull Ring GP賽道
	General_TrackDetails_RuapunaParkOuterLoop	Ruapuna Park Outer Loop	Ruapuna Park Boucle Extérieure	Ruapuna Park Outer Loop	Ruapuna Park Outer Loop	Ruapuna Park Outer Loop	Ruapuna Park Outer Loop	Ruapuna Park – zewnętrzna pętla	Ruapuna Park（アウターループ）	Ruapuna Park Outer Loop	Ruapuna Park Outer Loop	Ruapuna Park Boucle Extérieure	루아푸나 파크 아우터 루프	Ruapuna Park 外环赛道	Ruapuna Park 外環賽道
	General_TrackDetails_DaytonaBeach	Daytona Beach	Daytona Beach	Daytona Beach	Daytona Beach	Daytona Beach	Daytona Beach	Daytona Beach	Daytona（ビーチコース）	Daytona Beach	Daytona Beach	Daytona Beach	데이토나 비치	Daytona Beach赛道	Daytona Beach賽道
	General_TrackDetails_IndianapolisOval	Indianapolis Speedway Oval	Indianapolis Speedway Oval	Indianapolis Speedway Oval	Indianapolis Speedway Oval	Indianapolis Speedway Oval	Indianapolis Speedway Oval	Indianapolis Speedway Oval	Indianapolis Speedway Oval	Indianapolis Speedway Oval	Indianapolis Speedway Oval	Indianapolis Speedway Oval	Indianapolis Speedway Oval	Indianapolis Speedway Oval	Indianapolis Speedway Oval
	General_TrackDetails_IndianapolisRoadCourse	Indianapolis Road Course	Indianapolis Road Course	Indianapolis Road Course	Indianapolis Road Course	Indianapolis Road Course	Indianapolis Road Course	Indianapolis Road Course	Indianapolis Road Course	Indianapolis Road Course	Indianapolis Road Course	Indianapolis Road Course	Indianapolis Road Course	Indianapolis Road Course	Indianapolis Road Course
	General_TrackDetails_MojaveBoaAscent	Mojave Boa Ascent	Mojave Boa Ascent	Mojave Boa Ascent	Mojave Boa Ascent	Mojave Boa Ascent	Mojave Boa Ascent	Mojave – Wzniesienie Boa	Mojave（ボア・アセント）	Mojave Boa Ascent	Mojave Boa Ascent	Mojave Boa Ascent	모하비 보아 어센트	Mojave 蟒蛇上坡	Mojave 蟒蛇上坡
	General_TrackDetails_MojaveCougarRidge	Mojave Cougar Ridge	Mojave Cougar Ridge	Mojave Cougar Ridge	Mojave Cougar Ridge	Mojave Cougar Ridge	Mojave Cougar Ridge	Mojave – Grzbiet Kuguara	Mojave（クーガー・リッジ）	Mojave Cougar Ridge	Mojave Cougar Ridge	Mojave Cougar Ridge	모하비 쿠거 릿지	Mojave 美洲狮山脊	Mojave 美洲獅山脊
	General_TrackDetails_MojaveCoyoteNoose	Mojave Coyote Noose	Mojave Coyote Noose	Mojave Coyote Noose	Mojave Coyote Noose	Mojave Coyote Noose	Mojave Coyote Noose	Mojave – Pętla Kojota	Mojave（コヨーテ・ヌース）	Mojave Coyote Noose	Mojave Coyote Noose	Mojave Coyote Noose	모하비 코요태 누스	Mojave 郊狼陷阱	Mojave 郊狼陷阱
	General_TrackDetails_MojaveGilaCrest	Mojave Gila Crest	Mojave Gila Crest	Mojave Gila Crest	Mojave Gila Crest	Mojave Gila Crest	Mojave Gila Crest	Mojave – Grzbiet Gila	Mojave(ヒラ・クレスト)	Mojave Gila Crest	Mojave Gila Crest	Mojave Gila Crest	모하비 길라 크레스트	Mojave 希拉巅峰	Mojave 希拉巔峰
	General_TrackDetails_MojaveSidewinder	Mojave Sidewinder	Mojave Sidewinder	Mojave Sidewinder	Mojave Sidewinder	Mojave Sidewinder	Mojave Sidewinder	Mojave Sidewinder	Mojave（サイドワインダー）	Mojave Sidewinder	Mojave Sidewinder	Mojave Sidewinder	모하비 사이드와인더	Mojave 响尾蛇	Mojave 響尾蛇
	General_TrackDetails_MojaveTestTrack	Mojave Test Track	Mojave Piste d'Essai	Mojave Test Track	Mojave Test Track	Pista de pruebas de Mojave	Mojave Test Track	Tor Testowy Mojave	Mojave（テストコース）	Mojave Test Track	Mojave Test Track	Mojave Piste d'Essai	모하비 테스트 트랙	Mojave 测试赛道	Mojave 測試賽道
	General_TrackDetails_MonzaHistoricGP	Monza Historic GP	Monza Historic GP	Monza GP storico	Monza Historic GP	Monza Historic GP	Monza Historic GP	Monza Historic GP	Monza（ヒストリックGPコース）	Monza Historic GP	Monza GP Histórico	Monza Historic GP	몬자 히스토릭 GP	Monza 老式GP赛道	Monza 老式GP賽道
	General_TrackDetails_MonzaHistoricMix	Monza Historic Oval + GP Mix	Monza Historic mélange ovale + GP	Monza Ovale + GP Mix storico	Monza Historic Oval + GP Mix	Monza Historic Oval + GP Mix	Monza Historic Oval + GP Mix	Monza Historic GP + tor owalny	Monza（ヒストリックオーバル/GPコース混合）	Monza Historic Oval + GP Mix	Monza Oval Histórico + GP Mix	Monza Historic Oval + GP Mix	몬자 히스토릭 오벌+GP 믹스	Monza 老式椭圆  +  GP混合赛道	Monza 老式橢圓  +  GP混合賽道
	General_TrackDetails_MonzaHistoricOval	Monza Historic Oval	Monza Historic ovale	Monza Ovale storico	Monza Historic Oval	Monza Historic Oval	Monza Historic Oval	Monza Historic - tor owalny	Monza（ヒストリック・オーバルコース）	Monza Historic Oval	Monza Oval Histórico	Monza Historic Oval	몬자 히스토릭 오벌	Monza 老式椭圆赛道	Monza 老式橢圓賽道
	General_TrackDetails_AutodromoInternacionaldoAlgarve	Autódromo Internacional do Algarve	Autódromo Internacional do Algarve	Autódromo Internacional do Algarve	Autódromo Internacional do Algarve	Autódromo Internacional do Algarve	Autódromo Internacional do Algarve	Autodromo Internacional do Algarve	Autódromo Internacional do Algarve	Autódromo Internacional do Algarve	Autódromo Internacional do Algarve	Autodromo Internacional do Algarve	오토드로모 알가르베 인터내셔널 	Autodromo Internacional do Algarve	Autodromo Internacional do Algarve
	General_TrackDetails_CircuitoftheAmericasGP	Circuit of the Americas GP	Circuit of the Americas GP	Circuit of the Americas GP	Circuit of the Americas GP	Circuit of the Americas GP	Circuit of the Americas GP	Circuit of the Americas GP	Circuit of the Americas（GPコース）	Circuit of the Americas GP	Circuito de las Américas GP	Circuit of the Americas GP	서킷 오브 아메리카 GP	Circuit of the Americas GP赛道	Circuit of the Americas GP賽道
	General_TrackDetails_DirtfishBoneyardCourse	DirtFish Boneyard Course	DirtFish Boneyard Course	DirtFish Boneyard Course	DirtFish Boneyard Course	DirtFish Boneyard Course	DirtFish Boneyard Course	DirtFish Boneyard Course	DirtFish（ボーンヤードコース）	DirtFish Boneyard Course	DirtFish Boneyard Course	DirtFish Boneyard Course	더트피쉬 본야드 코스	DirtFish Boneyard赛道	DirtFish Boneyard賽道
	General_TrackDetails_DirtfishMillRunCourse	DirtFish Mill Run Course	DirtFish Mill Run Course	DirtFish Mill Run Course	DirtFish Mill Run Course	DirtFish Mill Run Course	DirtFish Mill Run Course	DirtFish Mill Run Course	DirtFish（ミル・ランコース）	DirtFish Mill Run Course	DirtFish Mill Run Course	DirtFish Mill Run Course	더트피쉬 밀 런 코스	DirtFish Mill Run赛道	DirtFish Mill Run賽道
	General_TrackDetails_Hockenheim2001	Hockenheim Historic 2001	Hockenheim Historic 2001	UNTRANSLATED (3970786996): General_TrackDetails_Hockenheim2001	Hockenheim Historisch 2001	UNTRANSLATED (3970786996): General_TrackDetails_Hockenheim2001	UNTRANSLATED (3970786996): General_TrackDetails_Hockenheim2001	UNTRANSLATED (3970786996): General_TrackDetails_Hockenheim2001	UNTRANSLATED (3970786996): General_TrackDetails_Hockenheim2001	Hockenheim Histórica 2001	Hockenheim Histórico 2001	UNTRANSLATED (3970786996): General_TrackDetails_Hockenheim2001	UNTRANSLATED (3970786996): General_TrackDetails_Hockenheim2001	UNTRANSLATED (3970786996): General_TrackDetails_Hockenheim2001	UNTRANSLATED (3970786996): General_TrackDetails_Hockenheim2001
	General_TrackDetails_KnockhillInternational	Knockhill International	Knockhill International	Knockhill International	Knockhill International	Knockhill International	Knockhill International	Knockhill - międzynarodowy	Knockhill（インターナショナルコース）	Knockhill Internacional	Knockhill International	Knockhill International	녹힐 인터내셔널	Knockhill 国际赛道	Knockhill 國際賽道
	General_TrackDetails_LeMansVintage	Le Mans Vintage	Le Mans Rétro	Le Mans Vintage	Le Mans Vintage	Le Mans Vintage	Le Mans Vintage	Klasyczne Le Mans	Le Mans ビンテージ	Le Mans Vintage	Le Mans clásico	Le Mans Rétro	르망 빈티지	Le Mans 老爷车	Le Mans 老爺車
	General_TrackDetails_LongBeach	Long Beach	Long Beach	Long Beach	Long Beach	Long Beach	Long Beach	Long Beach	Long Beach	Long Beach	Long Beach	Long Beach	롱비치	Long Beach	Long Beach
	General_TrackDetails_LyddenHill	Lydden Hill	Lydden Hill	Lydden Hill	Lydden Hill	Lydden Hill	Lydden Hill	Lydden Hill	Lydden Hill	Lydden Hill	Lydden Hill	Lydden Hill	리든 힐	Lydden Hill	Lydden Hill
	General_TrackDetails_MercedesIceTrack	Mercedes Ice Training Track	Mercedes Piste d'Entraînement sur Glace	Mercedes Ice Training Track	Mercedes Ice Training Track	Mercedes Ice Training Track	Mercedes Ice Training Track	Lodowy tor ćwiczeniowy Mercedesa	Mercedes Ice Training Track	Mercedes Ice Training Track	Mercedes Ice Training Track	Mercedes Piste d'Entraînement sur Glace	메르세데스 아이스 트레이닝 트랙	Mercedes 雪地训练赛道	Mercedes 雪地訓練賽道
	General_TrackDetails_NurburgringCombined	Nürburgring Combined	Nürburgring Combiné	Nürburgring combinato	Nürburgring Combined	Nürburgring combinado	Nürburgring Combined	Nürburgring - Połączony	Nürburgring（複合サーキット）	Nürburgring Combinado	Nürburgring combinado	Nürburgring Combiné	뉘르부르크링 컴바인드	Nürburgring 综合赛道	Nürburgring 綜合賽道
	General_TrackDetails_Indianapolis	Indianapolis	Indianapolis	Indianapolis	Indianapolis	Indianapolis	Indianapolis	Indianapolis	Indianapolis	Indianapolis	Indianápolis	Indianapolis	인디애나폴리스	Indianapolis	Indianapolis
	General_TrackDetails_Spielberg	Spielberg	Spielberg	Spielberg	Spielberg	Spielberg	UNTRANSLATED (721498575): General_TrackDetails_Spielberg	UNTRANSLATED (721498575): General_TrackDetails_Spielberg	UNTRANSLATED (721498575): General_TrackDetails_Spielberg	Spielberg	Spielberg	UNTRANSLATED (721498575): General_TrackDetails_Spielberg	UNTRANSLATED (721498575): General_TrackDetails_Spielberg	UNTRANSLATED (721498575): General_TrackDetails_Spielberg	UNTRANSLATED (721498575): General_TrackDetails_Spielberg
	General_TrackDetails_DirtfishProRallycrossCourse	DirtFish Pro Rallycross Course	DirtFish Pro Rallycross Course	DirtFish Pro Rallycross Course	DirtFish Pro Rallycross Course	DirtFish Pro Rallycross Course	DirtFish Pro Rallyross Course	DirtFish Pro Rallyross Course	DirtFish（プロ・ラリークロスコース）	DirtFish Pro Rallycross Course	DirtFish Pro Rallycross Course	DirtFish Pro Rallycross Course	더트피쉬 프로 랠리크로스 코스	DirtFish 职业场地拉力赛道	DirtFish 職業場地拉力賽道
	General_TrackDetails_KnockhillRallycross	Knockhill Rallycross	Knockhill Rallycross	Knockhill Rallycross	Knockhill Rallycross	Knockhill Rallycross	Knockhill Rallycross	Knockhill Rallycross	Knockhill（ラリークロス）	Knockhill Rallycross	Knockhill Rallycross	Knockhill Rallycross	녹힐 랠리크로스	Knockhill 场地拉力赛道	Knockhill 場地拉力賽道
	General_TrackDetails_BannochbraeRoadCircuit	Bannochbrae Road Circuit	Bannochbrae Road Circuit	Bannochbrae Road Circuit	Bannochbrae Road Circuit	Bannochbrae Road Circuit	Bannochbrae Road Circuit	Bannochbrae – tor drogowy	Bannochbrae（ロードサーキット）	Bannochbrae Road Circuit	Circuito de Bannochbrae	Bannochbrae Road Circuit	바노쉬브래 로드 서킷	Bannochbrae 公路赛道	Bannochbrae 公路賽道
	General_TrackDetails_RoadCircuit	Road Circuit	Road Circuit	Road Circuit	Road Circuit	Circuito de carretera	Road Circuit	Tor drogowy	ロードサーキット	Road Circuit	Circuito	Road Circuit	로드 서킷	公路赛道	公路賽道
	General_TrackDetails_HellRallycross	Lånkebanen Rallycross	Lånkebanen Rallycross	Lånkebanen Rallycross	Lånkebanen Rallycross	Lånkebanen Rallycross	Lånkebanen Rallycross	Lånkebanen Rallycross	Lånkebanen（ラリークロス）	Lånkebanen Rallycross	Lånkebanen Rallycross	Lånkebanen Rallycross	란케바넨 랠리크로스	Lånkebanen 场地拉力赛道	Lånkebanen 場地拉力賽道
	General_TrackDetails_HellRX	HellRX	HellRX	HellRX	HellRX	HellRX	HellRX	HellRX	HellRX	HellRX	HellRX	HellRX	헬 RX	Hell 场地拉力赛道	HellRX
	General_TrackDetails_DaytonaRX	Daytona Rallycross	Daytona Rallycross	Daytona Rallycross	Daytona Rallycross	Daytona Rallycross	Daytona Rallycross	Daytona Rallycross	Daytona（ラリークロス）	Daytona Rallycross	Daytona Rallycross	Daytona Rallycross	데이토나 랠리크로스	Daytona 场地拉力赛道	Daytona 場地拉力賽道
	General_TrackDetails_MercedesIceTrackEast	Mercedes Ice Training Track: East Circuit	Mercedes Piste d'Entraînement sur Glace : Circuit Est	Mercedes Ice Training Track: circuito est	Mercedes Ice Training Track: East Circuit	Mercedes Ice Training Track: Circuito Este	Mercedes Ice Training Track: East Circuit	Lodowy tor ćwiczeniowy Mercedesa – tor wschodni	Mercedes Ice Training Track（イーストサーキット）	Mercedes Ice Training Track: East Circuit	Mercedes Ice Training Track: circuito este	Mercedes Piste d'Entraînement sur Glace : Circuit Est	메르세데스 아이스 트레이닝 트랙 : 동쪽 서킷	Mercedes 雪地训练赛道：东侧赛道	Mercedes 雪地訓練賽道：東側賽道
	General_TrackDetails_MercedesIceTrackNorth	Mercedes Ice Training Track: North Circuit	Mercedes Piste d'Entraînement sur Glace : Circuit Nord	Mercedes Ice Training Track: circuito nord	Mercedes Ice Training Track: North Circuit	Mercedes Ice Training Track: Circuito Norte	Mercedes Ice Training Track: North Circuit	Lodowy tor ćwiczeniowy Mercedesa – tor północny	Mercedes Ice Training Track（ノースサーキット）	Mercedes Ice Training Track: North Circuit	Mercedes Ice Training Track: circuito norte	Mercedes Piste d'Entraînement sur Glace : Circuit Nord	메르세데스 아이스 트레이닝 트랙 : 북쪽 서킷	Mercedes 雪地训练赛道：北侧赛道	Mercedes 雪地訓練賽道：北側賽道
	General_TrackDetails_MercedesIceTrackNorthEast	Mercedes Ice Training Track: North East Circuit	Mercedes Piste d'Entraînement sur Glace : Circuit Nord-Est	Mercedes Ice Training Track: circuito nord-est	Mercedes Ice Training Track: North East Circuit	Mercedes Ice Training Track: Circuito Noreste	Mercedes Ice Training Track: North East Circuit	Lodowy tor ćwiczeniowy Mercedesa – tor północnowschodni	Mercedes Ice Training Track（ノースイーストサーキット）	Mercedes Ice Training Track: North East Circuit	Mercedes Ice Training Track: circuito noreste	Mercedes Piste d'Entraînement sur Glace : Circuit Nord-Est	메르세데스 아이스 트레이닝 트랙 : 북동쪽 서킷	Mercedes 雪地训练赛道：东北侧赛道	Mercedes 雪地訓練賽道：東北側賽道
	General_TrackDetails_MercedesIceTrackSouth	Mercedes Ice Training Track: South Circuit	Mercedes Piste d'Entraînement sur Glace : Circuit Sud	Mercedes Ice Training Track: circuito sud	Mercedes Ice Training Track: South Circuit	Mercedes Ice Training Track: Circuito Sur	Mercedes Ice Training Track: South Circuit	Lodowy tor ćwiczeniowy Mercedesa – tor południowy	Mercedes Ice Training Track（サウスサーキット）	Mercedes Ice Training Track: South Circuit	Mercedes Ice Training Track: circuito sur	Mercedes Piste d'Entraînement sur Glace : Circuit Sud	메르세데스 아이스 트레이닝 트랙 : 남쪽 서킷	Mercedes 雪地训练赛道：南侧赛道	Mercedes 雪地訓練賽道：南側賽道
	General_TrackDetails_MercedesIceTrackWest	Mercedes Ice Training Track: West Circuit	Mercedes Piste d'Entraînement sur Glace : Circuit Ouest	Mercedes Ice Training Track: circuito ovest	Mercedes Ice Training Track: West Circuit	Mercedes Ice Training Track: Circuito Oeste	Mercedes Ice Training Track: West Circuit	Lodowy tor ćwiczeniowy Mercedesa – tor zachodni	Mercedes Ice Training Track（ウェストサーキット）	Mercedes Ice Training Track: West Circuit	Mercedes Ice Training Track: circuito oeste	Mercedes Piste d'Entraînement sur Glace : Circuit Ouest	메르세데스 아이스 트레이닝 트랙 : 서쪽 서킷	Mercedes 雪地训练赛道：西侧赛道	Mercedes 雪地訓練賽道：西側賽道
	General_TrackDetails_MercedesIceTrackTest	Mercedes Ice Training Track: Full Track	Mercedes Piste d'Entraînement sur Glace : Circuit Complet	Mercedes Ice Training Track: circuito completo	Mercedes Ice Training Track: Full Track	Mercedes Ice Training Track: Pista completa	Mercedes Ice Training Track: Full Track	Lodowy tor ćwiczeniowy Mercedesa – pełen tor	Mercedes Ice Training Track（フルコース）	Mercedes Ice Training Track: Full Track	Mercedes Ice Training Track: circuito completo	Mercedes Piste d'Entraînement sur Glace : Circuit Complet	메르세데스 아이스 트레이닝 트랙 : 풀 트랙	Mercedes 雪地训练赛道：完整赛道	Mercedes 雪地訓練賽道：完整賽道
	General_TrackDetails_RedBullRingClub	Red Bull Ring Club	Red Bull Ring Club	Red Bull Ring Club	Red Bull Ring Club	Red Bull Ring Club	Red Bull Ring Club	Red Bull Ring - tor klubowy	Red Bull Ring（クラブコース）	Red Bull Ring Club	Red Bull Ring Club	Red Bull Ring Club	레드불 링 클럽	Red Bull Ring 俱乐部赛道	Red Bull Ring 俱樂部賽道
	General_TrackDetails_RedBullRingNational	Red Bull Ring National	Red Bull Ring National	Red Bull Ring Nazionale	Red Bull Ring National	Red Bull Ring National	Red Bull Ring National	Red Bull Ring – tor krajowy	Red Bull Ring（ナショナルコース）	Red Bull Ring National	Red Bull Ring National	Red Bull Ring National	레드불 링 내셔널	Red Bull Ring 国立赛道	Red Bull Ring 國立賽道
	General_TrackDetails_LyddenHillCircuit	Lydden Hill GP	Lydden Hill GP	Lydden Hill GP	Lydden Hill GP	Lydden Hill GP	Lydden Hill GP	Lydden Hill GP	Lydden Hill（GPコース）	Lydden Hill GP	Lydden Hill GP	Lydden Hill GP	리든 힐 GP	Lydden Hill GP赛道	Lydden Hill GP賽道
	General_TrackDetails_LyddenHillRX	Lydden Hill Rallycross	Lydden Hill Rallycross	Lydden Hill Rallycross	Lydden Hill Rallycross	Lydden Hill Rallycross	Lydden Hill Rallycross	Lydden Hill Rallycross	Lydden Hill（ラリークロス）	Lydden Hill Rallycross	Lydden Hill Rallycross	Lydden Hill Rallycross	리든 힐 랠리크로스	Lydden Hill 场地拉力赛道	Lydden Hill 場地拉力賽道
	General_TrackDetails_HockenheimRX	Hockenheim Rallycross	Hockenheim RX	Hockenheim RX	Hockenheim RX	Hockenheim RX	Hockenheim RX	Hockenheim RX	Hockenheim（ラリークロス）	Hockenheim RX	Hockenheim RX	Hockenheim RX	호켄하임 랠리크로스	Hockenheim 场地拉力赛道	Hockenheim 場地拉力賽道
	General_TrackDetails_LeMansKartInt	Le Mans Karting International	Le Mans Karting International	Le Mans Karting Internazionale	Le Mans Karting International	Le Mans Karting International	Le Mans Karting International	Le Mans Karting – tor międzynarodowy	Le Mans Karting（インターナショナルコース）	Le Mans Karting International	Le Mans Karting International	Le Mans Karting International	르망 카팅 인터내셔널	Le Mans 卡丁车国际赛道	Le Mans 卡丁車國際賽道
	General_TrackDetails_TexasMotorSpeedwayInfieldRoadCourse	Texas Motor Speedway Infield Course	Texas Motor Speedway Infield Course	Texas Motor Speedway Infield Course	Texas Motor Speedway Infield Course	Texas Motor Speedway Infield Course	Texas Motor Speedway Infield Course	Texas Motor Speedway Infield Course	Texas Motor Speedway（インフィールドコース）	Texas Motor Speedway Infield Course	Texas Motor Speedway Infield Course	Texas Motor Speedway Infield Course	텍사스 모터 스피드웨이 인필드 코스	Texas Motor Speedway 内侧赛道	Texas Motor Speedway 內側賽道
	General_TrackDetails_KnockhillInternationalReverse	Knockhill International Reverse	Knockhill International Miroir	Knockhill Internazionale Inverso	Knockhill International Reverse	Knockhill International inverso	Knockhill International Reverse	Knockhill – odwrócony tor międzynarodowy	Knockhill（インターナショナルコース/リバース）	Knockhill International Reverse	Knockhill International al revés	Knockhill International Miroir	녹힐 인터내셔널 리버스	Knockhill 国际逆向赛道	Knockhill 國際逆向賽道
	General_TrackDetails_KnockhillNational	Knockhill National	Knockhill National	Knockhill Nazionale	Knockhill National	Knockhill National	Knockhill National	Knockhill – tor krajowy	Knockhill（ナショナルコース）	Knockhill National	Knockhill National	Knockhill National	녹힐 내셔널	Knockhill 国立赛道	Knockhill 國立賽道
	General_TrackDetails_KnockhillNationalReverse	Knockhill National Reverse	Knockhill National Miroir	Knockhill Nazionale Inverso	Knockhill National Reverse	Knockhill National inverso	Knockhill National Reverse	Knockhill – odwrócony tor krajowy	Knockhill（ナショナルコース/リバース）	Knockhill National Reverse	Knockhill National al revés	Knockhill National Miroir	녹힐 내셔널 리버스	Knockhill 国立逆向赛道	Knockhill 國立逆向賽道
	General_TrackDetails_KnockhillTriOval	Knockhill Tri-Oval	Knockhill tri-ovale	Knockhill Tri-Oval	Knockhill Tri-Oval	Knockhill Tri-Oval	Knockhill Tri-Oval	Knockhill Tri-Oval	Knockhill（トライオーバルコース）	Knockhill Tri-Oval	Knockhill Tri-Oval	Knockhill Tri-Oval	녹힐 트라이-오벌	Knockhill 三角椭圆赛道	Knockhill 三角橢圓賽道
	General_TrackDetails_RedBullRing	Red Bull Ring	Red Bull Ring	Red Bull Ring	Red Bull Ring	Red Bull Ring	Red Bull Ring	Red Bull Ring	Red Bull Ring	Red Bull Ring	Red Bull Ring	Red Bull Ring	레드불 링	Red Bull Ring	Red Bull Ring
	General_TrackDetails_CircuitoftheAmericas	Circuit of the Americas	Circuit of the Americas	Circuit of the Americas	Circuit of the Americas	Circuit of the Americas	Circuit of the Americas	Circuit of the Americas	Circuit of the Americas	Circuit of the Americas	Circuito de las Américas	Circuit of the Americas	서킷 오브 아메리카	Circuit of the Americas	Circuit of the Americas
	General_TrackDetails_Porsche	Porsche	Porsche	Porsche	Porsche	Porsche	Porsche	Porsche	Porsche	Porsche	Porsche	Porsche	포르쉐 테스트 트랙	Porsche 赛道	Porsche 賽道
	General_TrackDetails_CircuitoftheAmericasClub	Circuit of the Americas Club	Circuit of the Americas Club	Circuit of the Americas Club	Circuit of the Americas Club	Circuit of the Americas Club	Circuit of the Americas Club	Circuit of the Americas – tor klubowy	Circuit of the Americas（クラブコース）	Circuit of the Americas Club	Circuito de las Américas Club	Circuit of the Americas Club	서킷 오브 아메리카 클럽	Circuit of the Americas 俱乐部赛道	Circuit of the Americas 俱樂部賽道
	General_TrackDetails_CircuitoftheAmericasNational	Circuit of the Americas National	Circuit of the Americas National	Circuit of the Americas Nazionale	Circuit of the Americas National	Circuit of the Americas National	Circuit of the Americas National	Circuit of the Americas – tor krajowy	Circuit of the Americas（ナショナルコース）	Circuit of the Americas National	Circuito de las Américas Nacional	Circuit of the Americas National	서킷 오브 아메리카 내셔널	Circuit of the Americas 国立赛道	Circuit of the Americas 國立賽道
	General_TrackDetails_Fuji	Fuji	Fuji	Fuji	Fuji	Fuji	Fuji	Fuji	Fuji	Fuji	Fuji	Fuji	후지	Fuji	Fuji
	General_TrackDetails_Oschersleben	Oschersleben	Oschersleben	Oschersleben	Oschersleben	Oschersleben	Oschersleben	Oschersleben	Oschersleben	Oschersleben	Oschersleben	Oschersleben	오셔스레벤	Oschersleben	Oschersleben
	General_TrackDetails_Chesterfield	Chesterfield	Chesterfield	Chesterfield	Chesterfield	Chesterfield	Chesterfield	Chesterfield	Chesterfield	Chesterfield	Chesterfield	Chesterfield	체스터필드	Chesterfield	Chesterfield
	General_TrackDetails_CircuitdeSpaFrancorchampsHistoric	Circuit de Spa-Francorchamps Historic	Circuit de Spa-Francorchamps Historique	Circuit de Spa-Francorchamps storico	Circuit de Spa-Francorchamps Historic	Circuit de Spa-Francorchamps histórico	Circuit de Spa-Francorchamps Historic	Circuit de Spa-Francorchamps Historic	Circuit de Spa-Francorchamps（ヒストリックコース）	Circuit de Spa-Francorchamps Historic	Circuito de Spa-Francorchamps Histórico	Circuit de Spa-Francorchamps Historique	스파프랑코르샹 서킷 히스토릭	Circuit de Spa-Francorchamps 老式赛道	Circuit de Spa-Francorchamps 老式賽道
	General_TrackDetails_DirtFish	DirtFish	DirtFish	DirtFish	DirtFish	DirtFish	DirtFish	DirtFish	DirtFish	DirtFish	DirtFish	DirtFish	더트피쉬	DirtFish	DirtFish
	General_TrackDetails_Hockenheim	Hockenheimring	Hockenheimring	Hockenheimring	Hockenheimring	Hockenheimring	Hockenheimring	Hockenheimring	Hockenheimring	Hockenheimring	Hockenheimring	Hockenheimring	호켄하임링	Hockenheimring	Hockenheimring
	General_TrackDetails_ImolaGP2018	Imola	Imola	UNTRANSLATED (1625525351): General_TrackDetails_ImolaGP2018	Imola	UNTRANSLATED (1625525351): General_TrackDetails_ImolaGP2018	UNTRANSLATED (1625525351): General_TrackDetails_ImolaGP2018	UNTRANSLATED (1625525351): General_TrackDetails_ImolaGP2018	UNTRANSLATED (1625525351): General_TrackDetails_ImolaGP2018	Imola	Imola	UNTRANSLATED (1625525351): General_TrackDetails_ImolaGP2018	UNTRANSLATED (1625525351): General_TrackDetails_ImolaGP2018	UNTRANSLATED (1625525351): General_TrackDetails_ImolaGP2018	UNTRANSLATED (1625525351): General_TrackDetails_ImolaGP2018
	General_TrackDetails_Knockhill	Knockhill	Knockhill	Knockhill	Knockhill	Knockhill	Knockhill	Knockhill	Knockhill	Knockhill	Knockhill	Knockhill	녹힐	Knockhill	Knockhill
	General_TrackDetails_Loheac	Loheac	Loheac	Loheac	Loheac	Loheac	Loheac	Loheac	Loheac	Loheac	Loheac	Loheac	로에악	Loheac	Loheac
	General_TrackDetails_Mojave	Mojave	Mojave	Mojave	Mojave	Mojave	Mojave	Mojave	Mojave	Mojave	Mojave	Mojave	모하비	Mojave	Mojave
	General_TrackDetails_Sampala	Sampala	Sampala	Sampala	Sampala	Sampala	Sampala	Sampala	Sampala	Sampala	Sampala	Sampala	삼팔라	Sampala	Sampala
	General_TrackDetails_Silverstone	Silverstone	Silverstone	Silverstone	Silverstone	Silverstone	Silverstone	Silverstone	Silverstone	Silverstone	Silverstone	Silverstone	실버스톤	Silverstone	Silverstone
	General_TrackDetails_Snetterton	Snetterton	Snetterton	Snetterton	Snetterton	Snetterton	Snetterton	Snetterton	Snetterton	Snetterton	Snetterton	Snetterton	스네터턴	Snetterton	Snetterton
	General_TrackDetails_Sugo	Sugo	Sugo	Sugo	Sugo	Sugo	Sugo	Sugo	SUGO	Sugo	Sugo	Sugo	슈고	SUGO	SUGO
	General_TrackDetails_PorscheLeipzigShortCircuit	Porsche Leipzig Short Circuit	Porsche Leipzig Short Circuit	Porsche Leipzig Short Circuit	Porsche Leipzig Short Circuit	Porsche Leipzig Short Circuit	Porsche Leipzig Short Circuit	Porsche Leipzig Short Circuit	Porsche Leipzig Short Circuit	Porsche Leipzig Short Circuit	Porsche Leipzig Short Circuit	Porsche Leipzig Short Circuit	Porsche Leipzig Short Circuit	Porsche Leipzig Short Circuit	Porsche Leipzig Short Circuit
	General_TrackDetails_Mugello	Mugello	Mugello	Mugello	Mugello	Mugello	Mugello	Mugello	Mugello	Mugello	Mugello	Mugello	무겔로	Mugello 赛道	Mugello 賽道
	General_TrackDetails_AutodromoAlgarve	Autódromo Internacional do Algarve	Autódromo Internacional do Algarve	Autódromo Internacional do Algarve	Autódromo Internacional do Algarve	Autódromo Internacional do Algarve	Autódromo Internacional do Algarve	Autódromo Internacional do Algarve	Autódromo Internacional do Algarve	Autódromo Internacional do Algarve	Autódromo Internacional do Algarve	Autódromo Internacional do Algarve	알가르베 인터내셔널 서킷	Autodromo Internacional do Algarve	Autodromo Internacional do Algarve
	General_TrackDetails_BathurstMountPanorama	Bathurst Mount Panorama	Bathurst Mount Panorama	Bathurst Mount Panorama	Bathurst Mount Panorama	Mount Panorama de Bathurst	Bathurst Mount Panorama	Bathurst Mount Panorama	Bathurst Mount Panorama	Bathurst Mount Panorama	Mount Panorama, Bathurst	Bathurst Mount Panorama	Bathurst Mount Panorama	Bathurst Mount Panorama	Bathurst Mount Panorama
	General_TrackDetails_MountPanorama	Mount Panorama	Mount Panorama	Mount Panorama	Mount Panorama	Mount Panorama	Mount Panorama	Mount Panorama	Mount Panorama	Mount Panorama	Mount Panorama	Mount Panorama	Mount Panorama	Mount Panorama	Mount Panorama
	General_TrackDetails_FujiGP	Fuji GP	Fuji GP	GP Fuji 	Fuji GP	Fuji GP	Fuji GP	Fuji GP	Fuji GP	Fuji GP	Fuji GP	Fuji GP	Fuji GP	Fuji GP赛道	Fuji GP賽道
	General_TrackDetails_GlencairnKartingCircuit	Glencairn Karting Circuit	Circuit de karting Glencairn 	Glencairn Karting Circuit	Glencairn Karting Circuit	Glencairn Karting Circuit	Glencairn Karting Circuit	Glencairn Karting Circuit	Glencairn（カートサーキット）	Glencairn Karting Circuit	Glencairn Karting Circuit	Circuit Glencairn Karting	글렌케언 카트 서킷	Glencairn 卡丁车赛车场	Glencairn 卡丁車賽車場
	General_TrackDetails_GlencairnGP	Glencairn GP	Glencairn GP	Glencairn GP	Glencairn GP	Glencairn GP	Glencairn GP	Glencairn GP	Glencairn（GPコース）	Glencairn GP	Glencairn GP	Glencairn GP	글렌케언 GP	Glencairn GP赛道	Glencairn GP賽車場
	General_TrackDetails_Hell	Hell RX	Hell RX	Hell RX	Hell RX	Hell RX	Hell RX	Hell RX	Hell（RX）	Hell RX	Hell RX	Hell RX	헬 RX	Hell 场地拉力赛道	Hell 場地拉力賽道
	General_TrackDetails_AutodromoInternazionaleEnzoEDinoFerrariImola	Autodromo Internazionale Enzo E Dino Ferrari Imola	Autodromo Internazionale Enzo E Dino Ferrari Imola	Autodromo Internazionale Enzo E Dino Ferrari Imola	Autodromo Internazionale Enzo E Dino Ferrari Imola	Autodromo Internazionale Enzo e Dino Ferrari Imola	Autodromo Internazionale Enzo E Dino Ferrari Imola	Autodromo Internazionale Enzo E Dino Ferrari Imola	Autodromo Internazionale Enzo E Dino Ferrari（Imola）	Autodromo Internazionale Enzo E Dino Ferrari Imola	Autódromo Internacional Enzo E Dino Ferrari Imola	Autodromo Internazionale Enzo E Dino Ferrari Imola	오토드로모 인터내셔널 엔조 E 디노 페라리 이몰라	Autodromo Internazionale Enzo E Dino Ferrari Imola	Autodromo Internazionale Enzo E Dino Ferrari Imola
	General_TrackDetails_CircuitdeLaSartheatLeMans	Circuit de La Sarthe at Le Mans	Circuit de La Sarthe au Mans	Circuit de La Sarthe a Le Mans	Circuit de La Sarthe at Le Mans	Circuit de La Sarthe en Le Mans	Circuit de La Sarthe at Le Mans	Circuit de La Sarthe at Le Mans	Circuit de La Sarthe（Le Mans）	Circuit de La Sarthe at Le Mans	Circuito de La Sarthe at Le Mans	Circuit de La Sarthe au Mans	라 샤르트 앳 르망 서킷	Circuit de La Sarthe at Le Mans	Circuit de La Sarthe at Le Mans
	General_TrackDetails_RallycrossofLoheac	Rallycross of Loheac	Rallycross de Loheac	Rallycross di Loheac	Rallycross of Loheac	Rallycross de Loheac	Rallycross of Loheac	Rallycross of Loheac	Rallycross of Loheac	Rallycross of Loheac	Rallycross de Loheac	Rallycross de Loheac	로에악 랠리크로스	Loheac 场地拉力赛道	Loheac 場地拉力賽道
	General_TrackDetails_LongBeachStreetCircuit	Long Beach Street Circuit	Circuit urbain de Long Beach	Circuito su pista di Long Beach	Long Beach Street Circuit	Circuito urbano de Long Beach	Long Beach Street Circuit	Long Beach Street Circuit	Long Beach Street Circuit	Long Beach Street Circuit	Circuito urbano de Long Beach	Circuit urbain de Long Beach	롱 비치 스트리트 서킷	Long Beach 街道赛道	Long Beach 街道賽道
	General_TrackDetails_StreetCircuit	Street Circuit	Circuit urbain	Circuito su pista	Straßenrundkurs	Circuito urbano	Street Circuit	Tor uliczny	Street Circuit	Circuito de rua	Circuito urbano	Circuit urbain	스트리트 서킷	街道赛道	街道賽道
	General_TrackDetails_MercedesBenzIceTrack	Mercedes-Benz Ice Track	Circuit de glace Mercedes-Benz	Mercedes-Benz Ice Track	Mercedes-Benz Ice Track	Mercedes-Benz Ice Track	Mercedes-Benz Ice Track	Lodowy tor Mercedes-Benz	Mercedes-Benz Ice Track	Mercedes-Benz Ice Track	Mercedes-Benz Ice Track	Circuit glace Mercedes-Benz	메르세데스 벤츠 아이스 트랙	Mercedes-Benz 雪地赛道	Mercedes-Benz 雪地賽道
	General_TrackDetails_MercedesBenzDrivingEventsIceTrack	Mercedes-Benz Driving Events Ice Track	Événements de pilotage sur circuit de glace Mercedes-Benz	Mercedes-Benz Driving Events Ice Track	Mercedes-Benz Driving Events Ice Track	Mercedes-Benz Driving Events Ice Track	Mercedes-Benz Driving Events Ice Track	Lodowy tor wyścigowy Mercedes-Benz	Mercedes-BenzドライビングイベントIce Track	Mercedes-Benz Driving Events Ice Track	Eventos de conducción Mercedes-Benz Ice Track	Événements de pilotage sur circuit glace Mercedes-Benz	메르세데스 벤츠 드라이빙 이벤트 아이스 트랙	Mercedes-Benz 驾驶赛事雪地赛道	Mercedes-Benz 駕駛賽事雪地賽道
	General_TrackDetails_MercedesBenzIceTrack4	Mercedes-Benz Ice Track 4	Circuit de glace Mercedes-Benz 4	Mercedes-Benz Ice Track 4	Mercedes-Benz Ice Track 4	Mercedes-Benz Ice Track 4	Mercedes-Benz Ice Track 4	Lodowy tor Mercedes-Benz nr 4	Mercedes-Benz Ice Track 4	Mercedes-Benz Ice Track 4	Mercedes-Benz Ice Track 4	Circuit glace Mercedes-Benz 4	메르세데스 벤츠 아이스 트랙 4	Mercedes-Benz 雪地赛道4	Mercedes-Benz 雪地賽道4
	General_TrackDetails_MercedesBenzIceTrack3	Mercedes-Benz Ice Track 3	Circuit de glace Mercedes-Benz 3	Mercedes-Benz Ice Track 3	Mercedes-Benz Ice Track 3	Mercedes-Benz Ice Track 3	Mercedes-Benz Ice Track 3	Lodowy tor Mercedes-Benz nr 3	Mercedes-Benz Ice Track 3	Mercedes-Benz Ice Track 3	Mercedes-Benz Ice Track 3	Circuit glace Mercedes-Benz 3	메르세데스 벤츠 아이스 트랙 3	Mercedes-Benz 雪地赛道3	Mercedes-Benz 雪地賽道3
	General_TrackDetails_MercedesBenzIceTrack2	Mercedes-Benz Ice Track 2	Circuit de glace Mercedes-Benz 2	Mercedes-Benz Ice Track 2	Mercedes-Benz Ice Track 2	Mercedes-Benz Ice Track 2	Mercedes-Benz Ice Track 2	Lodowy tor Mercedes-Benz nr 2	Mercedes-Benz Ice Track 2	Mercedes-Benz Ice Track 2	Mercedes-Benz Ice Track 2	Circuit glace Mercedes-Benz 2	메르세데스 벤츠 아이스 트랙 2	Mercedes-Benz 雪地赛道2	Mercedes-Benz 雪地賽道2
	General_TrackDetails_MercedesBenzIceTrack1	Mercedes-Benz Ice Track 1	Circuit de glace Mercedes-Benz 1	Mercedes-Benz Ice Track 1	Mercedes-Benz Ice Track 1	Mercedes-Benz Ice Track 1	Mercedes-Benz Ice Track 1	Lodowy tor Mercedes-Benz nr 1	Mercedes-Benz Ice Track 1	Mercedes-Benz Ice Track 1	Mercedes-Benz Ice Track 1	Circuit glace Mercedes-Benz 1	메르세데스 벤츠 아이스 트랙 1	Mercedes-Benz 雪地赛道1	Mercedes-Benz 雪地賽道1
	General_TrackDetails_MercedesBenzIceTrack5	Mercedes-Benz Ice Track 5	Circuit de glace Mercedes-Benz 5	Mercedes-Benz Ice Track 5	Mercedes-Benz Ice Track 5	Mercedes-Benz Ice Track 5	Mercedes-Benz Ice Track 5	Lodowy tor Mercedes-Benz nr 5	Mercedes-Benz Ice Track 5	Mercedes-Benz Ice Track 5	Mercedes-Benz Ice Track 5	Circuit glace Mercedes-Benz 5	메르세데스 벤츠 아이스 트랙 5	Mercedes-Benz 雪地赛道5	Mercedes-Benz 雪地賽道5
	General_TrackDetails_MercedesBenzIceTrackFull	Mercedes-Benz Ice Track Full	Circuit de glace Mercedes-Benz complet	Mercedes-Benz Ice Track completo	Mercedes-Benz Ice Track Full	Mercedes-Benz Ice Track completo	Mercedes-Benz Ice Track Full	Lodowy tor Mercedes-Benz pełny	Mercedes-Benz Ice Track（フルコース）	Mercedes-Benz Ice Track Full	Mercedes-Benz Ice Track completo	Circuit glace Mercedes-Benz complet	메르세데스 벤츠 아이스 트랙 풀	Mercedes-Benz 完整雪地赛道	Mercedes-Benz 完整雪地賽道
	General_TrackDetails_MercedesBenzDrivingEventsIceTrack5	Mercedes-Benz Driving Events Ice Track 5	Événements de pilotage sur circuit de glace Mercedes-Benz 5	Mercedes-Benz Driving Events Ice Track 5	Mercedes-Benz Driving Events Ice Track 5	Mercedes-Benz Driving Events Ice Track 5	Mercedes-Benz Driving Events Ice Track 5	Lodowy tor wyścigowy Mercedes-Benz nr 5	Mercedes-BenzドライビングイベントIce Track 5	Mercedes-Benz Driving Events Ice Track 5	Eventos de conducción Mercedes-Benz Ice Track 5	Événements de pilotage sur circuit glace Mercedes-Benz 5	메르세데스 벤츠 드라이빙 이벤트 아이스 트랙 5	Mercedes-Benz 驾驶赛事雪地赛道5	Mercedes-Benz 駕駛賽事雪地賽道5
	General_TrackDetails_MercedesBenzDrivingEventsIceTrack4	Mercedes-Benz Driving Events Ice Track 4	Événements de pilotage sur circuit de glace Mercedes-Benz 4	Mercedes-Benz Driving Events Ice Track 4	Mercedes-Benz Driving Events Ice Track 4	Mercedes-Benz Driving Events Ice Track 4	Mercedes-Benz Driving Events Ice Track 4	Lodowy tor wyścigowy Mercedes-Benz nr 4	Mercedes-BenzドライビングイベントIce Track 4	Mercedes-Benz Driving Events Ice Track 4	Eventos de conducción Mercedes-Benz Ice Track 4	Événements de pilotage sur circuit glace Mercedes-Benz 4	메르세데스 벤츠 드라이빙 이벤트 아이스 트랙 4	Mercedes-Benz 驾驶赛事雪地赛道4	Mercedes-Benz 駕駛賽事雪地賽道4
	General_TrackDetails_MercedesBenzDrivingEventsIceTrack3	Mercedes-Benz Driving Events Ice Track 3	Événements de pilotage sur circuit de glace Mercedes-Benz 3	Mercedes-Benz Driving Events Ice Track 3	Mercedes-Benz Driving Events Ice Track 3	Mercedes-Benz Driving Events Ice Track 3	Mercedes-Benz Driving Events Ice Track 3	Lodowy tor wyścigowy Mercedes-Benz nr 3	Mercedes-BenzドライビングイベントIce Track 3	Mercedes-Benz Driving Events Ice Track 3	Eventos de conducción Mercedes-Benz Ice Track 3	Événements de pilotage sur circuit glace Mercedes-Benz 3	메르세데스 벤츠 드라이빙 이벤트 아이스 트랙 3	Mercedes-Benz 驾驶赛事雪地赛道3	Mercedes-Benz 駕駛賽事雪地賽道3
	General_TrackDetails_MercedesBenzDrivingEventsIceTrack2	Mercedes-Benz Driving Events Ice Track 2	Événements de pilotage sur circuit de glace Mercedes-Benz 2	Mercedes-Benz Driving Events Ice Track 2	Mercedes-Benz Driving Events Ice Track 2	Mercedes-Benz Driving Events Ice Track 2	Mercedes-Benz Driving Events Ice Track 2	Lodowy tor wyścigowy Mercedes-Benz nr 2	Mercedes-BenzドライビングイベントIce Track 2	Mercedes-Benz Driving Events Ice Track 2	Eventos de conducción Mercedes-Benz Ice Track 2	Événements de pilotage sur circuit glace Mercedes-Benz 2	메르세데스 벤츠 드라이빙 이벤트 아이스 트랙 2	Mercedes-Benz 驾驶赛事雪地赛道2	Mercedes-Benz 駕駛賽事雪地賽道2
	General_TrackDetails_MercedesBenzDrivingEventsIceTrack1	Mercedes-Benz Driving Events Ice Track 1	Événements de pilotage sur circuit de glace Mercedes-Benz 1	Mercedes-Benz Driving Events Ice Track 1	Mercedes-Benz Driving Events Ice Track 1	Mercedes-Benz Driving Events Ice Track 1	Mercedes-Benz Driving Events Ice Track 1	Lodowy tor wyścigowy Mercedes-Benz nr 1	Mercedes-BenzドライビングイベントIce Track 1	Mercedes-Benz Driving Events Ice Track 1	Eventos de conducción Mercedes-Benz Ice Track 1	Événements de pilotage sur circuit glace Mercedes-Benz 1	메르세데스 벤츠 드라이빙 이벤트 아이스 트랙 1	Mercedes-Benz 驾驶赛事雪地赛道1	Mercedes-Benz 駕駛賽事雪地賽道1
	General_TrackDetails_MercedesBenzDrivingEventsIceTrackFull	Mercedes-Benz Driving Events Ice Track Full	Événements de pilotage sur circuit de glace Mercedes-Benz complet	Mercedes-Benz Driving Events Ice Track completo	Mercedes-Benz Driving Events Ice Track Full	Mercedes-Benz Driving Events Ice Track completo	Mercedes-Benz Driving Events Ice Track Full	Lodowy tor wyścigowy Mercedes-Benz pełny	Mercedes-BenzドライビングイベントIce Track（フルコース）	Mercedes-Benz Driving Events Ice Track Completo	Eventos de conducción Mercedes-Benz Ice Track completo	Événements de pilotage sur circuit glace Mercedes-Benz complet	메르세데스 벤츠 드라이빙 이벤트 아이스 트랙 풀 	Mercedes-Benz 驾驶赛事完整雪地赛道	Mercedes-Benz 駕駛賽事完整雪地賽道
	General_TrackDetails_BrnoGP	Brno GP	Brno GP	Brno GP	Brno GP	Brno GP	Brno GP	Brno GP	Brno GP	Brno GP	Brno GP	Brno GP	브르노 GP 	Brno GP赛道	Brno GP賽道
	General_TrackDetails_ChesterfieldKartingCircuit	Chesterfield Karting Circuit	Circuit de karting Chesterfield	Chesterfield Karting Circuit	Chesterfield Karting Circuit	Chesterfield Karting Circuit	Chesterfield Karting Circuit	Chesterfield Karting Circuit	Chesterfield（カートサーキット）	Chesterfield Karting Circuit	Chesterfield Karting Circuit	Circuit Chesterfield Karting	체스터필드 카트 서킷	Chesterfield 卡丁车赛车场	Chesterfield 卡丁車賽車場
	General_TrackDetails_WildcrestRallycross	Wildcrest Rallycross	Rallycross Wildcrest	Wildcrest Rallycross	Wildcrest Rallycross	Wildcrest Rallycross	Wildcrest Rallycross	Wildcrest Rallycross	Wildcrest（ラリークロス）	Wildcrest Rallycross	Wildcrest Rallycross	Rallycross Wildcrest	와일드 크레스트 랠리크로스	Wildcrest 场力拉力赛道	Wildcrest 場力拉力賽道
	General_TrackDetails_Rallycross	Rallycross	Rallycross	Rallycross	Rallycross	Rallycross	Ралли-кросс	Rallycross	ラリークロス	Rallycross	Rallycross	Rallycross	랠리크로스	场地拉力赛道	場地拉力賽道
	General_TrackDetails_SummertonInternational	Summerton International	Summerton International	Summerton International	Summerton International	Summerton International	Summerton International	Summerton - międzynarodowy	Summerton（インターナショナルコース）	Summerton International	Summerton International	Summerton International	섬머턴 인터내셔널	Summerton 国际赛道	Summerton 國際賽道
	General_TrackDetails_SampalaIceCircuit	Sampala Ice Circuit	Circuit de glace Sampala	Sampala Ice Circuit	Sampala Ice Circuit	Sampala Ice Circuit	Sampala Ice Circuit	Tor lodowy Sampala	Sampala Ice Circuit	Sampala Ice Circuit	Sampala Ice Circuit	Circuit glace Sampala	삼팔라 아이스 서킷	Sampala 雪地赛车场	Sampala 雪地賽車場
	General_TrackDetails_SportslandSUGO	Sportsland SUGO	Sportsland SUGO	Sportsland SUGO	Sportsland SUGO	Sportsland SUGO	Sportsland SUGO	Sportsland SUGO	Sportsland SUGO	Sportsland SUGO	Sportsland SUGO	Sportsland SUGO	스포츠랜드 슈고	Sportsland SUGO	Sportsland SUGO
	General_TrackDetails_CadwellPark	Cadwell Park	Cadwell Park	Cadwell Park	Cadwell Park	Cadwell Park	Cadwell Park	Cadwell Park	Cadwell Park	Cadwell Park	Cadwell Park	Cadwell Park	캐드웰 파크	Cadwell Park	Cadwell Park
	General_TrackDetails_ACourse	A Course	Circuit A	Circuito A	A Course	Circuito A	A Course	A Course	Aコース	A Course	A Course	Circuit A	A 코스	A赛车场	A賽車場
	General_TrackDetails_BCourse	B Course	Circuit B	Circuito B	B Course	Circuito B	B Course	B Course	Bコース	B Course	B Course	Circuit B	B 코스	B赛车场	B賽車場
	General_TrackDetails_CCourse	C Course	Circuit C	Circuito C	C Course	Circuito C	C Course	C Course	Cコース	C Course	C Course	Circuit C	C 코스	C赛车场	C賽車場
	General_TrackDetails_NordschleifeFull	Nürburgring Nordschleife	Nürburgring Nordschleife	Nürburgring Nordschleife	Nürburgring Nordschleife	Nürburgring Nordschleife	Nürburgring Nordschleife	Nürburgring Nordschleife	Nürburgring Nordschleife	Nürburgring Nordschleife	Nürburgring Nordschleife	Nürburgring Nordschleife	뉘르부르크링 노르트슐라이페	Nürburgring Nordschleife	Nürburgring Nordschleife
	General_TrackDetails_NurburgringNordschleifeStage1	Nürburgring Nordschleife Stage 1	Nürburgring Nordschleife Stage 1	Nürburgring Nordschleife segmento 1	Nürburgring Nordschleife Stage 1	Nürburgring Nordschleife fase 1	Nürburgring Nordschleife Stage 1	Nürburgring Nordschleife – odcinek 1	Nürburgring Nordschleife（ステージ1）	Nürburgring Nordschleife Estágio 1	Nürburgring Nordschleife Fase 1	Nürburgring Nordschleife Stage 1	뉘르부르크링 노르트슐라이페 스테이지 1	Nürburgring Nordschleife 第 1 赛段	Nürburgring Nordschleife 第 1 賽段
	General_TrackDetails_NurburgringNordschleifeStage2	Nürburgring Nordschleife Stage 2	Nürburgring Nordschleife Stage 2	Nürburgring Nordschleife segmento 2	Nürburgring Nordschleife Stage 2	Nürburgring Nordschleife fase 2	Nürburgring Nordschleife Stage 2	Nürburgring Nordschleife – odcinek 2	Nürburgring Nordschleife（ステージ2）	Nürburgring Nordschleife Estágio 2	Nürburgring Nordschleife Fase 2	Nürburgring Nordschleife Stage 2	뉘르부르크링 노르트슐라이페 스테이지 2	Nürburgring Nordschleife 第 2 赛段	Nürburgring Nordschleife 第 2 賽段
	General_TrackDetails_NurburgringNordschleifeStage3	Nürburgring Nordschleife Stage 3	Nürburgring Nordschleife Stage 3	Nürburgring Nordschleife segmento 3	Nürburgring Nordschleife Stage 3	Nürburgring Nordschleife fase 3	Nürburgring Nordschleife Stage 3	Nürburgring Nordschleife – odcinek 3	Nürburgring Nordschleife（ステージ3）	Nürburgring Nordschleife Estágio 3	Nürburgring Nordschleife Fase 3	Nürburgring Nordschleife Stage 3	뉘르부르크링 노르트슐라이페 스테이지 3	Nürburgring Nordschleife 第 3 赛段	Nürburgring Nordschleife 第 3 賽段
	General_TrackDetails_IndianapolisMotorSpeedwayRoadCourse	Indianapolis Motor Speedway Road Course	Indianapolis Motor Speedway Road Course	Indianapolis Motor Speedway Road Course	Indianapolis Motor Speedway Road Course	Indianapolis Motor Speedway Road Course	Indianapolis Motor Speedway Road Course	Indianapolis Motor Speedway Road Course	Indianapolis Motor Speedway Road Course	Indianapolis Motor Speedway Road Course	Indianapolis Motor Speedway Road Course	Indianapolis Motor Speedway Road Course	Indianapolis Motor Speedway Road Course	Indianapolis Motor Speedway Road Course	Indianapolis Motor Speedway Road Course
	General_TrackDetails_IndianapolisMotorSpeedwayOval	Indianapolis Motor Speedway Oval	Indianapolis Motor Speedway Oval	Indianapolis Motor Speedway Oval	Indianapolis Motor Speedway Oval	Indianapolis Motor Speedway Oval	Indianapolis Motor Speedway Oval	Indianapolis Motor Speedway Oval	Indianapolis Motor Speedway Oval	Indianapolis Motor Speedway Oval	Indianapolis Motor Speedway Oval	Indianapolis Motor Speedway Oval	Indianapolis Motor Speedway Oval	Indianapolis Motor Speedway Oval	Indianapolis Motor Speedway Oval
	General_TrackDetails_AutodromoNazionaleMonzaGP	Autodromo Nazionale Monza GP	Autodromo Nazionale Monza GP	Autodromo Nazionale Monza GP	Autodromo Nazionale Monza GP	Autodromo Nazionale Monza GP	Autodromo Nazionale Monza GP	Autodromo Nazionale Monza GP	Autodromo Nazionale Monza（GPコース）	Autodromo Nazionale Monza GP	Autodromo Nazionale Monza GP	Autodromo Nazionale Monza GP	오토드로모 내셔널 몬자 GP	Autodromo Nazionale Monza GP赛道	Autodromo Nazionale Monza GP賽道
	General_TrackDetails_AutodromoNazionaleMonza	Autodromo Nazionale Monza	Autodromo Nazionale Monza	Autodromo Nazionale Monza	Autodromo Nazionale Monza	Autodromo Nazionale Monza	Autodromo Nazionale Monza	Autodromo Nazionale Monza	Autodromo Nazionale Monza	Autodromo Nazionale Monza	Autodromo Nazionale Monza	Autodromo Nazionale Monza	오토드로모 내셔널 몬자 	Autodromo Nazionale Monza	Autodromo Nazionale Monza
	General_TrackDetails_AutodromoNazionaleMonzaShort	Autodromo Nazionale Monza Short	Autodromo Nazionale Monza court	Autodromo Nazionale Monza breve	Autodromo Nazionale Monza Short	Autodromo Nazionale Monza corto	Autodromo Nazionale Monza Short	Autodromo Nazionale Monza – Krótki	Autodromo Nazionale Monza（ショートコース）	Autodromo Nazionale Monza Curto	Autodromo Nazionale Monza corto	Autodromo Nazionale Monza court	오토드로모 내셔널 몬자 쇼트	Autodromo Nazionale Monza 短程赛道	Autodromo Nazionale Monza 短程賽道
	General_TrackDetails_AutodromoNazionaleMonzaGPHistoric	Autodromo Nazionale Monza GP Historic	Autodromo Nazionale Monza GP historique	Autodromo Nazionale Monza GP storico	Autodromo Nazionale Monza GP Historic	GP Histórico de Autodromo Nazionale Monza	Autodromo Nazionale Monza GP Historic	Autodromo Nazionale Monza GP Historic	Autodromo Nazionale Monza（GPヒストリックコース）	Autodromo Nazionale Monza GP Historic	Autodromo Nazionale Monza GP histórico	Autodromo Nazionale Monza GP historique	오토드로모 내셔널 몬자 GP 히스토릭	Autodromo Nazionale Monza GP老式赛道	Autodromo Nazionale Monza GP老式賽道
	General_TrackDetails_AutodromoNazionaleMonzaShortHistoric	Autodromo Nazionale Monza Short Historic	Autodromo Nazionale Monza court historique	Autodromo Nazionale Monza breve storico	Autodromo Nazionale Monza Short Historic	Histórico de Autodromo Nazionale Monza corto	Autodromo Nazionale Monza Short Historic	Autodromo Nazionale Monza Historic – Krótki	Autodromo Nazionale Monza（ショートヒストリックコース）	Autodromo Nazionale Monza Short Historic	Autodromo Nazionale Monza corto histórico	Autodromo Nazionale Monza court historique	오토드로모 내셔널 몬자 쇼트 히스토릭	Autodromo Nazionale Monza 短程老式赛道	Autodromo Nazionale Monza 短程老式賽道
	General_TrackDetails_AutodromoNazionaleMonzaHistoric	Autodromo Nazionale Monza Historic	Autodromo Nazionale Monza historique	Autodromo Nazionale Monza storico	Autodromo Nazionale Monza Historic	Histórico de Autodromo Nazionale Monza	Autodromo Nazionale Monza Historic	Autodromo Nazionale Monza Historic	Autodromo Nazionale Monza（ヒストリックコース）	Autodromo Nazionale Monza Historic	Autodromo Nazionale Monza histórico	Autodromo Nazionale Monza historique	오토드로모 내셔널 몬자 히스토릭	Autodromo Nazionale Monza 老式赛道	Autodromo Nazionale Monza 老式賽道
	General_TrackDetails_MonzaClassic	Monza Classic	Monza Classic	Monza classico	Monza Classic	Autodromo Nazionale Monza GP	Autodromo Nazionale Monza GP	GP Autodromo Nazionale Monza	Autodromo Nazionale Monza（GPコース）	Autodromo Nazionale Monza GP	Autodromo Nazionale Monza GP	Autodromo Nazionale Monza GP	오토드로모 내셔널 몬자 GP	Monza 老式赛道	國立 Monza GP賽車場
	General_TrackDetails_AutodromoNazionaleMonzaHistoricOvalGPMix	Autodromo Nazionale Monza Historic Oval + GP Mix	Autodromo Nazionale Monza mélange ovale historique + GP	Autodromo Nazionale Monza ovale storico + GP combinati	Autodromo Nazionale Monza Historic Oval + GP Mix	Histórico de Autodromo Nazionale Monza Oval + GP Mix	Autodromo Nazionale Monza Historic Oval + GP Mix	Autodromo Nazionale Monza Historic Oval + GP Mix	Autodromo Nazionale Monza(混合コース)	Autodromo Nazionale Monza Historic Oval + GP Mix	Autodromo Nazionale Monza Oval histórico + GP Mix	Autodromo Nazionale Monza ovale historique + mélange GP	오토드로모 내셔널 몬자 히스토릭 오벌 + GP 믹스	Autodromo Nazionale Monza 老式椭圆 + GP混合赛道	Autodromo Nazionale Monza 老式橢圓 + GP混合賽道
	General_TrackDetails_AutodromoNazionaleMonzaOvalHistoric	Autodromo Nazionale Monza Oval Historic	Autodromo Nazionale Monza ovale historique	Autodromo Nazionale Monza ovale storico	Autodromo Nazionale Monza Oval Historic	Histórico de Autodromo Nazionale Monza Oval	Autodromo Nazionale Monza Oval Historic	Autodromo Nazionale Monza Oval Historic	Autodromo Nazionale Monza（オーバルヒストリックコース）	Autodromo Nazionale Monza Oval Historic	Autodromo Nazionale Monza Oval histórico	Autodromo Nazionale Monza ovale historique	오토드로모 내셔널 몬자 오벌 히스토릭	Autodromo Nazionale Monza 椭圆老式赛道	Autodromo Nazionale Monza 橢圓老式賽道
	General_TrackDetails_Silverstone2001	Silverstone Historic 2001	Silverstone Historic 2001	UNTRANSLATED (8744618): General_TrackDetails_Silverstone2001	Silverstone Historisch 2001	UNTRANSLATED (8744618): General_TrackDetails_Silverstone2001	UNTRANSLATED (8744618): General_TrackDetails_Silverstone2001	UNTRANSLATED (8744618): General_TrackDetails_Silverstone2001	UNTRANSLATED (8744618): General_TrackDetails_Silverstone2001	Silverstone Histórica 2001	Silverstone Histórico 2001	UNTRANSLATED (8744618): General_TrackDetails_Silverstone2001	UNTRANSLATED (8744618): General_TrackDetails_Silverstone2001	UNTRANSLATED (8744618): General_TrackDetails_Silverstone2001	UNTRANSLATED (8744618): General_TrackDetails_Silverstone2001
	General_TrackDetails_SummertonKartingCircuit	Summerton Karting Circuit	Circuit Summerton Karting	Summerton Karting Circuit	Summerton Karting Circuit	Summerton Karting Circuit	Summerton Karting Circuit	Summerton Karting Circuit	Summerton（カートサーキット）	Summerton Karting Circuit	Summerton Karting Circuit	Circuit Greenwood Karting	섬머턴 카트 서킷	Summerton 卡丁赛车场	Summerton 卡丁賽車場
	General_TrackDetails_MugelloGP	Mugello GP	Mugello GP	Mugello GP	Mugello GP	Mugello GP	Mugello GP	Mugello GP	Mugello（GPコース）	Mugello GP	Mugello GP	Mugello GP	무겔로 GP	Mugello GP赛道	Mugello GP賽道
	General_TrackDetails_MugelloShort	Mugello Short	Mugello court	Mugello breve	Mugello – kurz	Mugello corto	Mugello Short	Mugello – Krótki	Mugello（ショートコース）	Mugello Short	Mugello corto	Mugello court	무겔로 쇼트	Mugello 短程赛道	Mugello 短程賽道
	General_TrackDetails_DaytonaInternationalSpeedwayRoadCourse	Daytona International Speedway Road Course	Daytona International Speedway Road Course	Daytona International Speedway Road Course	Daytona International Speedway Road Course	Daytona International Speedway Road Course	Daytona International Speedway Road Course	Daytona International Speedway Road Course	Daytona International Speedway（ロードコース）	Daytona International Speedway Road Course	Daytona International Speedway Road Course	Daytona International Speedway Road Course	데이토나 인터내셔널 스피드웨이 로드 코스	Daytona International Speedway 公路赛道	Daytona International Speedway 公路賽道
	General_TrackDetails_DaytonaInternationalSpeedwayTriOval	Daytona International Speedway Tri-Oval	Daytona International Speedway tri-ovale	Daytona International Speedway Tri-Oval	Daytona International Speedway Tri-Oval	Daytona International Speedway Tri-Oval	Daytona International Speedway Tri-Oval	Daytona International Speedway Tri-Oval	Daytona International Speedway（トライオーバルコース）	Daytona International Speedway Tri-Oval	Daytona International Speedway Tri-Oval	Daytona International Speedway Tri-Oval	데이토나 인터내셔널 스피드웨이 트라이-오벌	Daytona International Speedway 三角椭圆赛道	Daytona International Speedway 三角橢圓賽道
	General_TrackDetails_DaytonaInternationalSpeedwayRallycross	Daytona International Speedway Rallycross	Rallycross Daytona International Speedway	Daytona International Speedway Rallycross	Daytona International Speedway Rallycross	Daytona International Speedway Rallycross	Daytona International Speedway Rallycross	Daytona International Speedway Rallycross	Daytona International Speedway（ラリークロス）	Daytona International Speedway Rallycross	Daytona International Speedway Rallycross	Rallycross Daytona International Speedway	데이토나 인터내셔널 스피드웨이 랠리크로스	Daytona International Speedway 场地拉力赛道	Daytona International Speedway 場地拉力賽道
	General_TrackDetails_WatkinsGlenInternationalShort	Watkins Glen International Short	Watkins Glen International court	Watkins Glen International breve	Watkins Glen International Short	Watkins Glen International corto	Watkins Glen International Short	Watkins Glen International - krótki	Watkins Glen International（ショートコース）	Watkins Glen International Curto	Watkins Glen International corto	Watkins Glen International court	왓킨스 글렌 인터내셔널 쇼트	Watkins Glen International 短程赛道	Watkins Glen International 短程賽道
	General_TrackDetails_WatkinsGlenInternationalGP	Watkins Glen International GP	Watkins Glen International GP	Watkins Glen International GP	Watkins Glen International GP	Watkins Glen International GP	Watkins Glen International GP	Watkins Glen International GP	Watkins Glen International（GPコース）	Watkins Glen International GP	Watkins Glen International GP	Watkins Glen International GP	왓킨스 글렌 인터내셔널 GP	Watkins Glen International GP赛道	Watkins Glen International GP賽道
	General_TrackDetails_PorscheLeipzig	Porsche Leipzig	Porsche Leipzig	Porsche Leipzig	Porsche Leipzig	Porsche Leipzig	Porsche Leipzig	Porsche Leipzig	Porsche Leipzig	Porsche Leipzig	Porsche Leipzig	Porsche Leipzig	Porsche Leipzig	Porsche Leipzig	Porsche Leipzig
	General_TrackDetails_Hockenheim1977	Hockenheim Historic 1977	Hockenheim Historic 1977	UNTRANSLATED (2019637949): General_TrackDetails_Hockenheim1977	Hockenheim Historisch 1977	UNTRANSLATED (2019637949): General_TrackDetails_Hockenheim1977	UNTRANSLATED (2019637949): General_TrackDetails_Hockenheim1977	UNTRANSLATED (2019637949): General_TrackDetails_Hockenheim1977	UNTRANSLATED (2019637949): General_TrackDetails_Hockenheim1977	Hockenheim Histórica 1977	Hockenheim Histórico 1977	UNTRANSLATED (2019637949): General_TrackDetails_Hockenheim1977	UNTRANSLATED (2019637949): General_TrackDetails_Hockenheim1977	UNTRANSLATED (2019637949): General_TrackDetails_Hockenheim1977	UNTRANSLATED (2019637949): General_TrackDetails_Hockenheim1977
	General_TrackDetails_BarcelonaCatalunya	Barcelona-Catalunya	Barcelona-Catalunya	Barcelona-Catalunya	Barcelona-Catalunya	Barcelona-Catalunya	Barcelona-Catalunya	Barcelona-Catalunya	Barcelona-Catalunya	Barcelona-Catalunya	Barcelona-Cataluña	Barcelona-Cataluña	바르셀로나-카탈루냐	Barcelona-Catalunya	Barcelona-Catalunya
	General_TrackDetails_Austria	Austria	Autriche	Austria	Österreich	Austria	Австрия	Austria	オーストリア	Áustria	Austria	Autriche	오스트리아	奥地利	奧地利
	General_TrackDetails_Canada	Canada	Canada	Canada	Kanada	Canadá	Канада	Kanada	カナダ	Canadá	Canadá	Canada	캐나다	加拿大	加拿大
	General_TrackDetails_Norway	Norway	Norvège	Norvegia	Norwegen	Noruega	Норвегия	Norwegia	ノルウェー	Noruega	Noruega	Norvège	노르웨이	挪威	挪威
	General_TrackDetails_Sweden	Sweden	Suède	Svezia	Schweden	Suecia	Швеция	Szwecja	スウェーデン	Suécia	Suecia	Suède	스웨덴	瑞典	瑞典
	General_TrackDetails_Portugal	Portugal	Portugal	Portogallo	Portugal	Portugal	Португалия	Portugalia	ポルトガル	Portugal	Portugal	Portugal	포르투갈	葡萄牙	葡萄牙
	General_TrackDetails_SouthAfrica	South Africa	Afrique du Sud	Sudafrica	Südafrika	Sudáfrica	ЮАР	Republika Południowej Afryki	南アフリカ	África do Sul	Sudáfrica	Afrique du Sud	남아프리카	南非	南非
	General_TrackDetails_24HoursofLeMansCircuit	24 Hours of Le Mans Circuit	Circuit des 24 Heures du Mans	24 Hours of Le Mans Circuit	24 Hours of Le Mans Circuit	24 Hours of Le Mans Circuit	24 Hours of Le Mans Circuit	24 Hours of Le Mans Circuit	24 Hours of Le Mans Circuit	24 Hours of Le Mans Circuit	24 Hours of Le Mans Circuit	Circuit des 24 Heures du Mans	24 Hours of Le Mans Circuit	24 Hours of Le Mans Circuit	24 Hours of Le Mans Circuit
	General_TrackDetails_LeMansBugattiCircuit	Le Mans Bugatti Circuit	Le Mans Bugatti Circuit	Le Mans Bugatti Circuit	Le Mans Bugatti Circuit	Le Mans Bugatti Circuit	Le Mans Bugatti Circuit	Le Mans Bugatti Circuit	Le Mans Bugatti Circuit	Le Mans Bugatti Circuit	Le Mans Bugatti Circuit	Le Mans Bugatti Circuit	Le Mans Bugatti Circuit	Le Mans Bugatti Circuit	Le Mans Bugatti Circuit
	General_TrackDetails_LeMansVintageTrack	Le Mans Vintage Track	Circuit Le Mans Rétro	Tracciato Le Mans Vintage	Le Mans Vintage-Strecke	Circuito Le Mans Vintage	Le Mans Vintage Track	Klasyczny tor Le Mans	Le Mans ビンテージコース	Pista Le Mans Vintage	Pista clásica Le Mans	Circuit Le Mans Rétro	르망 빈티지 트랙	Le Mans 老爷车赛道	Le Mans 老爺車賽道
	General_TrackDetails_LeMansInternationalKartingCircuit	Le Mans International Karting Circuit	Circuit Le Mans Karting International	Le Mans International Karting Circuit	Le Mans International Karting Circuit	Le Mans International Karting Circuit	Le Mans International Karting Circuit	Le Mans International Karting Circuit	Le Mans International Karting Circuit	Le Mans International Karting Circuit	Le Mans International Karting Circuit	Circuit Le Mans Karting International	Le Mans International Karting Circuit	Le Mans International Karting Circuit	Le Mans International Karting Circuit
	General_TrackDetails_Algarve	Algarve	Algarve	Algarve	Algarve	Algarve	Algarve	Algarve	Algarve	Algarve	Algarve	Algarve	알가르브	Algarve	Algarve
	General_TrackDetails_BarcelonaRallycross	Barcelona Rallycross	Rallycross de Barcelona	Barcelona Rallycross	Barcelona Rallycross	Barcelona Rallycross	Barcelona Rallycross	Rallycross Barcelona	Barcelona（ラリークロス）	Barcelona Rallycross	Barcelona Rallycross	Rallycross de Barcelona	바르셀로나 랠리크로스	Barcelona 场地拉力赛道	Barcelona 場地拉力賽道
	General_TrackDetails_PorscheLeipzigFullCircuit	Porsche Leipzig Full Circuit	Porsche Leipzig Full Circuit	Porsche Leipzig Full Circuit	Porsche Leipzig Full Circuit	Porsche Leipzig Full Circuit	Porsche Leipzig Full Circuit	Porsche Leipzig Full Circuit	Porsche Leipzig Full Circuit	Porsche Leipzig Full Circuit	Porsche Leipzig Full Circuit	Porsche Leipzig Full Circuit	Porsche Leipzig Full Circuit	Porsche Leipzig Full Circuit	Porsche Leipzig Full Circuit
	General_TrackDetails_UeberLaguna	Über Laguna	Über Laguna	Über Laguna	Über Laguna	Über Laguna	Über Laguna	Über Laguna	Über Laguna	Über Laguna	Über Laguna	Über Laguna	Über Laguna	Über Laguna	Über Laguna
	General_TrackDetails_PistadiFiorano	Pista di Fiorano	Pista di Fiorano	Pista di Fiorano	Pista di Fiorano	Pista di Fiorano	Pista di Fiorano	Pista di Fiorano	Pista di Fiorano	Pista di Fiorano	Pista di Fiorano	Pista di Fiorano	Pista di Fiorano	Pista di Fiorano	Pista di Fiorano
	General_TrackDetails_PistadiFioranoLunga	Pista di Fiorano Lunga	Pista di Fiorano Lunga	Pista di Fiorano Lunga	Pista di Fiorano Lunga	Pista di Fiorano Lunga	Pista di Fiorano Lunga	Pista di Fiorano Lunga	Pista di Fiorano Lunga	Pista di Fiorano Lunga	Pista di Fiorano Lunga	Pista di Fiorano Lunga	Pista di Fiorano Lunga	Pista di Fiorano Lunga	Pista di Fiorano Lunga
	General_TrackDetails_PorscheLeipzigonroadcircuit	Porsche Leipzig On-road Circuit	Porsche Leipzig On-road Circuit	Porsche Leipzig On-road Circuit	Porsche Leipzig On-road Circuit	Porsche Leipzig On-road Circuit	Porsche Leipzig On-road Circuit	Porsche Leipzig On-road Circuit	Porsche Leipzig On-road Circuit	Porsche Leipzig On-road Circuit	Porsche Leipzig On-road Circuit	Porsche Leipzig On-road Circuit	Porsche Leipzig On-road Circuit	Porsche Leipzig On-road Circuit	Porsche Leipzig On-road Circuit
	General_TrackDetails_FullCircuit	Full Circuit	Full Circuit	Full Circuit	Full Circuit	Full Circuit	Full Circuit	Full Circuit	Full Circuit	Full Circuit	Full Circuit	Full Circuit	Full Circuit	Full Circuit	Full Circuit
	General_TrackDetails_PorscheLeipzigDynamicCircuit	Porsche Leipzig Dynamic Circuit	Porsche Leipzig Dynamic Circuit	Porsche Leipzig Dynamic Circuit	Porsche Leipzig Dynamic Circuit	Porsche Leipzig Dynamic Circuit	Porsche Leipzig Dynamic Circuit	Porsche Leipzig Dynamic Circuit	Porsche Leipzig Dynamic Circuit	Porsche Leipzig Dynamic Circuit	Porsche Leipzig Dynamic Circuit	Porsche Leipzig Dynamic Circuit	Porsche Leipzig Dynamic Circuit	Porsche Leipzig Dynamic Circuit	Porsche Leipzig Dynamic Circuit
	General_TrackDetails_DynamicCircuit	Dynamic Circuit	Dynamic Circuit	Dynamic Circuit	Dynamic Circuit	Dynamic Circuit	Dynamic Circuit	Dynamic Circuit	Dynamic Circuit	Dynamic Circuit	Dynamic Circuit	Dynamic Circuit	Dynamic Circuit	Dynamic Circuit	Dynamic Circuit
	General_TrackDetails_AzureCircuit88	Azure Circuit 1988	Azure Circuit 88	UNTRANSLATED (2215862753): General_TrackDetails_AzureCircuit88	Azure Circuit 88	UNTRANSLATED (2215862753): General_TrackDetails_AzureCircuit88	UNTRANSLATED (2215862753): General_TrackDetails_AzureCircuit88	UNTRANSLATED (2215862753): General_TrackDetails_AzureCircuit88	UNTRANSLATED (2215862753): General_TrackDetails_AzureCircuit88	Azure Circuit 88	Azure Circuit 88	UNTRANSLATED (2215862753): General_TrackDetails_AzureCircuit88	UNTRANSLATED (2215862753): General_TrackDetails_AzureCircuit88	UNTRANSLATED (2215862753): General_TrackDetails_AzureCircuit88	UNTRANSLATED (2215862753): General_TrackDetails_AzureCircuit88
	General_TrackDetails_Goiania	Goiânia	Goiânia	UNTRANSLATED (795882720): General_TrackDetails_Goiania	Goiânia	UNTRANSLATED (795882720): General_TrackDetails_Goiania	UNTRANSLATED (795882720): General_TrackDetails_Goiania	UNTRANSLATED (795882720): General_TrackDetails_Goiania	UNTRANSLATED (795882720): General_TrackDetails_Goiania	Goiânia	Goiânia	UNTRANSLATED (795882720): General_TrackDetails_Goiania	UNTRANSLATED (795882720): General_TrackDetails_Goiania	UNTRANSLATED (795882720): General_TrackDetails_Goiania	UNTRANSLATED (795882720): General_TrackDetails_Goiania
	General_TrackDetails_AdelaideHistoric	Adelaide Historic 1988	Adelaide Historic 1988	UNTRANSLATED (3372265036): General_TrackDetails_AdelaideHistoric	Adelaide Historisch 1988	UNTRANSLATED (3372265036): General_TrackDetails_AdelaideHistoric	UNTRANSLATED (3372265036): General_TrackDetails_AdelaideHistoric	UNTRANSLATED (3372265036): General_TrackDetails_AdelaideHistoric	UNTRANSLATED (3372265036): General_TrackDetails_AdelaideHistoric	Adelaide Histórica 1988	Adelaida Histórico 1988	UNTRANSLATED (3372265036): General_TrackDetails_AdelaideHistoric	UNTRANSLATED (3372265036): General_TrackDetails_AdelaideHistoric	UNTRANSLATED (3372265036): General_TrackDetails_AdelaideHistoric	UNTRANSLATED (3372265036): General_TrackDetails_AdelaideHistoric
	General_TrackDetails_MontrealHistoric	Montreal Historic 1988	Montreal Historique 1988	UNTRANSLATED (3605630116): General_TrackDetails_MontrealHistoric	Montreal Historisch 1988	Montreal Histórico 1988	UNTRANSLATED (3605630116): General_TrackDetails_MontrealHistoric	UNTRANSLATED (3605630116): General_TrackDetails_MontrealHistoric	UNTRANSLATED (3605630116): General_TrackDetails_MontrealHistoric	Montreal Histórica 1988	Montreal Histórico 1988	Montreal Historique 1988	UNTRANSLATED (3605630116): General_TrackDetails_MontrealHistoric	UNTRANSLATED (3605630116): General_TrackDetails_MontrealHistoric	UNTRANSLATED (3605630116): General_TrackDetails_MontrealHistoric
	General_TrackDetails_MontrealModern	Montreal	Montreal	UNTRANSLATED (2706741777): General_TrackDetails_MontrealModern	Montreal	UNTRANSLATED (2706741777): General_TrackDetails_MontrealModern	UNTRANSLATED (2706741777): General_TrackDetails_MontrealModern	UNTRANSLATED (2706741777): General_TrackDetails_MontrealModern	UNTRANSLATED (2706741777): General_TrackDetails_MontrealModern	Montreal	Montreal	UNTRANSLATED (2706741777): General_TrackDetails_MontrealModern	UNTRANSLATED (2706741777): General_TrackDetails_MontrealModern	UNTRANSLATED (2706741777): General_TrackDetails_MontrealModern	UNTRANSLATED (2706741777): General_TrackDetails_MontrealModern
	General_TrackDetails_Taruma	Tarumã	Tarumã	Tarumã	Tarumã	Tarumã	Tarumã	Tarumã	Tarumã	Tarumã	Tarumã	Tarumã	Tarumã	Tarumã	Tarumã
	General_TrackDetails_TarumaChicane	Tarumã Chicane	Tarumã Chicane	Tarumã Chicane	Tarumã Chicane	Tarumã Chicane	Tarumã Chicane	Tarumã Chicane	Tarumã Chicane	Tarumã Chicane	Tarumã Chicane	Tarumã Chicane	Tarumã Chicane	Tarumã Chicane	Tarumã Chicane
	General_TrackDetails_AdelaideModern	Adelaide	Adelaide	UNTRANSLATED (3228861322): General_TrackDetails_AdelaideModern	Adelaide	UNTRANSLATED (3228861322): General_TrackDetails_AdelaideModern	UNTRANSLATED (3228861322): General_TrackDetails_AdelaideModern	UNTRANSLATED (3228861322): General_TrackDetails_AdelaideModern	UNTRANSLATED (3228861322): General_TrackDetails_AdelaideModern	Adelaide	Adelaida	UNTRANSLATED (3228861322): General_TrackDetails_AdelaideModern	UNTRANSLATED (3228861322): General_TrackDetails_AdelaideModern	UNTRANSLATED (3228861322): General_TrackDetails_AdelaideModern	UNTRANSLATED (3228861322): General_TrackDetails_AdelaideModern
	General_TrackDetails_TarumaInternacional	Tarumã Internacional	Tarumã Internacional	Tarumã Internacional	Tarumã Internacional	Tarumã Internacional	Tarumã Internacional	Tarumã Internacional	Tarumã Internacional	Tarumã Internacional	Tarumã Internacional	Tarumã Internacional	Tarumã Internacional	Tarumã Internacional	Tarumã Internacional
	General_TrackDetails_CampoGrande	Campo Grande	Campo Grande	UNTRANSLATED (2307394540): General_TrackDetails_CampoGrande	Campo Grande	UNTRANSLATED (2307394540): General_TrackDetails_CampoGrande	UNTRANSLATED (2307394540): General_TrackDetails_CampoGrande	UNTRANSLATED (2307394540): General_TrackDetails_CampoGrande	UNTRANSLATED (2307394540): General_TrackDetails_CampoGrande	Campo Grande	Campo Grande	UNTRANSLATED (2307394540): General_TrackDetails_CampoGrande	UNTRANSLATED (2307394540): General_TrackDetails_CampoGrande	UNTRANSLATED (2307394540): General_TrackDetails_CampoGrande	UNTRANSLATED (2307394540): General_TrackDetails_CampoGrande
	General_TrackDetails_CuritibaInternacional	Curitiba	Curitiba	UNTRANSLATED (1758364434): General_TrackDetails_CuritibaInternacional	Curitiba	UNTRANSLATED (1758364434): General_TrackDetails_CuritibaInternacional	UNTRANSLATED (1758364434): General_TrackDetails_CuritibaInternacional	UNTRANSLATED (1758364434): General_TrackDetails_CuritibaInternacional	UNTRANSLATED (1758364434): General_TrackDetails_CuritibaInternacional	Curitiba	Curitiba	UNTRANSLATED (1758364434): General_TrackDetails_CuritibaInternacional	UNTRANSLATED (1758364434): General_TrackDetails_CuritibaInternacional	UNTRANSLATED (1758364434): General_TrackDetails_CuritibaInternacional	UNTRANSLATED (1758364434): General_TrackDetails_CuritibaInternacional
	General_TrackDetails_Curitibaouter	Curitiba Outer	Curitiba Outer	UNTRANSLATED (4117688084): General_TrackDetails_Curitibaouter	Curitiba Außen	UNTRANSLATED (4117688084): General_TrackDetails_Curitibaouter	UNTRANSLATED (4117688084): General_TrackDetails_Curitibaouter	UNTRANSLATED (4117688084): General_TrackDetails_Curitibaouter	UNTRANSLATED (4117688084): General_TrackDetails_Curitibaouter	Curitiba Anel Externo	Curitiba Externo	UNTRANSLATED (4117688084): General_TrackDetails_Curitibaouter	UNTRANSLATED (4117688084): General_TrackDetails_Curitibaouter	UNTRANSLATED (4117688084): General_TrackDetails_Curitibaouter	UNTRANSLATED (4117688084): General_TrackDetails_Curitibaouter
	General_TrackDetails_Curvelo	Curvelo	Curvelo	UNTRANSLATED (2832521109): General_TrackDetails_Curvelo	Curvelo	UNTRANSLATED (2832521109): General_TrackDetails_Curvelo	UNTRANSLATED (2832521109): General_TrackDetails_Curvelo	UNTRANSLATED (2832521109): General_TrackDetails_Curvelo	UNTRANSLATED (2832521109): General_TrackDetails_Curvelo	Curvelo	Curvelo	UNTRANSLATED (2832521109): General_TrackDetails_Curvelo	UNTRANSLATED (2832521109): General_TrackDetails_Curvelo	UNTRANSLATED (2832521109): General_TrackDetails_Curvelo	UNTRANSLATED (2832521109): General_TrackDetails_Curvelo
	General_TrackDetails_CurveloLong	Curvelo Long	Curvelo Long	UNTRANSLATED (197442748): General_TrackDetails_CurveloLong	Curvelo Lang	UNTRANSLATED (197442748): General_TrackDetails_CurveloLong	UNTRANSLATED (197442748): General_TrackDetails_CurveloLong	UNTRANSLATED (197442748): General_TrackDetails_CurveloLong	UNTRANSLATED (197442748): General_TrackDetails_CurveloLong	Curvelo Longa	Curvelo Largo	UNTRANSLATED (197442748): General_TrackDetails_CurveloLong	UNTRANSLATED (197442748): General_TrackDetails_CurveloLong	UNTRANSLATED (197442748): General_TrackDetails_CurveloLong	UNTRANSLATED (197442748): General_TrackDetails_CurveloLong
	General_TrackDetails_CurveloShort	Curvelo Short	Curvelo Short	UNTRANSLATED (1225360529): General_TrackDetails_CurveloShort	Curvelo Kurz	UNTRANSLATED (1225360529): General_TrackDetails_CurveloShort	UNTRANSLATED (1225360529): General_TrackDetails_CurveloShort	UNTRANSLATED (1225360529): General_TrackDetails_CurveloShort	UNTRANSLATED (1225360529): General_TrackDetails_CurveloShort	Curvelo Curta	Curvelo Corto	UNTRANSLATED (1225360529): General_TrackDetails_CurveloShort	UNTRANSLATED (1225360529): General_TrackDetails_CurveloShort	UNTRANSLATED (1225360529): General_TrackDetails_CurveloShort	UNTRANSLATED (1225360529): General_TrackDetails_CurveloShort
	General_TrackDetails_GoianiaMixed	Goiânia	Goiânia	UNTRANSLATED (4061077216): General_TrackDetails_GoianiaMixed	Goiânia	UNTRANSLATED (4061077216): General_TrackDetails_GoianiaMixed	UNTRANSLATED (4061077216): General_TrackDetails_GoianiaMixed	UNTRANSLATED (4061077216): General_TrackDetails_GoianiaMixed	UNTRANSLATED (4061077216): General_TrackDetails_GoianiaMixed	Goiânia	Goiânia	UNTRANSLATED (4061077216): General_TrackDetails_GoianiaMixed	UNTRANSLATED (4061077216): General_TrackDetails_GoianiaMixed	UNTRANSLATED (4061077216): General_TrackDetails_GoianiaMixed	UNTRANSLATED (4061077216): General_TrackDetails_GoianiaMixed
	General_TrackDetails_GoianiaShort	Goiânia Short	Goiânia Short	UNTRANSLATED (1145396382): General_TrackDetails_GoianiaShort	Goiânia Kurz	UNTRANSLATED (1145396382): General_TrackDetails_GoianiaShort	UNTRANSLATED (1145396382): General_TrackDetails_GoianiaShort	UNTRANSLATED (1145396382): General_TrackDetails_GoianiaShort	UNTRANSLATED (1145396382): General_TrackDetails_GoianiaShort	Goiânia Curta	Goiânia Corto	UNTRANSLATED (1145396382): General_TrackDetails_GoianiaShort	UNTRANSLATED (1145396382): General_TrackDetails_GoianiaShort	UNTRANSLATED (1145396382): General_TrackDetails_GoianiaShort	UNTRANSLATED (1145396382): General_TrackDetails_GoianiaShort
	General_TrackDetails_GoianiaOuter	Goiânia External	Goiânia External	UNTRANSLATED (2300517751): General_TrackDetails_GoianiaOuter	Goiânia Außen	UNTRANSLATED (2300517751): General_TrackDetails_GoianiaOuter	UNTRANSLATED (2300517751): General_TrackDetails_GoianiaOuter	UNTRANSLATED (2300517751): General_TrackDetails_GoianiaOuter	UNTRANSLATED (2300517751): General_TrackDetails_GoianiaOuter	Goiânia Anel Externo	Goiânia Externo	UNTRANSLATED (2300517751): General_TrackDetails_GoianiaOuter	UNTRANSLATED (2300517751): General_TrackDetails_GoianiaOuter	UNTRANSLATED (2300517751): General_TrackDetails_GoianiaOuter	UNTRANSLATED (2300517751): General_TrackDetails_GoianiaOuter
	General_TrackDetails_Curitiba	Curitiba	Curitiba	UNTRANSLATED (2361566794): General_TrackDetails_Curitiba	Curitiba	UNTRANSLATED (2361566794): General_TrackDetails_Curitiba	UNTRANSLATED (2361566794): General_TrackDetails_Curitiba	UNTRANSLATED (2361566794): General_TrackDetails_Curitiba	UNTRANSLATED (2361566794): General_TrackDetails_Curitiba	Curitiba	Curitiba	UNTRANSLATED (2361566794): General_TrackDetails_Curitiba	UNTRANSLATED (2361566794): General_TrackDetails_Curitiba	UNTRANSLATED (2361566794): General_TrackDetails_Curitiba	UNTRANSLATED (2361566794): General_TrackDetails_Curitiba
	General_TrackDetails_Cascavel2	Cascavel	Cascavel	UNTRANSLATED (1409584328): General_TrackDetails_Cascavel2	Cascavel	UNTRANSLATED (1409584328): General_TrackDetails_Cascavel2	UNTRANSLATED (1409584328): General_TrackDetails_Cascavel2	UNTRANSLATED (1409584328): General_TrackDetails_Cascavel2	UNTRANSLATED (1409584328): General_TrackDetails_Cascavel2	Cascavel	Cascavel	UNTRANSLATED (1409584328): General_TrackDetails_Cascavel2	UNTRANSLATED (1409584328): General_TrackDetails_Cascavel2	UNTRANSLATED (1409584328): General_TrackDetails_Cascavel2	UNTRANSLATED (1409584328): General_TrackDetails_Cascavel2
	General_TrackDetails_Cascavel4	Cascavel	Cascavel	UNTRANSLATED (743224899): General_TrackDetails_Cascavel4	Cascavel	UNTRANSLATED (743224899): General_TrackDetails_Cascavel4	UNTRANSLATED (743224899): General_TrackDetails_Cascavel4	UNTRANSLATED (743224899): General_TrackDetails_Cascavel4	UNTRANSLATED (743224899): General_TrackDetails_Cascavel4	Cascavel	Cascavel	UNTRANSLATED (743224899): General_TrackDetails_Cascavel4	UNTRANSLATED (743224899): General_TrackDetails_Cascavel4	UNTRANSLATED (743224899): General_TrackDetails_Cascavel4	UNTRANSLATED (743224899): General_TrackDetails_Cascavel4
	General_TrackDetails_Ibarra2	Autódromo Yahuarcocha	Autódromo Yahuarcocha	Autódromo Yahuarcocha	Autódromo Yahuarcocha	Autódromo Yahuarcocha	Autódromo Yahuarcocha	Autódromo Yahuarcocha	Autódromo Yahuarcocha	Autódromo Yahuarcocha	Autódromo Yahuarcocha	Autódromo Yahuarcocha	Autódromo Yahuarcocha	Autódromo Yahuarcocha	Autódromo Yahuarcocha
	General_TrackDetails_Ibarra4	Ibarra	Ibarra	UNTRANSLATED (2640814024): General_TrackDetails_Ibarra4	Ibarra	UNTRANSLATED (2640814024): General_TrackDetails_Ibarra4	UNTRANSLATED (2640814024): General_TrackDetails_Ibarra4	UNTRANSLATED (2640814024): General_TrackDetails_Ibarra4	UNTRANSLATED (2640814024): General_TrackDetails_Ibarra4	Ibarra	Ibarra	UNTRANSLATED (2640814024): General_TrackDetails_Ibarra4	UNTRANSLATED (2640814024): General_TrackDetails_Ibarra4	UNTRANSLATED (2640814024): General_TrackDetails_Ibarra4	UNTRANSLATED (2640814024): General_TrackDetails_Ibarra4
	General_TrackDetails_CampoGrande1	Campo Grande	Campo Grande	UNTRANSLATED (278450801): General_TrackDetails_CampoGrande1	Campo Grande	UNTRANSLATED (278450801): General_TrackDetails_CampoGrande1	UNTRANSLATED (278450801): General_TrackDetails_CampoGrande1	UNTRANSLATED (278450801): General_TrackDetails_CampoGrande1	UNTRANSLATED (278450801): General_TrackDetails_CampoGrande1	Campo Grande	Campo Grande	UNTRANSLATED (278450801): General_TrackDetails_CampoGrande1	UNTRANSLATED (278450801): General_TrackDetails_CampoGrande1	UNTRANSLATED (278450801): General_TrackDetails_CampoGrande1	UNTRANSLATED (278450801): General_TrackDetails_CampoGrande1
	General_TrackDetails_ImolaGP1988	Imola Historic 1988	Imola Historic 1988	UNTRANSLATED (2418080746): General_TrackDetails_ImolaGP1988	Imola Historisch 1988	UNTRANSLATED (2418080746): General_TrackDetails_ImolaGP1988	UNTRANSLATED (2418080746): General_TrackDetails_ImolaGP1988	UNTRANSLATED (2418080746): General_TrackDetails_ImolaGP1988	UNTRANSLATED (2418080746): General_TrackDetails_ImolaGP1988	Imola Histórica 1988	Imola Histórico 1988	UNTRANSLATED (2418080746): General_TrackDetails_ImolaGP1988	UNTRANSLATED (2418080746): General_TrackDetails_ImolaGP1988	UNTRANSLATED (2418080746): General_TrackDetails_ImolaGP1988	UNTRANSLATED (2418080746): General_TrackDetails_ImolaGP1988
	General_TrackDetails_InterlagosHistoricOuter	Interlagos Historic 1978 Outer	Interlagos Historic1978  Outer	UNTRANSLATED (4089312110): General_TrackDetails_InterlagosHistoricOuter	Interlagos Historisch 1978 Außen	UNTRANSLATED (4089312110): General_TrackDetails_InterlagosHistoricOuter	UNTRANSLATED (4089312110): General_TrackDetails_InterlagosHistoricOuter	UNTRANSLATED (4089312110): General_TrackDetails_InterlagosHistoricOuter	UNTRANSLATED (4089312110): General_TrackDetails_InterlagosHistoricOuter	Interlagos Histórica 1978 Externo	Interlagos Histórico 1978 Externo	UNTRANSLATED (4089312110): General_TrackDetails_InterlagosHistoricOuter	UNTRANSLATED (4089312110): General_TrackDetails_InterlagosHistoricOuter	UNTRANSLATED (4089312110): General_TrackDetails_InterlagosHistoricOuter	UNTRANSLATED (4089312110): General_TrackDetails_InterlagosHistoricOuter
	General_TrackDetails_InterlagosHistoric	Interlagos Historic 1976	Interlagos Historic 1976	UNTRANSLATED (1416551170): General_TrackDetails_InterlagosHistoric	Interlagos Historisch 1976	UNTRANSLATED (1416551170): General_TrackDetails_InterlagosHistoric	UNTRANSLATED (1416551170): General_TrackDetails_InterlagosHistoric	UNTRANSLATED (1416551170): General_TrackDetails_InterlagosHistoric	UNTRANSLATED (1416551170): General_TrackDetails_InterlagosHistoric	Interlagos Histórica 1976	Interlagos Histórico 1976	UNTRANSLATED (1416551170): General_TrackDetails_InterlagosHistoric	UNTRANSLATED (1416551170): General_TrackDetails_InterlagosHistoric	UNTRANSLATED (1416551170): General_TrackDetails_InterlagosHistoric	UNTRANSLATED (1416551170): General_TrackDetails_InterlagosHistoric
	General_TrackDetails_InterlagosGP	Interlagos GP	Interlagos GP	UNTRANSLATED (1882452863): General_TrackDetails_InterlagosGP	Interlagos GP	UNTRANSLATED (1882452863): General_TrackDetails_InterlagosGP	UNTRANSLATED (1882452863): General_TrackDetails_InterlagosGP	UNTRANSLATED (1882452863): General_TrackDetails_InterlagosGP	UNTRANSLATED (1882452863): General_TrackDetails_InterlagosGP	Interlagos GP	Interlagos GP	UNTRANSLATED (1882452863): General_TrackDetails_InterlagosGP	UNTRANSLATED (1882452863): General_TrackDetails_InterlagosGP	UNTRANSLATED (1882452863): General_TrackDetails_InterlagosGP	UNTRANSLATED (1882452863): General_TrackDetails_InterlagosGP
	General_TrackDetails_JacarepaguaHistoric	Jacarepaguá Historic 1988	Jacarepaguá Historic 1988	UNTRANSLATED (4263458654): General_TrackDetails_JacarepaguaHistoric	Jacarepaguá Historisch 1988	UNTRANSLATED (4263458654): General_TrackDetails_JacarepaguaHistoric	UNTRANSLATED (4263458654): General_TrackDetails_JacarepaguaHistoric	UNTRANSLATED (4263458654): General_TrackDetails_JacarepaguaHistoric	UNTRANSLATED (4263458654): General_TrackDetails_JacarepaguaHistoric	Jacarepaguá Histórica 1988	Jacarepaguá Histórico 1988	UNTRANSLATED (4263458654): General_TrackDetails_JacarepaguaHistoric	UNTRANSLATED (4263458654): General_TrackDetails_JacarepaguaHistoric	UNTRANSLATED (4263458654): General_TrackDetails_JacarepaguaHistoric	UNTRANSLATED (4263458654): General_TrackDetails_JacarepaguaHistoric
	General_TrackDetails_Jacarepagua	Jacarepaguá	Jacarepaguá	UNTRANSLATED (234350427): General_TrackDetails_Jacarepagua	Jacarepaguá	UNTRANSLATED (234350427): General_TrackDetails_Jacarepagua	UNTRANSLATED (234350427): General_TrackDetails_Jacarepagua	UNTRANSLATED (234350427): General_TrackDetails_Jacarepagua	UNTRANSLATED (234350427): General_TrackDetails_Jacarepagua	Jacarepaguá	Jacarepaguá	UNTRANSLATED (234350427): General_TrackDetails_Jacarepagua	UNTRANSLATED (234350427): General_TrackDetails_Jacarepagua	UNTRANSLATED (234350427): General_TrackDetails_Jacarepagua	UNTRANSLATED (234350427): General_TrackDetails_Jacarepagua
	General_TrackDetails_KansaiGP	Kansai GP	Kansai GP	UNTRANSLATED (1912137454): General_TrackDetails_KansaiGP	Kansai GP	UNTRANSLATED (1912137454): General_TrackDetails_KansaiGP	UNTRANSLATED (1912137454): General_TrackDetails_KansaiGP	UNTRANSLATED (1912137454): General_TrackDetails_KansaiGP	UNTRANSLATED (1912137454): General_TrackDetails_KansaiGP	Kansai GP	Kansai GP	UNTRANSLATED (1912137454): General_TrackDetails_KansaiGP	UNTRANSLATED (1912137454): General_TrackDetails_KansaiGP	UNTRANSLATED (1912137454): General_TrackDetails_KansaiGP	UNTRANSLATED (1912137454): General_TrackDetails_KansaiGP
	General_TrackDetails_KansaiWest	Kansai West	Kansai West	UNTRANSLATED (2052830683): General_TrackDetails_KansaiWest	Kansai West	UNTRANSLATED (2052830683): General_TrackDetails_KansaiWest	UNTRANSLATED (2052830683): General_TrackDetails_KansaiWest	UNTRANSLATED (2052830683): General_TrackDetails_KansaiWest	UNTRANSLATED (2052830683): General_TrackDetails_KansaiWest	Kansai West	Kansai Oeste	UNTRANSLATED (2052830683): General_TrackDetails_KansaiWest	UNTRANSLATED (2052830683): General_TrackDetails_KansaiWest	UNTRANSLATED (2052830683): General_TrackDetails_KansaiWest	UNTRANSLATED (2052830683): General_TrackDetails_KansaiWest
	General_TrackDetails_KansaiEast	Kansai East	Kansai East	UNTRANSLATED (4069271577): General_TrackDetails_KansaiEast	Kansai Ost	UNTRANSLATED (4069271577): General_TrackDetails_KansaiEast	UNTRANSLATED (4069271577): General_TrackDetails_KansaiEast	UNTRANSLATED (4069271577): General_TrackDetails_KansaiEast	UNTRANSLATED (4069271577): General_TrackDetails_KansaiEast	Kansai East	Kansai Este	UNTRANSLATED (4069271577): General_TrackDetails_KansaiEast	UNTRANSLATED (4069271577): General_TrackDetails_KansaiEast	UNTRANSLATED (4069271577): General_TrackDetails_KansaiEast	UNTRANSLATED (4069271577): General_TrackDetails_KansaiEast
	General_TrackDetails_KansaiClassic	Kansai Classic	Kansai Classic	UNTRANSLATED (1691474041): General_TrackDetails_KansaiClassic	Kansai Klassisch	UNTRANSLATED (1691474041): General_TrackDetails_KansaiClassic	UNTRANSLATED (1691474041): General_TrackDetails_KansaiClassic	UNTRANSLATED (1691474041): General_TrackDetails_KansaiClassic	UNTRANSLATED (1691474041): General_TrackDetails_KansaiClassic	Kansai Classic	Kansai Clásico	UNTRANSLATED (1691474041): General_TrackDetails_KansaiClassic	UNTRANSLATED (1691474041): General_TrackDetails_KansaiClassic	UNTRANSLATED (1691474041): General_TrackDetails_KansaiClassic	UNTRANSLATED (1691474041): General_TrackDetails_KansaiClassic
	General_TrackDetails_KyalamiHistoric	Kyalami Historic 1976	Kyalami Historic 1976	UNTRANSLATED (136503434): General_TrackDetails_KyalamiHistoric	Kyalami Historisch 1976	UNTRANSLATED (136503434): General_TrackDetails_KyalamiHistoric	UNTRANSLATED (136503434): General_TrackDetails_KyalamiHistoric	UNTRANSLATED (136503434): General_TrackDetails_KyalamiHistoric	UNTRANSLATED (136503434): General_TrackDetails_KyalamiHistoric	Kyalami Histórica 1976	Kyalami Histórico 1976	UNTRANSLATED (136503434): General_TrackDetails_KyalamiHistoric	UNTRANSLATED (136503434): General_TrackDetails_KyalamiHistoric	UNTRANSLATED (136503434): General_TrackDetails_KyalamiHistoric	UNTRANSLATED (136503434): General_TrackDetails_KyalamiHistoric
	General_TrackDetails_Londrinalong	Londrina Long	Londrina Long	UNTRANSLATED (608062925): General_TrackDetails_Londrinalong	Londrina Lang	UNTRANSLATED (608062925): General_TrackDetails_Londrinalong	UNTRANSLATED (608062925): General_TrackDetails_Londrinalong	UNTRANSLATED (608062925): General_TrackDetails_Londrinalong	UNTRANSLATED (608062925): General_TrackDetails_Londrinalong	Londrina Longa	Londrina Largo	UNTRANSLATED (608062925): General_TrackDetails_Londrinalong	UNTRANSLATED (608062925): General_TrackDetails_Londrinalong	UNTRANSLATED (608062925): General_TrackDetails_Londrinalong	UNTRANSLATED (608062925): General_TrackDetails_Londrinalong
	General_TrackDetails_Londrinashort	Londrina Short	Londrina Short	UNTRANSLATED (1979016052): General_TrackDetails_Londrinashort	Londrina Kurz	UNTRANSLATED (1979016052): General_TrackDetails_Londrinashort	UNTRANSLATED (1979016052): General_TrackDetails_Londrinashort	UNTRANSLATED (1979016052): General_TrackDetails_Londrinashort	UNTRANSLATED (1979016052): General_TrackDetails_Londrinashort	Londrina Chicane	Londrina Corto	UNTRANSLATED (1979016052): General_TrackDetails_Londrinashort	UNTRANSLATED (1979016052): General_TrackDetails_Londrinashort	UNTRANSLATED (1979016052): General_TrackDetails_Londrinashort	UNTRANSLATED (1979016052): General_TrackDetails_Londrinashort
	General_TrackDetails_LondrinaKart1	Londrina Kart One	Londrina Kart One	UNTRANSLATED (602888145): General_TrackDetails_LondrinaKart1	Londrina Kart Eins	UNTRANSLATED (602888145): General_TrackDetails_LondrinaKart1	UNTRANSLATED (602888145): General_TrackDetails_LondrinaKart1	UNTRANSLATED (602888145): General_TrackDetails_LondrinaKart1	UNTRANSLATED (602888145): General_TrackDetails_LondrinaKart1	Londrina Kart Um	Londrina Kart Uno	UNTRANSLATED (602888145): General_TrackDetails_LondrinaKart1	UNTRANSLATED (602888145): General_TrackDetails_LondrinaKart1	UNTRANSLATED (602888145): General_TrackDetails_LondrinaKart1	UNTRANSLATED (602888145): General_TrackDetails_LondrinaKart1
	General_TrackDetails_LondrinaKart2	Londrina Kart Two	Londrina Kart Two	UNTRANSLATED (1181346589): General_TrackDetails_LondrinaKart2	Londrina Kart Zwei	UNTRANSLATED (1181346589): General_TrackDetails_LondrinaKart2	UNTRANSLATED (1181346589): General_TrackDetails_LondrinaKart2	UNTRANSLATED (1181346589): General_TrackDetails_LondrinaKart2	UNTRANSLATED (1181346589): General_TrackDetails_LondrinaKart2	Londrina Kart Dois	Londrina Kart Dos	UNTRANSLATED (1181346589): General_TrackDetails_LondrinaKart2	UNTRANSLATED (1181346589): General_TrackDetails_LondrinaKart2	UNTRANSLATED (1181346589): General_TrackDetails_LondrinaKart2	UNTRANSLATED (1181346589): General_TrackDetails_LondrinaKart2
	General_TrackDetails_LondrinaKart3	Londrina Kart Three	Londrina Kart Three	UNTRANSLATED (3623741972): General_TrackDetails_LondrinaKart3	Londrina Kart Drei	UNTRANSLATED (3623741972): General_TrackDetails_LondrinaKart3	UNTRANSLATED (3623741972): General_TrackDetails_LondrinaKart3	UNTRANSLATED (3623741972): General_TrackDetails_LondrinaKart3	UNTRANSLATED (3623741972): General_TrackDetails_LondrinaKart3	Londrina Kart Três	Londrina Kart Tres	UNTRANSLATED (3623741972): General_TrackDetails_LondrinaKart3	UNTRANSLATED (3623741972): General_TrackDetails_LondrinaKart3	UNTRANSLATED (3623741972): General_TrackDetails_LondrinaKart3	UNTRANSLATED (3623741972): General_TrackDetails_LondrinaKart3
	General_TrackDetails_Ortona4	Ortona Kart Four	Ortona Kart Four	UNTRANSLATED (599012757): General_TrackDetails_Ortona4	Ortona Kart Vier	UNTRANSLATED (599012757): General_TrackDetails_Ortona4	UNTRANSLATED (599012757): General_TrackDetails_Ortona4	UNTRANSLATED (599012757): General_TrackDetails_Ortona4	UNTRANSLATED (599012757): General_TrackDetails_Ortona4	Ortona Kart Quatro	Ortona Kart Cuatro	UNTRANSLATED (599012757): General_TrackDetails_Ortona4	UNTRANSLATED (599012757): General_TrackDetails_Ortona4	UNTRANSLATED (599012757): General_TrackDetails_Ortona4	UNTRANSLATED (599012757): General_TrackDetails_Ortona4
	General_TrackDetails_Ortona3	Ortona Kart Three	Ortona Kart Three	UNTRANSLATED (2617416819): General_TrackDetails_Ortona3	Ortona Kart Drei	UNTRANSLATED (2617416819): General_TrackDetails_Ortona3	UNTRANSLATED (2617416819): General_TrackDetails_Ortona3	UNTRANSLATED (2617416819): General_TrackDetails_Ortona3	UNTRANSLATED (2617416819): General_TrackDetails_Ortona3	Ortona Kart Três	Ortona Kart Tres	UNTRANSLATED (2617416819): General_TrackDetails_Ortona3	UNTRANSLATED (2617416819): General_TrackDetails_Ortona3	UNTRANSLATED (2617416819): General_TrackDetails_Ortona3	UNTRANSLATED (2617416819): General_TrackDetails_Ortona3
	General_TrackDetails_Ortona2	Ortona Kart Two	Ortona Kart Two	UNTRANSLATED (162514314): General_TrackDetails_Ortona2	Ortona Kart Zwei	UNTRANSLATED (162514314): General_TrackDetails_Ortona2	UNTRANSLATED (162514314): General_TrackDetails_Ortona2	UNTRANSLATED (162514314): General_TrackDetails_Ortona2	UNTRANSLATED (162514314): General_TrackDetails_Ortona2	Ortona Kart Dois	Ortona Kart Dos	UNTRANSLATED (162514314): General_TrackDetails_Ortona2	UNTRANSLATED (162514314): General_TrackDetails_Ortona2	UNTRANSLATED (162514314): General_TrackDetails_Ortona2	UNTRANSLATED (162514314): General_TrackDetails_Ortona2
	General_TrackDetails_Ortona1	Ortona Kart One	Ortona Kart One	UNTRANSLATED (3836676145): General_TrackDetails_Ortona1	Ortona Kart Eins	UNTRANSLATED (3836676145): General_TrackDetails_Ortona1	UNTRANSLATED (3836676145): General_TrackDetails_Ortona1	UNTRANSLATED (3836676145): General_TrackDetails_Ortona1	UNTRANSLATED (3836676145): General_TrackDetails_Ortona1	Ortona Kart Um	Ortona Kart Uno	UNTRANSLATED (3836676145): General_TrackDetails_Ortona1	UNTRANSLATED (3836676145): General_TrackDetails_Ortona1	UNTRANSLATED (3836676145): General_TrackDetails_Ortona1	UNTRANSLATED (3836676145): General_TrackDetails_Ortona1
	General_TrackDetails_OultonParkClassic	Oulton Park Classic	Oulton Park Classic	UNTRANSLATED (1597868080): General_TrackDetails_OultonParkClassic	Oulton Park Klassisch	UNTRANSLATED (1597868080): General_TrackDetails_OultonParkClassic	UNTRANSLATED (1597868080): General_TrackDetails_OultonParkClassic	UNTRANSLATED (1597868080): General_TrackDetails_OultonParkClassic	UNTRANSLATED (1597868080): General_TrackDetails_OultonParkClassic	Oulton Park Classic	Oulton Park Clásico	UNTRANSLATED (1597868080): General_TrackDetails_OultonParkClassic	UNTRANSLATED (1597868080): General_TrackDetails_OultonParkClassic	UNTRANSLATED (1597868080): General_TrackDetails_OultonParkClassic	UNTRANSLATED (1597868080): General_TrackDetails_OultonParkClassic
	General_TrackDetails_VeloCitta	Velo Città	Velo Città	UNTRANSLATED (1235230139): General_TrackDetails_VeloCitta	Velo Città	UNTRANSLATED (1235230139): General_TrackDetails_VeloCitta	UNTRANSLATED (1235230139): General_TrackDetails_VeloCitta	UNTRANSLATED (1235230139): General_TrackDetails_VeloCitta	UNTRANSLATED (1235230139): General_TrackDetails_VeloCitta	Velo Città	Velo Città	UNTRANSLATED (1235230139): General_TrackDetails_VeloCitta	UNTRANSLATED (1235230139): General_TrackDetails_VeloCitta	UNTRANSLATED (1235230139): General_TrackDetails_VeloCitta	UNTRANSLATED (1235230139): General_TrackDetails_VeloCitta
	General_TrackDetails_VeloCitta1	Velo Città	Velo Città	UNTRANSLATED (2622911791): General_TrackDetails_VeloCitta1	Velo Città	UNTRANSLATED (2622911791): General_TrackDetails_VeloCitta1	UNTRANSLATED (2622911791): General_TrackDetails_VeloCitta1	UNTRANSLATED (2622911791): General_TrackDetails_VeloCitta1	UNTRANSLATED (2622911791): General_TrackDetails_VeloCitta1	Velo Città	Velo Città	UNTRANSLATED (2622911791): General_TrackDetails_VeloCitta1	UNTRANSLATED (2622911791): General_TrackDetails_VeloCitta1	UNTRANSLATED (2622911791): General_TrackDetails_VeloCitta1	UNTRANSLATED (2622911791): General_TrackDetails_VeloCitta1
	General_TrackDetails_VeloCittaTD	Velo Città Track Day	Velo Città Track Day	UNTRANSLATED (1523108796): General_TrackDetails_VeloCittaTD	Velo Città Track Day	UNTRANSLATED (1523108796): General_TrackDetails_VeloCittaTD	UNTRANSLATED (1523108796): General_TrackDetails_VeloCittaTD	UNTRANSLATED (1523108796): General_TrackDetails_VeloCittaTD	UNTRANSLATED (1523108796): General_TrackDetails_VeloCittaTD	Velo Città Track Day	Velo Città Track Day	UNTRANSLATED (1523108796): General_TrackDetails_VeloCittaTD	UNTRANSLATED (1523108796): General_TrackDetails_VeloCittaTD	UNTRANSLATED (1523108796): General_TrackDetails_VeloCittaTD	UNTRANSLATED (1523108796): General_TrackDetails_VeloCittaTD
	General_TrackDetails_Velopark2017	Velopark 2017	Velopark 2017	UNTRANSLATED (67858964): General_TrackDetails_Velopark2017	Velopark 2017	UNTRANSLATED (67858964): General_TrackDetails_Velopark2017	UNTRANSLATED (67858964): General_TrackDetails_Velopark2017	UNTRANSLATED (67858964): General_TrackDetails_Velopark2017	UNTRANSLATED (67858964): General_TrackDetails_Velopark2017	Velopark 2017	Velopark 2017	UNTRANSLATED (67858964): General_TrackDetails_Velopark2017	UNTRANSLATED (67858964): General_TrackDetails_Velopark2017	UNTRANSLATED (67858964): General_TrackDetails_Velopark2017	UNTRANSLATED (67858964): General_TrackDetails_Velopark2017
	General_TrackDetails_Velopark2010	Velopark 2010	Velopark 2010	UNTRANSLATED (3244259167): General_TrackDetails_Velopark2010	Velopark 2010	UNTRANSLATED (3244259167): General_TrackDetails_Velopark2010	UNTRANSLATED (3244259167): General_TrackDetails_Velopark2010	UNTRANSLATED (3244259167): General_TrackDetails_Velopark2010	UNTRANSLATED (3244259167): General_TrackDetails_Velopark2010	Velopark 2010	Velopark 2010	UNTRANSLATED (3244259167): General_TrackDetails_Velopark2010	UNTRANSLATED (3244259167): General_TrackDetails_Velopark2010	UNTRANSLATED (3244259167): General_TrackDetails_Velopark2010	UNTRANSLATED (3244259167): General_TrackDetails_Velopark2010
	General_TrackDetails_VirginiaFull	VIRginia International Raceway Full	VIRginia International Raceway Full	UNTRANSLATED (3000704881): General_TrackDetails_VirginiaFull	VIRginia International Raceway Vollständig	UNTRANSLATED (3000704881): General_TrackDetails_VirginiaFull	UNTRANSLATED (3000704881): General_TrackDetails_VirginiaFull	UNTRANSLATED (3000704881): General_TrackDetails_VirginiaFull	UNTRANSLATED (3000704881): General_TrackDetails_VirginiaFull	VIRginia International Raceway Full	VIRginia International Raceway Completo	UNTRANSLATED (3000704881): General_TrackDetails_VirginiaFull	UNTRANSLATED (3000704881): General_TrackDetails_VirginiaFull	UNTRANSLATED (3000704881): General_TrackDetails_VirginiaFull	UNTRANSLATED (3000704881): General_TrackDetails_VirginiaFull
	General_TrackDetails_ImolaAMS2	Imola	Imola	UNTRANSLATED (3646598711): General_TrackDetails_ImolaAMS2	Imola	UNTRANSLATED (3646598711): General_TrackDetails_ImolaAMS2	UNTRANSLATED (3646598711): General_TrackDetails_ImolaAMS2	UNTRANSLATED (3646598711): General_TrackDetails_ImolaAMS2	UNTRANSLATED (3646598711): General_TrackDetails_ImolaAMS2	Imola	Imola	UNTRANSLATED (3646598711): General_TrackDetails_ImolaAMS2	UNTRANSLATED (3646598711): General_TrackDetails_ImolaAMS2	UNTRANSLATED (3646598711): General_TrackDetails_ImolaAMS2	UNTRANSLATED (3646598711): General_TrackDetails_ImolaAMS2
	General_TrackDetails_SpielbergHistoric	Spielberg Historic 1977	Spielberg Historic 1977	UNTRANSLATED (2450987462): General_TrackDetails_SpielbergHistoric	Spielberg Historisch 1977	UNTRANSLATED (2450987462): General_TrackDetails_SpielbergHistoric	UNTRANSLATED (2450987462): General_TrackDetails_SpielbergHistoric	UNTRANSLATED (2450987462): General_TrackDetails_SpielbergHistoric	UNTRANSLATED (2450987462): General_TrackDetails_SpielbergHistoric	Spielberg Histórica 1977	Spielberg Histórico 1977	UNTRANSLATED (2450987462): General_TrackDetails_SpielbergHistoric	UNTRANSLATED (2450987462): General_TrackDetails_SpielbergHistoric	UNTRANSLATED (2450987462): General_TrackDetails_SpielbergHistoric	UNTRANSLATED (2450987462): General_TrackDetails_SpielbergHistoric
	General_TrackDetails_SpielbergModern	Spielberg	Spielberg	UNTRANSLATED (1459604544): General_TrackDetails_SpielbergModern	Spielberg	UNTRANSLATED (1459604544): General_TrackDetails_SpielbergModern	UNTRANSLATED (1459604544): General_TrackDetails_SpielbergModern	UNTRANSLATED (1459604544): General_TrackDetails_SpielbergModern	UNTRANSLATED (1459604544): General_TrackDetails_SpielbergModern	Spielberg	Spielberg	UNTRANSLATED (1459604544): General_TrackDetails_SpielbergModern	UNTRANSLATED (1459604544): General_TrackDetails_SpielbergModern	UNTRANSLATED (1459604544): General_TrackDetails_SpielbergModern	UNTRANSLATED (1459604544): General_TrackDetails_SpielbergModern
	General_TrackDetails_VirginiaGrand	VIRginia International Raceway Grand	VIRginia International Raceway Grand	UNTRANSLATED (919253614): General_TrackDetails_VirginiaGrand	VIRginia International Raceway Grand	UNTRANSLATED (919253614): General_TrackDetails_VirginiaGrand	UNTRANSLATED (919253614): General_TrackDetails_VirginiaGrand	UNTRANSLATED (919253614): General_TrackDetails_VirginiaGrand	UNTRANSLATED (919253614): General_TrackDetails_VirginiaGrand	VIRginia International Raceway Grand	VIRginia International Raceway Grand	UNTRANSLATED (919253614): General_TrackDetails_VirginiaGrand	UNTRANSLATED (919253614): General_TrackDetails_VirginiaGrand	UNTRANSLATED (919253614): General_TrackDetails_VirginiaGrand	UNTRANSLATED (919253614): General_TrackDetails_VirginiaGrand
	General_TrackDetails_VirginiaNorth	VIRginia International Raceway North	VIRginia International Raceway North	UNTRANSLATED (4085425692): General_TrackDetails_VirginiaNorth	VIRginia International Raceway Nord	UNTRANSLATED (4085425692): General_TrackDetails_VirginiaNorth	UNTRANSLATED (4085425692): General_TrackDetails_VirginiaNorth	UNTRANSLATED (4085425692): General_TrackDetails_VirginiaNorth	UNTRANSLATED (4085425692): General_TrackDetails_VirginiaNorth	VIRginia International Raceway North	VIRginia International Raceway Norte	UNTRANSLATED (4085425692): General_TrackDetails_VirginiaNorth	UNTRANSLATED (4085425692): General_TrackDetails_VirginiaNorth	UNTRANSLATED (4085425692): General_TrackDetails_VirginiaNorth	UNTRANSLATED (4085425692): General_TrackDetails_VirginiaNorth
	General_TrackDetails_VirginiaPatriot	VIRginia International Raceway Patriot	VIRginia International Raceway Patriot	UNTRANSLATED (1681037568): General_TrackDetails_VirginiaPatriot	VIRginia International Raceway Patriot	UNTRANSLATED (1681037568): General_TrackDetails_VirginiaPatriot	UNTRANSLATED (1681037568): General_TrackDetails_VirginiaPatriot	UNTRANSLATED (1681037568): General_TrackDetails_VirginiaPatriot	UNTRANSLATED (1681037568): General_TrackDetails_VirginiaPatriot	VIRginia International Raceway Patriot	VIRginia International Raceway Patriot	UNTRANSLATED (1681037568): General_TrackDetails_VirginiaPatriot	UNTRANSLATED (1681037568): General_TrackDetails_VirginiaPatriot	UNTRANSLATED (1681037568): General_TrackDetails_VirginiaPatriot	UNTRANSLATED (1681037568): General_TrackDetails_VirginiaPatriot
	General_TrackDetails_VirginiaSouth	VIRginia International Raceway South	VIRginia International Raceway South	UNTRANSLATED (2576305615): General_TrackDetails_VirginiaSouth	VIRginia International Raceway Süd	UNTRANSLATED (2576305615): General_TrackDetails_VirginiaSouth	UNTRANSLATED (2576305615): General_TrackDetails_VirginiaSouth	UNTRANSLATED (2576305615): General_TrackDetails_VirginiaSouth	UNTRANSLATED (2576305615): General_TrackDetails_VirginiaSouth	VIRginia International Raceway South	VIRginia International Raceway Sur	UNTRANSLATED (2576305615): General_TrackDetails_VirginiaSouth	UNTRANSLATED (2576305615): General_TrackDetails_VirginiaSouth	UNTRANSLATED (2576305615): General_TrackDetails_VirginiaSouth	UNTRANSLATED (2576305615): General_TrackDetails_VirginiaSouth
	General_TrackDetails_Imola	Bologna	Bologna	UNTRANSLATED (3179436847): General_TrackDetails_Imola	Bologna	UNTRANSLATED (3179436847): General_TrackDetails_Imola	UNTRANSLATED (3179436847): General_TrackDetails_Imola	UNTRANSLATED (3179436847): General_TrackDetails_Imola	UNTRANSLATED (3179436847): General_TrackDetails_Imola	Bologna	Bologna	UNTRANSLATED (3179436847): General_TrackDetails_Imola	UNTRANSLATED (3179436847): General_TrackDetails_Imola	UNTRANSLATED (3179436847): General_TrackDetails_Imola	UNTRANSLATED (3179436847): General_TrackDetails_Imola
	General_TrackDetails_ImolaGP1972	Imola Historic 1972	Imola Historic 1972	UNTRANSLATED (2653857597): General_TrackDetails_ImolaGP1972	Imola Historisch 1972	UNTRANSLATED (2653857597): General_TrackDetails_ImolaGP1972	UNTRANSLATED (2653857597): General_TrackDetails_ImolaGP1972	UNTRANSLATED (2653857597): General_TrackDetails_ImolaGP1972	UNTRANSLATED (2653857597): General_TrackDetails_ImolaGP1972	Imola Histórica 1972	Imola Histórico 1972	UNTRANSLATED (2653857597): General_TrackDetails_ImolaGP1972	UNTRANSLATED (2653857597): General_TrackDetails_ImolaGP1972	UNTRANSLATED (2653857597): General_TrackDetails_ImolaGP1972	UNTRANSLATED (2653857597): General_TrackDetails_ImolaGP1972
	General_TrackDetails_SpielbergVintage	Spielberg Historic 1974	Spielberg Historic 1974	UNTRANSLATED (2374497425): General_TrackDetails_SpielbergVintage	Spielberg Historisch 1974	UNTRANSLATED (2374497425): General_TrackDetails_SpielbergVintage	UNTRANSLATED (2374497425): General_TrackDetails_SpielbergVintage	UNTRANSLATED (2374497425): General_TrackDetails_SpielbergVintage	UNTRANSLATED (2374497425): General_TrackDetails_SpielbergVintage	Spielberg Histórica 1974	Spielberg Histórico 1974	UNTRANSLATED (2374497425): General_TrackDetails_SpielbergVintage	UNTRANSLATED (2374497425): General_TrackDetails_SpielbergVintage	UNTRANSLATED (2374497425): General_TrackDetails_SpielbergVintage	UNTRANSLATED (2374497425): General_TrackDetails_SpielbergVintage
	General_TrackDetails_SpielbergShort	Spielberg Short	Spielberg Short	UNTRANSLATED (1976935012): General_TrackDetails_SpielbergShort	Spielberg Kurz	UNTRANSLATED (1976935012): General_TrackDetails_SpielbergShort	UNTRANSLATED (1976935012): General_TrackDetails_SpielbergShort	UNTRANSLATED (1976935012): General_TrackDetails_SpielbergShort	UNTRANSLATED (1976935012): General_TrackDetails_SpielbergShort	Spielberg Curta	Spielberg Corto	UNTRANSLATED (1976935012): General_TrackDetails_SpielbergShort	UNTRANSLATED (1976935012): General_TrackDetails_SpielbergShort	UNTRANSLATED (1976935012): General_TrackDetails_SpielbergShort	UNTRANSLATED (1976935012): General_TrackDetails_SpielbergShort
	General_TrackDetails_JerezGP2019	Jerez Chicane	Jerez Chicane	UNTRANSLATED (2053011965): General_TrackDetails_JerezGP2019	Jerez Schikane	UNTRANSLATED (2053011965): General_TrackDetails_JerezGP2019	UNTRANSLATED (2053011965): General_TrackDetails_JerezGP2019	UNTRANSLATED (2053011965): General_TrackDetails_JerezGP2019	UNTRANSLATED (2053011965): General_TrackDetails_JerezGP2019	Jerez Chicane	Jerez Chicana	UNTRANSLATED (2053011965): General_TrackDetails_JerezGP2019	UNTRANSLATED (2053011965): General_TrackDetails_JerezGP2019	UNTRANSLATED (2053011965): General_TrackDetails_JerezGP2019	UNTRANSLATED (2053011965): General_TrackDetails_JerezGP2019
	General_TrackDetails_JerezStandard	Jerez Moto	Jerez Moto	UNTRANSLATED (1312637597): General_TrackDetails_JerezStandard	Jerez Moto	UNTRANSLATED (1312637597): General_TrackDetails_JerezStandard	UNTRANSLATED (1312637597): General_TrackDetails_JerezStandard	UNTRANSLATED (1312637597): General_TrackDetails_JerezStandard	UNTRANSLATED (1312637597): General_TrackDetails_JerezStandard	Jerez Moto	Jerez Moto	UNTRANSLATED (1312637597): General_TrackDetails_JerezStandard	UNTRANSLATED (1312637597): General_TrackDetails_JerezStandard	UNTRANSLATED (1312637597): General_TrackDetails_JerezStandard	UNTRANSLATED (1312637597): General_TrackDetails_JerezStandard
	General_TrackDetails_EstorilGP	Estoril	Estoril	UNTRANSLATED (2493318303): General_TrackDetails_EstorilGP	Estoril	UNTRANSLATED (2493318303): General_TrackDetails_EstorilGP	UNTRANSLATED (2493318303): General_TrackDetails_EstorilGP	UNTRANSLATED (2493318303): General_TrackDetails_EstorilGP	UNTRANSLATED (2493318303): General_TrackDetails_EstorilGP	Estoril	Estoril	UNTRANSLATED (2493318303): General_TrackDetails_EstorilGP	UNTRANSLATED (2493318303): General_TrackDetails_EstorilGP	UNTRANSLATED (2493318303): General_TrackDetails_EstorilGP	UNTRANSLATED (2493318303): General_TrackDetails_EstorilGP
	General_TrackDetails_SantaCruz	Santa Cruz	Santa Cruz	UNTRANSLATED (1418395544): General_TrackDetails_SantaCruz	Santa Cruz	UNTRANSLATED (1418395544): General_TrackDetails_SantaCruz	UNTRANSLATED (1418395544): General_TrackDetails_SantaCruz	UNTRANSLATED (1418395544): General_TrackDetails_SantaCruz	UNTRANSLATED (1418395544): General_TrackDetails_SantaCruz	Santa Cruz	Santa Cruz	UNTRANSLATED (1418395544): General_TrackDetails_SantaCruz	UNTRANSLATED (1418395544): General_TrackDetails_SantaCruz	UNTRANSLATED (1418395544): General_TrackDetails_SantaCruz	UNTRANSLATED (1418395544): General_TrackDetails_SantaCruz
	General_TrackDetails_SantaCruzDoSul	Santa Cruz do Sul	Santa Cruz do Sul	UNTRANSLATED (422360595): General_TrackDetails_SantaCruzDoSul	Santa Cruz do Sul	UNTRANSLATED (422360595): General_TrackDetails_SantaCruzDoSul	UNTRANSLATED (422360595): General_TrackDetails_SantaCruzDoSul	UNTRANSLATED (422360595): General_TrackDetails_SantaCruzDoSul	UNTRANSLATED (422360595): General_TrackDetails_SantaCruzDoSul	Santa Cruz do Sul	Santa Cruz do Sul	UNTRANSLATED (422360595): General_TrackDetails_SantaCruzDoSul	UNTRANSLATED (422360595): General_TrackDetails_SantaCruzDoSul	UNTRANSLATED (422360595): General_TrackDetails_SantaCruzDoSul	UNTRANSLATED (422360595): General_TrackDetails_SantaCruzDoSul
	General_TrackDetails_ImolaGP2001	Imola Historic 2001	Imola Historic 2001	UNTRANSLATED (3833342384): General_TrackDetails_ImolaGP2001	Imola Historisch 2001	UNTRANSLATED (3833342384): General_TrackDetails_ImolaGP2001	UNTRANSLATED (3833342384): General_TrackDetails_ImolaGP2001	UNTRANSLATED (3833342384): General_TrackDetails_ImolaGP2001	UNTRANSLATED (3833342384): General_TrackDetails_ImolaGP2001	Imola Histórica 2001	Imola Histórico 2001	UNTRANSLATED (3833342384): General_TrackDetails_ImolaGP2001	UNTRANSLATED (3833342384): General_TrackDetails_ImolaGP2001	UNTRANSLATED (3833342384): General_TrackDetails_ImolaGP2001	UNTRANSLATED (3833342384): General_TrackDetails_ImolaGP2001
	General_TrackDetails_Brasilia	Brasília	Brasília	UNTRANSLATED (1628818696): General_TrackDetails_Brasilia	Brasília	UNTRANSLATED (1628818696): General_TrackDetails_Brasilia	UNTRANSLATED (1628818696): General_TrackDetails_Brasilia	UNTRANSLATED (1628818696): General_TrackDetails_Brasilia	UNTRANSLATED (1628818696): General_TrackDetails_Brasilia	Brasília	Brasília	UNTRANSLATED (1628818696): General_TrackDetails_Brasilia	UNTRANSLATED (1628818696): General_TrackDetails_Brasilia	UNTRANSLATED (1628818696): General_TrackDetails_Brasilia	UNTRANSLATED (1628818696): General_TrackDetails_Brasilia
	General_TrackDetails_BrasiliaFull	Brasília Full	Brasília Full	UNTRANSLATED (3251363920): General_TrackDetails_BrasiliaFull	Brasília Vollständig	UNTRANSLATED (3251363920): General_TrackDetails_BrasiliaFull	UNTRANSLATED (3251363920): General_TrackDetails_BrasiliaFull	UNTRANSLATED (3251363920): General_TrackDetails_BrasiliaFull	UNTRANSLATED (3251363920): General_TrackDetails_BrasiliaFull	Brasília	Brasília Completo	UNTRANSLATED (3251363920): General_TrackDetails_BrasiliaFull	UNTRANSLATED (3251363920): General_TrackDetails_BrasiliaFull	UNTRANSLATED (3251363920): General_TrackDetails_BrasiliaFull	UNTRANSLATED (3251363920): General_TrackDetails_BrasiliaFull
	General_TrackDetails_BrasiliaOuter	Brasília Outer	Brasília Outer	UNTRANSLATED (3800419360): General_TrackDetails_BrasiliaOuter	Brasília Außen	UNTRANSLATED (3800419360): General_TrackDetails_BrasiliaOuter	UNTRANSLATED (3800419360): General_TrackDetails_BrasiliaOuter	UNTRANSLATED (3800419360): General_TrackDetails_BrasiliaOuter	UNTRANSLATED (3800419360): General_TrackDetails_BrasiliaOuter	Brasília Anel Externo	Brasília Externo	UNTRANSLATED (3800419360): General_TrackDetails_BrasiliaOuter	UNTRANSLATED (3800419360): General_TrackDetails_BrasiliaOuter	UNTRANSLATED (3800419360): General_TrackDetails_BrasiliaOuter	UNTRANSLATED (3800419360): General_TrackDetails_BrasiliaOuter
	General_TrackDetails_Guapore	Guaporé	Guaporé	UNTRANSLATED (1071070565): General_TrackDetails_Guapore	Guaporé	UNTRANSLATED (1071070565): General_TrackDetails_Guapore	UNTRANSLATED (1071070565): General_TrackDetails_Guapore	UNTRANSLATED (1071070565): General_TrackDetails_Guapore	UNTRANSLATED (1071070565): General_TrackDetails_Guapore	Guaporé	Guaporé	UNTRANSLATED (1071070565): General_TrackDetails_Guapore	UNTRANSLATED (1071070565): General_TrackDetails_Guapore	UNTRANSLATED (1071070565): General_TrackDetails_Guapore	UNTRANSLATED (1071070565): General_TrackDetails_Guapore
	General_TrackDetails_HockenheimShortB	Hockenheim Short B	Hockenheim Short B	UNTRANSLATED (1653101269): General_TrackDetails_HockenheimShortB	Hockenheim Kurz B	UNTRANSLATED (1653101269): General_TrackDetails_HockenheimShortB	UNTRANSLATED (1653101269): General_TrackDetails_HockenheimShortB	UNTRANSLATED (1653101269): General_TrackDetails_HockenheimShortB	UNTRANSLATED (1653101269): General_TrackDetails_HockenheimShortB	Hockenheim Short B	Hockenheim Corto B	UNTRANSLATED (1653101269): General_TrackDetails_HockenheimShortB	UNTRANSLATED (1653101269): General_TrackDetails_HockenheimShortB	UNTRANSLATED (1653101269): General_TrackDetails_HockenheimShortB	UNTRANSLATED (1653101269): General_TrackDetails_HockenheimShortB
	General_TrackDetails_Hockenheim1988	Hockenheim Historic 1988	Hockenheim Historic 1988	UNTRANSLATED (1002552376): General_TrackDetails_Hockenheim1988	Hockenheim Historisch 1988	UNTRANSLATED (1002552376): General_TrackDetails_Hockenheim1988	UNTRANSLATED (1002552376): General_TrackDetails_Hockenheim1988	UNTRANSLATED (1002552376): General_TrackDetails_Hockenheim1988	UNTRANSLATED (1002552376): General_TrackDetails_Hockenheim1988	Hockenheim Histórica 1988	Hockenheim Histórico 1988	UNTRANSLATED (1002552376): General_TrackDetails_Hockenheim1988	UNTRANSLATED (1002552376): General_TrackDetails_Hockenheim1988	UNTRANSLATED (1002552376): General_TrackDetails_Hockenheim1988	UNTRANSLATED (1002552376): General_TrackDetails_Hockenheim1988
	General_TrackDetails_InterlagosKart1	Interlagos Kart One	Interlagos Kart One	UNTRANSLATED (1342569837): General_TrackDetails_InterlagosKart1	Interlagos Kart Eins	UNTRANSLATED (1342569837): General_TrackDetails_InterlagosKart1	UNTRANSLATED (1342569837): General_TrackDetails_InterlagosKart1	UNTRANSLATED (1342569837): General_TrackDetails_InterlagosKart1	UNTRANSLATED (1342569837): General_TrackDetails_InterlagosKart1	Interlagos Kart One	Interlagos Kart Uno	UNTRANSLATED (1342569837): General_TrackDetails_InterlagosKart1	UNTRANSLATED (1342569837): General_TrackDetails_InterlagosKart1	UNTRANSLATED (1342569837): General_TrackDetails_InterlagosKart1	UNTRANSLATED (1342569837): General_TrackDetails_InterlagosKart1
	General_TrackDetails_InterlagosKart2	Interlagos Kart Two	Interlagos Kart Two	UNTRANSLATED (2389136050): General_TrackDetails_InterlagosKart2	Interlagos Kart Zwei	UNTRANSLATED (2389136050): General_TrackDetails_InterlagosKart2	UNTRANSLATED (2389136050): General_TrackDetails_InterlagosKart2	UNTRANSLATED (2389136050): General_TrackDetails_InterlagosKart2	UNTRANSLATED (2389136050): General_TrackDetails_InterlagosKart2	Interlagos Kart Two	Interlagos Kart Dos	UNTRANSLATED (2389136050): General_TrackDetails_InterlagosKart2	UNTRANSLATED (2389136050): General_TrackDetails_InterlagosKart2	UNTRANSLATED (2389136050): General_TrackDetails_InterlagosKart2	UNTRANSLATED (2389136050): General_TrackDetails_InterlagosKart2
	General_TrackDetails_InterlagosKart3	Interlagos Kart Three	Interlagos Kart Three	UNTRANSLATED (2728447032): General_TrackDetails_InterlagosKart3	Interlagos Kart Drei	UNTRANSLATED (2728447032): General_TrackDetails_InterlagosKart3	UNTRANSLATED (2728447032): General_TrackDetails_InterlagosKart3	UNTRANSLATED (2728447032): General_TrackDetails_InterlagosKart3	UNTRANSLATED (2728447032): General_TrackDetails_InterlagosKart3	Interlagos Kart Three	Interlagos Kart Tres	UNTRANSLATED (2728447032): General_TrackDetails_InterlagosKart3	UNTRANSLATED (2728447032): General_TrackDetails_InterlagosKart3	UNTRANSLATED (2728447032): General_TrackDetails_InterlagosKart3	UNTRANSLATED (2728447032): General_TrackDetails_InterlagosKart3
	General_TrackDetails_Interlagos	Interlagos	Interlagos	UNTRANSLATED (3548115315): General_TrackDetails_Interlagos	Interlagos	UNTRANSLATED (3548115315): General_TrackDetails_Interlagos	UNTRANSLATED (3548115315): General_TrackDetails_Interlagos	UNTRANSLATED (3548115315): General_TrackDetails_Interlagos	UNTRANSLATED (3548115315): General_TrackDetails_Interlagos	Interlagos	Interlagos	UNTRANSLATED (3548115315): General_TrackDetails_Interlagos	UNTRANSLATED (3548115315): General_TrackDetails_Interlagos	UNTRANSLATED (3548115315): General_TrackDetails_Interlagos	UNTRANSLATED (3548115315): General_TrackDetails_Interlagos
	General_TrackDetails_Kyalami	Kyalami	Kyalami	UNTRANSLATED (4049495686): General_TrackDetails_Kyalami	Kyalami	UNTRANSLATED (4049495686): General_TrackDetails_Kyalami	UNTRANSLATED (4049495686): General_TrackDetails_Kyalami	UNTRANSLATED (4049495686): General_TrackDetails_Kyalami	UNTRANSLATED (4049495686): General_TrackDetails_Kyalami	Kyalami	Kyalami	UNTRANSLATED (4049495686): General_TrackDetails_Kyalami	UNTRANSLATED (4049495686): General_TrackDetails_Kyalami	UNTRANSLATED (4049495686): General_TrackDetails_Kyalami	UNTRANSLATED (4049495686): General_TrackDetails_Kyalami
	General_TrackDetails_Jerez	Jerez	Jerez	UNTRANSLATED (2101754114): General_TrackDetails_Jerez	Jerez	UNTRANSLATED (2101754114): General_TrackDetails_Jerez	UNTRANSLATED (2101754114): General_TrackDetails_Jerez	UNTRANSLATED (2101754114): General_TrackDetails_Jerez	UNTRANSLATED (2101754114): General_TrackDetails_Jerez	Jerez	Jerez	UNTRANSLATED (2101754114): General_TrackDetails_Jerez	UNTRANSLATED (2101754114): General_TrackDetails_Jerez	UNTRANSLATED (2101754114): General_TrackDetails_Jerez	UNTRANSLATED (2101754114): General_TrackDetails_Jerez
	General_TrackDetails_Kyalami2019	Kyalami	Kyalami	UNTRANSLATED (4146763926): General_TrackDetails_Kyalami2019	Kyalami	UNTRANSLATED (4146763926): General_TrackDetails_Kyalami2019	UNTRANSLATED (4146763926): General_TrackDetails_Kyalami2019	UNTRANSLATED (4146763926): General_TrackDetails_Kyalami2019	UNTRANSLATED (4146763926): General_TrackDetails_Kyalami2019	Kyalami	Kyalami	UNTRANSLATED (4146763926): General_TrackDetails_Kyalami2019	UNTRANSLATED (4146763926): General_TrackDetails_Kyalami2019	UNTRANSLATED (4146763926): General_TrackDetails_Kyalami2019	UNTRANSLATED (4146763926): General_TrackDetails_Kyalami2019
	General_TrackDetails_Silverstone2001International	Silverstone International Historic 2001	Silverstone International Historic 2001	UNTRANSLATED (316166293): General_TrackDetails_Silverstone2001International	Silverstone International Historisch 2001	UNTRANSLATED (316166293): General_TrackDetails_Silverstone2001International	UNTRANSLATED (316166293): General_TrackDetails_Silverstone2001International	UNTRANSLATED (316166293): General_TrackDetails_Silverstone2001International	UNTRANSLATED (316166293): General_TrackDetails_Silverstone2001International	Silverstone International Histórica 2001	Silverstone International Histórico 2001	UNTRANSLATED (316166293): General_TrackDetails_Silverstone2001International	UNTRANSLATED (316166293): General_TrackDetails_Silverstone2001International	UNTRANSLATED (316166293): General_TrackDetails_Silverstone2001International	UNTRANSLATED (316166293): General_TrackDetails_Silverstone2001International
	General_TrackDetails_Silverstone1991	Silverstone Historic 1991	Silverstone Historic 1991	UNTRANSLATED (2548924033): General_TrackDetails_Silverstone1991	Silverstone Historisch 1991	UNTRANSLATED (2548924033): General_TrackDetails_Silverstone1991	UNTRANSLATED (2548924033): General_TrackDetails_Silverstone1991	UNTRANSLATED (2548924033): General_TrackDetails_Silverstone1991	UNTRANSLATED (2548924033): General_TrackDetails_Silverstone1991	Silverstone Histórica 1991	Silverstone Histórico 1991	UNTRANSLATED (2548924033): General_TrackDetails_Silverstone1991	UNTRANSLATED (2548924033): General_TrackDetails_Silverstone1991	UNTRANSLATED (2548924033): General_TrackDetails_Silverstone1991	UNTRANSLATED (2548924033): General_TrackDetails_Silverstone1991
	General_TrackDetails_VeloCittaClubDay	Velo Città Club Day	Velo Città Club Day	UNTRANSLATED (3783540353): General_TrackDetails_VeloCittaClubDay	Velo Città Club Day	UNTRANSLATED (3783540353): General_TrackDetails_VeloCittaClubDay	UNTRANSLATED (3783540353): General_TrackDetails_VeloCittaClubDay	UNTRANSLATED (3783540353): General_TrackDetails_VeloCittaClubDay	UNTRANSLATED (3783540353): General_TrackDetails_VeloCittaClubDay	Velo Città Club Day	Velo Città Club Day	UNTRANSLATED (3783540353): General_TrackDetails_VeloCittaClubDay	UNTRANSLATED (3783540353): General_TrackDetails_VeloCittaClubDay	UNTRANSLATED (3783540353): General_TrackDetails_VeloCittaClubDay	UNTRANSLATED (3783540353): General_TrackDetails_VeloCittaClubDay
	General_TrackDetails_TermasRioHondo	Termas de Río Hondo	Termas de Río Hondo	UNTRANSLATED (1602998405): General_TrackDetails_TermasRioHondo	Termas de Río Hondo	UNTRANSLATED (1602998405): General_TrackDetails_TermasRioHondo	UNTRANSLATED (1602998405): General_TrackDetails_TermasRioHondo	UNTRANSLATED (1602998405): General_TrackDetails_TermasRioHondo	UNTRANSLATED (1602998405): General_TrackDetails_TermasRioHondo	Termas de Río Hondo	Termas de Río Hondo	UNTRANSLATED (1602998405): General_TrackDetails_TermasRioHondo	UNTRANSLATED (1602998405): General_TrackDetails_TermasRioHondo	UNTRANSLATED (1602998405): General_TrackDetails_TermasRioHondo	UNTRANSLATED (1602998405): General_TrackDetails_TermasRioHondo
	General_TrackDetails_GranjaViana	Granja Viana	Granja Viana	UNTRANSLATED (1980317153): General_TrackDetails_GranjaViana	Granja Viana	UNTRANSLATED (1980317153): General_TrackDetails_GranjaViana	UNTRANSLATED (1980317153): General_TrackDetails_GranjaViana	UNTRANSLATED (1980317153): General_TrackDetails_GranjaViana	UNTRANSLATED (1980317153): General_TrackDetails_GranjaViana	Granja Viana	Granja Viana	UNTRANSLATED (1980317153): General_TrackDetails_GranjaViana	UNTRANSLATED (1980317153): General_TrackDetails_GranjaViana	UNTRANSLATED (1980317153): General_TrackDetails_GranjaViana	UNTRANSLATED (1980317153): General_TrackDetails_GranjaViana
	General_TrackDetails_GranjaViana1	Granja Viana Kart One	Granja Viana Kart One	UNTRANSLATED (2018084889): General_TrackDetails_GranjaViana1	Granja Viana Kart Eins	UNTRANSLATED (2018084889): General_TrackDetails_GranjaViana1	UNTRANSLATED (2018084889): General_TrackDetails_GranjaViana1	UNTRANSLATED (2018084889): General_TrackDetails_GranjaViana1	UNTRANSLATED (2018084889): General_TrackDetails_GranjaViana1	Granja Viana Kart One	Granja Viana Kart Uno	UNTRANSLATED (2018084889): General_TrackDetails_GranjaViana1	UNTRANSLATED (2018084889): General_TrackDetails_GranjaViana1	UNTRANSLATED (2018084889): General_TrackDetails_GranjaViana1	UNTRANSLATED (2018084889): General_TrackDetails_GranjaViana1
	General_TrackDetails_Silverstone1975	Silverstone Historic 1975	Silverstone Historic 1975	UNTRANSLATED (3676128618): General_TrackDetails_Silverstone1975	Silverstone Historisch 1975	UNTRANSLATED (3676128618): General_TrackDetails_Silverstone1975	UNTRANSLATED (3676128618): General_TrackDetails_Silverstone1975	UNTRANSLATED (3676128618): General_TrackDetails_Silverstone1975	UNTRANSLATED (3676128618): General_TrackDetails_Silverstone1975	Silverstone Histórica 1975	Silverstone Histórico 1975	UNTRANSLATED (3676128618): General_TrackDetails_Silverstone1975	UNTRANSLATED (3676128618): General_TrackDetails_Silverstone1975	UNTRANSLATED (3676128618): General_TrackDetails_Silverstone1975	UNTRANSLATED (3676128618): General_TrackDetails_Silverstone1975
	General_TrackDetails_Silverstone1975NoChicane	Silverstone Historic 1975 (no chicane)	Silverstone Historic 1975 (no chicane)	UNTRANSLATED (4225685634): General_TrackDetails_Silverstone1975NoChicane	Silverstone Historisch 1975 (ohne Schikane)	UNTRANSLATED (4225685634): General_TrackDetails_Silverstone1975NoChicane	UNTRANSLATED (4225685634): General_TrackDetails_Silverstone1975NoChicane	UNTRANSLATED (4225685634): General_TrackDetails_Silverstone1975NoChicane	UNTRANSLATED (4225685634): General_TrackDetails_Silverstone1975NoChicane	Silverstone Histórica 1975 (sem chicane)	Silverstone Histórico 1975 (sin chicana)	UNTRANSLATED (4225685634): General_TrackDetails_Silverstone1975NoChicane	UNTRANSLATED (4225685634): General_TrackDetails_Silverstone1975NoChicane	UNTRANSLATED (4225685634): General_TrackDetails_Silverstone1975NoChicane	UNTRANSLATED (4225685634): General_TrackDetails_Silverstone1975NoChicane
	General_TrackDetails_SilverstoneIntl2019	Silverstone International	Silverstone International	UNTRANSLATED (3127481392): General_TrackDetails_SilverstoneIntl2019	Silverstone International	UNTRANSLATED (3127481392): General_TrackDetails_SilverstoneIntl2019	UNTRANSLATED (3127481392): General_TrackDetails_SilverstoneIntl2019	UNTRANSLATED (3127481392): General_TrackDetails_SilverstoneIntl2019	UNTRANSLATED (3127481392): General_TrackDetails_SilverstoneIntl2019	Silverstone International	Silverstone Internacional	UNTRANSLATED (3127481392): General_TrackDetails_SilverstoneIntl2019	UNTRANSLATED (3127481392): General_TrackDetails_SilverstoneIntl2019	UNTRANSLATED (3127481392): General_TrackDetails_SilverstoneIntl2019	UNTRANSLATED (3127481392): General_TrackDetails_SilverstoneIntl2019
	General_TrackDetails_SilverstoneNatl2019	Silverstone National	Silverstone National	UNTRANSLATED (2227703898): General_TrackDetails_SilverstoneNatl2019	Silverstone National	UNTRANSLATED (2227703898): General_TrackDetails_SilverstoneNatl2019	UNTRANSLATED (2227703898): General_TrackDetails_SilverstoneNatl2019	UNTRANSLATED (2227703898): General_TrackDetails_SilverstoneNatl2019	UNTRANSLATED (2227703898): General_TrackDetails_SilverstoneNatl2019	Silverstone National	Silverstone Nacional	UNTRANSLATED (2227703898): General_TrackDetails_SilverstoneNatl2019	UNTRANSLATED (2227703898): General_TrackDetails_SilverstoneNatl2019	UNTRANSLATED (2227703898): General_TrackDetails_SilverstoneNatl2019	UNTRANSLATED (2227703898): General_TrackDetails_SilverstoneNatl2019
	General_TrackDetails_Hockenheim1988short	Hockenheim Historic 1988 Short	Hockenheim Historic 1988 Court	UNTRANSLATED (3002151477): General_TrackDetails_Hockenheim1988short	Hockenheim Historisch 1988 Kurz	UNTRANSLATED (3002151477): General_TrackDetails_Hockenheim1988short	UNTRANSLATED (3002151477): General_TrackDetails_Hockenheim1988short	UNTRANSLATED (3002151477): General_TrackDetails_Hockenheim1988short	UNTRANSLATED (3002151477): General_TrackDetails_Hockenheim1988short	Hockenheim Histórica 1988 Curto	Hockenheim Histórico 1988 Corto	UNTRANSLATED (3002151477): General_TrackDetails_Hockenheim1988short	UNTRANSLATED (3002151477): General_TrackDetails_Hockenheim1988short	UNTRANSLATED (3002151477): General_TrackDetails_Hockenheim1988short	UNTRANSLATED (3002151477): General_TrackDetails_Hockenheim1988short
	General_TrackDetails_Bathurst2020	Bathurst 2020	Bathurst 2020	Bathurst 2020	Bathurst 2020	Bathurst 2020	Bathurst 2020	Bathurst 2020	Bathurst 2020	Bathurst 2020	Bathurst 2020	Bathurst 2020	Bathurst 2020	Bathurst 2020	Bathurst 2020
	General_TrackDetails_BuskerudShort	Buskerud Kart Short	Buskerud Short	UNTRANSLATED (3086594173): General_TrackDetails_BuskerudShort	Buskerud Kart Kurz	UNTRANSLATED (3086594173): General_TrackDetails_BuskerudShort	UNTRANSLATED (3086594173): General_TrackDetails_BuskerudShort	UNTRANSLATED (3086594173): General_TrackDetails_BuskerudShort	UNTRANSLATED (3086594173): General_TrackDetails_BuskerudShort	Buskerud Curta	Buskerud Corto	UNTRANSLATED (3086594173): General_TrackDetails_BuskerudShort	UNTRANSLATED (3086594173): General_TrackDetails_BuskerudShort	UNTRANSLATED (3086594173): General_TrackDetails_BuskerudShort	UNTRANSLATED (3086594173): General_TrackDetails_BuskerudShort
	General_TrackDetails_BuskerudLong	Buskerud Kart Long	Buskerud Long	UNTRANSLATED (806363458): General_TrackDetails_BuskerudLong	Buskerud Kart Lang	UNTRANSLATED (806363458): General_TrackDetails_BuskerudLong	UNTRANSLATED (806363458): General_TrackDetails_BuskerudLong	UNTRANSLATED (806363458): General_TrackDetails_BuskerudLong	UNTRANSLATED (806363458): General_TrackDetails_BuskerudLong	Buskerud Longa	Buskerud Largo	UNTRANSLATED (806363458): General_TrackDetails_BuskerudLong	UNTRANSLATED (806363458): General_TrackDetails_BuskerudLong	UNTRANSLATED (806363458): General_TrackDetails_BuskerudLong	UNTRANSLATED (806363458): General_TrackDetails_BuskerudLong
	General_TrackDetails_Speedland1	Speedland Kart 1	Speedland Kart 1	Speedland Kart 1	Speedland Kart 1	Speedland Kart 1	Speedland Kart 1	Speedland Kart 1	Speedland Kart 1	Speedland Kart 1	Speedland Kart 1	Speedland Kart 1	Speedland Kart 1	Speedland Kart 1	Speedland Kart 1
	General_TrackDetails_Speedland2	Speedland Kart 2	Speedland Kart 2	Speedland Kart 2	Speedland Kart 2	Speedland Kart 2	Speedland Kart 2	Speedland Kart 2	Speedland Kart 2	Speedland Kart 2	Speedland Kart 2	Speedland Kart 2	Speedland Kart 2	Speedland Kart 2	Speedland Kart 2
	General_TrackDetails_Speedland3	Speedland Kart 3	Speedland Kart 3	Speedland Kart 3	Speedland Kart 3	Speedland Kart 3	Speedland Kart 3	Speedland Kart 3	Speedland Kart 3	Speedland Kart 3	Speedland Kart 3	Speedland Kart 3	Speedland Kart 3	Speedland Kart 3	Speedland Kart 3
	General_TrackDetails_Speedland4	Speedland Kart 4	Speedland Kart 4	Speedland Kart 4	Speedland Kart 4	Speedland Kart 4	Speedland Kart 4	Speedland Kart 4	Speedland Kart 4	Speedland Kart 4	Speedland Kart 4	Speedland Kart 4	Speedland Kart 4	Speedland Kart 4	Speedland Kart 4
	General_TrackDetails_CopaSaoPauloStage2	Copa São Paulo Kart Stage 2	Copa São Paulo Kart Stage 2	Copa São Paulo Kart Stage 2	Copa São Paulo Kart Stage 2	Copa São Paulo Kart Stage 2	Copa São Paulo Kart Stage 2	Copa São Paulo Kart Stage 2	Copa São Paulo Kart Stage 2	Copa São Paulo Kart Stage 2	Copa São Paulo Kart Stage 2	Copa São Paulo Kart Stage 2	Copa São Paulo Kart Stage 2	Copa São Paulo Kart Stage 2	Copa São Paulo Kart Stage 2
	General_TrackDetails_GranjaVianaKart101	Granja Viana Kart 101	Granja Viana Kart 101	Granja Viana Kart 101	Granja Viana Kart 101	Granja Viana Kart 101	Granja Viana Kart 101	Granja Viana Kart 101	Granja Viana Kart 101	Granja Viana Kart 101	Granja Viana Kart 101	Granja Viana Kart 101	Granja Viana Kart 101	Granja Viana Kart 101	Granja Viana Kart 101
	General_TrackDetails_GranjaVianaKart102	Granja Viana Kart 102	Granja Viana Kart 102	Granja Viana Kart 102	Granja Viana Kart 102	Granja Viana Kart 102	Granja Viana Kart 102	Granja Viana Kart 102	Granja Viana Kart 102	Granja Viana Kart 102	Granja Viana Kart 102	Granja Viana Kart 102	Granja Viana Kart 102	Granja Viana Kart 102	Granja Viana Kart 102
	General_TrackDetails_GranjaVianaKart121	Granja Viana Kart 121	Granja Viana Kart 121	Granja Viana Kart 121	Granja Viana Kart 121	Granja Viana Kart 121	Granja Viana Kart 121	Granja Viana Kart 121	Granja Viana Kart 121	Granja Viana Kart 121	Granja Viana Kart 121	Granja Viana Kart 121	Granja Viana Kart 121	Granja Viana Kart 121	Granja Viana Kart 121
	General_TrackDetails_NurbGP2020	Nürburgring GP 2020	Nürburgring GP 2020	Nürburgring GP 2020	Nürburgring GP 2020	Nürburgring GP 2020	Nürburgring GP 2020	Nürburgring GP 2020	Nürburgring GP 2020	Nürburgring GP 2020	Nürburgring GP 2020	Nürburgring GP 2020	Nürburgring GP 2020	Nürburgring GP 2020	Nürburgring GP 2020
	General_TrackDetails_Nurburgring2020	Nürburgring	Nürburgring	Nürburgring	Nürburgring	Nürburgring	Nürburgring	Nürburgring	Nürburgring	Nürburgring	Nürburgring	Nürburgring	Nürburgring	Nürburgring	Nürburgring
	General_TrackDetails_NurbGP2020Veedol	Nürburgring Veedol 2020	Nürburgring Veedol 2020	Nürburgring Veedol 2020	Nürburgring Veedol 2020	Nürburgring Veedol 2020	Nürburgring Veedol 2020	Nürburgring Veedol 2020	Nürburgring Veedol 2020	Nürburgring Veedol 2020	Nürburgring Veedol 2020	Nürburgring Veedol 2020	Nürburgring Veedol 2020	Nürburgring Veedol 2020	Nürburgring Veedol 2020
	General_TrackDetails_NurbGP2020Sprint	Nürburgring Sprint 2020	Nürburgring Sprint 2020	Nürburgring Sprint 2020	Nürburgring Sprint 2020	Nürburgring Sprint 2020	Nürburgring Sprint 2020	Nürburgring Sprint 2020	Nürburgring Sprint 2020	Nürburgring Sprint 2020	Nürburgring Sprint 2020	Nürburgring Sprint 2020	Nürburgring Sprint 2020	Nürburgring Sprint 2020	Nürburgring Sprint 2020
	General_TrackDetails_NurbGP2020SprintS	Nürburgring Sprint S 2020	Nürburgring Sprint S 2020	Nürburgring Sprint S 2020	Nürburgring Sprint S 2020	Nürburgring Sprint S 2020	Nürburgring Sprint S 2020	Nürburgring Sprint S 2020	Nürburgring Sprint S 2020	Nürburgring Sprint S 2020	Nürburgring Sprint S 2020	Nürburgring Sprint S 2020	Nürburgring Sprint S 2020	Nürburgring Sprint S 2020	Nürburgring Sprint S 2020
	General_TrackDetails_Nordschleife2020	Nordschleife 2020	Nordschleife 2020	Nordschleife 2020	Nordschleife 2020	Nordschleife 2020	Nordschleife 2020	Nordschleife 2020	Nordschleife 2020	Nordschleife 2020	Nordschleife 2020	Nordschleife 2020	Nordschleife 2020	Nordschleife 2020	Nordschleife 2020
	General_TrackDetails_Nordschleife202024hr	Nordschleife 24 Hour 2020	Nordschleife 2020 24 heures	UNTRANSLATED (2778246327): General_TrackDetails_Nordschleife202024hr	Nordschleife 24 Stunden 2020	UNTRANSLATED (2778246327): General_TrackDetails_Nordschleife202024hr	UNTRANSLATED (2778246327): General_TrackDetails_Nordschleife202024hr	UNTRANSLATED (2778246327): General_TrackDetails_Nordschleife202024hr	UNTRANSLATED (2778246327): General_TrackDetails_Nordschleife202024hr	24 Horas de Nordschleife 2020	Nordschleife 24 horas 2020	UNTRANSLATED (2778246327): General_TrackDetails_Nordschleife202024hr	UNTRANSLATED (2778246327): General_TrackDetails_Nordschleife202024hr	UNTRANSLATED (2778246327): General_TrackDetails_Nordschleife202024hr	UNTRANSLATED (2778246327): General_TrackDetails_Nordschleife202024hr
	General_TrackDetails_SpaFrancorchamps2020	Spa-Francorchamps 2020	Spa-Francorchamps 2020	Spa-Francorchamps 2020	Spa-Francorchamps 2020	Spa-Francorchamps 2020	Spa-Francorchamps 2020	Spa-Francorchamps 2020	Spa-Francorchamps 2020	Spa-Francorchamps 2020	Spa-Francorchamps 2020	Spa-Francorchamps 2020	Spa-Francorchamps 2020	Spa-Francorchamps 2020	Spa-Francorchamps 2020
	General_TrackDetails_IbarraReverse	Autódromo Yahuarcocha Reverse	Autódromo Yahuarcocha Inversé	UNTRANSLATED (3010677484): General_TrackDetails_IbarraReverse	Autódromo Yahuarcocha Rückwärts	UNTRANSLATED (3010677484): General_TrackDetails_IbarraReverse	UNTRANSLATED (3010677484): General_TrackDetails_IbarraReverse	UNTRANSLATED (3010677484): General_TrackDetails_IbarraReverse	UNTRANSLATED (3010677484): General_TrackDetails_IbarraReverse	Autódromo Yahuarcocha Inverso	Autódromo Yahuarcocha Inverso	UNTRANSLATED (3010677484): General_TrackDetails_IbarraReverse	UNTRANSLATED (3010677484): General_TrackDetails_IbarraReverse	UNTRANSLATED (3010677484): General_TrackDetails_IbarraReverse	UNTRANSLATED (3010677484): General_TrackDetails_IbarraReverse
	General_TrackDetails_SpaFrancorchamps1993	Spa-Francorchamps Historic 1993	Spa-Francorchamps Historic 1993	Spa-Francorchamps Historic 1993	Spa-Francorchamps Historisch 1993	Spa-Francorchamps Historic 1993	Spa-Francorchamps Historic 1993	Spa-Francorchamps Historic 1993	Spa-Francorchamps Historic 1993	Spa-Francorchamps Histórica 1993	Spa-Francorchamps Histórico 1993	Spa-Francorchamps Historic 1993	스파프랑코르샹	Spa-Francorchamps Historic 1993	Spa-Francorchamps Historic 1993
	General_TrackDetails_Jacarepagua2005	Jacarepaguá Historic 2005	Jacarepaguá Historic 2005	UNTRANSLATED (677843648): General_TrackDetails_Jacarepagua2005	Jacarepaguá Historisch 2005	UNTRANSLATED (677843648): General_TrackDetails_Jacarepagua2005	UNTRANSLATED (677843648): General_TrackDetails_Jacarepagua2005	UNTRANSLATED (677843648): General_TrackDetails_Jacarepagua2005	UNTRANSLATED (677843648): General_TrackDetails_Jacarepagua2005	Jacarepaguá Histórica 2005	Jacarepaguá Histórico 2005	UNTRANSLATED (677843648): General_TrackDetails_Jacarepagua2005	UNTRANSLATED (677843648): General_TrackDetails_Jacarepagua2005	UNTRANSLATED (677843648): General_TrackDetails_Jacarepagua2005	UNTRANSLATED (677843648): General_TrackDetails_Jacarepagua2005
	General_TrackDetails_JacarepaguaOVAL	Jacarepaguá Historic 2005 Oval	Jacarepaguá Historic 2005 ovale	UNTRANSLATED (3946458466): General_TrackDetails_JacarepaguaOVAL	Jacarepaguá Historisch 2005 Oval	UNTRANSLATED (3946458466): General_TrackDetails_JacarepaguaOVAL	UNTRANSLATED (3946458466): General_TrackDetails_JacarepaguaOVAL	UNTRANSLATED (3946458466): General_TrackDetails_JacarepaguaOVAL	UNTRANSLATED (3946458466): General_TrackDetails_JacarepaguaOVAL	Jacarepaguá Histórica 2005 Oval	Jacarepaguá Histórico 2005 Oval	UNTRANSLATED (3946458466): General_TrackDetails_JacarepaguaOVAL	UNTRANSLATED (3946458466): General_TrackDetails_JacarepaguaOVAL	UNTRANSLATED (3946458466): General_TrackDetails_JacarepaguaOVAL	UNTRANSLATED (3946458466): General_TrackDetails_JacarepaguaOVAL
	General_TrackDetails_JacarepaguaSHORT	Jacarepaguá Historic 2012 Short	Jacarepaguá Historic 2012 Short	UNTRANSLATED (1058042146): General_TrackDetails_JacarepaguaSHORT	Jacarepaguá Historisch 2012 Kurz	UNTRANSLATED (1058042146): General_TrackDetails_JacarepaguaSHORT	UNTRANSLATED (1058042146): General_TrackDetails_JacarepaguaSHORT	UNTRANSLATED (1058042146): General_TrackDetails_JacarepaguaSHORT	UNTRANSLATED (1058042146): General_TrackDetails_JacarepaguaSHORT	Jacarepaguá Histórica 2012 Curta	Jacarepaguá Histórico 2012 Corto	UNTRANSLATED (1058042146): General_TrackDetails_JacarepaguaSHORT	UNTRANSLATED (1058042146): General_TrackDetails_JacarepaguaSHORT	UNTRANSLATED (1058042146): General_TrackDetails_JacarepaguaSHORT	UNTRANSLATED (1058042146): General_TrackDetails_JacarepaguaSHORT
	General_TrackDetails_JacarepaguaSCB	Jacarepaguá Historic 2012 SCB	Jacarepaguá Historic 2012 SCB	UNTRANSLATED (293785730): General_TrackDetails_JacarepaguaSCB	Jacarepaguá Historisch 2012 SCB	UNTRANSLATED (293785730): General_TrackDetails_JacarepaguaSCB	UNTRANSLATED (293785730): General_TrackDetails_JacarepaguaSCB	UNTRANSLATED (293785730): General_TrackDetails_JacarepaguaSCB	UNTRANSLATED (293785730): General_TrackDetails_JacarepaguaSCB	Jacarepaguá Histórica 2012 SCB	Jacarepaguá Histórico 2012 SCB	UNTRANSLATED (293785730): General_TrackDetails_JacarepaguaSCB	UNTRANSLATED (293785730): General_TrackDetails_JacarepaguaSCB	UNTRANSLATED (293785730): General_TrackDetails_JacarepaguaSCB	UNTRANSLATED (293785730): General_TrackDetails_JacarepaguaSCB
	General_TrackDetails_DaytonaNascarRoadCourse	Daytona Nascar Road Course	Daytona Nascar Road Course	Daytona Nascar Road Course	Daytona Nascar Road Course	Daytona Nascar Road Course	Daytona Nascar Road Course	Daytona Nascar Road Course	Daytona Nascar Road Course	Daytona Nascar Road Course	Daytona Nascar Road Course	Daytona Nascar Road Course	Daytona Nascar Road Course	Daytona Nascar Road Course	Daytona Nascar Road Course
	General_TrackDetails_LagunaSeca2020	Laguna Seca 2020	Laguna Seca 2020	Laguna Seca 2020	Laguna Seca 2020	Laguna Seca 2020	Laguna Seca 2020	Laguna Seca 2020	Laguna Seca 2020	Laguna Seca 2020	Laguna Seca 2020	Laguna Seca 2020	Laguna Seca 2020	Laguna Seca 2020	Laguna Seca 2020
	General_TrackDetails_CascaisAlternate	Cascais Alternate	Cascais Alternate	Cascais Alternate	Cascais Alternate	Cascais Alternate	Cascais Alternate	Cascais Alternate	Cascais Alternate	Cascais Alternate	Cascais Alternate	Cascais Alternate	Cascais Alternate	Cascais Alternate	Cascais Alternate
	General_TrackDetails_InterlagosSCB	Interlagos Stock Car Brasil	Interlagos Stock Car Brasil	Interlagos Stock Car Brasil	Interlagos Stock Car Brasil	Interlagos Stock Car Brasil	Interlagos Stock Car Brasil	Interlagos Stock Car Brasil	Interlagos Stock Car Brasil	Interlagos Stock Car Brasil	Interlagos Stock Car Brasil	Interlagos Stock Car Brasil	Interlagos Stock Car Brasil	Interlagos Stock Car Brasil	Interlagos Stock Car Brasil
	General_TrackDetails_SalvadorStreetCircuit	Salvador Street Circuit	Salvador Street Circuit	Salvador Street Circuit	Salvador Street Circuit	Salvador Street Circuit	Salvador Street Circuit	Salvador Street Circuit	Salvador Street Circuit	Salvador Street Circuit	Salvador Street Circuit	Salvador Street Circuit	Salvador Street Circuit	Salvador Street Circuit	Salvador Street Circuit
	General_TrackDetails_Monza2020	Monza	Monza	Monza	Monza	Monza	Monza	Monza	Monza	Monza	Monza	Monza	Monza	Monza	Monza
	General_TrackDetails_Monza2020Junior	Monza Junior	Monza Junior	Monza Junior	Monza Junior	Monza Junior	Monza Junior	Monza Junior	Monza Junior	Monza Junior	Monza Junior	Monza Junior	Monza Junior	Monza Junior	Monza Junior
	General_TrackDetails_Monza1971	Monza Historic 1971	Monza Historic 1971	Monza Historic 1971	Monza Historic 1971	Monza Historic 1971	Monza Historic 1971	Monza Historic 1971	Monza Historic 1971	Monza Historic 1971	Monza Historic 1971	Monza Historic 1971	Monza Historic 1971	Monza Historic 1971	Monza Historic 1971
	General_TrackDetails_Monza1971Junior	Monza Historic 1971 Junior	Monza Historic 1971 Junior	Monza Historic 1971 Junior	Monza Historic 1971 Junior	Monza Historic 1971 Junior	Monza Historic 1971 Junior	Monza Historic 1971 Junior	Monza Historic 1971 Junior	Monza Historic 1971 Junior	Monza Historic 1971 Junior	Monza Historic 1971 Junior	Monza Historic 1971 Junior	Monza Historic 1971 Junior	Monza Historic 1971 Junior
	General_TrackDetails_Monza1991	Monza Historic 1991	Monza Historic 1991	Monza Historic 1991	Monza Historic 1991	Monza Historic 1991	Monza Historic 1991	Monza Historic 1991	Monza Historic 1991	Monza Historic 1991	Monza Historic 1991	Monza Historic 1991	Monza Historic 1991	Monza Historic 1991	Monza Historic 1991
	General_TrackDetails_Monza197110k	Monza Historic 1971 10k	Monza Historic 1971 10k	Monza Historic 1971 10k	Monza Historic 1971 10k	Monza Historic 1971 10k	Monza Historic 1971 10k	Monza Historic 1971 10k	Monza Historic 1971 10k	Monza Historic 1971 10k	Monza Historic 1971 10k	Monza Historic 1971 10k	Monza Historic 1971 10k	Monza Historic 1971 10k	Monza Historic 1971 10k
	General_TrackDetails_Monza197110knc	Monza Historic 1971 10k (no chicane)	Monza Historic 1971 10k (no chicane)	Monza Historic 1971 10k (no chicane)	Monza Historic 1971 10k (no chicane)	Monza Historic 1971 10k (no chicane)	Monza Historic 1971 10k (no chicane)	Monza Historic 1971 10k (no chicane)	Monza Historic 1971 10k (no chicane)	Monza Historic 1971 10k (no chicane)	Monza Historic 1971 10k (no chicane)	Monza Historic 1971 10k (no chicane)	Monza Historic 1971 10k (no chicane)	Monza Historic 1971 10k (no chicane)	Monza Historic 1971 10k (no chicane)
	General_TrackDetails_VeloCitta1TSICup	Velo Città	Velo Città	UNTRANSLATED (227057364): General_TrackDetails_VeloCitta1TSICup	Velo Città	UNTRANSLATED (227057364): General_TrackDetails_VeloCitta1TSICup	UNTRANSLATED (227057364): General_TrackDetails_VeloCitta1TSICup	UNTRANSLATED (227057364): General_TrackDetails_VeloCitta1TSICup	UNTRANSLATED (227057364): General_TrackDetails_VeloCitta1TSICup	Velo Città	Velo Città	UNTRANSLATED (227057364): General_TrackDetails_VeloCitta1TSICup	UNTRANSLATED (227057364): General_TrackDetails_VeloCitta1TSICup	UNTRANSLATED (227057364): General_TrackDetails_VeloCitta1TSICup	UNTRANSLATED (227057364): General_TrackDetails_VeloCitta1TSICup
	General_TrackDetails_VeloCittaClubDayTSICup	Velo Città Club Day	Velo Città Club Day	UNTRANSLATED (3065658242): General_TrackDetails_VeloCittaClubDayTSICup	Velo Città Club Day	UNTRANSLATED (3065658242): General_TrackDetails_VeloCittaClubDayTSICup	UNTRANSLATED (3065658242): General_TrackDetails_VeloCittaClubDayTSICup	UNTRANSLATED (3065658242): General_TrackDetails_VeloCittaClubDayTSICup	UNTRANSLATED (3065658242): General_TrackDetails_VeloCittaClubDayTSICup	Velo Città Club Day	Velo Città Club Day	UNTRANSLATED (3065658242): General_TrackDetails_VeloCittaClubDayTSICup	UNTRANSLATED (3065658242): General_TrackDetails_VeloCittaClubDayTSICup	UNTRANSLATED (3065658242): General_TrackDetails_VeloCittaClubDayTSICup	UNTRANSLATED (3065658242): General_TrackDetails_VeloCittaClubDayTSICup
	General_TrackDetails_VeloCittaTDTSICup	Velo Città Track Day	Velo Città Track Day	UNTRANSLATED (2161836481): General_TrackDetails_VeloCittaTDTSICup	Velo Città Track Day	UNTRANSLATED (2161836481): General_TrackDetails_VeloCittaTDTSICup	UNTRANSLATED (2161836481): General_TrackDetails_VeloCittaTDTSICup	UNTRANSLATED (2161836481): General_TrackDetails_VeloCittaTDTSICup	UNTRANSLATED (2161836481): General_TrackDetails_VeloCittaTDTSICup	Velo Città Track Day	Velo Città Track Day	UNTRANSLATED (2161836481): General_TrackDetails_VeloCittaTDTSICup	UNTRANSLATED (2161836481): General_TrackDetails_VeloCittaTDTSICup	UNTRANSLATED (2161836481): General_TrackDetails_VeloCittaTDTSICup	UNTRANSLATED (2161836481): General_TrackDetails_VeloCittaTDTSICup
	General_TrackDetails_WatkinsGlen	Watkins Glen	Watkins Glen	Watkins Glen	Watkins Glen	Watkins Glen	Watkins Glen	Watkins Glen	Watkins Glen	Watkins Glen	Watkins Glen	Watkins Glen	Watkins Glen	Watkins Glen	Watkins Glen
	General_TrackDetails_WatkinsGlenGPIL	Watkins Glen GP (Inner Loop)	Watkins Glen GP (Inner Loop)	Watkins Glen GP (Inner Loop)	Watkins Glen GP (Inner Loop)	Watkins Glen GP (Inner Loop)	Watkins Glen GP (Inner Loop)	Watkins Glen GP (Inner Loop)	Watkins Glen GP (Inner Loop)	Watkins Glen GP (Inner Loop)	Watkins Glen GP (Inner Loop)	Watkins Glen GP (Inner Loop)	Watkins Glen GP (Inner Loop)	Watkins Glen GP (Inner Loop)	Watkins Glen GP (Inner Loop)
	General_TrackDetails_WatkinsGlenSIL	Watkins Glen Short (Inner Loop)	Watkins Glen Short (Inner Loop)	Watkins Glen Short (Inner Loop)	Watkins Glen Short (Inner Loop)	Watkins Glen Short (Inner Loop)	Watkins Glen Short (Inner Loop)	Watkins Glen Short (Inner Loop)	Watkins Glen Short (Inner Loop)	Watkins Glen Short (Inner Loop)	Watkins Glen Short (Inner Loop)	Watkins Glen Short (Inner Loop)	Watkins Glen Short (Inner Loop)	Watkins Glen Short (Inner Loop)	Watkins Glen Short (Inner Loop)
	General_TrackDetails_WatkinsGlenS	Watkins Glen Short	Watkins Glen Short	Watkins Glen Short	Watkins Glen Short	Watkins Glen Short	Watkins Glen Short	Watkins Glen Short	Watkins Glen Short	Watkins Glen Short	Watkins Glen Short	Watkins Glen Short	Watkins Glen Short	Watkins Glen Short	Watkins Glen Short
	General_TrackDetails_ClevelandGP	Cleveland GP	Cleveland GP	Cleveland GP	Cleveland GP	Cleveland GP	Cleveland GP	Cleveland GP	Cleveland GP	Cleveland GP	Cleveland GP	Cleveland GP	Cleveland GP	Cleveland GP	Cleveland GP
	General_TrackDetails_AzureCircuit2021	Azure Circuit	Circuit d'Azur	Costa Azzurra	Côte d’Azur Circuit	Azure Circuit	Azure Circuit	Azure Circuit	Azure Circuit	Azure Circuit	Azure Circuit	Azure Circuit	아주르 서킷	Azure 赛道	Azure 賽道
	General_TrackDetails_RoadAmericaRC	Road America	Road America	Road America	Road America	Road America	Road America	Road America	Road America	Road America	Road America	Road America	로드 아메리카	Road America	Road America
	General_TrackDetails_RoadAmericaRCB	Road America (Bend)	Road America (Bend)	Road America (Bend)	Road America (Bend)	Road America (Bend)	Road America (Bend)	Road America (Bend)	Road America (Bend)	Road America (Bend)	Road America (Bend)	Road America (Bend)	Road America (Bend)	Road America (Bend)	Road America (Bend)
	General_TrackDetails_GaleaoAirport	Galeao Airport	Galeao Airport	Galeao Airport	Galeao Airport	Galeao Airport	Galeao Airport	Galeao Airport	Galeao Airport	Galeao Airport	Galeao Airport	Galeao Airport	Galeao Airport	Galeao Airport	Galeao Airport
	General_TrackDetails_BuenosAires	Buenos Aires	Buenos Aires	Buenos Aires	Buenos Aires	Buenos Aires	Buenos Aires	Buenos Aires	Buenos Aires	Buenos Aires	Buenos Aires	Buenos Aires	Buenos Aires	Buenos Aires	Buenos Aires
	General_TrackDetails_BuenosAiresCircuito6	Buenos Aires Circuito No.6 S	Buenos Aires Circuito No.6 S	Buenos Aires Circuito No.6 S	Buenos Aires Circuito No.6 S	Buenos Aires Circuito No.6 S	Buenos Aires Circuito No.6 S	Buenos Aires Circuito No.6 S	Buenos Aires Circuito No.6 S	Buenos Aires Circuito No.6 S	Buenos Aires Circuito No.6 S	Buenos Aires Circuito No.6 S	Buenos Aires Circuito No.6 S	Buenos Aires Circuito No.6 S	Buenos Aires Circuito No.6 S
	General_TrackDetails_BuenosAiresCircuito7	Buenos Aires Circuito No.7	Buenos Aires Circuito No.7	Buenos Aires Circuito No.7	Buenos Aires Circuito No.7	Buenos Aires Circuito No.7	Buenos Aires Circuito No.7	Buenos Aires Circuito No.7	Buenos Aires Circuito No.7	Buenos Aires Circuito No.7	Buenos Aires Circuito No.7	Buenos Aires Circuito No.7	Buenos Aires Circuito No.7	Buenos Aires Circuito No.7	Buenos Aires Circuito No.7
	General_TrackDetails_BuenosAiresCircuito8	Buenos Aires Circuito No.8	Buenos Aires Circuito No.8	Buenos Aires Circuito No.8	Buenos Aires Circuito No.8	Buenos Aires Circuito No.8	Buenos Aires Circuito No.8	Buenos Aires Circuito No.8	Buenos Aires Circuito No.8	Buenos Aires Circuito No.8	Buenos Aires Circuito No.8	Buenos Aires Circuito No.8	Buenos Aires Circuito No.8	Buenos Aires Circuito No.8	Buenos Aires Circuito No.8
	General_TrackDetails_BuenosAiresCircuito9	Buenos Aires Circuito No.9	Buenos Aires Circuito No.9	Buenos Aires Circuito No.9	Buenos Aires Circuito No.9	Buenos Aires Circuito No.9	Buenos Aires Circuito No.9	Buenos Aires Circuito No.9	Buenos Aires Circuito No.9	Buenos Aires Circuito No.9	Buenos Aires Circuito No.9	Buenos Aires Circuito No.9	Buenos Aires Circuito No.9	Buenos Aires Circuito No.9	Buenos Aires Circuito No.9
	General_TrackDetails_BuenosAiresCircuito12	Buenos Aires Circuito No.12	Buenos Aires Circuito No.12	Buenos Aires Circuito No.12	Buenos Aires Circuito No.12	Buenos Aires Circuito No.12	Buenos Aires Circuito No.12	Buenos Aires Circuito No.12	Buenos Aires Circuito No.12	Buenos Aires Circuito No.12	Buenos Aires Circuito No.12	Buenos Aires Circuito No.12	Buenos Aires Circuito No.12	Buenos Aires Circuito No.12	Buenos Aires Circuito No.12
	General_TrackDetails_BuenosAiresCircuito15	Buenos Aires Circuito No.15	Buenos Aires Circuito No.15	Buenos Aires Circuito No.15	Buenos Aires Circuito No.15	Buenos Aires Circuito No.15	Buenos Aires Circuito No.15	Buenos Aires Circuito No.15	Buenos Aires Circuito No.15	Buenos Aires Circuito No.15	Buenos Aires Circuito No.15	Buenos Aires Circuito No.15	Buenos Aires Circuito No.15	Buenos Aires Circuito No.15	Buenos Aires Circuito No.15
	General_TrackDetails_Cordoba	Córdoba	Córdoba	Córdoba	Córdoba	Córdoba	Córdoba	Córdoba	Córdoba	Córdoba	Córdoba	Córdoba	Córdoba	Córdoba	Córdoba
	General_TrackDetails_CordobaInternational	Córdoba TC	Córdoba TC	Córdoba TC	Córdoba TC	Córdoba TC	Córdoba TC	Córdoba TC	Córdoba TC	Córdoba TC	Córdoba TC	Córdoba TC	Córdoba TC	Córdoba TC	Córdoba TC
	General_TrackDetails_CordobaNATL	Córdoba No.2	Córdoba No.2	Córdoba No.2	Córdoba No.2	Córdoba No.2	Córdoba No.2	Córdoba No.2	Córdoba No.2	Córdoba No.2	Córdoba No.2	Córdoba No.2	Córdoba No.2	Córdoba No.2	Córdoba No.2
	General_TrackDetails_CordobaGP	Córdoba No.4	Córdoba No.4	Córdoba No.4	Córdoba No.4	Córdoba No.4	Córdoba No.4	Córdoba No.4	Córdoba No.4	Córdoba No.4	Córdoba No.4	Córdoba No.4	Córdoba No.4	Córdoba No.4	Córdoba No.4
	General_TrackDetails_BuenosAiresCircuito6T	Buenos Aires Circuito No.6	Buenos Aires Circuito No.6	Buenos Aires Circuito No.6	Buenos Aires Circuito No.6	Buenos Aires Circuito No.6	Buenos Aires Circuito No.6	Buenos Aires Circuito No.6	Buenos Aires Circuito No.6	Buenos Aires Circuito No.6	Buenos Aires Circuito No.6	Buenos Aires Circuito No.6	Buenos Aires Circuito No.6	Buenos Aires Circuito No.6	Buenos Aires Circuito No.6
	General_TrackDetails_DaytonaSpeedwayTriOval	Daytona Nascar Tri-Oval	Daytona Nascar Tri-Oval	Daytona Nascar Tri-Oval	Daytona Nascar Tri-Oval	Daytona Nascar Tri-Oval	Daytona Nascar Tri-Oval	Daytona Nascar Tri-Oval	Daytona Nascar Tri-Oval	Daytona Nascar Tri-Oval	Daytona Nascar Tri-Oval	Daytona Nascar Tri-Oval	Daytona Nascar Tri-Oval	Daytona Nascar Tri-Oval	Daytona Nascar Tri-Oval
	General_TrackDetails_FontanaSCC	Auto Club Speedway Sports Car Course	Auto Club Speedway Sports Car Course	Auto Club Speedway Sports Car Course	Auto Club Speedway Sports Car Course	Auto Club Speedway Sports Car Course	Auto Club Speedway Sports Car Course	Auto Club Speedway Sports Car Course	Auto Club Speedway Sports Car Course	Auto Club Speedway Sports Car Course	Auto Club Speedway Sports Car Course	Auto Club Speedway Sports Car Course	Auto Club Speedway Sports Car Course	Auto Club Speedway Sports Car Course	Auto Club Speedway Sports Car Course
	General_TrackDetails_FontanaOVAL	Auto Club Speedway Oval	Auto Club Speedway Oval	Auto Club Speedway Oval	Auto Club Speedway Oval	Auto Club Speedway Oval	Auto Club Speedway Oval	Auto Club Speedway Oval	Auto Club Speedway Oval	Auto Club Speedway Oval	Auto Club Speedway Oval	Auto Club Speedway Oval	Auto Club Speedway Oval	Auto Club Speedway Oval	Auto Club Speedway Oval
	General_TrackDetails_GatewayOVAL	WWT Raceway Oval	WWT Raceway Oval	WWT Raceway Oval	WWT Raceway Oval	WWT Raceway Oval	WWT Raceway Oval	WWT Raceway Oval	WWT Raceway Oval	WWT Raceway Oval	WWT Raceway Oval	WWT Raceway Oval	WWT Raceway Oval	WWT Raceway Oval	WWT Raceway Oval
	General_TrackDetails_GatewayRC1	WWT Raceway Road Course (Short)	WWT Raceway Road Course (Short)	WWT Raceway Road Course (Short)	WWT Raceway Road Course (Short)	WWT Raceway Road Course (Short)	WWT Raceway Road Course (Short)	WWT Raceway Road Course (Short)	WWT Raceway Road Course (Short)	WWT Raceway Road Course (Short)	WWT Raceway Road Course (Short)	WWT Raceway Road Course (Short)	WWT Raceway Road Course (Short)	WWT Raceway Road Course (Short)	WWT Raceway Road Course (Short)
	General_TrackDetails_GatewayRC2	WWT Raceway Road Course (Long)	WWT Raceway Road Course (Long)	WWT Raceway Road Course (Long)	WWT Raceway Road Course (Long)	WWT Raceway Road Course (Long)	WWT Raceway Road Course (Long)	WWT Raceway Road Course (Long)	WWT Raceway Road Course (Long)	WWT Raceway Road Course (Long)	WWT Raceway Road Course (Long)	WWT Raceway Road Course (Long)	WWT Raceway Road Course (Long)	WWT Raceway Road Course (Long)	WWT Raceway Road Course (Long)
	General_TrackDetails_SpaFrancorchamps2022	Spa-Francorchamps 2022	Spa-Francorchamps 2022	Spa-Francorchamps 2022	Spa-Francorchamps 2022	Spa-Francorchamps 2022	Spa-Francorchamps 2022	Spa-Francorchamps 2022	Spa-Francorchamps 2022	Spa-Francorchamps 2022	Spa-Francorchamps 2022	Spa-Francorchamps 2022	Spa-Francorchamps 2022	Spa-Francorchamps 2022	Spa-Francorchamps 2022
	General_TrackDetails_SpaFrancorchamps1970	Spa-Francorchamps Historic 1970	Spa-Francorchamps Historic 1970	UNTRANSLATED (2587236297): General_TrackDetails_SpaFrancorchamps1970	Spa-Francorchamps Historisch 1970	Spa-Francorchamps Historic 1970	Spa-Francorchamps Historic 1970	Spa-Francorchamps Historic 1970	Spa-Francorchamps Historic 1970	Spa-Francorchamps Histórica 1970	Spa-Francorchamps Histórico 1970	Spa-Francorchamps Historic 1970	스파프랑코르샹	Spa-Francorchamps Historic 1970	Spa-Francorchamps Historic 1970
	General_TrackDetails_SpaFrancorchamps19701000km	Spa-Francorchamps Historic 1970 1000km	Spa-Francorchamps Historic 1970 1000km	UNTRANSLATED (2276436617): General_TrackDetails_SpaFrancorchamps19701000km	Spa-Francorchamps Historisch 1970 1000km	Spa-Francorchamps Historic 1970 1970 1000km	Spa-Francorchamps Historic 1970 1000km	Spa-Francorchamps Historic 1970 1000km	Spa-Francorchamps Historic 1970 1000km	Spa-Francorchamps Histórica 1970 1000km	Spa-Francorchamps Histórico 1970 1000km	Spa-Francorchamps Historic 1970 1000km	스파프랑코르샹	Spa-Francorchamps Historic 1970 1000km	Spa-Francorchamps Historic 1970 1000km
	General_TrackDetails_Indianapolis2022Oval	Indianapolis Motor Speedway Oval	Indianapolis Motor Speedway Oval	Indianapolis Motor Speedway Oval	Indianapolis Motor Speedway Oval	Indianapolis Motor Speedway Oval	Indianapolis Motor Speedway Oval	Indianapolis Motor Speedway Oval	Indianapolis Motor Speedway Oval	Indianapolis Motor Speedway Oval	Indianapolis Motor Speedway Oval	Indianapolis Motor Speedway Oval	Indianapolis Motor Speedway Oval	Indianapolis Motor Speedway Oval	Indianapolis Motor Speedway Oval
	General_TrackDetails_Indianapolis2022RC	Indianapolis Motor Speedway Road Course	Indianapolis Motor Speedway Road Course	Indianapolis Motor Speedway Road Course	Indianapolis Motor Speedway Road Course	Indianapolis Motor Speedway Road Course	Indianapolis Motor Speedway Road Course	Indianapolis Motor Speedway Road Course	Indianapolis Motor Speedway Road Course	Indianapolis Motor Speedway Road Course	Indianapolis Motor Speedway Road Course	Indianapolis Motor Speedway Road Course	Indianapolis Motor Speedway Road Course	Indianapolis Motor Speedway Road Course	Indianapolis Motor Speedway Road Course
	General_TrackDetails_CopaSaoPauloStage1	Copa São Paulo Kart Stage 1	Copa São Paulo Kart Stage 1	Copa São Paulo Kart Stage 1	Copa São Paulo Kart Stage 1	Copa São Paulo Kart Stage 1	Copa São Paulo Kart Stage 1	Copa São Paulo Kart Stage 1	Copa São Paulo Kart Stage 1	Copa São Paulo Kart Stage 1	Copa São Paulo Kart Stage 1	Copa São Paulo Kart Stage 1	Copa São Paulo Kart Stage 1	Copa São Paulo Kart Stage 1	Copa São Paulo Kart Stage 1
	General_TrackDetails_Bathurst1983	Bathurst Historic 1983	Bathurst Historic 1983	UNTRANSLATED (1047084536): General_TrackDetails_Bathurst1983	Bathurst Historisch 1983	UNTRANSLATED (1047084536): General_TrackDetails_Bathurst1983	UNTRANSLATED (1047084536): General_TrackDetails_Bathurst1983	UNTRANSLATED (1047084536): General_TrackDetails_Bathurst1983	UNTRANSLATED (1047084536): General_TrackDetails_Bathurst1983	Bathurst Histórica 1983	Bathurst Histórico 1983	UNTRANSLATED (1047084536): General_TrackDetails_Bathurst1983	UNTRANSLATED (1047084536): General_TrackDetails_Bathurst1983	UNTRANSLATED (1047084536): General_TrackDetails_Bathurst1983	UNTRANSLATED (1047084536): General_TrackDetails_Bathurst1983
	General_TrackDetails_Cascais1988	Cascais Historic 1988	Cascais Historic 1988	UNTRANSLATED (934043870): General_TrackDetails_Cascais1988	Cascais Historisch 1988	UNTRANSLATED (934043870): General_TrackDetails_Cascais1988	UNTRANSLATED (934043870): General_TrackDetails_Cascais1988	UNTRANSLATED (934043870): General_TrackDetails_Cascais1988	UNTRANSLATED (934043870): General_TrackDetails_Cascais1988	Cascais Histórica 1988	Cascais Histórico 1988	UNTRANSLATED (934043870): General_TrackDetails_Cascais1988	UNTRANSLATED (934043870): General_TrackDetails_Cascais1988	UNTRANSLATED (934043870): General_TrackDetails_Cascais1988	UNTRANSLATED (934043870): General_TrackDetails_Cascais1988
	General_TrackDetails_JerezGP1988	Jerez Historic 1988	Jerez Historic 1988	UNTRANSLATED (2393063127): General_TrackDetails_JerezGP1988	Jerez Historisch 1988	UNTRANSLATED (2393063127): General_TrackDetails_JerezGP1988	UNTRANSLATED (2393063127): General_TrackDetails_JerezGP1988	UNTRANSLATED (2393063127): General_TrackDetails_JerezGP1988	UNTRANSLATED (2393063127): General_TrackDetails_JerezGP1988	Jerez Histórica 1988	Jerez Histórico 1988	UNTRANSLATED (2393063127): General_TrackDetails_JerezGP1988	UNTRANSLATED (2393063127): General_TrackDetails_JerezGP1988	UNTRANSLATED (2393063127): General_TrackDetails_JerezGP1988	UNTRANSLATED (2393063127): General_TrackDetails_JerezGP1988
	General_TrackDetails_Nurb1971Suds	Südschleife Historic 1971	Südschleife Historic 1971	UNTRANSLATED (3256292381): General_TrackDetails_Nurb1971Suds	Südschleife Historisch 1971	UNTRANSLATED (3256292381): General_TrackDetails_Nurb1971Suds	UNTRANSLATED (3256292381): General_TrackDetails_Nurb1971Suds	UNTRANSLATED (3256292381): General_TrackDetails_Nurb1971Suds	UNTRANSLATED (3256292381): General_TrackDetails_Nurb1971Suds	Südschleife Histórica 1971	Südschleife Histórico 1971	UNTRANSLATED (3256292381): General_TrackDetails_Nurb1971Suds	UNTRANSLATED (3256292381): General_TrackDetails_Nurb1971Suds	UNTRANSLATED (3256292381): General_TrackDetails_Nurb1971Suds	UNTRANSLATED (3256292381): General_TrackDetails_Nurb1971Suds
	General_TrackDetails_Nurb1971Nords	Nordschleife Historic 1971	Nordschleife Historic 1971	UNTRANSLATED (1229204602): General_TrackDetails_Nurb1971Nords	Nordschleife Historisch 1971	UNTRANSLATED (1229204602): General_TrackDetails_Nurb1971Nords	UNTRANSLATED (1229204602): General_TrackDetails_Nurb1971Nords	UNTRANSLATED (1229204602): General_TrackDetails_Nurb1971Nords	UNTRANSLATED (1229204602): General_TrackDetails_Nurb1971Nords	Nordschleife Histórica 1971	Nordschleife Histórico 1971	UNTRANSLATED (1229204602): General_TrackDetails_Nurb1971Nords	UNTRANSLATED (1229204602): General_TrackDetails_Nurb1971Nords	UNTRANSLATED (1229204602): General_TrackDetails_Nurb1971Nords	UNTRANSLATED (1229204602): General_TrackDetails_Nurb1971Nords
	General_TrackDetails_Nurb1971Gesamt	Gesamtstrecke Historic 1971	Gesamtstrecke Historic 1971	UNTRANSLATED (1541272128): General_TrackDetails_Nurb1971Gesamt	Gesamtstrecke Historisch 1971	UNTRANSLATED (1541272128): General_TrackDetails_Nurb1971Gesamt	UNTRANSLATED (1541272128): General_TrackDetails_Nurb1971Gesamt	UNTRANSLATED (1541272128): General_TrackDetails_Nurb1971Gesamt	UNTRANSLATED (1541272128): General_TrackDetails_Nurb1971Gesamt	Gesamtstrecke Histórica 1971	Gesamtstrecke Histórico 1971	UNTRANSLATED (1541272128): General_TrackDetails_Nurb1971Gesamt	UNTRANSLATED (1541272128): General_TrackDetails_Nurb1971Gesamt	UNTRANSLATED (1541272128): General_TrackDetails_Nurb1971Gesamt	UNTRANSLATED (1541272128): General_TrackDetails_Nurb1971Gesamt
	General_TrackDetails_BarcelonaGP	Barcelona GP	Barcelona GP	Barcelona GP	Barcelona GP	Barcelona GP	Barcelona GP	Barcelona GP	Barcelona GP	Barcelona GP	Barcelona GP	Barcelona GP	Barcelona GP	Barcelona GP	Barcelona GP
	General_TrackDetails_CircuitdeCatalunyaGPnc	Circuit de Barcelona-Catalunya GP (no chicane)	Circuit de Barcelona-Catalunya GP (no chicane)	Circuit de Barcelona-Catalunya GP	Circuit de Barcelona-Catalunya GP (ohne Schikane)	Circuit de Barcelona-Catalunya GP (sin chicana)	Circuit de Barcelona-Catalunya GP	Circuit de Barcelona-Catalunya GP	Circuit de Barcelona-Catalunya（GPコース）	Circuit de Barcelona-Catalunya GP (sem chicane)	Circuito de Barcelona-Cataluña GP (sin chicana)	Circuit de Barcelona-Catalunya GP	바르셀로나-카탈루냐 서킷 GP	Circuit de Barcelona-Catalunya GP赛道	Circuit de Barcelona-Catalunya GP賽道
	General_TrackDetails_CircuitdeCatalunyaGP	Circuit de Barcelona-Catalunya GP	Circuit de Barcelona-Catalunya GP	Circuit de Barcelona-Catalunya GP	Circuit de Barcelona-Catalunya GP	Circuit de Barcelona-Catalunya GP	Circuit de Barcelona-Catalunya GP	Circuit de Barcelona-Catalunya GP	Circuit de Barcelona-Catalunya（GPコース）	Circuit de Barcelona-Catalunya GP	Circuito de Barcelona-Cataluña GP	Circuit de Barcelona-Catalunya GP	바르셀로나-카탈루냐 서킷 GP	Circuit de Barcelona-Catalunya GP赛道	Circuit de Barcelona-Catalunya GP賽道
	General_TrackDetails_AscurraDirt	Ascurra Dirt	Ascurra Dirt	Ascurra Dirt	Ascurra Dirt	Ascurra Dirt	Ascurra Dirt	Ascurra Dirt	Ascurra Dirt	Ascurra Dirt	Ascurra Dirt	Ascurra Dirt	Ascurra Dirt	Ascurra Dirt	Ascurra Dirt
	General_TrackDetails_AscurraRX	Ascurra RX	Ascurra RX	Ascurra RX	Ascurra RX	Ascurra RX	Ascurra RX	Ascurra RX	Ascurra RX	Ascurra RX	Ascurra RX	Ascurra RX	Ascurra RX	Ascurra RX	Ascurra RX
	General_TrackDetails_FozRX	Foz	Foz	Foz	Foz	Foz	Foz	Foz	Foz	Foz	Foz	Foz	Foz	Foz	Foz
	General_TrackDetails_Nurb2020RX	Nürburgring RX	Nürburgring RX	Nürburgring RX	Nürburgring RX	Nürburgring RX	Nürburgring RX	Nürburgring RX	Nürburgring RX	Nürburgring RX	Nürburgring RX	Nürburgring RX	Nürburgring RX	Nürburgring RX	Nürburgring RX
	General_TrackDetails_SpaFrancorchamps2022RX	Spa-Francorchamps RX	Spa-Francorchamps RX	Spa-Francorchamps RX	Spa-Francorchamps RX	Spa-Francorchamps RX	Spa-Francorchamps RX	Spa-Francorchamps RX	Spa-Francorchamps RX	Spa-Francorchamps RX	Spa-Francorchamps RX	Spa-Francorchamps RX	Spa-Francorchamps RX	Spa-Francorchamps RX	Spa-Francorchamps RX
	General_TrackDetails_TykkiDirt1	Tykki Dirt 1	Tykki Dirt 1	Tykki Dirt 1	Tykki Dirt 1	Tykki Dirt 1	Tykki Dirt 1	Tykki Dirt 1	Tykki Dirt 1	Tykki Dirt 1	Tykki Dirt 1	Tykki Dirt 1	Tykki Dirt 1	Tykki Dirt 1	Tykki Dirt 1
	General_TrackDetails_TykkiDirt2	Tykki Dirt 2	Tykki Dirt 2	Tykki Dirt 2	Tykki Dirt 2	Tykki Dirt 2	Tykki Dirt 2	Tykki Dirt 2	Tykki Dirt 2	Tykki Dirt 2	Tykki Dirt 2	Tykki Dirt 2	Tykki Dirt 2	Tykki Dirt 2	Tykki Dirt 2
	General_TrackDetails_TykkiRX	Tykki RX	Tykki RX	Tykki RX	Tykki RX	Tykki RX	Tykki RX	Tykki RX	Tykki RX	Tykki RX	Tykki RX	Tykki RX	Tykki RX	Tykki RX	Tykki RX
	General_TrackDetails_TykkiTarmac	Tykki Tarmac	Tykki Tarmac	Tykki Tarmac	Tykki Tarmac	Tykki Tarmac	Tykki Tarmac	Tykki Tarmac	Tykki Tarmac	Tykki Tarmac	Tykki Tarmac	Tykki Tarmac	Tykki Tarmac	Tykki Tarmac	Tykki Tarmac
	General_TrackDetails_CircuitdeCatalunyaRX	Circuit de Barcelona-Catalunya RX	Circuit de Barcelona-Catalunya RX	Circuit de Barcelona-Catalunya RX	Circuit de Barcelona-Catalunya RX	Circuit de Barcelona-Catalunya RX	Circuit de Barcelona-Catalunya RX	Circuit de Barcelona-Catalunya RX	Circuit de Barcelona-Catalunya RX	Circuit de Barcelona-Catalunya RX	Circuit de Barcelona-Catalunya RX	Circuit de Barcelona-Catalunya RX	Circuit de Barcelona-Catalunya RX	Circuit de Barcelona-Catalunya RX	Circuit de Barcelona-Catalunya RX
	General_TrackDetails_CircuitdeCatalunyaNATLNC	Circuit de Barcelona-Catalunya National	Circuit de Barcelona-Catalunya National	Circuit de Barcelona-Catalunya National	Circuit de Barcelona-Catalunya National	Circuit de Barcelona-Catalunya National	Circuit de Barcelona-Catalunya National	Circuit de Barcelona-Catalunya National	Circuit de Barcelona-Catalunya（National）	Circuit de Barcelona-Catalunya National	Circuito de Barcelona-Cataluña National	Circuit de Barcelona-Catalunya National	바르셀로나-카탈루냐 서킷 National	Circuit de Barcelona-Catalunya National	Circuit de Barcelona-Catalunya National
	General_TrackDetails_Barcelona1991	Circuit de Barcelona-Catalunya Historic 1991	Circuit de Barcelona-Catalunya Historique 1991	Circuit de Barcelona-Catalunya Storico 1991	Circuit de Barcelona-Catalunya Historic 1991	Circuit de Barcelona-Catalunya Histórico 1991	Circuit de Barcelona-Catalunya GP	Circuit de Barcelona-Catalunya GP	Circuit de Barcelona-Catalunya（GPコース）	Circuit de Barcelona-Catalunya Histórica 1991	Circuito de Barcelona-Cataluña Histórico 1991	Circuit de Barcelona-Catalunya Historique 1991	바르셀로나-카탈루냐 서킷 GP	Circuit de Barcelona-Catalunya GP赛道	Circuit de Barcelona-Catalunya GP賽道
	General_TrackDetails_Interlagos1993	Interlagos Historic 1993	Interlagos Historic 1993	UNTRANSLATED (1693310852): General_TrackDetails_Interlagos1993	Interlagos Historisch 1993	UNTRANSLATED (1693310852): General_TrackDetails_Interlagos1993	UNTRANSLATED (1693310852): General_TrackDetails_Interlagos1993	UNTRANSLATED (1693310852): General_TrackDetails_Interlagos1993	UNTRANSLATED (1693310852): General_TrackDetails_Interlagos1993	Interlagos Histórica 1993	Interlagos Histórico 1993	UNTRANSLATED (1693310852): General_TrackDetails_Interlagos1993	UNTRANSLATED (1693310852): General_TrackDetails_Interlagos1993	UNTRANSLATED (1693310852): General_TrackDetails_Interlagos1993	UNTRANSLATED (1693310852): General_TrackDetails_Interlagos1993
	General_TrackDetails_MontrealHistoric1991	Montreal Historic 1991	Montreal Historique 1991	UNTRANSLATED (1899147877): General_TrackDetails_MontrealHistoric1991	Montreal Historisch 1991	Montreal Histórico 1991	UNTRANSLATED (1899147877): General_TrackDetails_MontrealHistoric1991	UNTRANSLATED (1899147877): General_TrackDetails_MontrealHistoric1991	UNTRANSLATED (1899147877): General_TrackDetails_MontrealHistoric1991	Montreal Histórica 1991	Montreal Histórico 1991	Montreal Historique 1991	UNTRANSLATED (1899147877): General_TrackDetails_MontrealHistoric1991	UNTRANSLATED (1899147877): General_TrackDetails_MontrealHistoric1991	UNTRANSLATED (1899147877): General_TrackDetails_MontrealHistoric1991
	General_TrackDetails_Interlagos1991	Interlagos Historic 1991	Interlagos Historic 1991	UNTRANSLATED (3446426341): General_TrackDetails_Interlagos1991	Interlagos Historisch 1991	UNTRANSLATED (3446426341): General_TrackDetails_Interlagos1991	UNTRANSLATED (3446426341): General_TrackDetails_Interlagos1991	UNTRANSLATED (3446426341): General_TrackDetails_Interlagos1991	UNTRANSLATED (3446426341): General_TrackDetails_Interlagos1991	Interlagos Histórica 1991	Interlagos Histórico 1991	UNTRANSLATED (3446426341): General_TrackDetails_Interlagos1991	UNTRANSLATED (3446426341): General_TrackDetails_Interlagos1991	UNTRANSLATED (3446426341): General_TrackDetails_Interlagos1991	UNTRANSLATED (3446426341): General_TrackDetails_Interlagos1991
	General_TrackDetails_LeMans24h	Circuit des 24 Heures du Mans	Circuit des 24 Heures du Mans	Circuit des 24 Heures du Mans	Circuit des 24 Heures du Mans	Circuit des 24 Heures du Mans	Circuit des 24 Heures du Mans	Circuit des 24 Heures du Mans	Circuit des 24 Heures du Mans	Circuit des 24 Heures du Mans	Circuit des 24 Heures du Mans	Circuit des 24 Heures du Mans	Circuit des 24 Heures du Mans	Circuit des 24 Heures du Mans	Circuit des 24 Heures du Mans
	General_TrackDetails_LeMansCircuitBugatti	Le Mans Circuit Bugatti	Le Mans Circuit Bugatti	Le Mans Circuit Bugatti	Le Mans Circuit Bugatti	Le Mans Circuit Bugatti	Le Mans Circuit Bugatti	Le Mans Circuit Bugatti	Le Mans Circuit Bugatti	Le Mans Circuit Bugatti	Le Mans Circuit Bugatti	Le Mans Circuit Bugatti	Le Mans Circuit Bugatti	Le Mans Circuit Bugatti	Le Mans Circuit Bugatti
	General_TrackDetails_LaSarthe	Le Mans	Le Mans	Le Mans	Le Mans	Le Mans	Le Mans	Le Mans	Le Mans	Le Mans	Le Mans	Le Mans	Le Mans	Le Mans	Le Mans
	General_TrackDetails_Nurb1971Beton	Betonschleife Historic 1971	Betonschleife Historic 1971	UNTRANSLATED (151207024): General_TrackDetails_Nurb1971Beton	Betonschleife Historisch 1971	UNTRANSLATED (151207024): General_TrackDetails_Nurb1971Beton	UNTRANSLATED (151207024): General_TrackDetails_Nurb1971Beton	UNTRANSLATED (151207024): General_TrackDetails_Nurb1971Beton	UNTRANSLATED (151207024): General_TrackDetails_Nurb1971Beton	Betonschleife Histórica 1971	Betonschleife Histórico 1971	UNTRANSLATED (151207024): General_TrackDetails_Nurb1971Beton	UNTRANSLATED (151207024): General_TrackDetails_Nurb1971Beton	UNTRANSLATED (151207024): General_TrackDetails_Nurb1971Beton	UNTRANSLATED (151207024): General_TrackDetails_Nurb1971Beton
	General_TrackDetails_RoadAtlanta	Road Atlanta	Road Atlanta	Road Atlanta	Road Atlanta	Road Atlanta	Road Atlanta	Road Atlanta	Road Atlanta	Road Atlanta	Road Atlanta	Road Atlanta	Road Atlanta	Road Atlanta	Road Atlanta
	General_TrackDetails_RoadAtlantaMoto	Road Atlanta Moto	Road Atlanta Moto	Road Atlanta Moto	Road Atlanta Moto	Road Atlanta Moto	Road Atlanta Moto	Road Atlanta Moto	Road Atlanta Moto	Road Atlanta Moto	Road Atlanta Moto	Road Atlanta Moto	Road Atlanta Moto	Road Atlanta Moto	Road Atlanta Moto
	General_TrackDetails_SebringClub	Sebring Club	Sebring Club	Sebring Club	Sebring Club	Sebring Club	Sebring Club	Sebring Club	Sebring Club	Sebring Club	Sebring Club	Sebring Club	Sebring Club	Sebring Club	Sebring Club
	General_TrackDetails_SebringSchool	Sebring School	Sebring School	Sebring School	Sebring School	Sebring School	Sebring School	Sebring School	Sebring School	Sebring School	Sebring School	Sebring School	Sebring School	Sebring School	Sebring School
	General_TrackDetails_AdelaideModernSTT	Adelaide STT	Adelaide STT	Adelaide STT	Adelaide STT	UNTRANSLATED (1904213670): General_TrackDetails_AdelaideModernSTT	UNTRANSLATED (1904213670): General_TrackDetails_AdelaideModernSTT	UNTRANSLATED (1904213670): General_TrackDetails_AdelaideModernSTT	UNTRANSLATED (1904213670): General_TrackDetails_AdelaideModernSTT	Adelaide STT	Adelaida STT	UNTRANSLATED (1904213670): General_TrackDetails_AdelaideModernSTT	UNTRANSLATED (1904213670): General_TrackDetails_AdelaideModernSTT	UNTRANSLATED (1904213670): General_TrackDetails_AdelaideModernSTT	UNTRANSLATED (1904213670): General_TrackDetails_AdelaideModernSTT
	General_TrackDetails_ClevelandSTT	Cleveland STT	Cleveland STT	Cleveland STT	Cleveland STT	Cleveland STT	Cleveland STT	Cleveland STT	Cleveland STT	Cleveland STT	Cleveland STT	Cleveland STT	Cleveland STT	Cleveland STT	Cleveland STT
	General_TrackDetails_GuaporeSTT	Guaporé STT	Guaporé STT	Guaporé STT	Guaporé STT	Guaporé STT	UNTRANSLATED (305187094): General_TrackDetails_GuaporeSTT	UNTRANSLATED (305187094): General_TrackDetails_GuaporeSTT	UNTRANSLATED (305187094): General_TrackDetails_GuaporeSTT	Guaporé STT	Guaporé STT	Guaporé STT	UNTRANSLATED (305187094): General_TrackDetails_GuaporeSTT	UNTRANSLATED (305187094): General_TrackDetails_GuaporeSTT	UNTRANSLATED (305187094): General_TrackDetails_GuaporeSTT
	General_TrackDetails_HockenheimSTT	Hockenheim STT	Hockenheim STT	Hockenheim STT	Hockenheim STT	Hockenheim STT	Hockenheim STT	Hockenheim STT	Hockenheim STT	Hockenheim STT	Hockenheim STT	Hockenheim STT	호켄하임 내셔널	Hockenheim 国立赛道	Hockenheim 國立賽道
	General_TrackDetails_LongBeachSTT	Long Beach STT	Long Beach STT	Long Beach STT	Long Beach STT	Long Beach STT	Long Beach STT	Long Beach STT	Long Beach STT	Long Beach STT	Long Beach STT	Long Beach STT	롱비치	Long Beach STT	Long Beach
	General_TrackDetails_RoadAmericaSTT	Road America STT	Road America STT	Road America STT	Road America STT	Road America STT	Road America STT	Road America STT	Road America STT	Road America STT	Road America STT	Road America STT	로드 아메리카	Road America	Road America
	General_TrackDetails_SebringSTT	Sebring STT	Sebring STT	Sebring STT	Sebring STT	Sebring STT	Sebring STT	Sebring STT	Sebring STT	Sebring STT	Sebring STT	Sebring STT	Sebring STT	Sebring STT	Sebring STT
	General_TrackDetails_SpielbergSTT	Spielberg STT	Spielberg STT	Spielberg STT	Spielberg STT	Spielberg STT	UNTRANSLATED (351322193): General_TrackDetails_SpielbergSTT	UNTRANSLATED (351322193): General_TrackDetails_SpielbergSTT	UNTRANSLATED (351322193): General_TrackDetails_SpielbergSTT	Spielberg STT	Spielberg STT	UNTRANSLATED (351322193): General_TrackDetails_SpielbergSTT	UNTRANSLATED (351322193): General_TrackDetails_SpielbergSTT	UNTRANSLATED (351322193): General_TrackDetails_SpielbergSTT	UNTRANSLATED (351322193): General_TrackDetails_SpielbergSTT
	General_TrackDetails_VeloparkSTT	Velopark STT	Velopark STT	Velopark STT	Velopark STT	UNTRANSLATED (3401602572): General_TrackDetails_VeloparkSTT	UNTRANSLATED (3401602572): General_TrackDetails_VeloparkSTT	UNTRANSLATED (3401602572): General_TrackDetails_VeloparkSTT	UNTRANSLATED (3401602572): General_TrackDetails_VeloparkSTT	Velopark STT	Velopark STT	UNTRANSLATED (3401602572): General_TrackDetails_VeloparkSTT	UNTRANSLATED (3401602572): General_TrackDetails_VeloparkSTT	UNTRANSLATED (3401602572): General_TrackDetails_VeloparkSTT	UNTRANSLATED (3401602572): General_TrackDetails_VeloparkSTT
	General_TrackDetails_WatkinsGlenSTT	Watkins Glen STT	Watkins Glen STT	Watkins Glen STT	Watkins Glen STT	Watkins Glen STT	Watkins Glen STT	Watkins Glen STT	Watkins Glen STT	Watkins Glen STT	Watkins Glen STT	Watkins Glen STT	Watkins Glen STT	Watkins Glen STT	Watkins Glen STT
	General_TrackDetails_Monza2020STT	Monza STT	Monza STT	Monza STT	Monza STT	Monza STT	Monza STT	Monza STT	Monza STT	Monza STT	Monza STT	Monza STT	Monza STT	Monza STT	Monza STT
	General_TrackDetails_IbarraSTT	Autódromo Yahuarcocha STT	Autódromo Yahuarcocha STT	Autódromo Yahuarcocha STT	Autódromo Yahuarcocha STT	Autódromo Yahuarcocha STT	Autódromo Yahuarcocha STT	Autódromo Yahuarcocha STT	Autódromo Yahuarcocha STT	Autódromo Yahuarcocha STT	Autódromo Yahuarcocha STT	Autódromo Yahuarcocha STT	Autódromo Yahuarcocha STT	Autódromo Yahuarcocha STT	Autódromo Yahuarcocha STT
	General_TrackDetails_Nordschleife2025	Nordschleife 2025	Nordschleife 2025	Nordschleife 2025	Nordschleife 2025	Nordschleife 2025	Nordschleife 2025	Nordschleife 2025	Nordschleife 2025	Nordschleife 2025	Nordschleife 2025	Nordschleife 2025	Nordschleife 2025	Nordschleife 2025	Nordschleife 2025
	General_TrackDetails_Nordschleife202524hr	Nordschleife 24 Hour 2025	Nordschleife 2025 24 heures	UNTRANSLATED (1363942389): General_TrackDetails_Nordschleife202524hr	Nordschleife 24 Stunden 2025	UNTRANSLATED (1363942389): General_TrackDetails_Nordschleife202524hr	UNTRANSLATED (1363942389): General_TrackDetails_Nordschleife202524hr	UNTRANSLATED (1363942389): General_TrackDetails_Nordschleife202524hr	UNTRANSLATED (1363942389): General_TrackDetails_Nordschleife202524hr	24 Horas de Nordschleife 2025	Nordschleife 24 horas 2025	UNTRANSLATED (1363942389): General_TrackDetails_Nordschleife202524hr	UNTRANSLATED (1363942389): General_TrackDetails_Nordschleife202524hr	UNTRANSLATED (1363942389): General_TrackDetails_Nordschleife202524hr	UNTRANSLATED (1363942389): General_TrackDetails_Nordschleife202524hr
	General_TrackDetails_NurbGP2025	Nürburgring GP 2025	Nürburgring GP 2025	Nürburgring GP 2025	Nürburgring GP 2025	Nürburgring GP 2025	Nürburgring GP 2025	Nürburgring GP 2025	Nürburgring GP 2025	Nürburgring GP 2025	Nürburgring GP 2025	Nürburgring GP 2025	Nürburgring GP 2025	Nürburgring GP 2025	Nürburgring GP 2025
	General_TrackDetails_Nurburgring2025	Nürburgring	Nürburgring	Nürburgring	Nürburgring	Nürburgring	Nürburgring	Nürburgring	Nürburgring	Nürburgring	Nürburgring	Nürburgring	Nürburgring	Nürburgring	Nürburgring
	General_TrackDetails_PoconoOVAL	Pocono Oval	Pocono Oval	Pocono Oval	Pocono Oval	Pocono Oval	Pocono Oval	Pocono Oval	Pocono Oval	Pocono Oval	Pocono Oval	Pocono Oval	Pocono Oval	Pocono Oval	Pocono Oval
	General_TrackDetails_PoconoRC1	Pocono North/South Course 1	Pocono North/South Course 1	Pocono North/South Course 1	Pocono North/South Course 1	Pocono North/South Course 1	Pocono North/South Course 1	Pocono North/South Course 1	Pocono North/South Course 1	Pocono North/South Course 1	Pocono North/South Course 1	Pocono North/South Course 1	Pocono North/South Course 1	Pocono North/South Course 1	Pocono North/South Course 1
	General_TrackDetails_PoconoRC3	Pocono North/South Course 1 (No Chicane)	Pocono North/South Course 1 (No Chicane)	Pocono North/South Course 1 (No Chicane)	Pocono North/South Course 1 (No Chicane)	Pocono North/South Course 1 (No Chicane)	Pocono North/South Course 1 (No Chicane)	Pocono North/South Course 1 (No Chicane)	Pocono North/South Course 1 (No Chicane)	Pocono North/South Course 1 (No Chicane)	Pocono North/South Course 1 (No Chicane)	Pocono North/South Course 1 (No Chicane)	Pocono North/South Course 1 (No Chicane)	Pocono North/South Course 1 (No Chicane)	Pocono North/South Course 1 (No Chicane)
	General_TrackDetails_PoconoRC2	Pocono North/South Course 2	Pocono North/South Course 2	Pocono North/South Course 2	Pocono North/South Course 2	Pocono North/South Course 2	Pocono North/South Course 2	Pocono North/South Course 2	Pocono North/South Course 2	Pocono North/South Course 2	Pocono North/South Course 2	Pocono North/South Course 2	Pocono North/South Course 2	Pocono North/South Course 2	Pocono North/South Course 2
	General_TrackDetails_PoconoRC4	Pocono Southeast Course 1	Pocono Southeast Course 1	Pocono Southeast Course 1	Pocono Southeast Course 1	Pocono Southeast Course 1	Pocono Southeast Course 1	Pocono Southeast Course 1	Pocono Southeast Course 1	Pocono Southeast Course 1	Pocono Southeast Course 1	Pocono Southeast Course 1	Pocono Southeast Course 1	Pocono Southeast Course 1	Pocono Southeast Course 1
	General_TrackDetails_PoconoRC5	Pocono East Course 1	Pocono East Course 1	Pocono East Course 1	Pocono East Course 1	Pocono East Course 1	Pocono East Course 1	Pocono East Course 1	Pocono East Course 1	Pocono East Course 1	Pocono East Course 1	Pocono East Course 1	Pocono East Course 1	Pocono East Course 1	Pocono East Course 1
	General_TrackDetails_PoconoRC6	Pocono Southeast Course 5	Pocono Southeast Course 5	Pocono Southeast Course 5	Pocono Southeast Course 5	Pocono Southeast Course 5	Pocono Southeast Course 5	Pocono Southeast Course 5	Pocono Southeast Course 5	Pocono Southeast Course 5	Pocono Southeast Course 5	Pocono Southeast Course 5	Pocono Southeast Course 5	Pocono Southeast Course 5	Pocono Southeast Course 5
	General_TrackDetails_FontanaOVALHistoric	Fontana Oval Historic	Fontana Oval Historic	UNTRANSLATED (1004804883): General_TrackDetails_FontanaOVALHistoric	Fontana Oval Historisch	UNTRANSLATED (1004804883): General_TrackDetails_FontanaOVALHistoric	UNTRANSLATED (1004804883): General_TrackDetails_FontanaOVALHistoric	UNTRANSLATED (1004804883): General_TrackDetails_FontanaOVALHistoric	UNTRANSLATED (1004804883): General_TrackDetails_FontanaOVALHistoric	Fontana Oval Histórica	Fontana Oval Histórico	UNTRANSLATED (1004804883): General_TrackDetails_FontanaOVALHistoric	UNTRANSLATED (1004804883): General_TrackDetails_FontanaOVALHistoric	UNTRANSLATED (1004804883): General_TrackDetails_FontanaOVALHistoric	UNTRANSLATED (1004804883): General_TrackDetails_FontanaOVALHistoric
	General_TrackDetails_LeMans24h2005	Circuit des 24 Heures du Mans Historic 2005	Circuit des 24 Heures du Mans Historic 2005	UNTRANSLATED (4182247874): General_TrackDetails_LeMans24h2005	Circuit des 24 Heures du Mans Historisch 2005	UNTRANSLATED (4182247874): General_TrackDetails_LeMans24h2005	UNTRANSLATED (4182247874): General_TrackDetails_LeMans24h2005	UNTRANSLATED (4182247874): General_TrackDetails_LeMans24h2005	UNTRANSLATED (4182247874): General_TrackDetails_LeMans24h2005	Circuit des 24 Heures du Mans Histórica 2005	Circuit des 24 Heures du Mans Histórico 2005	UNTRANSLATED (4182247874): General_TrackDetails_LeMans24h2005	UNTRANSLATED (4182247874): General_TrackDetails_LeMans24h2005	UNTRANSLATED (4182247874): General_TrackDetails_LeMans24h2005	UNTRANSLATED (4182247874): General_TrackDetails_LeMans24h2005
	General_TrackDetails_RoadAtlanta2005	Road Atlanta Historic 2005	Road Atlanta Historic 2005	UNTRANSLATED (1872617613): General_TrackDetails_RoadAtlanta2005	Road Atlanta Historisch 2005	UNTRANSLATED (1872617613): General_TrackDetails_RoadAtlanta2005	UNTRANSLATED (1872617613): General_TrackDetails_RoadAtlanta2005	UNTRANSLATED (1872617613): General_TrackDetails_RoadAtlanta2005	UNTRANSLATED (1872617613): General_TrackDetails_RoadAtlanta2005	Road Atlanta Histórica 2005	Road Atlanta Histórico 2005	UNTRANSLATED (1872617613): General_TrackDetails_RoadAtlanta2005	UNTRANSLATED (1872617613): General_TrackDetails_RoadAtlanta2005	UNTRANSLATED (1872617613): General_TrackDetails_RoadAtlanta2005	UNTRANSLATED (1872617613): General_TrackDetails_RoadAtlanta2005
	General_TrackDetails_SpaFrancorchamps2005	Spa-Francorchamps Historic 2005	Spa-Francorchamps Historic 2005	Spa-Francorchamps Historic 2005	Spa-Francorchamps Historisch 2005	Spa-Francorchamps Historic 2005	Spa-Francorchamps Historic 2005	Spa-Francorchamps Historic 2005	Spa-Francorchamps Historic 2005	Spa-Francorchamps Histórica 2005	Spa-Francorchamps Histórico 2005	Spa-Francorchamps Historic 2005	스파프랑코르샹	Spa-Francorchamps Historic 2005	Spa-Francorchamps Historic 2005
	General_TrackDetails_SpaFrancorchamps2005EC	Spa-Francorchamps Historic 2005 Endurance	Spa-Francorchamps Historic 2005 Endurance	Spa-Francorchamps Historic 2005 Endurance	Spa-Francorchamps Historisch 2005 Endurance	Spa-Francorchamps Historic 2005 Resistencia	Spa-Francorchamps Historic 2005 Endurance	Spa-Francorchamps Historic 2005 Endurance	Spa-Francorchamps Historic 2005 Endurance	Spa-Francorchamps Histórica 2005 Endurance	Spa-Francorchamps Histórico 2005 Resistencia	Spa-Francorchamps Historic 2005 Endurance	스파프랑코르샹	Spa-Francorchamps Historic 2005 Endurance	Spa-Francorchamps Historic 2005 Endurance
	General_TrackDetails_RoadAtlanta2005short	Road Atlanta Historic 2005 Short	Road Atlanta Historic 2005 Short	UNTRANSLATED (2937161990): General_TrackDetails_RoadAtlanta2005short	Road Atlanta Historisch 2005 Short	UNTRANSLATED (2937161990): General_TrackDetails_RoadAtlanta2005short	UNTRANSLATED (2937161990): General_TrackDetails_RoadAtlanta2005short	UNTRANSLATED (2937161990): General_TrackDetails_RoadAtlanta2005short	UNTRANSLATED (2937161990): General_TrackDetails_RoadAtlanta2005short	Road Atlanta Histórica 2005 Short	Road Atlanta Histórico 2005 Short	UNTRANSLATED (2937161990): General_TrackDetails_RoadAtlanta2005short	UNTRANSLATED (2937161990): General_TrackDetails_RoadAtlanta2005short	UNTRANSLATED (2937161990): General_TrackDetails_RoadAtlanta2005short	UNTRANSLATED (2937161990): General_TrackDetails_RoadAtlanta2005short
	General_TrackDetails_Nordschleife2025tourist	Nordschleife Tourist 2025	Nordschleife Tourist 2025	Nordschleife Tourist 2025	Nordschleife Tourist 2025	Nordschleife Tourist 2025	Nordschleife Tourist 2025	Nordschleife Tourist 2025	Nordschleife Tourist 2025	Nordschleife Tourist 2025	Nordschleife Tourist 2025	Nordschleife Tourist 2025	Nordschleife Tourist 2025	Nordschleife Tourist 2025	Nordschleife Tourist 2025
	General_TrackDetails_HungaroringGP2025	Hungaroring GP 2025	Hungaroring GP 2025	Hungaroring GP 2025	Hungaroring GP 2025	Hungaroring GP 2025	Hungaroring GP 2025	Hungaroring GP 2025	Hungaroring GP 2025	Hungaroring GP 2025	Hungaroring GP 2025	Hungaroring GP 2025	Hungaroring GP 2025	Hungaroring GP 2025	Hungaroring GP 2025
	General_TrackDetails_BarcelonaGP1999	Circuit de Barcelona-Catalunya Historic 1999	Circuit de Barcelona-Catalunya Historique 1999	Circuit de Barcelona-Catalunya Storico 1999	Circuit de Barcelona-Catalunya Historic 1999	Circuit de Barcelona-Catalunya Histórico 1999	Circuit de Barcelona-Catalunya GP 1999	Circuit de Barcelona-Catalunya GP 1999	Circuit de Barcelona-Catalunya（GPコース） 1999	Circuit de Barcelona-Catalunya Histórica 1999	Circuito de Barcelona-Cataluña Histórico 1999	Circuit de Barcelona-Catalunya Historique 1999	바르셀로나-카탈루냐 서킷 GP 1999	Circuit de Barcelona-Catalunya GP赛道 1999	Circuit de Barcelona-Catalunya GP賽道 1999
	General_TrackDetails_BarcelonaGP2001	Circuit de Barcelona-Catalunya Historic 2001	Circuit de Barcelona-Catalunya Historique 2001	Circuit de Barcelona-Catalunya Storico 2001	Circuit de Barcelona-Catalunya Historic 2001	Circuit de Barcelona-Catalunya Histórico 2001	Circuit de Barcelona-Catalunya GP 2001	Circuit de Barcelona-Catalunya GP 2001	Circuit de Barcelona-Catalunya（GPコース） 2001	Circuit de Barcelona-Catalunya Histórica 2001	Circuito de Barcelona-Cataluña Histórico 2001	Circuit de Barcelona-Catalunya Historique 2001	바르셀로나-카탈루냐 서킷 GP 2001	Circuit de Barcelona-Catalunya GP赛道 2001	Circuit de Barcelona-Catalunya GP賽道 2001
	General_TrackDetails_Spielberg2001	Spielberg Historic 2001	Spielberg Historic 2001	UNTRANSLATED (244804168): General_TrackDetails_Spielberg2001	Spielberg Historisch 2001	UNTRANSLATED (244804168): General_TrackDetails_Spielberg2001	UNTRANSLATED (244804168): General_TrackDetails_Spielberg2001	UNTRANSLATED (244804168): General_TrackDetails_Spielberg2001	UNTRANSLATED (244804168): General_TrackDetails_Spielberg2001	Spielberg Histórica 2001	Spielberg Histórico 2001	UNTRANSLATED (244804168): General_TrackDetails_Spielberg2001	UNTRANSLATED (244804168): General_TrackDetails_Spielberg2001	UNTRANSLATED (244804168): General_TrackDetails_Spielberg2001	UNTRANSLATED (244804168): General_TrackDetails_Spielberg2001
	General_TrackDetails_ImolaGP2005	Imola Historic 2005	Imola Historic 2005	UNTRANSLATED (2002140139): General_TrackDetails_ImolaGP2005	Imola Historisch 2005	UNTRANSLATED (2002140139): General_TrackDetails_ImolaGP2005	UNTRANSLATED (2002140139): General_TrackDetails_ImolaGP2005	UNTRANSLATED (2002140139): General_TrackDetails_ImolaGP2005	UNTRANSLATED (2002140139): General_TrackDetails_ImolaGP2005	Imola Histórica 2005	Imola Histórico 2005	UNTRANSLATED (2002140139): General_TrackDetails_ImolaGP2005	UNTRANSLATED (2002140139): General_TrackDetails_ImolaGP2005	UNTRANSLATED (2002140139): General_TrackDetails_ImolaGP2005	UNTRANSLATED (2002140139): General_TrackDetails_ImolaGP2005
	General_TrackDetails_Monza2005	Monza Historic 2005	Monza Historic 2005	UNTRANSLATED (426070489): General_TrackDetails_Monza2005	Monza Historisch 2005	UNTRANSLATED (426070489): General_TrackDetails_Monza2005	UNTRANSLATED (426070489): General_TrackDetails_Monza2005	UNTRANSLATED (426070489): General_TrackDetails_Monza2005	UNTRANSLATED (426070489): General_TrackDetails_Monza2005	Monza Histórica 2005	Monza Histórico 2005	UNTRANSLATED (426070489): General_TrackDetails_Monza2005	UNTRANSLATED (426070489): General_TrackDetails_Monza2005	UNTRANSLATED (426070489): General_TrackDetails_Monza2005	UNTRANSLATED (426070489): General_TrackDetails_Monza2005
	General_TrackDetails_Indianapolis2001Oval	Indianapolis Motor Speedway Historic 2001 Oval	Indianapolis Motor Speedway Historique 2001 Oval	UNTRANSLATED (1063282588): General_TrackDetails_Indianapolis2001Oval	Indianapolis Motor Speedway Historisch 2001 Oval	UNTRANSLATED (1063282588): General_TrackDetails_Indianapolis2001Oval	UNTRANSLATED (1063282588): General_TrackDetails_Indianapolis2001Oval	UNTRANSLATED (1063282588): General_TrackDetails_Indianapolis2001Oval	UNTRANSLATED (1063282588): General_TrackDetails_Indianapolis2001Oval	Indianapolis Motor Speedway Histórica 2001 Oval	Indianapolis Motor Speedway Histórico 2001 Oval	UNTRANSLATED (1063282588): General_TrackDetails_Indianapolis2001Oval	UNTRANSLATED (1063282588): General_TrackDetails_Indianapolis2001Oval	UNTRANSLATED (1063282588): General_TrackDetails_Indianapolis2001Oval	UNTRANSLATED (1063282588): General_TrackDetails_Indianapolis2001Oval
	General_TrackDetails_Indianapolis2001RC	Indianapolis Motor Speedway Historic 2001 Road	Indianapolis Motor Speedway Historique 2001 Road	UNTRANSLATED (366762873): General_TrackDetails_Indianapolis2001RC	Indianapolis Motor Speedway Historisch 2001 Road	UNTRANSLATED (366762873): General_TrackDetails_Indianapolis2001RC	UNTRANSLATED (366762873): General_TrackDetails_Indianapolis2001RC	UNTRANSLATED (366762873): General_TrackDetails_Indianapolis2001RC	UNTRANSLATED (366762873): General_TrackDetails_Indianapolis2001RC	Indianapolis Motor Speedway Histórica 2001 Road	Indianapolis Motor Speedway Histórico 2001 Road	UNTRANSLATED (366762873): General_TrackDetails_Indianapolis2001RC	UNTRANSLATED (366762873): General_TrackDetails_Indianapolis2001RC	UNTRANSLATED (366762873): General_TrackDetails_Indianapolis2001RC	UNTRANSLATED (366762873): General_TrackDetails_Indianapolis2001RC
	General_MotorsportPresets_RallyCross	RALLYCROSS	RALLYCROSS	RALLYCROSS	RALLYCROSS	RALLYCROSS	РАЛЛИ-КРОСС	RALLYCROSS	ラリークロス	RALLYCROSS	RALLYCROSS	RALLYCROSS	랠리크로스	场地拉力赛	場地拉力賽
	General_MotorsportPresets_IndyCar	INDYCAR	INDYCAR	INDYCAR	INDYCAR	INDYCAR	INDYCAR	INDYCAR	インディカー	INDYCAR	INDYCAR	INDYCAR	인디카	INDY赛车	INDY賽車
	General_MotorsportPresets_GT	GT	GT	GT	GT	GT	GT	GT	GT	GT	GT	GT	GT	GT	GT
	General_MotorsportPresets_Endurance	ENDURANCE	ENDURANCE	ENDURANCE	ENDURANCE	ENDURANCE	ENDURANCE	ENDURANCE	ENDURANCE	ENDURANCE	ENDURANCE	ENDURANCE	ENDURANCE	ENDURANCE	ENDURANCE
	General_MotorsportPresets_Prototypes	PROTOTYPES	PROTOTYPES	PROTOTIPO	PROTOTYPEN	PROTOTIPOS	ПРОТОТИПЫ	PROTOTYPY	プロトタイプ	PROTÓTIPOS	PROTOTIPOS	PROTOTYPES	프로토타입	原型车	原型車
	General_MotorsportPresets_OpenWheeler	OPEN WHEELER	MONOPLACE	MONOPOSTO	OPEN-WHEEL	MONOPLAZA	ФОРМУЛА	BOLIDY	オープンホイール	MONOPOSTO	MONOPLAZAS	MONOPLACE	오픈휠	开轮式赛车	輪胎外露式賽車
	General_MotorsportPresets_Touring	TOURING CAR	TOURISME	TOURING CAR	TOURENWAGEN	TURISMO	ТУРИНГ	TOURING	ツーリングカー	CARRO DE TURISMO	TURISMO	TOURISME	투어링 카	房车	房車
	General_MotorsportPresets_Trackday	TRACKDAY	TRACKDAY	GIORNATA IN PISTA	TRACKDAY	TANDA EN CIRCUITO	ТРЕК-ДЕНЬ	TRACKDAY	トラックデイ	TRACK DAY	TRACKDAY	TRACKDAY	트랙 데이	赛道日	賽道日
	General_MotorsportPresets_Road	ROAD	PISTE	STRADA	STRASSE	CARRETERA	КОЛЬЦЕВЫЕ ГОНКИ	DROGOWE	ロード	ESTRADA	CARRETERA	PISTE	로드	街车	路車
	General_MotorsportPresets_Karts	KARTS	KARTS	KART	KARTS	KARTS	КАРТЫ	KARTING	カート	KARTS	KARTS	KARTS	카트	卡丁车	卡丁車
	General_MotorsportPresets_FormulaUltimate2022	Formula Ultimate Gen2	Formula Ultimate Gen2	Formula Ultimate Gen2	Formula Ultimate Gen2	Formula Ultimate Gen2	Formula Ultimate Gen2	Formula Ultimate Gen2	Formula Ultimate Gen2	Formula Ultimate Gen2	Formula Ultimate Gen2	Formula Ultimate Gen2	Formula Ultimate Gen2	Formula Ultimate Gen2	Formula Ultimate Gen2
	General_MotorsportPresets_FormulaUltimate2019	Formula Ultimate Gen1	Formula Ultimate Gen1	Formula Ultimate Gen1	Formula Ultimate Gen1	Formula Ultimate Gen1	Formula Ultimate Gen1	Formula Ultimate Gen1	Formula Ultimate Gen1	Formula Ultimate Gen1	Formula Ultimate Gen1	Formula Ultimate Gen1	Formula Ultimate Gen1	Formula Ultimate Gen1	Formula Ultimate Gen1
	General_MotorsportPresets_FormulaReiza	Formula Reiza	Formula Reiza	Formula Reiza	Formula Reiza	Formula Reiza	Formula Reiza	Formula Reiza	Formula Reiza	Formula Reiza	Formula Reiza	Formula Reiza	Formula Reiza	Formula Reiza	Formula Reiza
	General_MotorsportPresets_GermanGroupA	German Group A	German Group A	German Group A	German Group A	German Group A	German Group A	German Group A	German Group A	German Group A	German Group A	German Group A	German Group A	German Group A	German Group A
	General_MotorsportPresets_BMWM1Procar	BMW M1 Procar	BMW M1 Procar	BMW M1 Procar	BMW M1 Procar	BMW M1 Procar	BMW M1 Procar	BMW M1 Procar	BMW M1 Procar	BMW M1 Procar	BMW M1 Procar	BMW M1 Procar	BMW M1 Procar	BMW M1 Procar	BMW M1 Procar
	General_MotorsportPresets_FormulaRetro	Formula Retro	Formula Retro	Formula Retro	Formula Retro	Formula Retro	Formula Retro	Formula Retro	Formula Retro	Formula Retro	Formula Retro	Formula Retro	Formula Retro	Formula Retro	Formula Retro
	General_MotorsportPresets_FormulaUltimateSprint2022	Formula Ultimate Gen2 Short	Formula Ultimate Gen2 Short	Formula Ultimate Gen2 Short	Formula Ultimate Gen2 Short	Formula Ultimate Gen2 Short	Formula Ultimate Gen2 Short	Formula Ultimate Gen2 Short	Formula Ultimate Gen2 Short	Formula Ultimate Gen2 Short	Formula Ultimate Gen2 Short	Formula Ultimate Gen2 Short	Formula Ultimate Gen2 Short	Formula Ultimate Gen2 Short	Formula Ultimate Gen2 Short
	General_MotorsportPresets_GroupC	Group C	Group C	Group C	Group C	Group C	Group C	Group C	Group C	Group C	Group C	Group C	Group C	Group C	Group C
	General_MotorsportPresets_GT1	GT1	GT1	GT1	GT1	GT1	GT1	GT1	GT1	GT1	GT1	GT1	GT1	GT1	GT1
	General_MotorsportPresets_GTClassic	GT Classic	GT Classic	GT Classic	GT Classic	GT Classic	GT Classic	GT Classic	GT Classic	GT Classic	GT Classic	GT Classic	GT Classic	GT Classic	GT Classic
	General_MotorsportPresets_GTOpen	GT Open	GT Open	GT Open	GT Open	GT Open	GT Open	GT Open	GT Open	GT Open	GT Open	GT Open	GT Open	GT Open	GT Open
	General_MotorsportPresets_SV8EnduroCup	Super V8 Enduro	Super V8 Enduro	Super V8 Enduro	Super V8 Enduro	Super V8 Enduro	Super V8 Enduro	Super V8 Enduro	Super V8 Enduro	Super V8 Enduro	Super V8 Enduro	Super V8 Enduro	Super V8 Enduro	Super V8 Enduro	Super V8 Enduro
	General_MotorsportPresets_SV8SuperStreet	Super V8 Street	Super V8 Street	Super V8 Street	Super V8 Street	Super V8 Street	Super V8 Street	Super V8 Street	Super V8 Street	Super V8 Street	Super V8 Street	Super V8 Street	Super V8 Street	Super V8 Street	Super V8 Street
	General_MotorsportPresets_GTE	GTE	GTE	GTE	GTE	GTE	GTE	GTE	GTE	GTE	GTE	GTE	GTE	GTE	GTE
	General_MotorsportPresets_FormulaClassic	Formula Classic	Formula Classic	Formula Classic	Formula Classic	Formula Classic	Formula Classic	Formula Classic	Formula Classic	Formula Classic	Formula Classic	Formula Classic	Formula Classic	Formula Classic	Formula Classic
	General_MotorsportPresets_FormulaV12	Formula V12	Formula V12	Formula V12	Formula V12	Formula V12	Formula V12	Formula V12	Formula V12	Formula V12	Formula V12	Formula V12	Formula V12	Formula V12	Formula V12
	General_MotorsportPresets_FormulaV10	Formula V10	Formula V10	Formula V10	Formula V10	Formula V10	Formula V10	Formula V10	Formula V10	Formula V10	Formula V10	Formula V10	Formula V10	Formula V10	Formula V10
	General_MotorsportPresets_DPi	DPi	DPi	DPi	DPi	DPi	DPi	DPi	DPi	DPi	DPi	DPi	DPi	DPi	DPi
	General_MotorsportPresets_GT3	GT3	GT3	GT3	GT3	GT3	GT3	GT3	GT3	GT3	GT3	GT3	GT3	GT3	GT3
	General_MotorsportPresets_DPiGTEGT3	DPi + GTE + GT3	DPi + GTE + GT3	DPi + GTE + GT3	DPi + GTE + GT3	DPi + GTE + GT3	DPi + GTE + GT3	DPi + GTE + GT3	DPi + GTE + GT3	DPi + GTE + GT3	DPi + GTE + GT3	DPi + GTE + GT3	DPi + GTE + GT3	DPi + GTE + GT3	DPi + GTE + GT3
	General_MotorsportPresets_FormulaVintage	Formula Vintage	Formula Vintage	Formula Vintage	Formula Vintage	Formula Vintage	Formula Vintage	Formula Vintage	Formula Vintage	Formula Vintage	Formula Vintage	Formula Vintage	Formula Vintage	Formula Vintage	Formula Vintage
	General_MotorsportPresets_StockCarBrasil20202022	Stock Car Brasil 2020-2022	Stock Car Brasil 2020-2022	Stock Car Brasil 2020-2022	Stock Car Brasil 2020-2022	Stock Car Brasil 2020-2022	Stock Car Brasil 2020-2022	Stock Car Brasil 2020-2022	Stock Car Brasil 2020-2022	Stock Car Brasil 2020-2022	Stock Car Brasil 2020-2022	Stock Car Brasil 2020-2022	Stock Car Brasil 2020-2022	Stock Car Brasil 2020-2022	Stock Car Brasil 2020-2022
	General_MotorsportPresets_GT4	GT4	GT4	GT4	GT4	GT4	GT4	GT4	GT4	GT4	GT4	GT4	GT4	GT4	GT4
	General_MotorsportPresets_GT4Supercup	Ginetta GT4 Supercup	Ginetta GT4 Supercup	Ginetta GT4 Supercup	Ginetta GT4 Supercup	Ginetta GT4 Supercup	Ginetta GT4 Supercup	Ginetta GT4 Supercup	Ginetta GT4 Supercup	Ginetta GT4 Supercup	Ginetta GT4 Supercup	Ginetta GT4 Supercup	Ginetta GT4 Supercup	Ginetta GT4 Supercup	Ginetta GT4 Supercup
	General_MotorsportPresets_FormulaUSAHistoricRoad	Formula USA Gen1-3	Formula USA Gen1-3	Formula USA Gen1-3	Formula USA Gen1-3	Formula USA Gen1-3	Formula USA Gen1-3	Formula USA Gen1-3	Formula USA Gen1-3	Formula USA Gen1-3	Formula USA Gen1-3	Formula USA Gen1-3	Formula USA Gen1-3	Formula USA Gen1-3	Formula USA Gen1-3
	General_MotorsportPresets_FormulaUSAHistoricOval	Formula USA Gen1-3 (Oval)	Formula USA Gen1-3 (Oval)	Formula USA Gen1-3 (Oval)	Formula USA Gen1-3 (Oval)	Formula USA Gen1-3 (Oval)	Formula USA Gen1-3 (Oval)	Formula USA Gen1-3 (Oval)	Formula USA Gen1-3 (Oval)	Formula USA Gen1-3 (Oval)	Formula USA Gen1-3 (Oval)	Formula USA Gen1-3 (Oval)	Formula USA Gen1-3 (Oval)	Formula USA Gen1-3 (Oval)	Formula USA Gen1-3 (Oval)
	General_MotorsportPresets_PorscheGT3Cup	Porsche GT3 Cup	Porsche GT3 Cup	Porsche GT3 Cup	Porsche GT3 Cup	Porsche GT3 Cup	Porsche GT3 Cup	Porsche GT3 Cup	Porsche GT3 Cup	Porsche GT3 Cup	Porsche GT3 Cup	Porsche GT3 Cup	Porsche GT3 Cup	Porsche GT3 Cup	Porsche GT3 Cup
	General_MotorsportPresets_GinettaG40Cup	Ginetta G40 Cup	Ginetta G40 Cup	Ginetta G40 Cup	Ginetta G40 Cup	Ginetta G40 Cup	Ginetta G40 Cup	Ginetta G40 Cup	Ginetta G40 Cup	Ginetta G40 Cup	Ginetta G40 Cup	Ginetta G40 Cup	Ginetta G40 Cup	Ginetta G40 Cup	Ginetta G40 Cup
	General_MotorsportPresets_MINIJCW	MINI JCW Challenge	MINI JCW Challenge	MINI JCW Challenge	MINI JCW Challenge	MINI JCW Challenge	MINI JCW Challenge	MINI JCW Challenge	MINI JCW Challenge	MINI JCW Challenge	MINI JCW Challenge	MINI JCW Challenge	MINI JCW Challenge	MINI JCW Challenge	MINI JCW Challenge
	General_MotorsportPresets_CopaTruck	Copa Truck	Copa Truck	Copa Truck	Copa Truck	Copa Truck	Copa Truck	Copa Truck	Copa Truck	Copa Truck	Copa Truck	Copa Truck	Copa Truck	Copa Truck	Copa Truck
	General_MotorsportPresets_GT5	GT5	GT5	GT5	GT5	GT5	GT5	GT5	GT5	GT5	GT5	GT5	GT5	GT5	GT5
	General_MotorsportPresets_SprintRace	SprintRace	SprintRace	SprintRace	SprintRace	SprintRace	SprintRace	SprintRace	SprintRace	SprintRace	SprintRace	SprintRace	SprintRace	SprintRace	SprintRace
	General_MotorsportPresets_CopaMontana	Copa Montana	Copa Montana	Copa Montana	Copa Montana	Copa Montana	Copa Montana	Copa Montana	Copa Montana	Copa Montana	Copa Montana	Copa Montana	Copa Montana	Copa Montana	Copa Montana
	General_MotorsportPresets_Formula3Brasil	Formula 3 Brasil	Formula 3 Brasil	Formula 3 Brasil	Formula 3 Brasil	Formula 3 Brasil	Formula 3 Brasil	Formula 3 Brasil	Formula 3 Brasil	Formula 3 Brasil	Formula 3 Brasil	Formula 3 Brasil	Formula 3 Brasil	Formula 3 Brasil	Formula 3 Brasil
	General_MotorsportPresets_FormulaVeeBrazil	Formula Vee Brazil	Formula Vee Brazil	Formula Vee Brazil	Formula Vee Brazil	Formula Vee Brazil	Formula Vee Brazil	Formula Vee Brazil	Formula Vee Brazil	Formula Vee Brazil	Formula Vee Brazil	Formula Vee Brazil	Formula Vee Brazil	Formula Vee Brazil	Formula Vee Brazil
	General_MotorsportPresets_CopaClassic	Copa Classic	Copa Classic	Copa Classic	Copa Classic	Copa Classic	Copa Classic	Copa Classic	Copa Classic	Copa Classic	Copa Classic	Copa Classic	Copa Classic	Copa Classic	Copa Classic
	General_MotorsportPresets_VTCT1	Vintage Touring Car Tier 1	Vintage Touring Car Tier 1	Vintage Touring Car Tier 1	Vintage Touring Car Tier 1	Vintage Touring Car Tier 1	Vintage Touring Car Tier 1	Vintage Touring Car Tier 1	Vintage Touring Car Tier 1	Vintage Touring Car Tier 1	Vintage Touring Car Tier 1	Vintage Touring Car Tier 1	Vintage Touring Car Tier 1	Vintage Touring Car Tier 1	Vintage Touring Car Tier 1
	General_MotorsportPresets_OldStockRace	Old Stock Race	Old Stock Race	Old Stock Race	Old Stock Race	Old Stock Race	Old Stock Race	Old Stock Race	Old Stock Race	Old Stock Race	Old Stock Race	Old Stock Race	Old Stock Race	Old Stock Race	Old Stock Race
	General_MotorsportPresets_CaterhamAcademy	Caterham Academy	Caterham Academy	Caterham Academy	Caterham Academy	Caterham Academy	Caterham Academy	Caterham Academy	Caterham Academy	Caterham Academy	Caterham Academy	Caterham Academy	Caterham Academy	Caterham Academy	Caterham Academy
	General_MotorsportPresets_ARCCamaro	ARC Camaro	ARC Camaro	ARC Camaro	ARC Camaro	ARC Camaro	ARC Camaro	ARC Camaro	ARC Camaro	ARC Camaro	ARC Camaro	ARC Camaro	ARC Camaro	ARC Camaro	ARC Camaro
	General_MotorsportPresets_EnduranceBrasil3Hrs	Endurance Brasil 2019	Endurance Brasil 2019	Endurance Brasil 2019	Endurance Brasil 2019	Endurance Brasil 2019	Endurance Brasil 2019	Endurance Brasil 2019	Endurance Brasil 2019	Endurance Brasil 2019	Endurance Brasil 2019	Endurance Brasil 2019	Endurance Brasil 2019	Endurance Brasil 2019	Endurance Brasil 2019
	General_MotorsportPresets_EnduranceBrasil4Hrs	Endurance Brasil 2020-2022	Endurance Brasil 2020-2022	Endurance Brasil 2020-2022	Endurance Brasil 2020-2022	Endurance Brasil 2020-2022	Endurance Brasil 2020-2022	Endurance Brasil 2020-2022	Endurance Brasil 2020-2022	Endurance Brasil 2020-2022	Endurance Brasil 2020-2022	Endurance Brasil 2020-2022	Endurance Brasil 2020-2022	Endurance Brasil 2020-2022	Endurance Brasil 2020-2022
	General_MotorsportPresets_StockCarBrasil2019	Stock Car Brasil 2019	Stock Car Brasil 2019	Stock Car Brasil 2019	Stock Car Brasil 2019	Stock Car Brasil 2019	Stock Car Brasil 2019	Stock Car Brasil 2019	Stock Car Brasil 2019	Stock Car Brasil 2019	Stock Car Brasil 2019	Stock Car Brasil 2019	Stock Car Brasil 2019	Stock Car Brasil 2019	Stock Car Brasil 2019
	General_MotorsportPresets_FormulaInter	Formula Inter	Formula Inter	Formula Inter	Formula Inter	Formula Inter	Formula Inter	Formula Inter	Formula Inter	Formula Inter	Formula Inter	Formula Inter	Formula Inter	Formula Inter	Formula Inter
	General_MotorsportPresets_StockCarBrasil20202023	Stock Car Brasil 2020-2023	Stock Car Brasil 2020-2023	Stock Car Brasil 2020-2023	Stock Car Brasil 2020-2023	Stock Car Brasil 2020-2023	Stock Car Brasil 2020-2023	Stock Car Brasil 2020-2023	Stock Car Brasil 2020-2023	Stock Car Brasil 2020-2023	Stock Car Brasil 2020-2023	Stock Car Brasil 2020-2023	Stock Car Brasil 2020-2023	Stock Car Brasil 2020-2023	Stock Car Brasil 2020-2023
	General_MotorsportPresets_StockCarBrasil20202023	Stock Car Brasil 2020-2023	Stock Car Brasil 2020-2023	Stock Car Brasil 2020-2023	Stock Car Brasil 2020-2023	Stock Car Brasil 2020-2023	Stock Car Brasil 2020-2023	Stock Car Brasil 2020-2023	Stock Car Brasil 2020-2023	Stock Car Brasil 2020-2023	Stock Car Brasil 2020-2023	Stock Car Brasil 2020-2023	Stock Car Brasil 2020-2023	Stock Car Brasil 2020-2023	Stock Car Brasil 2020-2023
	General_MotorsportPresets_FormulaHiTechGen1	Formula HiTech Gen1	Formula HiTech Gen1	Formula HiTech Gen1	Formula HiTech Gen1	Formula HiTech Gen1	Formula HiTech Gen1	Formula HiTech Gen1	Formula HiTech Gen1	Formula HiTech Gen1	Formula HiTech Gen1	Formula HiTech Gen1	Formula HiTech Gen1	Formula HiTech Gen1	Formula HiTech Gen1
	General_MotorsportPresets_FormulaHiTechGen2	Formula HiTech Gen2	Formula HiTech Gen2	Formula HiTech Gen2	Formula HiTech Gen2	Formula HiTech Gen2	Formula HiTech Gen2	Formula HiTech Gen2	Formula HiTech Gen2	Formula HiTech Gen2	Formula HiTech Gen2	Formula HiTech Gen2	Formula HiTech Gen2	Formula HiTech Gen2	Formula HiTech Gen2
	General_MotorsportPresets_EnduranceBrasilGen24Hrs	Endurance Brasil 2023	Endurance Brasil 2023	Endurance Brasil 2023	Endurance Brasil 2023	Endurance Brasil 2023	Endurance Brasil 2023	Endurance Brasil 2023	Endurance Brasil 2023	Endurance Brasil 2023	Endurance Brasil 2023	Endurance Brasil 2023	Endurance Brasil 2023	Endurance Brasil 2023	Endurance Brasil 2023
	General_MotorsportPresets_GT3Gen2	GT3 Gen2	GT3 Gen2	GT3 Gen2	GT3 Gen2	GT3 Gen2	GT3 Gen2	GT3 Gen2	GT3 Gen2	GT3 Gen2	GT3 Gen2	GT3 Gen2	GT3 Gen2	GT3 Gen2	GT3 Gen2
	General_MotorsportPresets_LMDh	LMDh	LMDh	LMDh	LMDh	LMDh	LMDh	LMDh	LMDh	LMDh	LMDh	LMDh	LMDh	LMDh	LMDh
	General_MotorsportPresets_LMDhGT3Gen2	LMDh + GT3 Gen2	LMDh + GT3 Gen2	LMDh + GT3 Gen2	LMDh + GT3 Gen2	LMDh + GT3 Gen2	LMDh + GT3 Gen2	LMDh + GT3 Gen2	LMDh + GT3 Gen2	LMDh + GT3 Gen2	LMDh + GT3 Gen2	LMDh + GT3 Gen2	LMDh + GT3 Gen2	LMDh + GT3 Gen2	LMDh + GT3 Gen2
	General_MotorsportPresets_FormulaUSAGen4Road	Formula USA Gen4	Formula USA Gen4	Formula USA Gen4	Formula USA Gen4	Formula USA Gen4	Formula USA Gen4	Formula USA Gen4	Formula USA Gen4	Formula USA Gen4	Formula USA Gen4	Formula USA Gen4	Formula USA Gen4	Formula USA Gen4	Formula USA Gen4
	General_MotorsportPresets_FormulaUSAGen4Oval	Formula USA Gen4 (Oval)	Formula USA Gen4 (Oval)	Formula USA Gen4 (Oval)	Formula USA Gen4 (Oval)	Formula USA Gen4 (Oval)	Formula USA Gen4 (Oval)	Formula USA Gen4 (Oval)	Formula USA Gen4 (Oval)	Formula USA Gen4 (Oval)	Formula USA Gen4 (Oval)	Formula USA Gen4 (Oval)	Formula USA Gen4 (Oval)	Formula USA Gen4 (Oval)	Formula USA Gen4 (Oval)
	General_MotorsportPresets_StockCarBrasil2024	Stock Car Brasil 2024	Stock Car Brasil 2024	Stock Car Brasil 2024	Stock Car Brasil 2024	Stock Car Brasil 2024	Stock Car Brasil 2024	Stock Car Brasil 2024	Stock Car Brasil 2024	Stock Car Brasil 2024	Stock Car Brasil 2024	Stock Car Brasil 2024	Stock Car Brasil 2024	Stock Car Brasil 2024	Stock Car Brasil 2024
	General_MotorsportPresets_Karting	Karting	Karting	Karting	Karting	Karting	Karting	Karting	Karting	Karting	Karting	Karting	Karting	Karting	Karting
	General_MotorsportPresets_Superkart	Superkart	Superkart	Superkart	Superkart	Superkart	Superkart	Superkart	Superkart	Superkart	Superkart	Superkart	Superkart	Superkart	Superkart
	General_MotorsportPresets_FormulaDirt	Formula Dirt	Formula Dirt	Formula Dirt	Formula Dirt	Formula Dirt	Formula Dirt	Formula Dirt	Formula Dirt	Formula Dirt	Formula Dirt	Formula Dirt	Formula Dirt	Formula Dirt	Formula Dirt
	General_MotorsportPresets_StockUSAGen1	Stock USA Gen1	Stock USA Gen1	Stock USA Gen1	Stock USA Gen1	Stock USA Gen1	Stock USA Gen1	Stock USA Gen1	Stock USA Gen1	Stock USA Gen1	Stock USA Gen1	Stock USA Gen1	Stock USA Gen1	Stock USA Gen1	Stock USA Gen1
	General_MotorsportPresets_StockUSAGen2	Stock USA Gen2	Stock USA Gen2	Stock USA Gen2	Stock USA Gen2	Stock USA Gen2	Stock USA Gen2	Stock USA Gen2	Stock USA Gen2	Stock USA Gen2	Stock USA Gen2	Stock USA Gen2	Stock USA Gen2	Stock USA Gen2	Stock USA Gen2
	General_MotorsportPresets_StockUSAGen3	Stock USA Gen3	Stock USA Gen3	Stock USA Gen3	Stock USA Gen3	Stock USA Gen3	Stock USA Gen3	Stock USA Gen3	Stock USA Gen3	Stock USA Gen3	Stock USA Gen3	Stock USA Gen3	Stock USA Gen3	Stock USA Gen3	Stock USA Gen3
