sub	key	English	French	Italian	German	Spanish	Russian	Polish	Japanese	Brazilian-Portuguese	Neutral-Spanish	French-Canadian	Korean	Chinese-Simple	Chinese-Traditional
	Platform_Controller_Unassigned	 	 	 	 	 	 	 	 	 	 	 	 	 	 
	Platform_Controller_UnknownInput	Unknown Input	Données inconnues	Input sconosciuto	Unbekannte Eingabe	Entrada desconocida	Неизвестный ввод	Nieznane dane	不明な入力	Entrada desconhecida	Entrada desconocida	Données inconnues	알 수 없는 입력	未知输入	未知輸入
	Platform_Controller_InvalidInput	Invalid Input	Données incorrectes	Input non valido	Ungültige Eingabe	Entrada no válida	Неверный ввод	Niepoprawne dane	無効な入力	Entrada inválida	Entrada no válida	Données incorrectes	유효하지 않은 입력	输入无效	輸入無效
	Platform_Controller_MissingControlsTitle	Invalid Controls	Commandes invalides	Comandi non validi	Ungültige Steuerung	Controles no válidos	Некорректное управление	Niepoprawne sterowanie	無効な操作	Controles inválidos	Controles no válidos	Commandes invalides	유효하지 않은 조작	操作无效	操作無效
	Platform_Controller_MissingControlsText	Not all required controls are assigned.  Please assign these before continuing.	Toutes les commandes requises ne sont pas attribuées. Procédez aux associations nécessaires avant de continuer.	Non sono stati assegnati tutti i comandi necessari. Assegna questi comandi prima di continuare.	Nicht alle benötigten Steuerbefehle wurden zugewiesen. Bitte weise sie zu, bevor du fortfährst.	No están asignados todos los controles necesarios. Asígnalos antes de continuar.	Назначены не все необходимые команды.  Перед продолжением необходимо назначить команды.	Nie przydzielono wszystkich wymaganych elementów sterowania. Zrób to, zanim będziesz kontynuować.	必要な操作の割り当てが完了していません。すべて割り当ててから続行してください。	Nem todos os controles necessários estão atribuídos. Atribua-os antes de continuar.	No están asignados todos los controles necesarios. Asígnalos antes de continuar.	Toutes les commandes requises ne sont pas attribuées. Procédez aux associations nécessaires avant de continuer.	필요한 조작의 배정이 완료되지 않았습니다. 전부 배정한 후에 다음으로 진행해주세요.	还有必要的控制未指定。请指定所有必要的控制后再继续。	還有必要的控制未指定。請指定所有必要的控制後再繼續。
	Platform_Controller_OverwriteControlsTitle	Confirm Overwrite	Confirmer l'écrasement	Conferma sovrascrittura	Überschreiben bestätigen	Confirmar sobrescritura	Подтверждение перезаписи	Potwierdź	上書きを確認	Confirmar substituição	Confirmar sobrescritura	Confirmer l'écrasement	덮어쓰기 확인	确认覆盖	確認覆蓋
	Platform_Controller_OverwriteControlsText	Are you sure you wish to overwrite your current control configuration?	Voulez-vous vraiment écraser la configuration des commandes actuelle ?	Vuoi davvero sovrascrivere l'attuale configurazione dei comandi?	Möchtest du deine aktuelle Steuerungskonfiguration wirklich überschreiben?	¿Seguro que quieres sobrescribir tu configuración de control actual?	Вы уверены, что хотите перезаписать текущую конфигурацию управления?	Na pewno chcesz zastąpić aktualne ustawienia sterowania?	現在の操作設定を上書きしてよろしいですか？	Tem certeza de que deseja substituir sua configuração de controles atual?	¿Seguro que quieres sobrescribir tu configuración de control actual?	Voulez-vous vraiment écraser la configuration actuelle des commandes?	정말로 현재 조작 설정을 덮어쓰겠습니까?	确定要覆盖目前的操作设定吗？	確定要覆蓋目前的操作設定嗎？
	Platform_Controller_AssignControlTitle	Assign Control	Attribuer com.	Assegna comando	Steuerung zuweisen	Asignar control	Назн. команду	Przypisz sterowanie	操作の割り当て	Atribuir controle	Asignar control	Attribuer com.	조작 배정	分配控制	分配控制
	Platform_Controller_AssignControlText	Please assign the new configuration...	Attribuez une nouvelle configuration 	Assegna la nuova configurazione...	Bitte weise eine neue Konfigurierung zu ...	Por favor, asigna la nueva configuración...	Назначьте новую конфигурацию	Przypisz nowe ustawienie...	新しい操作設定を割り当ててください 	Por favor atribua a nova configuração.	Presiona la nueva asignación de botones...	Appuyez sur le nouveau bouton affecté...	새로운 조작 설정을 배정해주십시오…	请配置新的操作设定……	請配置新的操作設定……
	Platform_Controller_AssignControlTextPC	Please assign the new configuration...	Appuyez sur le nouveau bouton affecté...	Premi il nuovo pulsante...	Bitte drücke die neue Taste für die Zuweisung ...	Por favor, asigna la nueva configuración...	Назначьте новую конфигурацию	Przypisz nowy przycisk...	新しい操作設定を割り当ててください	Por favor atribua a nova configuração.	Presiona la nueva asignación de botones...	Appuyez sur le nouveau bouton affecté...	새로운 조작 설정을 배정해주십시오…	请配置新的操作设定……	請配置新的操作設定……
	Platform_Controller_AssignControlMultiple	Multiple inputs were detected.  No action was assigned.	Plusieurs actions détectées. Aucune association n'a été faite.	Sono state individuate immissioni multiple. Non è stata assegnata nessuna azione.	Es wurden mehrere Eingaben festgestellt. Daher wurde keine Aktion zugewiesen.	Se han detectado múltiples entradas. No se ha asignado ninguna acción.	Обнаружена привязка к некоторым устройствам управления.  Действие не было назначено.	Wykryto więcej niż jedną funkcję przydzieloną do tego samego elementu sterowania. Nie przydzielono żadnej czynności.	複数の入力が感知されたため、操作の割り当ては行われませんでした。	Múltiplas entradas foram detectadas. Nenhuma ação foi atribuída.	Se detectaron múltiples entradas.  No se asignó ninguna acción.	Plusieurs actions détectées. Aucune association n'a été faite.	복수의 입력이 감지되었습니다. 조작을 배정하지 못했습니다	侦测到多数输入，因此未进行分配	偵測到多數輸入，因此未進行分配
	Platform_Controller_AxisCentreZero	Centre: Zero	Centre : Zéro	Centro: zero	Zentrum: Null	Centro: cero	Центр: Ноль	Środek: Zero	中央：0	Centro: Zero	Centro: cero	Centre : Zéro	중앙 : 0	中心：零	中心：零
	Platform_Controller_AxisCentrePositive	Centre: Positive	Centre : Positif	Centro: positivo	Zentrum: Positiv	Centro: positivo	Центр: Положительный	Środek: Dodatnie	中央：プラス	Centro: Positivo	Centro: positivo	Centre : Positif	중앙 : 플러스	中心：正值	中心：正值
	Platform_Controller_AxisCentreNegative	Centre: Negative	Centre : Négatif	Centro: negativo	Zentrum: Negativ	Centro: negativo	Центр: Отрицательный	Środek: Ujemne	中央：マイナス	Centro: Negativo	Centro: negativo	Centre : Négatif	중앙 : 마이너스	中心：负值	中心：負值
	Platform_Controller_AxisCentreUndefined	Centre: Undefined	Centre : Indéfini	Centro: indefinito	Zentrum: Undefiniert	Centro: no definido	Центр: Не задано	Środek: Nie zdefiniowano	中央：未定義	Centro: Indefinido	Centro: no definido	Centre : Indéfini	중앙 : 불명	中心：未设定	中心：未設定
	Platform_Controller_Mode1	Mode1	Mode1	Modalità 1	Modus 1	Mode1	Режим1	Tryb1	モード1	Modo1	Modo1	Mode1	모드 1	模式1	模式1
	Platform_Controller_Mode2	Mode2	Mode2	Modalità 2	Modus 2	Mode2	Режим2	Tryb 2	モード2	Modo2	Modo2	Mode2	모드 2	模式2	模式2
	Platform_Controller_Mode3	Mode3	Mode3	Modalità 3	Modus 3	Mode3	Режим3	Tryb 3	モード3	Modo3	Modo3	Mode3	모드 3	模式3	模式3
	Platform_Controller_InputkeyIsCurrentlyA	[InputKey] is currently assigned to [GameInput], do you wish to replace it?	[InputKey] est actuellement assignée à [GameInput], voulez-vous la remplacer ?	Il tasto [InputKey] è attualmente assegnato al comando [GameInput], vuoi sostituirlo?	[InputKey] ist zurzeit [GameInput] zugeordnet. Möchtest du die Zuordnung ersetzen?	[InputKey] ya está asignado a [GameInput], ¿quieres cambiarlo?	Клавиша [InputKey] уже назначена на [GameInput]. Заменить?	[InputKey] już przypisano do: [GameInput]. Czy chcesz go zastąpić?	[InputKey] は現在 [GameInput] に割り当てられています。上書きしますか？	[InputKey] foi designada para [GameInput]. Deseja substituí-la?	[InputKey] está asignado a [GameInput], ¿deseas reemplazarlo?	[InputKey] est actuellement assigné(e) à [GameInput], voulez-vous effectuer le changement ?	현재 [InputKey]가 이미 [GameImput](으)로 설정되어 있습니다, 덮어쓰시겠습니까? 	[InputKey]已被配置为[GameInput]，是否要进行取代？	[InputKey]已被配置為[GameInput]，是否要進行取代？
	Platform_Controller_ConfirmResetPerVehFFB	Are you sure you want to reset all all stored per vehicle force feedback settings?	Etes-vous sur de vouloir remettre à zéro tous les paramètres de force feedback?	UNTRANSLATED (1169476147): Platform_Controller_ConfirmResetPerVehFFB	Bist du sicher, dass du alle gespeicherten fahrzeugabhängigen Force Feedback Einstellungen zurück setzen willst?	UNTRANSLATED (1169476147): Platform_Controller_ConfirmResetPerVehFFB	UNTRANSLATED (1169476147): Platform_Controller_ConfirmResetPerVehFFB	UNTRANSLATED (1169476147): Platform_Controller_ConfirmResetPerVehFFB	UNTRANSLATED (1169476147): Platform_Controller_ConfirmResetPerVehFFB	Are you sure you want to reset all all stored per vehicle force feedback settings?	¿Estás seguro de que quieres resetear todos los ajustes guardados de FFB por vehículo?	UNTRANSLATED (1169476147): Platform_Controller_ConfirmResetPerVehFFB	UNTRANSLATED (1169476147): Platform_Controller_ConfirmResetPerVehFFB	UNTRANSLATED (1169476147): Platform_Controller_ConfirmResetPerVehFFB	UNTRANSLATED (1169476147): Platform_Controller_ConfirmResetPerVehFFB
	Platform_ControllerPC_JoyAxisX	Joy Axis X	Axe joy X	Asse Joy X	Joystick: X-Achse	Eje del joystick X	Джойстик, ось X	Oś joysticka X	ジョイスティックX軸	Joystick Eixo X	Eje del joystick X	Axe joy X	조이스틱 X축	控制器轴X	控制器軸X
	Platform_ControllerPC_JoyAxisXNeg	Joy Axis -X	Axe joy -X	Asse Joy -X	Joystick: X-Achse (-)	Eje del joystick -X	Джойстик, ось -X	Oś joysticka -X	ジョイスティック-X軸	Joystick Eixo -X	Eje del joystick -X	Axe joy -X	조이스틱 -X축	控制器轴-X	控制器軸-X
	Platform_ControllerPC_JoyAxisXPos	Joy Axis +X	Axe joy +X	Asse Joy +X	Joystick: X-Achse (+)	Eje del joystick +X	Джойстик, ось +X	Oś joysticka +X	ジョイスティック+X軸	Joystick Eixo +X	Eje del joystick +X	Axe joy +X	조이스틱 +X축	控制器轴+X	控制器軸+X
	Platform_ControllerPC_JoyAxisY	Joy Axis Y	Axe joy Y	Asse Joy Y	Joystick: Y-Achse	Eje del joystick Y	Джойстик, ось Y	Oś joysticka Y	ジョイスティックY軸	Joystick Eixo Y	Eje del joystick Y	Axe joy Y	조이스틱 Y축	控制器轴Y	控制器軸Y
	Platform_ControllerPC_JoyAxisYNeg	Joy Axis -Y	Axe joy -Y	Asse Joy -Y	Joystick: Y-Achse (-)	Eje del joystick -Y	Джойстик, ось -Y	Oś joysticka -Y	ジョイスティック-Y軸	Joystick Eixo -Y	Eje del joystick -Y	Axe joy -Y	조이스틱 -Y축	控制器轴-Y	控制器軸-Y
	Platform_ControllerPC_JoyAxisYPos	Joy Axis +Y	Axe joy +Y	Asse Joy +Y	Joystick: Y-Achse (+)	Eje del joystick +Y	Джойстик, ось +Y	Oś joysticka +Y	ジョイスティック+Y軸	Joystick Eixo +Y	Eje del joystick +Y	Axe joy +Y	조이스틱 +Y축	控制器轴+Y	控制器軸+Y
	Platform_ControllerPC_JoyAxisZ	Joy Axis Z	Axe joy Z	Asse Joy Z	Joystick: Z-Achse	Eje del joystick Z	Джойстик, ось Z	Oś joysticka Z	ジョイスティックZ軸	Joystick Eixo Z	Eje del joystick Z	Axe joy Z	조이스틱 Z축	控制器轴Z	控制器軸Z
	Platform_ControllerPC_JoyAxisZNeg	Joy Axis -Z	Axe joy -Z	Asse Joy -Z	Joystick: Z-Achse (-)	Eje del joystick -Z	Джойстик, ось -Z	Oś joysticka -Z	ジョイスティック-Z軸	Joystick Eixo -Z	Eje del joystick -Z	Axe joy -Z	조이스틱 -Z축	控制器轴-Z	控制器軸-Z
	Platform_ControllerPC_JoyAxisZPos	Joy Axis +Z	Axe joy +Z	Asse Joy +Z	Joystick: Z-Achse (+)	Eje del joystick +Z	Джойстик, ось +Z	Oś joysticka +Z	ジョイスティック+Z軸	Joystick Eixo +Z	Eje del joystick +Z	Axe joy +Z	조이스틱 +Z축	控制器轴+Z	控制器軸+Z
	Platform_ControllerPC_JoyAxisRx	Joy Axis Rx	Axe joy Rx	Asse Joy Rx	Joystick: Rx-Achse	Eje del joystick Rx	Джойстик, ось Rx	Oś joysticka Rx	ジョイスティックRx軸	Joystick Eixo Rx	Eje del joystick Rx	Axe joy Rx	조이스틱 Rx축	控制器轴Rx	控制器軸Rx
	Platform_ControllerPC_JoyAxisRxNeg	Joy Axis -Rx	Axe joy -Rx	Asse Joy -Rx	Joystick: Rx-Achse (-)	Eje del joystick -Rx	Джойстик, ось -Rx	Oś joysticka -Rx	ジョイスティック-Rx軸	Joystick Eixo -Rx	Eje del joystick -Rx	Axe joy -Rx	조이스틱 -Rx축	控制器轴-Rx	控制器軸-Rx
	Platform_ControllerPC_JoyAxisRxPos	Joy Axis +Rx	Axe joy +Rx	Asse Joy +Rx	Joystick: Rx-Achse (+)	Eje del joystick +Rx	Джойстик, ось +Rx	Oś joysticka +Rx	ジョイスティック+Rx軸	Joystick Eixo +Rx	Eje del joystick +Rx	Axe joy +Rx	조이스틱 +Rx축	控制器轴+Rx	控制器軸+Rx
	Platform_ControllerPC_JoyAxisRy	Joy Axis Ry	Axe joy Ry	Asse Joy Ry	Joystick: Ry-Achse	Eje del joystick Ry	Джойстик, ось Ry	Oś joysticka Ry	ジョイスティックRy軸	Joystick Eixo Ry	Eje del joystick Ry	Axe joy Ry	조이스틱 Ry축	控制器轴Ry	控制器軸Ry
	Platform_ControllerPC_JoyAxisRyNeg	Joy Axis -Ry	Axe joy -Ry	Asse Joy -Ry	Joystick: Ry-Achse (-)	Eje del joystick -Ry	Джойстик, ось -Ry	Oś joysticka -Ry	ジョイスティック-Ry軸	Joystick Eixo -Ry	Eje del joystick -Ry	Axe joy -Ry	조이스틱 -Ry축	控制器轴-Ry	控制器軸-Ry
	Platform_ControllerPC_JoyAxisRyPos	Joy Axis +Ry	Axe joy +Ry	Asse Joy +Ry	Joystick: Ry-Achse (+)	Eje del joystick +Ry	Джойстик, ось +Ry	Oś joysticka +Ry	ジョイスティック+Ry軸	Joystick Eixo +Ry	Eje del joystick +Ry	Axe joy +Ry	조이스틱 +Ry축	控制器轴+Ry	控制器軸+Ry
	Platform_ControllerPC_JoyAxisRz	Joy Axis Rz	Axe joy Rz	Asse Joy Rz	Joystick: Rz-Achse	Eje del joystick Rz	Джойстик, ось Rz	Oś joysticka Rz	ジョイスティックRz軸	Joystick Eixo Rz	Eje del joystick Rz	Axe joy Rz	조이스틱 Rz축	控制器轴Rz	控制器軸Rz
	Platform_ControllerPC_JoyAxisRzNeg	Joy Axis -Rz	Axe joy -Rz	Asse Joy -Rz	Joystick: Rz-Achse (-)	Eje del joystick -Rz	Джойстик, ось -Rz	Oś joysticka -Rz	ジョイスティック-Rz軸	Joystick Eixo -Rz	Eje del joystick -Rz	Axe joy -Rz	조이스틱 -Rz축	控制器轴-Rz	控制器軸-Rz
	Platform_ControllerPC_JoyAxisRzPos	Joy Axis +Rz	Axe joy +Rz	Asse Joy +Rz	Joystick: Rz-Achse (+)	Eje del joystick +Rz	Джойстик, ось +Rz	Oś joysticka +Rz	ジョイスティック+Rz軸	Joystick Eixo +Rz	Eje del joystick +Rz	Axe joy +Rz	조이스틱 +Rz축	控制器轴+Rz	控制器軸+Rz
	Platform_ControllerPC_JoyAxisS0	Joy Axis S0	Axe joy S0	Asse Joy S0	Joystick: S0-Achse	Eje del joystick S0	Джойстик, ось S0	Oś joysticka S0	ジョイスティックS0軸	Joystick Eixo S0	Eje del joystick S0	Axe joy S0	조이스틱 S0축	控制器轴S0	控制器軸S0
	Platform_ControllerPC_JoyAxisS0Neg	Joy Axis -S0	Axe joy -S0	Asse Joy -S0	Joystick: S0-Achse (-)	Eje del joystick -S0	Джойстик, ось -S0	Oś joysticka -S0	ジョイスティック-S0軸	Joystick Eixo -S0	Eje del joystick -S0	Axe joy -S0	조이스틱 -S0축	控制器轴-S0	控制器軸-S0
	Platform_ControllerPC_JoyAxisS0Pos	Joy Axis +S0	Axe joy +S0	Asse Joy +S0	Joystick: S0-Achse (+)	Eje del joystick +S0	Джойстик, ось +S0	Oś joysticka +S0	ジョイスティック+S0軸	Joystick Eixo +S0	Eje del joystick +S0	Axe joy +S0	조이스틱 +S0축	控制器轴+S0	控制器軸+S0
	Platform_ControllerPC_JoyAxisS1	Joy Axis S1	Axe joy S1	Asse Joy S1	Joystick: S1-Achse	Eje del joystick S1	Джойстик, ось S1	Oś joysticka S1	ジョイスティックS1軸	Joystick Eixo S1	Eje del joystick S1	Axe joy S1	조이스틱 S1축	控制器轴S1	控制器軸S1
	Platform_ControllerPC_JoyAxisS1Neg	Joy Axis -S1	Axe joy -S1	Asse Joy -S1	Joystick: S1-Achse (-)	Eje del joystick -S1	Джойстик, ось -S1	Oś joysticka -S1	ジョイスティック-S1軸	Joystick Eixo -S1	Eje del joystick -S1	Axe joy -S1	조이스틱 -S1축	控制器轴-S1	控制器軸-S1
	Platform_ControllerPC_JoyAxisS1Pos	Joy Axis +S1	Axe joy +S1	Asse Joy +S1	Joystick: S1-Achse (+)	Eje del joystick +S1	Джойстик, ось +S1	Oś joysticka +S1	ジョイスティック+S1軸	Joystick Eixo +S1	Eje del joystick +S1	Axe joy +S1	조이스틱 +S1축	控制器轴+S1	控制器軸+S1
	Platform_ControllerPC_JoyAxisUnknown	Joy Axis Unknown	Axe joy inconnu	Asse Joy sconosciuto	Joystick: unbekannte Achse	Eje del joystick desconocido	Джойстик, неизвестная ось	Oś joysticka – nieznana	ジョイスティック軸不明	Joystick Eixo Desconhecido	Eje del joystick desconocido	Axe joy inconnu	조이스틱 축 불명	控制器轴不明	控制器軸不明
	Platform_ControllerPC_JoyAxisUnknownNeg	Joy Axis Unknown (negative)	Axe joy inconnu (négatif)	Asse Joy sconosciuto (negativo)	Joystick: unbekannte Achse (-)	Eje del joystick desconocido (negativo)	Джойстик, неизвестная ось (отрицательная)	Oś joysticka – nieznana (ujemna)	ジョイスティック軸不明（-）	Joystick Eixo Desconhecido (negativo)	Eje del joystick desconocido (negativo)	Axe joy inconnu (négatif)	조이스틱 축 불명 (-)	控制器轴不明（负值）	控制器軸不明（負值）
	Platform_ControllerPC_JoyAxisUnknownPos	Joy Axis Unknown (positive)	Axe joy inconnu (positif)	Asse Joy sconosciuto (positivo)	Joystick: unbekannte Achse (+)	Eje del joystick desconocido (positivo)	Джойстик, неизвестная ось (положительная)	Oś joysticka – nieznana (dodatnia)	ジョイスティック軸不明（+）	Joystick Eixo Desconhecido (positivo)	Eje del joystick desconocido (positivo)	Axe joy inconnu (positif)	조이스틱 축 불명 (+)	控制器轴不明（正值）	控制器軸不明（正值）
	Platform_ControllerPC_JoyButton00	Joy Button 0	Bouton joy N°0	Pulsante Joy 0	Joystick: Taste 1	Botón del joystick 0	Кнопка джойстика 0	Przycisk joysticka 0	ジョイスティックボタン0	Joystick Botão 0	Botón del joystick 0	Bouton joy N°0	조이스틱 버튼 0	控制器按钮0	控制器按鈕0
	Platform_ControllerPC_JoyButton01	Joy Button 1	Bouton joy N°1	Pulsante Joy 1	Joystick: Taste 2	Botón del joystick 1	Кнопка джойстика 1	Przycisk joysticka 1	ジョイスティックボタン1	Joystick Botão 1	Botón del joystick 1	Bouton joy N°1	조이스틱 버튼 1	控制器按钮1	控制器按鈕1
	Platform_ControllerPC_JoyButton02	Joy Button 2	Bouton joy N°2	Pulsante Joy 2	Joystick: Taste 3	Botón del joystick 2	Кнопка джойстика 2	Przycisk joysticka 2	ジョイスティックボタン2	Joystick Botão 2	Botón del joystick 2	Bouton joy N°2	조이스틱 버튼 2	控制器按钮2	控制器按鈕2
	Platform_ControllerPC_JoyButton03	Joy Button 3	Bouton joy N°3	Pulsante Joy 3	Joystick: Taste 4	Botón del joystick 3	Кнопка джойстика 3	Przycisk joysticka 3	ジョイスティックボタン3	Joystick Botão 3	Botón del joystick 3	Bouton joy N°3	조이스틱 버튼 3	控制器按钮3	控制器按鈕3
	Platform_ControllerPC_JoyButton04	Joy Button 4	Bouton joy N°4	Pulsante Joy 4	Joystick: Taste 5	Botón del joystick 4	Кнопка джойстика 4	Przycisk joysticka 4	ジョイスティックボタン4	Joystick Botão 4	Botón del joystick 4	Bouton joy N°4	조이스틱 버튼 4	控制器按钮4	控制器按鈕4
	Platform_ControllerPC_JoyButton05	Joy Button 5	Bouton joy N°5	Pulsante Joy 5	Joystick: Taste 6	Botón del joystick 5	Кнопка джойстика 5	Przycisk joysticka 5	ジョイスティックボタン5	Joystick Botão 5	Botón del joystick 5	Bouton joy N°5	조이스틱 버튼 5	控制器按钮5	控制器按鈕5
	Platform_ControllerPC_JoyButton06	Joy Button 6	Bouton joy N°6	Pulsante Joy 6	Joystick: Taste 7	Botón del joystick 6	Кнопка джойстика 6	Przycisk joysticka 6	ジョイスティックボタン6	Joystick Botão 6	Botón del joystick 6	Bouton joy N°6	조이스틱 버튼 6	控制器按钮6	控制器按鈕6
	Platform_ControllerPC_JoyButton07	Joy Button 7	Bouton joy N°7	Pulsante Joy 7	Joystick: Taste 8	Botón del joystick 7	Кнопка джойстика 7	Przycisk joysticka 7	ジョイスティックボタン7	Joystick Botão 7	Botón del joystick 7	Bouton joy N°7	조이스틱 버튼 7	控制器按钮7	控制器按鈕7
	Platform_ControllerPC_JoyButton08	Joy Button 8	Bouton joy N°8	Pulsante Joy 8	Joystick: Taste 9	Botón del joystick 8	Кнопка джойстика 8	Przycisk joysticka 8	ジョイスティックボタン8	Joystick Botão 8	Botón del joystick 8	Bouton joy N°8	조이스틱 버튼 8	控制器按钮8	控制器按鈕8
	Platform_ControllerPC_JoyButton09	Joy Button 9	Bouton joy N°9	Pulsante Joy 9	Joystick: Taste 10	Botón del joystick 9	Кнопка джойстика 9	Przycisk joysticka 9	ジョイスティックボタン9	Joystick Botão 9	Botón del joystick 9	Bouton joy N°9	조이스틱 버튼 9	控制器按钮9	控制器按鈕9
	Platform_ControllerPC_JoyButton10	Joy Button 10	Bouton joy N°10	Pulsante Joy 10	Joystick: Taste 11	Botón del joystick 10	Кнопка джойстика 10	Przycisk joysticka 10	ジョイスティックボタン10	Joystick Botão 10	Botón del joystick 10	Bouton joy N°10	조이스틱 버튼 10	控制器按钮10	控制器按鈕10
	Platform_ControllerPC_JoyButton11	Joy Button 11	Bouton joy N°11	Pulsante Joy 11	Joystick: Taste 12	Botón del joystick 11	Кнопка джойстика 11	Przycisk joysticka 11	ジョイスティックボタン11	Joystick Botão 11	Botón del joystick 11	Bouton joy N°11	조이스틱 버튼 11	控制器按钮11	控制器按鈕11
	Platform_ControllerPC_JoyButton12	Joy Button 12	Bouton joy N°12	Pulsante Joy 12	Joystick: Taste 13	Botón del joystick 12	Кнопка джойстика 12	Przycisk joysticka 12	ジョイスティックボタン12	Joystick Botão 12	Botón del joystick 12	Bouton joy N°12	조이스틱 버튼 12	控制器按钮12	控制器按鈕12
	Platform_ControllerPC_JoyButton13	Joy Button 13	Bouton joy N°13	Pulsante Joy 13	Joystick: Taste 14	Botón del joystick 13	Кнопка джойстика 13	Przycisk joysticka 13	ジョイスティックボタン13	Joystick Botão 13	Botón del joystick 13	Bouton joy N°13	조이스틱 버튼 13	控制器按钮13	控制器按鈕13
	Platform_ControllerPC_JoyButton14	Joy Button 14	Bouton joy N°14	Pulsante Joy 14	Joystick: Taste 15	Botón del joystick 14	Кнопка джойстика 14	Przycisk joysticka 14	ジョイスティックボタン14	Joystick Botão 14	Botón del joystick 14	Bouton joy N°14	조이스틱 버튼 14	控制器按钮14	控制器按鈕14
	Platform_ControllerPC_JoyButton15	Joy Button 15	Bouton joy N°15	Pulsante Joy 15	Joystick: Taste 16	Botón del joystick 15	Кнопка джойстика 15	Przycisk joysticka 15	ジョイスティックボタン15	Joystick Botão 15	Botón del joystick 15	Bouton joy N°15	조이스틱 버튼 15	控制器按钮15	控制器按鈕15
	Platform_ControllerPC_JoyButton16	Joy Button 16	Bouton joy N°16	Pulsante Joy 16	Joystick: Taste 17	Botón del joystick 16	Кнопка джойстика 16	Przycisk joysticka 16	ジョイスティックボタン16	Joystick Botão 16	Botón del joystick 16	Bouton joy N°16	조이스틱 버튼 16	控制器按键16	控制器按鈕16
	Platform_ControllerPC_JoyButton17	Joy Button 17	Bouton joy N°17	Pulsante Joy 17	Joystick: Taste 18	Botón del joystick 17	Кнопка джойстика 17	Przycisk joysticka 17	ジョイスティックボタン17	Joystick Botão 17	Botón del joystick 17	Bouton joy N°17	조이스틱 버튼 17	控制器按钮17	控制器按鈕17
	Platform_ControllerPC_JoyButton18	Joy Button 18	Bouton joy N°18	Pulsante Joy 18	Joystick: Taste 19	Botón del joystick 18	Кнопка джойстика 18	Przycisk joysticka 18	ジョイスティックボタン18	Joystick Botão 18	Botón del joystick 18	Bouton joy N°18	조이스틱 버튼 18	控制器按钮18	控制器按鈕18
	Platform_ControllerPC_JoyButton19	Joy Button 19	Bouton joy N°19	Pulsante Joy 19	Joystick: Taste 20	Botón del joystick 19	Кнопка джойстика 19	Przycisk joysticka 19	ジョイスティックボタン19	Joystick Botão 19	Botón del joystick 19	Bouton joy N°19	조이스틱 버튼 19	控制器按钮19	控制器按鈕19
	Platform_ControllerPC_JoyButton20	Joy Button 20	Bouton joy N°20	Pulsante Joy 20	Joystick: Taste 21	Botón del joystick 20	Кнопка джойстика 20	Przycisk joysticka 20	ジョイスティックボタン20	Joystick Botão 20	Botón del joystick 20	Bouton joy N°20	조이스틱 버튼 20	控制器按钮20	控制器按鈕20
	Platform_ControllerPC_JoyButton21	Joy Button 21	Bouton joy N°21	Pulsante Joy 21	Joystick: Taste 22	Botón del joystick 21	Кнопка джойстика 21	Przycisk joysticka 21	ジョイスティックボタン21	Joystick Botão 21	Botón del joystick 21	Bouton joy N°21	조이스틱 버튼 21	控制器按钮21	控制器按鈕21
	Platform_ControllerPC_JoyButton22	Joy Button 22	Bouton joy N°22	Pulsante Joy 22	Joystick: Taste 23	Botón del joystick 22	Кнопка джойстика 22	Przycisk joysticka 22	ジョイスティックボタン22	Joystick Botão 22	Botón del joystick 22	Bouton joy N°22	조이스틱 버튼 22	控制器按钮22	控制器按鈕22
	Platform_ControllerPC_JoyButton23	Joy Button 23	Bouton joy N°23	Pulsante Joy 23	Joystick: Taste 24	Botón del joystick 23	Кнопка джойстика 23	Przycisk joysticka 23	ジョイスティックボタン23	Joystick Botão 23	Botón del joystick 23	Bouton joy N°23	조이스틱 버튼 23	控制器按钮23	控制器按鈕23
	Platform_ControllerPC_JoyButton24	Joy Button 24	Bouton joy N°24	Pulsante Joy 24	Joystick: Taste 25	Botón del joystick 24	Кнопка джойстика 24	Przycisk joysticka 24	ジョイスティックボタン24	Joystick Botão 24	Botón del joystick 24	Bouton joy N°24	조이스틱 버튼 24	控制器按钮24	控制器按鈕24
	Platform_ControllerPC_JoyButton25	Joy Button 25	Bouton joy N°25	Pulsante Joy 25	Joystick: Taste 26	Botón del joystick 25	Кнопка джойстика 25	Przycisk joysticka 25	ジョイスティックボタン25	Joystick Botão 25	Botón del joystick 25	Bouton joy N°25	조이스틱 버튼 25	控制器按钮25	控制器按鈕25
	Platform_ControllerPC_JoyButton26	Joy Button 26	Bouton joy N°26	Pulsante Joy 26	Joystick: Taste 27	Botón del joystick 26	Кнопка джойстика 26	Przycisk joysticka 26	ジョイスティックボタン26	Joystick Botão 26	Botón del joystick 26	Bouton joy N°26	조이스틱 버튼 26	控制器按钮26	控制器按鈕26
	Platform_ControllerPC_JoyButton27	Joy Button 27	Bouton joy N°27	Pulsante Joy 27	Joystick: Taste 28	Botón del joystick 27	Кнопка джойстика 27	Przycisk joysticka 27	ジョイスティックボタン27	Joystick Botão 27	Botón del joystick 27	Bouton joy N°27	조이스틱 버튼 27	控制器按钮27	控制器按鈕27
	Platform_ControllerPC_JoyButton28	Joy Button 28	Bouton joy N°28	Pulsante Joy 28	Joystick: Taste 29	Botón del joystick 28	Кнопка джойстика 28	Przycisk joysticka 28	ジョイスティックボタン28	Joystick Botão 28	Botón del joystick 28	Bouton joy N°28	조이스틱 버튼 28	控制器按钮28	控制器按鈕28
	Platform_ControllerPC_JoyButton29	Joy Button 29	Bouton joy N°29	Pulsante Joy 29	Joystick: Taste 30	Botón del joystick 29	Кнопка джойстика 29	Przycisk joysticka 29	ジョイスティックボタン29	Joystick Botão 29	Botón del joystick 29	Bouton joy N°29	조이스틱 버튼 29	控制器按钮29	控制器按鈕29
	Platform_ControllerPC_JoyButton30	Joy Button 30	Bouton joy N°30	Pulsante Joy 30	Joystick: Taste 31	Botón del joystick 30	Кнопка джойстика 30	Przycisk joysticka 30	ジョイスティックボタン30	Joystick Botão 30	Botón del joystick 30	Bouton joy N°30	조이스틱 버튼 30	控制器按钮30	控制器按鈕30
	Platform_ControllerPC_JoyButton31	Joy Button 31	Bouton joy N°31	Pulsante Joy 31	Joystick: Taste 32	Botón del joystick 31	Кнопка джойстика 31	Przycisk joysticka 31	ジョイスティックボタン31	Joystick Botão 31	Botón del joystick 31	Bouton joy N°31	조이스틱 버튼 31	控制器按钮31	控制器按鈕31
	Platform_ControllerPC_JoyPOV0Up	Joy POV 0 Up	PDV joy N°0 haut	POV 0 Joy Su	Joystick: POV 1 (hoch)	POV del joystick 0 arriba	Крест. дж. 0 вверх	Grzybek joysticka 0 w górę	ジョイスティックPOV0上	Joystick POV 0 para cima	POV del joystick 0 arriba	PDV joy N°0 haut	조이스틱 POV 0 상	控制器操作杆0上	控制器操作桿0上
	Platform_ControllerPC_JoyPOV0Down	Joy POV 0 Down	PDV joy N°0 bas	POV 0 Joy Giù	Joystick: POV 1 (runter)	POV del joystick 0 abajo	Крест. дж. 0 вниз	Grzybek joysticka 0 w dół	ジョイスティックPOV0下	Joystick POV 0 para baixo	POV del joystick 0 abajo	PDV joy N°0 bas	조이스틱 POV 0 하	控制器操作杆0下	控制器操作桿0下
	Platform_ControllerPC_JoyPOV0Left	Joy POV 0 Left	PDV joy N°0 gauche	POV 0 Joy Sinistra	Joystick: POV 1 (links)	POV del joystick 0 izquierda	Крест. дж. 0 влево	Grzybek joysticka 0 w lewo	ジョイスティックPOV0左	Joystick POV 0 esquerda	POV del joystick 0 izquierda	PDV joy N°0 gauche	조이스틱 POV 0 좌	控制器操作杆0左	控制器操作桿0左
	Platform_ControllerPC_JoyPOV0Right	Joy POV 0 Right	PDV joy N°0 droite	POV 0 Joy Destra	Joystick: POV 1 (rechts)	POV del joystick 0 derecha	Крест. дж. 0 вправо	Grzybek joysticka 0 w prawo	ジョイスティックPOV0右	Joystick POV 0 direita	POV del joystick 0 derecha	PDV joy N°0 droite	조이스틱 POV 0 우	控制器操作杆0右	控制器操作桿0右
	Platform_ControllerPC_JoyPOV1Up	Joy POV 1 Up	PDV joy N°1 haut	POV 1 Joy Su	Joystick: POV 2 (hoch)	POV del joystick 1 arriba	Крест. дж. 1 вверх	Grzybek joysticka 1 w górę	ジョイスティックPOV1上	Joystick POV 1 para cima	POV del joystick 1 arriba	PDV joy N°1 haut	조이스틱 POV 1 상	控制器操作杆1上	控制器操作桿1上
	Platform_ControllerPC_JoyPOV1Down	Joy POV 1 Down	PDV joy N°1 bas	POV 1 Joy Giù	Joystick: POV 2 (runter)	POV del joystick 1 abajo	Крест. дж. 1 вниз	Grzybek joysticka 1 w dół	ジョイスティックPOV1下	Joystick POV 1 para baixo	POV del joystick 1 abajo	PDV joy N°1 bas	조이스틱 POV 1 하	控制器操作杆1下	控制器操作桿1下
	Platform_ControllerPC_JoyPOV1Left	Joy POV 1 Left	PDV joy N°1 gauche	POV 1 Joy Sinistra	Joystick: POV 2 (links)	POV del joystick 1 izquierda	Крест. дж. 1 влево	Grzybek joysticka 1 w lewo	ジョイスティックPOV1左	Joystick POV 1 esquerda	POV del joystick 1 izquierda	PDV joy N°1 gauche	조이스틱 POV 1 좌	控制器操作杆1左	控制器操作桿1左
	Platform_ControllerPC_JoyPOV1Right	Joy POV 1 Right	PDV joy N°1 droite	POV 1 Joy Destra	Joystick: POV 2 (rechts)	POV del joystick 1 derecha	Крест. дж. 1 вправо	Grzybek joysticka 1 w prawo	ジョイスティックPOV1右	Joystick POV 1 direita	POV del joystick 1 derecha	PDV joy N°1 droite	조이스틱 POV 1 우	控制器操作杆1右	控制器操作桿1右
	Platform_ControllerPC_JoyPOV2Up	Joy POV 2 Up	PDV joy N°2 haut	POV 2 Joy Su	Joystick: POV 3 (hoch)	POV del joystick 2 arriba	Крест. дж. 2 вверх	Grzybek joysticka 2 w górę	ジョイスティックPOV2上	Joystick POV 2 para cima	POV del joystick 2 arriba	PDV joy N°2 haut	조이스틱 POV 2 상	控制器操作杆2上	控制器操作桿2上
	Platform_ControllerPC_JoyPOV2Down	Joy POV 2 Down	PDV joy N°2 bas	POV 2 Joy Giù	Joystick: POV 3 (runter)	POV del joystick 2 abajo	Крест. дж. 2 вниз	Grzybek joysticka 2 w dół	ジョイスティックPOV2下	Joystick POV 2 para baixo	POV del joystick 2 abajo	PDV joy N°2 bas	조이스틱 POV 2 하	控制器操作杆2下	控制器操作桿2下
	Platform_ControllerPC_JoyPOV2Left	Joy POV 2 Left	PDV joy N°2 gauche	POV 2 Joy Sinistra	Joystick: POV 3 (links)	POV del joystick 2 izquierda	Крест. дж. 2 влево	Grzybek joysticka 2 w lewo	ジョイスティックPOV2左	Joystick POV 2 esquerda	POV del joystick 2 izquierda	PDV joy N°2 gauche	조이스틱 POV 2 좌	控制器操作杆2左	控制器操作桿2左
	Platform_ControllerPC_JoyPOV2Right	Joy POV 2 Right	PDV joy N°2 droite	POV 2 Joy Destra	Joystick: POV 3 (rechts)	POV del joystick 2 derecha	Крест. дж. 2 вправо	Grzybek joysticka 2 w prawo	ジョイスティックPOV2右	Joystick POV 2 direita	POV del joystick 2 derecha	PDV joy N°2 droite	조이스틱 POV 2 우	控制器操作杆2右	控制器操作桿2右
	Platform_ControllerPC_JoyPOV3Up	Joy POV 3 Up	PDV joy N°3 haut	POV 3 Joy Su	Joystick: POV 4 (hoch)	POV del joystick 3 arriba	Крест. дж. 3 вверх	Grzybek joysticka 3 w górę	ジョイスティックPOV3上	Joystick POV 3 para cima	POV del joystick 3 arriba	PDV joy N°3 haut	조이스틱 POV 3 상	控制器操作杆3上	控制器操作桿3上
	Platform_ControllerPC_JoyPOV3Down	Joy POV 3 Down	PDV joy N°3 bas	POV 3 Joy Giù	Joystick: POV 4 (runter)	POV del joystick 3 abajo	Крест. дж. 03 вниз	Grzybek joysticka 3 w dół	ジョイスティックPOV3下	Joystick POV 3 para baixo	POV del joystick 3 abajo	PDV joy N°3 bas	조이스틱 POV 3 하	控制器操作杆3下	控制器操作桿3下
	Platform_ControllerPC_JoyPOV3Left	Joy POV 3 Left	PDV joy N°3 gauche	POV 3 Joy Sinistra	Joystick: POV 4 (links)	POV del joystick 3 izquierda	Крест. дж. 3 влево	Grzybek joysticka 3 w lewo	ジョイスティックPOV3左	Joystick POV 3 esquerda	POV del joystick 3 izquierda	PDV joy N°3 gauche	조이스틱 POV 3 좌	控制器操作杆3左	控制器操作桿3左
	Platform_ControllerPC_JoyPOV3Right	Joy POV 3 Right	PDV joy N°3 droite	POV 3 Joy Destra	Joystick: POV 4 (rechts)	POV del joystick 3 derecha	Крест. дж. 3 вправо	Grzybek joysticka 3 w prawo	ジョイスティックPOV3右	Joystick POV 3 direita	POV del joystick 3 derecha	PDV joy N°3 droite	조이스틱 POV 3 우	控制器操作杆3右	控制器操作桿3右
	Platform_ControllerPC_JoyPOV4Up	Joy POV 4 Up	PDV joy N°4 haut	POV 4 Joy Su	Joystick: POV 5 (hoch)	POV del joystick 4 arriba	Крест. дж. 4 вверх	Grzybek joysticka 4 w górę	ジョイスティックPOV4上	Joystick POV 4 para cima	POV del joystick 4 arriba	PDV joy N°4 haut	조이스틱 POV 4 상	控制器操作杆4上	控制器操作桿4上
	Platform_ControllerPC_JoyPOV4Down	Joy POV 4 Down	PDV joy N°4 bas	POV 4 Joy Giù	Joystick: POV 5 (runter)	POV del joystick 4 abajo	Крест. дж. 4 вниз	Grzybek joysticka 4 w dół	ジョイスティックPOV4下	Joystick POV 4 para baixo	POV del joystick 4 abajo	PDV joy N°4 bas	조이스틱 POV 4 하	控制器操作杆4下	控制器操作桿4下
	Platform_ControllerPC_JoyPOV4Left	Joy POV 4 Left	PDV joy N°4 gauche	POV 4 Joy Sinistra	Joystick: POV 5 (links)	POV del joystick 4 izquierda	Крест. дж. 4 влево	Grzybek joysticka 4 w lewo	ジョイスティックPOV4左	Joystick POV 4 esquerda	POV del joystick 4 izquierda	PDV joy N°4 gauche	조이스틱 POV 4 좌	控制器操作杆4左	控制器操作桿4左
	Platform_ControllerPC_JoyPOV4Right	Joy POV 4 Right	PDV joy N°4 droite	POV 4 Joy Destra	Joystick: POV 5 (rechts)	POV del joystick 4 derecha	Крест. дж. 4 вправо	Grzybek joysticka 4 w prawo	ジョイスティックPOV4右	Joystick POV 4 direita	POV del joystick 4 derecha	PDV joy N°4 droite	조이스틱 POV 4 우	控制器操作杆4右	控制器操作桿4右
	Platform_ControllerPC_JoyPOV5Up	Joy POV 5 Up	PDV joy N°5 haut	POV 5 Joy Su	Joystick: POV 6 (hoch)	POV del joystick 5 arriba	Крест. дж. 5 вверх	Grzybek joysticka 5 w górę	ジョイスティックPOV5上	Joystick POV 5 para cima	POV del joystick 5 arriba	PDV joy N°5 haut	조이스틱 POV 5 상	控制器操作杆5上	控制器操作桿5上
	Platform_ControllerPC_JoyPOV5Down	Joy POV 5 Down	PDV joy N°5 bas	POV 5 Joy Giù	Joystick: POV 6 (runter)	POV del joystick 5 abajo	Крест. дж. 5 вниз	Grzybek joysticka 5 w dół	ジョイスティックPOV5下	Joystick POV 5 para baixo	POV del joystick 5 abajo	PDV joy N°5 bas	조이스틱 POV 5 하	控制器操作杆5下	控制器操作桿5下
	Platform_ControllerPC_JoyPOV5Left	Joy POV 5 Left	PDV joy N°5 gauche	POV 5 Joy Sinistra	Joystick: POV 6 (links)	POV del joystick 5 izquierda	Крест. дж. 5 влево	Grzybek joysticka 5 w lewo	ジョイスティックPOV5左	Joystick POV 5 esquerda	POV del joystick 5 izquierda	PDV joy N°5 gauche	조이스틱 POV 5 좌	控制器操作杆5左	控制器操作桿5左
	Platform_ControllerPC_JoyPOV5Right	Joy POV 5 Right	PDV joy N°5 droite	POV 5 Joy Destra	Joystick: POV 6 (rechts)	POV del joystick 5 derecha	Крест. дж. 5 вправо	Grzybek joysticka 5 w prawo	ジョイスティックPOV5右	Joystick POV 5 direita	POV del joystick 5 derecha	PDV joy N°5 droite	조이스틱 POV 5 우	控制器操作杆5右	控制器操作桿5右
	Platform_ControllerPC_JoyPOV6Up	Joy POV 6 Up	PDV joy N°6 haut	POV 6 Joy Su	Joystick: POV 7 (hoch)	POV del joystick 6 arriba	Крест. дж. 6 вверх	Grzybek joysticka 6 w górę	ジョイスティックPOV6上	Joystick POV 6 para cima	POV del joystick 6 arriba	PDV joy N°6 haut	조이스틱 POV 6 상	控制器操作杆6上	控制器操作桿6上
	Platform_ControllerPC_JoyPOV6Down	Joy POV 6 Down	PDV joy N°6 bas	POV 6 Joy Giù	Joystick: POV 7 (runter)	POV del joystick 6 abajo	Крест. дж. 6 вниз	Grzybek joysticka 6 w dół	ジョイスティックPOV6下	Joystick POV 6 para baixo	POV del joystick 6 abajo	PDV joy N°6 bas	조이스틱 POV 6 하	控制器操作杆6下	控制器操作桿6下
	Platform_ControllerPC_JoyPOV6Left	Joy POV 6 Left	PDV joy N°6 gauche	POV 6 Joy Sinistra	Joystick: POV 7 (links)	POV del joystick 6 izquierda	Крест. дж. 6 влево	Grzybek joysticka 6 w lewo	ジョイスティックPOV6左	Joystick POV 6 esquerda	POV del joystick 6 izquierda	PDV joy N°6 gauche	조이스틱 POV 6 좌	控制器操作杆6左	控制器操作桿6左
	Platform_ControllerPC_JoyPOV6Right	Joy POV 6 Right	PDV joy N°6 droite	POV 6 Joy Destra	Joystick: POV 7 (rechts)	POV del joystick 6 derecha	Крест. дж. 6 вправо	Grzybek joysticka 6 w prawo	ジョイスティックPOV6右	Joystick POV 6 direita	POV del joystick 6 derecha	PDV joy N°6 droite	조이스틱 POV 6 우	控制器操作杆6右	控制器操作桿6右
	Platform_ControllerPC_JoyPOV7Up	Joy POV 7 Up	PDV joy N°7 haut	POV 7 Joy Su	Joystick: POV 8 (hoch)	POV del joystick 7 arriba	Крест. дж. 7 вверх	Grzybek joysticka 7 w górę	ジョイスティックPOV7上	Joystick POV 7 para cima	POV del joystick 7 arriba	PDV joy N°7 haut	조이스틱 POV 7 상	控制器操作杆7上	控制器操作桿7上
	Platform_ControllerPC_JoyPOV7Down	Joy POV 7 Down	PDV joy N°7 bas	POV 7 Joy Giù	Joystick: POV 8 (runter)	POV del joystick 7 abajo	Крест. дж. 7 вниз	Grzybek joysticka 7 w dół	ジョイスティックPOV7下	Joystick POV 7 para baixo	POV del joystick 7 abajo	PDV joy N°7 bas	조이스틱 POV 7 하	控制器操作杆7下	控制器操作桿7下
	Platform_ControllerPC_JoyPOV7Left	Joy POV 7 Left	PDV joy N°7 gauche	POV 7 Joy Sinistra	Joystick: POV 8 (links)	POV del joystick 7 izquierda	Крест. дж. 7 влево	Grzybek joysticka 7 w lewo	ジョイスティックPOV7左	Joystick POV 7 esquerda	POV del joystick 7 izquierda	PDV joy N°7 gauche	조이스틱 POV 7 좌	控制器操作杆7左	控制器操作桿7左
	Platform_ControllerPC_JoyPOV7Right	Joy POV 7 Right	PDV joy N°7 droite	POV 7 Joy Destra	Joystick: POV 8 (rechts)	POV del joystick 7 derecha	Крест. дж. 7 вправо	Grzybek joysticka 7 w prawo	ジョイスティックPOV7右	Joystick POV 7 direita	POV del joystick 7 derecha	PDV joy N°7 droite	조이스틱 POV 7 우	控制器操作杆7右	控制器操作桿7右
	Platform_ControllerPC_JoyPOVUnknownUp	Joy POV Up	PDV joy haut	POV Joy Su	Joystick: POV (hoch)	POV del joystick arriba	Крест. дж. вверх	Grzybek joysticka w górę	ジョイスティックPOV上	Joystick POV para cima	POV del joystick arriba	PDV joy haut	조이스틱 POV 상	控制器操作杆上	控制器操作桿上
	Platform_ControllerPC_JoyPOVUnknownDown	Joy POV Down	PDV joy bas	POV Joy Giù	Joystick: POV (runter)	POV del joystick abajo	Крест. дж. вниз	Grzybek joysticka w dół	ジョイスティックPOV下	Joystick POV para baixo	POV del joystick abajo	PDV joy bas	조이스틱 POV 하	控制器操作杆下	控制器操作桿下
	Platform_ControllerPC_JoyPOVUnknownLeft	Joy POV Left	PDV joy gauche	POV Joy Sinistra	Joystick: POV (links)	POV del joystick izquierda	Крест. дж. влево	Grzybek joysticka w lewo	ジョイスティックPOV左	Joystick POV esquerda	POV del joystick izquierda	PDV joy gauche	조이스틱 POV 좌	控制器操作杆左	控制器操作桿左
	Platform_ControllerPC_JoyPOVUnknownRight	Joy POV Right	PDV joy droite	POV Joy Destra	Joystick: POV (rechts)	POV del joystick derecha	Крест. дж. вправо	Grzybek joysticka w prawo	ジョイスティックPOV右	Joystick POV direita	POV del joystick derecha	PDV joy droite	조이스틱 POV 우	控制器操作杆右	控制器操作桿右
	Platform_ControllerPC_JoyTrigger0	Joy Trigger 0	Gâchette joy N°0	Grilletto Joy 0	Joystick: Trigger 1	Gatillo del joystick 0	Курок джойстика 0	Spust joysticka 0	ジョイスティックトリガー0	Joystick Gatilho 0	Gatillo del joystick 0	Gâchette joy N°0	조이스틱 트리거 0	控制器扳机0	操作桿扳機0
	Platform_ControllerPC_JoyTrigger1	Joy Trigger 1	Gâchette joy N°1	Grilletto Joy 1	Joystick: Trigger 2	Gatillo del joystick 1	Курок джойстика 1	Spust joysticka 1	ジョイスティックトリガー1	Joystick Gatilho 1	Gatillo del joystick 1	Gâchette joy N°1	조이스틱 트리거 1	控制器扳机1	操作桿扳機1
	Platform_ControllerPC_JoyTriggerUnknown	Joy Trigger Unknown	Gâchette joy inconnue	Grilletto Joy Sconosciuto	Joystick: unbekannter Trigger	Gatillo del joystick desconocido	Неизвестный курок джойстика	Spust joysticka – nieznany	ジョイスティックトリガー不明	Joystick Gatilho Desconhecido	Gatillo del joystick desconocido	Gâchette joy inconnue	조이스틱 트리거 불명	未知控制器扳机	操作桿扳機未知
	Platform_ControllerPC_MouseAxisX	Mouse Axis X	Axe souris X	Asse del mouse X	Maus: X-Achse	Eje del ratón X	Мышь, ось X	Oś myszy X	マウスX軸	Mouse Eixo X	Eje del mouse X	Axe souris X	마우스 X축	鼠标X	滑鼠軸X
	Platform_ControllerPC_MouseAxisXNeg	Mouse Axis -X	Axe souris -X	Asse del mouse -X	Maus: X-Achse (-)	Eje del ratón -X	Мышь, ось -X	Oś myszy -X	マウス-X軸	Mouse Eixo -X	Eje del mouse -X	Axe souris -X	마우스 -X축	鼠标-X	滑鼠軸-X
	Platform_ControllerPC_MouseAxisXPos	Mouse Axis +X	Axe souris +X	Asse del mouse +X	Maus: X-Achse (+)	Eje del ratón +X	Мышь, ось +X	Oś myszy +X	マウス+X軸	Mouse Eixo +X	Eje del mouse +X	Axe souris +X	마우스 +X축	鼠标+X	滑鼠軸+X
	Platform_ControllerPC_MouseAxisY	Mouse Axis Y	Axe souris Y	Asse del mouse Y	Maus: Y-Achse	Eje del ratón Y	Мышь, ось Y	Oś myszy Y	マウスY軸	Mouse Eixo Y	Eje del mouse Y	Axe souris Y	마우스 Y축	鼠标Y	滑鼠軸Y
	Platform_ControllerPC_MouseAxisYNeg	Mouse Axis -Y	Axe souris -Y	Asse del mouse -Y	Maus: Y-Achse (-)	Eje del ratón -Y	Мышь, ось -Y	Oś myszy -Y	マウス-Y軸	Mouse Eixo -Y	Eje del mouse -Y	Axe souris -Y	마우스 -Y축	鼠标-Y	滑鼠軸-Y
	Platform_ControllerPC_MouseAxisYPos	Mouse Axis +Y	Axe souris +Y	Asse del mouse +Y	Maus: Y-Achse (+)	Eje del ratón +Y	Мышь, ось +Y	Oś myszy +Y	マウス+Y軸	Mouse Eixo +Y	Eje del mouse +Y	Axe souris +Y	마우스 +Y축	鼠标+Y	滑鼠軸+Y
	Platform_ControllerPC_MouseAxisZ	Mouse Wheel	Molette souris	Rotellina del mouse	Maus: Rad	Rueda del ratón	Колесо мыши	Kółko myszy	マウスホイール	Roda do mouse	Rueda del mouse	Molette souris	마우스 휠	滑鼠滚轮	滑鼠滾輪
	Platform_ControllerPC_MouseAxisZNeg	Mouse Wheel Up	Molette souris haut	Rotellina del mouse Su	Maus: Rad (hoch)	Rueda del ratón arriba	Колесо мыши вверх	Kółko myszy w górę	マウスホイール上	Roda do mouse para cima	Rueda del mouse arriba	Molette souris haut	마우스 휠 상	滑鼠滚轮上	滑鼠滾輪上
	Platform_ControllerPC_MouseAxisZPos	Mouse Wheel Down	Molette souris bas	Rotellina del mouse Giù	Maus: Rad (runter)	Rueda del ratón abajo	Колесо мыши вниз	Kółko myszy w dół	マウスホイール下	Roda do mouse para baixo	Rueda del mouse abajo	Molette souris bas	마우스 휠 하	滑鼠滚轮下	滑鼠滾輪下
	Platform_ControllerPC_MouseAxisUnknown	Mouse Axis Unknown	Axe souris inconnu	Asse del mouse sconosciuto	Maus: unbekannte Achse	Eje del ratón desconocido	Мышь, неизвестная ось	Oś myszy – nieznana	マウス軸不明	Mouse Eixo Desconhecido	Eje del mouse desconocido	Axe souris inconnu	마우스 축 불명	未知鼠标轴	滑鼠軸未知
	Platform_ControllerPC_MouseAxisUnknownNeg	Mouse Axis Unknown (negative)	Axe souris inconnu (négatif)	Asse del mouse sconosciuto (negativo)	Maus: unbekannte Achse (-)	Eje del ratón desconocido (negativo)	Мышь, неизвестная ось (отрицательная)	Oś myszy – nieznana (ujemna)	マウス軸不明（-）	Mouse Eixo Desconhecido (negativo)	Eje del mouse desconocido (negativo)	Axe souris inconnu (négatif)	마우스 축 불명 (-)	鼠标轴不明（负值）	滑鼠軸不明（負值）
	Platform_ControllerPC_MouseAxisUnknownPos	Mouse Axis Unknown (positive)	Axe souris inconnu (positif)	Asse del mouse sconosciuto (positivo)	Maus: unbekannte Achse (+)	Eje del ratón desconocido (positivo)	Мышь, неизвестная ось (положительная)	Oś myszy – nieznana (dodatnia)	マウス軸不明（+）	Mouse Eixo Desconhecido (positivo)	Eje del mouse desconocido (positivo)	Axe souris inconnu (positif)	마우스 축 불명 (+)	鼠标轴不明（正值）	滑鼠軸不明（正值）
	Platform_ControllerPC_MouseButton00	Mouse Button 0	Bouton souris N°0	Pulsante del mouse 0	Maus: Taste 1	Botón del ratón 0	Кнопка мыши 0	Przycisk myszy 0	マウスボタン0	Mouse Botão 0	Botón del mouse 0	Bouton souris N°0	마우스 버튼 0	滑鼠按键0	滑鼠按鍵0
	Platform_ControllerPC_MouseButton01	Mouse Button 1	Bouton souris N°1	Pulsante del mouse 1	Maus: Taste 2	Botón del ratón 1	Кнопка мыши 1	Przycisk myszy 1	マウスボタン1	Mouse Botão 1	Botón del mouse 1	Bouton souris N°1	마우스 버튼 1	滑鼠按键1	滑鼠按鍵1
	Platform_ControllerPC_MouseButton02	Mouse Button 2	Bouton souris N°2	Pulsante del mouse 2	Maus: Taste 3	Botón del ratón 2	Кнопка мыши 2	Przycisk myszy 2	マウスボタン2	Mouse Botão 2	Botón del mouse 2	Bouton souris N°2	마우스 버튼 2	滑鼠按键2	滑鼠按鍵2
	Platform_ControllerPC_MouseButton03	Mouse Button 3	Bouton souris N°3	Pulsante del mouse 3	Maus: Taste 4	Botón del ratón 3	Кнопка мыши 3	Przycisk myszy 3	マウスボタン3	Mouse Botão 3	Botón del mouse 3	Bouton souris N°3	마우스 버튼 3	滑鼠按键3	滑鼠按鍵3
	Platform_ControllerPC_MouseButton04	Mouse Button 4	Bouton souris N°4	Pulsante del mouse 4	Maus: Taste 5	Botón del ratón 4	Кнопка мыши 4	Przycisk myszy 4	マウスボタン4	Mouse Botão 4	Botón del mouse 4	Bouton souris N°4	마우스 버튼 4	滑鼠按键4	滑鼠按鍵4
	Platform_ControllerPC_MouseButton05	Mouse Button 5	Bouton souris N°5	Pulsante del mouse 5	Maus: Taste 6	Botón del ratón 5	Кнопка мыши 5	Przycisk myszy 5	マウスボタン5	Mouse Botão 5	Botón del mouse 5	Bouton souris N°5	마우스 버튼 5	滑鼠按键5	滑鼠按鍵5
	Platform_ControllerPC_MouseButton06	Mouse Button 6	Bouton souris N°6	Pulsante del mouse 6	Maus: Taste 7	Botón del ratón 6	Кнопка мыши 6	Przycisk myszy 6	マウスボタン6	Mouse Botão 6	Botón del mouse 6	Bouton souris N°6	마우스 버튼 6	滑鼠按键6	滑鼠按鍵6
	Platform_ControllerPC_MouseButton07	Mouse Button 7	Bouton souris N°7	Pulsante del mouse 7	Maus: Taste 8	Botón del ratón 7	Кнопка мыши 7	Przycisk myszy 7	マウスボタン7	Mouse Botão 7	Botón del mouse 7	Bouton souris N°7	마우스 버튼 7	滑鼠按键7	滑鼠按鍵7
	Platform_ControllerPC_MouseButton08	Mouse Button 8	Bouton souris N°8	Pulsante del mouse 8	Maus: Taste 9	Botón del ratón 8	Кнопка мыши 8	Przycisk myszy 8	マウスボタン8	Mouse Botão 8	Botón del mouse 8	Bouton souris N°8	마우스 버튼 8	滑鼠按键8	滑鼠按鍵8
	Platform_ControllerPC_MouseButton09	Mouse Button 9	Bouton souris N°9	Pulsante del mouse 9	Maus: Taste 10	Botón del ratón 9	Кнопка мыши 9	Przycisk myszy 9	マウスボタン9	Mouse Botão 9	Botón del mouse 9	Bouton souris N°9	마우스 버튼 9	滑鼠按键9	滑鼠按鍵9
	Platform_ControllerPC_MouseButton10	Mouse Button 10	Bouton souris N°10	Pulsante del mouse 10	Maus: Taste 11	Botón del ratón 10	Кнопка мыши 10	Przycisk myszy 10	マウスボタン10	Mouse Botão 10	Botón del mouse 10	Bouton souris N°10	마우스 버튼 10	滑鼠按键10	滑鼠按鍵10
	Platform_ControllerPC_MouseButton11	Mouse Button 11	Bouton souris N°11	Pulsante del mouse 11	Maus: Taste 12	Botón del ratón 11	Кнопка мыши 11	Przycisk myszy 11	マウスボタン11	Mouse Botão 11	Botón del mouse 11	Bouton souris N°11	마우스 버튼 11	滑鼠按键11	滑鼠按鍵11
	Platform_ControllerPC_MouseButton12	Mouse Button 12	Bouton souris N°12	Pulsante del mouse 12	Maus: Taste 13	Botón del ratón 12	Кнопка мыши 12	Przycisk myszy 12	マウスボタン12	Mouse Botão 12	Botón del mouse 12	Bouton souris N°12	마우스 버튼 12	滑鼠按键12	滑鼠按鍵12
	Platform_ControllerPC_MouseButton13	Mouse Button 13	Bouton souris N°13	Pulsante del mouse 13	Maus: Taste 14	Botón del ratón 13	Кнопка мыши 13	Przycisk myszy 13	マウスボタン13	Mouse Botão 13	Botón del mouse 13	Bouton souris N°13	마우스 버튼 13	滑鼠按键13	滑鼠按鍵13
	Platform_ControllerPC_MouseButton14	Mouse Button 14	Bouton souris N°14	Pulsante del mouse 14	Maus: Taste 15	Botón del ratón 14	Кнопка мыши 14	Przycisk myszy 14	マウスボタン14	Mouse Botão 14	Botón del mouse 14	Bouton souris N°14	마우스 버튼 14	滑鼠按键14	滑鼠按鍵14
	Platform_ControllerPC_MouseButton15	Mouse Button 15	Bouton souris N°15	Pulsante del mouse 15	Maus: Taste 16	Botón del ratón 15	Кнопка мыши 15	Przycisk myszy 15	マウスボタン15	Mouse Botão 15	Botón del mouse 15	Bouton souris N°15	마우스 버튼 15	滑鼠按键15	滑鼠按鍵15
	Platform_ControllerPC_MouseButton16	Mouse Button 16	Bouton souris N°16	Pulsante del mouse 16	Maus: Taste 17	Botón del ratón 16	Кнопка мыши 16	Przycisk myszy 16	マウスボタン16	Mouse Botão 16	Botón del mouse 16	Bouton souris N°16	마우스 버튼 16	滑鼠按键16	滑鼠按鍵16
	Platform_ControllerPC_MouseButton17	Mouse Button 17	Bouton souris N°17	Pulsante del mouse 17	Maus: Taste 18	Botón del ratón 17	Кнопка мыши 17	Przycisk myszy 17	マウスボタン17	Mouse Botão 17	Botón del mouse 17	Bouton souris N°17	마우스 버튼 17	滑鼠按键17	滑鼠按鍵17
	Platform_ControllerPC_MouseButton18	Mouse Button 18	Bouton souris N°18	Pulsante del mouse 18	Maus: Taste 19	Botón del ratón 18	Кнопка мыши 18	Przycisk myszy 18	マウスボタン18	Mouse Botão 18	Botón del mouse 18	Bouton souris N°18	마우스 버튼 18	滑鼠按键18	滑鼠按鍵18
	Platform_ControllerPC_MouseButton19	Mouse Button 19	Bouton souris N°19	Pulsante del mouse 19	Maus: Taste 20	Botón del ratón 19	Кнопка мыши 19	Przycisk myszy 19	マウスボタン19	Mouse Botão 19	Botón del mouse 19	Bouton souris N°19	마우스 버튼 19	滑鼠按键19	滑鼠按鍵19
	Platform_ControllerPC_MouseButton20	Mouse Button 20	Bouton souris N°20	Pulsante del mouse 20	Maus: Taste 21	Botón del ratón 20	Кнопка мыши 20	Przycisk myszy 20	マウスボタン20	Mouse Botão 20	Botón del mouse 20	Bouton souris N°20	마우스 버튼 20	滑鼠按键20	滑鼠按鍵20
	Platform_ControllerPC_MouseButton21	Mouse Button 21	Bouton souris N°21	Pulsante del mouse 21	Maus: Taste 22	Botón del ratón 21	Кнопка мыши 21	Przycisk myszy 21	マウスボタン21	Mouse Botão 21	Botón del mouse 21	Bouton souris N°21	마우스 버튼 21	滑鼠按键21	滑鼠按鍵21
	Platform_ControllerPC_MouseButton22	Mouse Button 22	Bouton souris N°22	Pulsante del mouse 22	Maus: Taste 23	Botón del ratón 22	Кнопка мыши 22	Przycisk myszy 22	マウスボタン22	Mouse Botão 22	Botón del mouse 22	Bouton souris N°22	마우스 버튼 22	滑鼠按键22	滑鼠按鍵22
	Platform_ControllerPC_MouseButton23	Mouse Button 23	Bouton souris N°23	Pulsante del mouse 23	Maus: Taste 24	Botón del ratón 23	Кнопка мыши 23	Przycisk myszy 23	マウスボタン23	Mouse Botão 23	Botón del mouse 23	Bouton souris N°23	마우스 버튼 23	滑鼠按键23	滑鼠按鍵23
	Platform_ControllerPC_MouseButton24	Mouse Button 24	Bouton souris N°24	Pulsante del mouse 24	Maus: Taste 25	Botón del ratón 24	Кнопка мыши 24	Przycisk myszy 24	マウスボタン24	Mouse Botão 24	Botón del mouse 24	Bouton souris N°24	마우스 버튼 24	滑鼠按键24	滑鼠按鍵24
	Platform_ControllerPC_MouseButton25	Mouse Button 25	Bouton souris N°25	Pulsante del mouse 25	Maus: Taste 26	Botón del ratón 25	Кнопка мыши 25	Przycisk myszy 25	マウスボタン25	Mouse Botão 25	Botón del mouse 25	Bouton souris N°25	마우스 버튼 25	滑鼠按键25	滑鼠按鍵25
	Platform_ControllerPC_MouseButton26	Mouse Button 26	Bouton souris N°26	Pulsante del mouse 26	Maus: Taste 27	Botón del ratón 26	Кнопка мыши 26	Przycisk myszy 26	マウスボタン26	Mouse Botão 26	Botón del mouse 26	Bouton souris N°26	마우스 버튼 26	滑鼠按键26	滑鼠按鍵26
	Platform_ControllerPC_MouseButton27	Mouse Button 27	Bouton souris N°27	Pulsante del mouse 27	Maus: Taste 28	Botón del ratón 27	Кнопка мыши 27	Przycisk myszy 27	マウスボタン27	Mouse Botão 27	Botón del mouse 27	Bouton souris N°27	마우스 버튼 27	滑鼠按键27	滑鼠按鍵27
	Platform_ControllerPC_MouseButton28	Mouse Button 28	Bouton souris N°28	Pulsante del mouse 28	Maus: Taste 29	Botón del ratón 28	Кнопка мыши 28	Przycisk myszy 28	マウスボタン28	Mouse Botão 28	Botón del mouse 28	Bouton souris N°28	마우스 버튼 28	滑鼠按键28	滑鼠按鍵28
	Platform_ControllerPC_MouseButton29	Mouse Button 29	Bouton souris N°29	Pulsante del mouse 29	Maus: Taste 30	Botón del ratón 29	Кнопка мыши 29	Przycisk myszy 29	マウスボタン29	Mouse Botão 29	Botón del mouse 29	Bouton souris N°29	마우스 버튼 29	滑鼠按键29	滑鼠按鍵29
	Platform_ControllerPC_MouseButton30	Mouse Button 30	Bouton souris N°30	Pulsante del mouse 30	Maus: Taste 31	Botón del ratón 30	Кнопка мыши 30	Przycisk myszy 30	マウスボタン30	Mouse Botão 30	Botón del mouse 30	Bouton souris N°30	마우스 버튼 30	滑鼠按键30	滑鼠按鍵30
	Platform_ControllerPC_MouseButton31	Mouse Button 31	Bouton souris N°31	Pulsante del mouse 31	Maus: Taste 32	Botón del ratón 31	Кнопка мыши 31	Przycisk myszy 31	マウスボタン31	Mouse Botão 31	Botón del mouse 31	Bouton souris N°31	마우스 버튼 31	滑鼠按键31	滑鼠按鍵31
	Platform_ControllerPC_XInputAxisUnknown	Unknown Axis	Axe inconnu	Asse sconosciuto	Unbekannte Achse	Eje desconocido	Неизвестная ось	Nieznana oś	不明な軸	Eixo Desconhecido	Eje desconocido	Axe inconnu	알 수 없는 축	未知轴	軸不明
	Platform_ControllerPC_XInputAxisUnknownNeg	Unknown Axis (negative)	Axe inconnu (négatif)	Asse sconosciuto (negativo)	Unbekannte Achse (-)	Eje desconocido (negativo)	Неизвестная ось (отрицательная)	Nieznana oś (ujemna)	不明な軸（-）	Eixo Desconhecido (negativo)	Eje desconocido (negativo)	Axe inconnu (négatif)	알 수 없는 축 (-)	未知轴（负值）	軸不明（負值）
	Platform_ControllerPC_XInputAxisUnknownPos	Unknown Axis (positive)	Axe inconnu (positif)	Asse sconosciuto (positivo)	Unbekannte Achse (+)	Eje desconocido (positivo)	Неизвестная ось (положительная)	Nieznana oś (dodatnia)	不明な軸（+）	Eixo Desconhecido (positivo)	Eje desconocido (positivo)	Axe inconnu (positif)	알 수 없는 축 (+)	未知轴（正值）	軸不明（正值）
	Platform_ControllerPC_XInputButtonUnknown	Unknown Button	Bouton inconnu	Pulsante sconosciuto	Unbekannte Taste	Botón desconocido	Неизвестная кнопка	Nieznany przycisk	不明なボタン	Botão Desconhecido	Botón desconocido	Bouton inconnu	알 수 없는 버튼 	不明按钮	不明按鈕
	Platform_ControllerPC_XInputDpadUnknown	Unknown D-pad	BMD inconnu	Tasto direzionale sconosciuto	Unbekanntes Steuerkreuz	Pad direccional desconocido	Неизвестная крестовина	Nieznany przycisk kierunkowy	不明な方向パッド	Direcional Desconhecido	Control de dirección desconocido	BMD inconnu	알 수 없는 방향 패드	不明方向键	不明方向鍵
	Platform_ControllerPC_XInputTriggerUnknown	Unknown Trigger	Gâchette inconnue	Grilletto sconosciuto	Unbekannter Trigger	Gatillo desconocido	Неизвестный курок	Nieznany spust	不明なトリガー	Gatilho Desconhecido	Gatillo desconocido	Gâchette inconnue	알 수 없는 트리거 	不明扳机	不明扳機
	Platform_ControllerPC_XInputLeftThumbUpDown	Left Thumbstick: Up/Down	Stick analogique gauche Haut/Bas	Levetta sinistra: Su/Giù	Linker Stick: hoch/runter	Stick izquierdo: arriba/abajo	Левый мини-джойстик: Вверх/вниз	Lewy drążek: Góra/Dół	左スティック：上下	Direcional analógico esquerdo: cima/baixo	Stick izquierdo: Arriba/Abajo	Stick analogique gauche Haut/Bas	왼쪽 스틱 : 상 하	左操作杆：上/下	左操作桿：上/下
	Platform_ControllerPC_XInputLeftThumbLeftRi	Left Thumbstick: Left/Right	Stick analogique gauche Gauche/Droite	Levetta sinistra: Destra/sinistra	Linker Stick: links/rechts	Stick izquierdo: izquierda/derecha	Левый мини-джойстик: Влево/вправо	Lewy drążek: Lewo/Prawo	左スティック：左右	Direcional analógico esquerdo: esquerda/direita	Stick izquierdo: Izquierda/Derecha	Stick analogique gauche Gauche/Droite	왼쪽 스틱 : 좌 우	左操作杆：左/右	左操作桿：左/右
	Platform_ControllerPC_XInputLeftThumbUp	Left Thumbstick: Up	Stick analogique gauche Haut	Levetta sinistra: Su	Linker Stick: hoch	Stick izquierdo: arriba	Левый мини-джойстик: Вверх	Lewy drążek: W górę	左スティック：上	Direcional analógico esquerdo: cima	Stick izquierdo: arriba	Stick analogique gauche Haut	왼쪽 스틱 : 상	左操作杆：上	左操作桿：上
	Platform_ControllerPC_XInputLeftThumbRight	Left Thumbstick: Right	Stick analogique gauche Droite	Levetta sinistra: Destra	Linker Stick: rechts	Stick izquierdo: derecha	Левый мини-джойстик: Вправо	Lewy drążek: W prawo	左スティック：右	Direcional analógico esquerdo: direita	Stick izquierdo: derecha	Stick analogique gauche Droite	왼쪽 스틱 : 우	左操作杆：右	左操作桿：右
	Platform_ControllerPC_XInputLeftThumbDown	Left Thumbstick: Down	Stick analogique gauche Bas	Levetta sinistra: Giù	Linker Stick: runter	Stick izquierdo: abajo	Левый мини-джойстик: Вниз	Lewy drążek: W dół	左スティック：下	Direcional analógico esquerdo: para baixo	Stick izquierdo: abajo	Stick analogique gauche Bas	왼쪽 스틱 : 하	左操作杆：下	左操作桿：下
	Platform_ControllerPC_XInputLeftThumbLeft	Left Thumbstick: Left	Stick analogique gauche Gauche	Levetta sinistra: Sinistra	Linker Stick: links	Stick izquierdo: izquierda	Левый мини-джойстик: Влево	Lewy drążek: W lewo	左スティック：左	Direcional analógico esquerdo: esquerda	Stick izquierdo: izquierda	Stick analogique gauche Gauche	왼쪽 스틱 : 좌	左操作杆：左	左操作桿：左
	Platform_ControllerPC_XInputRightThumbUpDow	Right Thumbstick: Up/Down	Stick analogique droit Haut/Bas	Levetta destra: Su/Giù	Rechter Stick: hoch/runter	Stick derecho: arriba/abajo	Правый мини-джойстик: Вверх/вниз	Prawy drążek: Góra/Dół	右スティック：上下	Direcional analógico direito: cima/baixo	Stick derecho: Arriba/Abajo	Stick analogique droit Haut/Bas	오른쪽 스틱 : 상 하	右操作杆：上/下	右操作桿：上/下
	Platform_ControllerPC_XInputRightThumbLeftR	Right Thumbstick: Left/Right	Stick analogique droit Gauche/Droite	Levetta destra: Destra/sinistra	Rechter Stick: links/rechts	Stick derecho: izquierda/derecha	Правый мини-джойстик: Влево/вправо	Prawy drążek: Lewo/Prawo	右スティック：左右	Direcional analógico direito: esquerda/direita	Stick derecho: Izquierda/Derecha	Stick analogique droit Gauche/Droite	오른쪽 스틱 : 좌 우	右操作杆：左/右	右操作桿：左/右
	Platform_ControllerPC_XInputRightThumbUp	Right Thumbstick: Up	Stick analogique droit Haut	Levetta destra: Su	Rechter Stick: hoch	Stick derecho: arriba	Правый мини-джойстик: Вверх	Prawy drążek: W górę	右スティック：上	Direcional analógico direito: cima	Stick derecho: arriba	Stick analogique droit Haut	오른쪽 스틱 : 상	右操作杆：上	右操作桿：上
	Platform_ControllerPC_XInputRightThumbRight	Right Thumbstick: Right	Stick analogique droit Droite	Levetta destra: Destra	Rechter Stick: rechts	Stick derecho: derecha	Правый мини-джойстик: Вправо	Prawy drążek: W prawo	右スティック：右	Direcional analógico direito: direita	Stick derecho: derecha	Stick analogique droit Droite	오른쪽 스틱 : 우	右操作杆：右	右操作桿：右
	Platform_ControllerPC_XInputRightThumbDown	Right Thumbstick: Down	Stick analogique droit Bas	Levetta destra: Giù	Rechter Stick: runter	Stick derecho: abajo	Правый мини-джойстик: Вниз	Prawy drążek: W dół	右スティック：下	Direcional analógico direito: baixo	Stick derecho: abajo	Stick analogique droit Bas	오른쪽 스틱 : 하	右操作杆：下	右操作桿：下
	Platform_ControllerPC_XInputRightThumbLeft	Right Thumbstick: Left	Stick analogique droit Gauche	Levetta destra: Sinistra	Rechter Stick: links	Stick derecho: izquierda	Правый мини-джойстик: Влево	Prawy drążek: W lewo	右スティック：左	Direcional analógico direito: esquerda	Stick derecho: izquierda	Stick analogique droit Gauche	오른쪽 스틱 : 좌	右操作杆：左	右操作桿：左
	Platform_ControllerPC_XInputStart	Start	Commencer	Start	Start	Start	Старт	Start	始める	Iniciar	COMENZAR	Commencer	시작	开始	開始
	Platform_ControllerPC_XInputBack	Back	Retour	Indietro	Zurück	Atrás	Назад	Wstecz	戻る	Voltar	Atrás	RETOUR	뒤로가기	返回	返回
	Platform_ControllerPC_XInputA	A	A	A	A	A	A	A	A	A	A	A	A	A	A
	Platform_ControllerPC_XInputB	B	B	B	B	B	B	B	B	B	B	B	B	B	B
	Platform_ControllerPC_XInputX	X	X	X	X	X	X	X	X	X	X	X	X	X	X
	Platform_ControllerPC_XInputY	Y	Y	Y	Y	Y	Y	Y	Y	Y	Y	Y	Y	Y	Y
	Platform_ControllerPC_XInputLB	LB	LB	LB	LB	LB	LB	LB	LB	LB	LB	LB	LB	LB	LB
	Platform_ControllerPC_XInputRB	RB	RB	RB	RB	RB	RB	RB	RB	RB	RB	RB	RB	RB	RB
	Platform_ControllerPC_XInputLT	LT	LT	LT	LT	LT	LT	LT	LT	LT	LT	LT	LT	LT	LT
	Platform_ControllerPC_XInputRT	RT	RT	RT	RT	RT	RT	RT	RT	RT	RT	RT	RT	RT	RT
	Platform_ControllerPC_XInputLSB	LSB	LSB	LSB	LSB	LSB	LSB	LSB	LSB	LSB	LSB	LSB	LSB	LSB	LSB
	Platform_ControllerPC_XInputRSB	RSB	RSB	RSB	RSB	RSB	RSB	RSB	RSB	RSB	RSB	RSB	RSB	RSB	RSB
	Platform_ControllerPC_XInputDpadUp	D-pad: Up	BMD : Haut	Croce direzionale: su	Steuerkreuz: hoch	Cruceta: arriba	Крестовина: Вверх	Pad kierunkowy: W górę	方向パッド：上	Direcional: cima	Pad direccional: arriba	BMD : Haut	방향 패드 : 상	方向键：上	方向鍵：上
	Platform_ControllerPC_XInputDpadRight	D-pad: Right	BMD : Droite	Croce direzionale: destra	Steuerkreuz: rechts	Cruceta: derecha	Крестовина: Вправо	Pad kierunkowy: W prawo	方向パッド：右	Direcional: direita	Pad direccional: derecha	BMD : Droite	방향 패드 : 우	方向键：右	方向鍵：右
	Platform_ControllerPC_XInputDpadDown	D-pad: Down	BMD : Bas	Croce direzionale: giù	Steuerkreuz: runter	Cruceta: abajo	Крестовина: Вниз	Pad kierunkowy: W dół	方向パッド：下	Direcional: baixo	Pad direccional: abajo	BMD : Bas	방향 패드 : 하	方向键：下	方向鍵：下
	Platform_ControllerPC_XInputDpadLeft	D-pad: Left	BMD : Gauche	Croce direzionale: sinistra	Steuerkreuz: links	Cruceta: izquierda	Крестовина: Влево	Pad kierunkowy: W lewo	方向パッド：左	Direcional: esquerda	 Pad direccional: izquierda	BMD : Gauche	방향 패드 : 좌	方向键：左	方向鍵：左
	Platform_ControllerPC_PlayNow	Play Now	Jouer	Gioca subito	Jetzt spielen	Juega ahora	На старт!	Graj teraz	プレイ開始	Jogar agora	Jugar	Jouer	플레이 시작	开始游戏	開始遊戲
	Platform_ControllerPresets_PCGamepadDefault	Xbox One Controller	Manette Xbox One	Controller Xbox One	Xbox One Controller	Mando Xbox One	Геймпад Xbox One	Kontroler dla konsoli Xbox One	Xbox One コントローラー	Controle Xbox One	Control Xbox One	Manette Xbox One	Xbox One 컨트롤러	Xbox One控制器	Xbox One控制器
	Platform_ControllerPresets_PCGamepadDrag	Xbox One Controller  Drag	Manette Xbox One   Drag	Controller Xbox One  Drag	Xbox One Controller  Drag	Mando Xbox One  Aceleración	Беспроводной геймпад Xbox One  Дрэг	Kontroler dla konsoli Xbox One  Drag	Xbox One コントローラー  ドラッグ	Controle Sem Fio Xbox One  Drag	Control Xbox One  Aceleración	Manette sans fil Xbox One  Drag	Xbox One 컨트롤러 드래그	Xbox One控制器  Drag	Xbox One控制器  Drag
	Platform_ControllerPresets_PCGamepadClassic	Xbox One Controller  Classic	Manette Xbox One  Classique	Controller Xbox One  Classico	Xbox One Controller  Klassisch	Mando Xbox One  Clásico	Геймпад Xbox One  Классический	Kontroler dla konsoli Xbox One  Klasyczny	Xbox One コントローラー  クラシック	Controle Sem Fio Xbox One  Clássico	Control Xbox One  Clásico	Manette sans fil Xbox One  Classique	Xbox One 컨트롤러 클래식	Xbox One控制器  经典	Xbox One控制器  經典
	Platform_ControllerPresets_PCGamepadAnalog	Xbox One Controller  Analog	Manette Xbox One  Analogique	Controller Xbox One  Analogico	Xbox One Controller  Analog	Mando Xbox One  Analógico	Беспроводной геймпад Xbox One  Аналоговый	Kontroler dla konsoli Xbox One  Analogowy	Xbox One コントローラー  アナログ	Controle Sem Fio Xbox One  Analógico	Control Xbox One  Analógico	Manette sans fil Xbox One  Analogique	Xbox One 컨트롤러 아날로그	Xbox One控制器  类比	Xbox One控制器  類比
	Platform_ControllerPresets_PCKeyboard	Keyboard	Clavier	Tastiera	Tastatur	Teclado	Клавиатура	Klawiatura	キーボード	Teclado	Teclado	Clavier	키보드	键盘	鍵盤
	Platform_ControllerPresets_PCG25Combined	Logitech G25  Combined Pedals	Logitech G25  Pédalier combiné	Logitech G25  Pedali combinati	Logitech G25 GT  Verbundene Pedale	Logitech G25  Pedales combinados	Logitech G25  совмещенные педали	Logitech G25  Połączone osie pedałów	Logitech G25  付属ペダル	Logitech G25  Pedais combinados	Logitech G25  Pedales combinados	Logitech G25  Pédalier combiné	Logitech G25   통합 페달	Logitech G25  组合踏板	Logitech G25  組合踏板
	Platform_ControllerPresets_PCG25Separate	Logitech G25  Separate Pedals	Logitech G25  Pédalier séparé	Logitech G25  Pedali separati	Logitech G25 Pro  Getrennte Pedale	Logitech G25  Pedales separados	Logitech G25  раздельные педали	Logitech G25  Oddzielne osie pedałów	Logitech G25  個別ペダル	Logitech G25  Pedais separados	Logitech G25  Pedales separados	Logitech G25  Pédalier séparé	Logitech G25  독립 페달	Logitech G25  独立踏板	Logitech G25  獨立踏板
	Platform_ControllerPresets_PCG27Combined	Logitech G27  Combined Pedals	Logitech G27  Pédalier combiné	Logitech G27  Pedali combinati	Logitech G27  Verbundene Pedale	Logitech G27  Pedales combinados	Logitech G27  совмещенные педали	Logitech G27  Połączone osie pedałów	Logitech G27  付属ペダル	Logitech G27  Pedais combinados	Logitech G27  Pedales combinados	Logitech G27  Pédalier combiné	Logitech G27  통합 페달	Logitech G27  组合踏板	Logitech G27  組合踏板
	Platform_ControllerPresets_PCG27Separate	Logitech G27  Separate Pedals	Logitech G27  Pédalier séparé	Logitech G27  Pedali separati	Logitech G25 Pro  Getrennte Pedale	Logitech G27  Pedales separados	Logitech G27  раздельные педали	Logitech G27  Oddzielne osie pedałów	Logitech G27  個別ペダル	Logitech G27  Pedais separados	Logitech G27  Pedales separados	Logitech G27  Pédalier séparé	Logitech G27  독립 페달	Logitech G27  独立踏板	Logitech G27  獨立踏板
	Platform_ControllerPresets_PCDrivingForceCombine	Logitech Driving Force™  Combined Pedals	Logitech Driving Force™  Pédalier combiné	Logitech Driving Force™  Pedali combinati	Logitech Driving Force™  Verbundene Pedale	Logitech Driving Force™  Pedales combinados	Logitech Driving Force™  совмещенные педали	Logitech Driving Force™  Połączone osie pedałów	Logitech Driving Force™  付属ペダル	Logitech Driving Force™  Pedais combinados	Logitech Driving Force™  Pedales combinados	Logitech Driving Force™  Pédalier combiné	Logitech Driving Force™  통합 페달	Logitech Driving Force™  组合踏板	Logitech Driving Force™  組合踏板
	Platform_ControllerPresets_PCDrivingForceSeparat	Logitech Driving Force™  Separate Pedals	Logitech Driving Force™  Pédalier séparé	Logitech Driving Force™  Pedali separati	Logitech Driving Force™  Getrennte Pedale	Logitech Driving Force™  Pedales separados	Logitech Driving Force™  раздельные педали	Logitech Driving Force™  Oddzielne osie pedałów	Logitech Driving Force™  個別ペダル	Logitech Driving Force™  Pedais separados	Logitech Driving Force™  Pedales separados	Logitech Driving Force™  Pédalier séparé	Logitech Driving Force™  독립 페달	Logitech Driving Force™  独立踏板	Logitech Driving Force™  獨立踏板
	Platform_ControllerPresets_PCDrivingForceProComb	Logitech Driving Force™ Pro  Combined Pedals	Logitech Driving Force™ Pro  Pédalier combiné	Logitech Driving Force™ Pro  Pedali combinati	Logitech Driving Force™ GT  Verbundene Pedale	Logitech Driving Force™ Pro  Pedales combinados	Logitech Driving Force™ Pro  совмещенные педали	Logitech Driving Force™ Pro  Połączone osie pedałów	Logitech Driving Force™ Pro  付属ペダル	Logitech Driving Force™ Pro  Pedais combinados	Logitech Driving Force™ Pro  Pedales combinados	Logitech Driving Force™ Pro  Pédalier combiné	Logitech Driving Force™ Pro  통합 페달	Logitech Driving Force™ Pro  组合踏板	Logitech Driving Force™ Pro  組合踏板
	Platform_ControllerPresets_PCDrivingForceProSepa	Logitech Driving Force™ Pro  Separate Pedals	Logitech Driving Force™ Pro  Pédalier séparé	Logitech Driving Force™ Pro  Pedali separati	Logitech Driving Force™ Pro  Verbundene Pedale	Logitech Driving Force™ Pro  Pedales separados	Logitech Driving Force™ Pro  раздельные педали	Logitech Driving Force™ Pro  Oddzielne osie pedałów	Logitech Driving Force™ Pro  個別ペダル	Logitech Driving Force™ Pro  Pedais separados	Logitech Driving Force™ Pro  Pedales separados	Logitech Driving Force™ Pro  Pédalier séparé	Logitech Driving Force™ Pro  독립 페달	Logitech Driving Force™ Pro  独立踏板	Logitech Driving Force™ Pro  獨立踏板
	Platform_ControllerPresets_PCMOMOForceCombined	Logitech MOMO® Force  Combined Pedals	Logitech MOMO® Force  Pédalier combiné	Logitech MOMO® Force  Pedali combinati	Logitech MOMO® Force  Verbundene Pedale	Logitech MOMO® Force  Pedales combinados	Logitech MOMO® Force  совмещенные педали	Logitech MOMO® Force  Połączone osie pedałów	Logitech MOMO® Force  付属ペダル	Logitech MOMO® Force  Pedais combinados	Logitech MOMO® Force  Pedales combinados	Logitech MOMO® Force  Pédalier combiné	Logitech MOMO® Force  통합 페달	Logitech MOMO® Force  组合踏板	Logitech MOMO® Force  組合踏板
	Platform_ControllerPresets_PCMOMOForceSeparate	Logitech MOMO® Force  Separate Pedals	Logitech MOMO® Force  Pédalier séparé	Logitech MOMO® Force  Pedali separati	Logitech MOMO® Force  Getrennte Pedale	Logitech MOMO® Force  Pedales separados	Logitech MOMO® Force  раздельные педали	Logitech MOMO® Force  Oddzielne osie pedałów	Logitech MOMO® Force  個別ペダル	Logitech MOMO® Force  Pedais separados	Logitech MOMO® Force  Pedales separados	Logitech MOMO® Force  Pédalier séparé	Logitech MOMO® Force  독립 페달	Logitech MOMO® Force  独立踏板	Logitech MOMO® Force  獨立踏板
	Platform_ControllerPresets_PCMOMORacingSeparate	Logitech MOMO® Racing  Separate Pedals	Logitech MOMO® Racing  Pédalier séparé	Logitech MOMO® Racing  Pedali separati	Logitech MOMO® Racing  Getrennte Pedale	Logitech MOMO® Racing  Pedales separados	Logitech MOMO® Racing  раздельные педали	Logitech MOMO® Racing  Oddzielne osie pedałów	Logitech MOMO® Racing  個別ペダル	Logitech MOMO® Racing  Pedais separados	Logitech MOMO® Racing  Pedales separados	Logitech MOMO® Racing  Pédalier séparé	Logitech MOMO® Racing  독립 페달	Logitech MOMO® Racing  独立踏板	Logitech MOMO® Racing  獨立踏板
	Platform_ControllerPresets_PCDrivingForceGTCombi	Logitech Driving Force™ GT  Combined Pedals	Logitech Driving Force™ GT  Pédalier combiné	Logitech Driving Force™ GT  Pedali combinati	Logitech Driving Force™ GT  Verbundene Pedale	Logitech Driving Force™ GT  Pedales combinados	Logitech Driving Force™ GT  совмещенные педали	Logitech Driving Force™ GT  Połączone osie pedałów	Logitech Driving Force™ GT  付属ペダル	Logitech Driving Force™ GT  Pedais combinados	Logitech Driving Force™ GT  Pedales combinados	Logitech Driving Force™ GT  Pédalier combiné	Logitech Driving Force™ GT  통합 페달	Logitech Driving Force™ GT  组合踏板	Logitech Driving Force™ GT  組合踏板
	Platform_ControllerPresets_PCDrivingForceGTSepar	Logitech Driving Force™ GT  Separate Pedals	Logitech Driving Force™ GT  Pédalier séparé	Logitech Driving Force™ GT  Pedali separati	Logitech Driving Force™ GT  Getrennte Pedale	Logitech Driving Force™ GT  Pedales separados	Logitech Driving Force™ GT  раздельные педали	Logitech Driving Force™ GT  Oddzielne osie pedałów	Logitech Driving Force™ GT  個別ペダル	Logitech Driving Force™ GT  Pedais separados	Logitech Driving Force™ GT  Pedales separados	Logitech Driving Force™ GT  Pédalier séparé	Logitech Driving Force™ GT  독립 페달	Logitech Driving Force™ GT  组合踏板	Logitech Driving Force™ GT  組合踏板
	Platform_ControllerPresets_PCMOMORacingCombined	Logitech MOMO® Racing  Combined Pedals	Logitech MOMO® Racing  Pédalier combiné	Logitech MOMO® Racing  Pedali combinati	Logitech MOMO® Racing  Getrennte Pedale	Logitech MOMO® Racing  Pedales combinados	Logitech MOMO® Racing  совмещенные педали	Logitech MOMO® Racing  Połączone osie pedałów	Logitech MOMO® Racing  付属ペダル	Logitech MOMO® Racing  Pedais combinados	Logitech MOMO® Racing  Pedales combinados	Logitech MOMO® Racing  Pédalier combiné	Logitech MOMO® Racing  통합 페달	Logitech MOMO® Racing  组合踏板	Logitech MOMO® Racing  組合踏板
	Platform_ControllerPresets_PCRGTFFBProCombined	Thrustmaster® RGT Force Feedback Clutch  Combined Pedals	Thrustmaster® RGT Force Feedback Clutch  Pédalier combiné	Thrustmaster® RGT Force Feedback Clutch  Pedali combinati	Thrustmaster® RGT Force Feedback Clutch  Verbundene Pedale	Thrustmaster® RGT Force Feedback Clutch  Pedales combinados	Thrustmaster® RGT Force Feedback Clutch  совмещенные педали	Thrustmaster® RGT Force Feedback Clutch  Połączone osie pedałów	Thrustmaster® RGT Force Feedback Clutch  付属ペダル	Thrustmaster® RGT Force Feedback Clutch  Pedais combinados	Thrustmaster® RGT Force Feedback Clutch  Pedales combinados	Thrustmaster® RGT Force Feedback Clutch  Pédalier combiné	Thrustmaster® RGT Force Feedback Clutch  통합 페달	Thrustmaster® RGT Force Feedback Clutch  组合踏板	Thrustmaster® RGT Force Feedback Clutch  組合踏板
	Platform_ControllerPresets_PCRGTFFBProSeparate	Thrustmaster® RGT Force Feedback Clutch  Separate Pedals	Thrustmaster® RGT Force Feedback Clutch  Pédalier séparé	Thrustmaster® RGT Force Feedback Clutch  Pedali separati	Thrustmaster® RGT Force Feedback Clutch  Getrennte Pedale	Thrustmaster® RGT Force Feedback Clutch  Pedales separados	Thrustmaster® RGT Force Feedback Clutch  раздельные педали	Thrustmaster® RGT Force Feedback Clutch  Oddzielne osie pedałów	Thrustmaster® RGT Force Feedback Clutch  個別ペダル	Thrustmaster® RGT Force Feedback Clutch  Pedais separados	Thrustmaster® RGT Force Feedback Clutch  Pedales separados	Thrustmaster® RGT Force Feedback Clutch  Pédalier séparé	Thrustmaster® RGT Force Feedback Clutch  독립 페달	Thrustmaster® RGT Force Feedback Clutch  独立踏板	Thrustmaster® RGT Force Feedback Clutch  獨立踏板
	Platform_ControllerPresets_PCF430Combined	Thrustmaster® Ferrari F430 Force Feedback  Combined Pedals	Thrustmaster® Ferrari F430 Force Feedback  Pédalier combiné	Thrustmaster® Ferrari F430 Force Feedback  Pedali combinati	Thrustmaster® Ferrari F430 Force Feedback  Verbundene Pedale	Thrustmaster® Ferrari F430 Force Feedback  Pedales combinados	Thrustmaster® Ferrari F430 Force Feedback  совмещенные педали	Thrustmaster® Ferrari F430 Force Feedback  Połączone osie pedałów	Thrustmaster® Ferrari F430 Force Feedback  付属ペダル	Thrustmaster® Ferrari F430 Force Feedback  Pedais combinados	Thrustmaster® Ferrari F430 Force Feedback  Pedales combinados	Thrustmaster® Ferrari F430 Force Feedback  Pédalier combiné	Thrustmaster® 페라리 F430 Force Feedback  통합 페달	Thrustmaster® Ferrari F430 Force Feedback  组合踏板	Thrustmaster® Ferrari F430 Force Feedback  組合踏板
	Platform_ControllerPresets_PCF430Separate	Thrustmaster® Ferrari F430 Force Feedback  Separate Pedals	Thrustmaster® Ferrari F430 Force Feedback  Pédalier séparé	Thrustmaster® Ferrari F430 Force Feedback  Pedali separati	Thrustmaster® Ferrari F430 Force Feedback  Getrennte Pedale	Thrustmaster® Ferrari F430 Force Feedback  Pedales separados	Thrustmaster® Ferrari F430 Force Feedback  раздельные педали	Thrustmaster® Ferrari F430 Force Feedback  Oddzielne osie pedałów	Thrustmaster® Ferrari F430 Force Feedback  個別ペダル	Thrustmaster® Ferrari F430 Force Feedback  Pedais separados	Thrustmaster® Ferrari F430 Force Feedback  Pedales separados	Thrustmaster® Ferrari F430 Force Feedback  Pédalier séparé	Thrustmaster® 페라리 F430 Force Feedback  독립 페달	Thrustmaster® Ferrari F430 Force Feedback  独立踏板	Thrustmaster® Ferrari F430 Force Feedback  獨立踏板
	Platform_ControllerPresets_PCFGTExperienceCombi	Thrustmaster® Ferrari GT Experience  Combined Pedals	Thrustmaster® Ferrari GT Experience  Pédalier combiné	Thrustmaster® Ferrari GT Experience  Pedali combinati	Thrustmaster® Ferrari GT Experience  Verbundene Pedale	Thrustmaster® Ferrari GT Experience  Pedales combinados	Thrustmaster® Ferrari GT Experience  совмещенные педали	Thrustmaster® Ferrari GT Experience  Połączone osie pedałów	Thrustmaster® Ferrari GT Experience  付属ペダル	Thrustmaster® Ferrari GT Experience  Pedais combinados	Thrustmaster® Ferrari GT Experience  Pedales combinados	Thrustmaster® Ferrari GT Experience  Pédalier combiné	Thrustmaster® 페라리 GT Experience  통합 페달	Thrustmaster® Ferrari GT Experience  组合踏板	Thrustmaster® Ferrari GT Experience  組合踏板
	Platform_ControllerPresets_PCFGTExperienceSepar	Thrustmaster® Ferrari GT Experience  Separate Pedals	Thrustmaster® Ferrari GT Experience  Pédalier séparé	Thrustmaster® Ferrari GT Experience  Pedali separati	Thrustmaster® Ferrari GT Experience  Getrennte Pedale	Thrustmaster® Ferrari GT Experience  Pedales separados	Thrustmaster® Ferrari GT Experience  раздельные педали	Thrustmaster® Ferrari GT Experience  Oddzielne osie pedałów	Thrustmaster® Ferrari GT Experience  個別ペダル	Thrustmaster® Ferrari GT Experience  Pedais separados	Thrustmaster® Ferrari GT Experience  Pedales separados	Thrustmaster® Ferrari GT Experience  Pédalier séparé	Thrustmaster® 페라리 GT Experience  독립 페달	Thrustmaster® Ferrari GT Experience  独立踏板	Thrustmaster® Ferrari GT Experience  獨立踏板
	Platform_ControllerPresets_PCPorsche911TGated	Porsche 911 Turbo  Gated Shifter	Porsche 911 Turbo  Levier classique	Porsche 911 Turbo  Cambio manuale	Porsche 911 Turbo  H-Schaltung	Porsche 911 Turbo  Cambio manual	Porsche 911 Turbo  обычная КПП	Porsche 911 Turbo  Osobny drążek	Porsche 911 Turbo  Hパターンシフト	Porsche 911 Turbo  Câmbio manual	Porsche 911 Turbo  Gated Shifter  Cambio manual	Porsche 911 Turbo  Levier classique	포르쉐 911 Turbo  게이티드 시프터	Fanatec Porsche 911 Turbo  H型换档	Porsche 911 Turbo  H型換檔
	Platform_ControllerPresets_PCPorsche911TSequenti	Porsche 911 Turbo  Sequential Shifter	Porsche 911 Turbo  Levier séquentiel	Porsche 911 Turbo  Cambio sequenziale	Porsche 911 Turbo  Sequenzielle Schaltung	Porsche 911 Turbo  Cambio secuencial	Porsche 911 Turbo  секвентальная КПП	Porsche 911 Turbo  Drążek sekwencyjny	Porsche 911 Turbo  シーケンシャルシフト	Porsche 911 Turbo  Câmbio sequencial	Porsche 911 Turbo  Sequential Shifter  Cambio secuencial	Porsche 911 Turbo  Levier séquentiel	포르쉐 911 Turbo  시퀀셜 시프터	Fanatec Porsche 911 Turbo  序列式换档	Porsche 911 Turbo  序列式換檔
	Platform_ControllerPresets_PCCustomWheel	Custom Wheel	Volant personnalisé	Volante personalizzato	Benutzerdefiniertes Lenkrad	Volante personalizado	Собственный руль	Niestandardowa kierownica	カスタムホイール	Volante personalizado	Volante personalizado	Volant personnalisé	커스텀 휠	自订方向盘	自訂方向盤
	Platform_ControllerPresets_PCCustomPad	Custom Controller	Manette personnalisée	Controller personalizzato	Benutzerdefiniertes Gamepad	Mando personalizado	Собственный геймпад	Niestandardowy pad	カスタムコントローラー	Controle personalizado	Control personalizado	Manette personnalisée	커스텀 컨트롤러	自订控制器	自訂控制器
	Platform_ControllerPresets_PS3GamepadDefault	Wireless Controller  Default	Manette sans fil  Par défaut	Predefinito	Wireless-Controller  Standard 	Predeterminado	Беспроводной контроллер  По умолчанию	Kontroler bezprzewodowy  Domyślny	ワイヤレスコントローラー  デフォルト	Controle sem fio  Padrão	Control inalámbrico  Predeterminado	Manette sans fil  Par défaut	무선 컨트롤러   초기 설정	无线控制器  预设	無線控制器  預設
	Platform_ControllerPresets_PS3GamepadDrag	Wireless Controller  Drag	Manette sans filr  Drag	Controller wireless  Drag	Wireless Controller  Drag	Mando inalámbrico  Aceleración	Беспроводной контроллер  Дрэг	Kontroler bezprzewodowy  Drag	ワイヤレスコントローラー  ドラッグ	Controle sem fio  Drag	Control inalámbrico  Aceleración	Manette sans filr  Drag	무선 컨트롤러   드래그	无线控制器  Drag	無線控制器  Drag
	Platform_ControllerPresets_PS3GamepadClassic	Wireless Controller  Classic	Manette sans fil  Classique	Controller wireless  Classico	Wireless Controller  Klassisch	Mando inalámbrico  Clásico	Беспроводной контроллер  Классический	Kontroler bezprzewodowy  Klasyczny	ワイヤレスコントローラー  クラシック	Controle sem fio  Clássico	Control inalámbrico  Clásico	Manette sans fil  Classique	무선 컨트롤러   클래식	无线控制器  经典	無線控制器  經典
	Platform_ControllerPresets_PS3GamepadAnalog	Wireless Controller  Analog	Manette sans fil  Analogique	Controller wireless  Analogico	Wireless Controller  Analog	Mando inalámbrico  Analógico	Беспроводной контроллер  Аналоговый	Kontroler bezprzewodowy  Analogowy	ワイヤレスコントローラー  アナログ	Controle sem fio  Analógico	Control inalámbrico  Analógico	Manette sans fil  Analogique	무선 컨트롤러   아날로그	无线控制器  类比	無線控制器  類比
	Platform_ControllerPresets_PS3GamepadSixAxis	Wireless Controller  SixAxis	Manette sans fil  SixAxis	Controller wireless  SixAxis	Wireless Controller  SixAxis	Mando inalámbrico  SixAxis	Беспроводной контроллер  SixAxis	Kontroler bezprzewodowy  SixAxis	ワイヤレスコントローラー  SixAxis	Controle sem fio  SixAxis	Control inalámbrico  SIXAXIS™	Manette sans fil  SixAxis	무선 컨트롤러   SixAxis	无线控制器  SixAxis	無線控制器  SixAxis
	Platform_ControllerPresets_PS3G25	Logitech G25	Logitech G25	Logitech G25	Logitech G25	Logitech G25	Logitech G25	Logitech G25	Logitech G25	Logitech G25	Logitech G25	Logitech G25	Logitech G25	Logitech G25	Logitech G25
	Platform_ControllerPresets_PS3WheelB	Logitech Driving Force™	Logitech Driving Force™	Logitech Driving Force™	Logitech Driving Force™	Logitech Driving Force™	Logitech Driving Force™	Kierownica Logitech Driving Force™	Logitech Driving Force™	Logitech Driving Force™	Logitech Driving Force™	Logitech Driving Force™	Logitech Driving Force™	Logitech Driving Force™	Logitech Driving Force™
	Platform_ControllerPresets_PS3WheelBShifter	Logitech Driving Force™ Pro	Logitech Driving Force™ Pro	Logitech Driving Force™ Pro	Logitech Driving Force™ Pro	Logitech Driving Force™ Pro	Logitech Driving Force™ Pro	Kierownica Logitech Driving Force™ Pro	Logitech Driving Force™ Pro	Logitech Driving Force™ Pro	Logitech Driving Force™ Pro	Logitech Driving Force™ Pro	Logitech Driving Force™ Pro	Logitech Driving Force™ Pro	Logitech Driving Force™ Pro
	Platform_ControllerPresets_PS3RGTFFBPro	Thrustmaster® RGT Force Feedback Clutch	Thrustmaster® RGT Force Feedback Clutch	Thrustmaster® RGT Force Feedback Clutch	Thrustmaster® RGT Force Feedback Clutch	Thrustmaster® RGT Force Feedback Clutch	Thrustmaster® RGT Force Feedback Clutch	Kierownica Thrustmaster® RGT Force Feedback Clutch	Thrustmaster® RGT Force Feedback Clutch	Câmbio Thrustmaster® RGT Force Feedback	Thrustmaster® RGT Force Feedback Clutch	Thrustmaster® RGT Force Feedback Clutch	Thrustmaster® RGT Force Feedback Clutch	Thrustmaster® RGT Force Feedback Clutch	Thrustmaster® RGT Force Feedback Clutch
	Platform_ControllerPresets_PS3F430	Thrustmaster® Ferrari F430 Force Feedback	Thrustmaster® Ferrari F430 Force Feedback	Thrustmaster® Ferrari F430 Force Feedback	Thrustmaster® Ferrari F430 Force Feedback	Thrustmaster® Ferrari F430 Force Feedback	Thrustmaster® Ferrari F430 Force Feedback	Kierownica Thrustmaster® Ferrari F430 Force Feedback	Thrustmaster® Ferrari F430 Force Feedback	Thrustmaster® Ferrari F430 Force Feedback	Thrustmaster® Ferrari F430 Force Feedback	Thrustmaster® Ferrari F430 Force Feedback	Thrustmaster® 페라리 F430 Force Feedback	Thrustmaster® Ferrari F430 Force Feedback	Thrustmaster® Ferrari F430 Force Feedback
	Platform_ControllerPresets_XboxGamepadDefault	Xbox One Wireless Controller  Default	Manette sans fil Xbox One  Par défaut	Controller Wireless per Xbox One  Predefinito	Xbox One Wireless Controller  Standard	Mando Inalámbrico Xbox One  Predeterminado	Беспроводной геймпад Xbox One  По умолчанию	Domyślny	Xbox One ワイヤレス コントローラー  デフォルト	Controle Sem Fio Xbox One  Padrão	Control Inalámbrico Xbox One  Predeterminado	Manette sans fil Xbox One  Par défaut	Xbox One 무선 컨트롤러  초기설정	Xbox One无线控制器  预设	Xbox One無線控制器  預設
	Platform_ControllerPresets_XboxGamepadDrag	Xbox One Controller  Drag	Manette sans fil Xbox One  Drag	Controller Wireless per Xbox One  Drag	Xbox One Wireless Controller  Drag	Mando Inalámbrico Xbox One  Drag	Беспроводной геймпад Xbox One  Дрэг	Kontroler bezprzewodowy dla  konsoli Xbox One  Drag	Xbox One コントローラー  ドラッグ	Controle Sem Fio Xbox One  Drag	Control Inalámbrico Xbox One  Drag	Manette sans fil Xbox One  Drag	Xbox One 컨트롤러  드래그	Xbox One无线控制器  Drag	Xbox One無線控制器  Drag
	Platform_ControllerPresets_XboxGamepadClassic	Xbox One Controller  Classic	Manette sans fil Xbox One  Classique	Controller Wireless per Xbox One  Classico	Xbox One Wireless Controller  Klassisch	Mando Inalámbrico Xbox One  Clásico	Геймпад Xbox One  Классический	Kontroler bezprzewodowy dla  konsoli Xbox One  Klasyczny	Xbox One コントローラー  クラシック	Controle Sem Fio Xbox One  Clássico	Control Inalámbrico Xbox One  Clásico	Manette sans fil Xbox One  Classique	Xbox One 컨트롤러  클래식	Xbox One无线控制器  经典	Xbox One無線控制器  經典
	Platform_ControllerPresets_XboxGamepadAnalog	Xbox One Controller  Analog	Manette sans fil Xbox One  Analogique	Controller Wireless per Xbox One  Analogico	Xbox One Wireless Controller  Analog	Mando Inalámbrico Xbox One  Analógico	Беспроводной геймпад Xbox One  Аналоговый	Kontroler bezprzewodowy dla  konsoli Xbox One  Analogowy	Xbox One コントローラー  アナログ	Controle Sem Fio Xbox One  Analógico	Control Inalámbrico Xbox One  Analógico	Manette sans fil Xbox One  Analogique	Xbox One 컨트롤러  아날로그	Xbox One无线控制器  类比	Xbox One無線控制器  類比
	Platform_ControllerPresets_XboxWheelBasic	Xbox 360 Wireless Racing Wheel with Force Feedback	Volant sans fil Xbox 360 avec retour de force	Racing wheel wireless Xbox 360 con Force Feedback	Wireless Lenkrad für Xbox 360 mit Force Feedback	Volante inalámbrico con Force Feedback Xbox 360	Гоночный руль для Xbox 360 с Force Feedback	Kierownica z funkcją Force Feedback dla konsoli Xbox 360	Xbox 360 ワイヤレスレーシングホイール（フォースフィードバック対応）	Volante Sem Fio para Xbox 360 com Force Feedback	Volante inalámbrico con Force Feedback Xbox 360	Volant sans fil Xbox 360 avec retour de force	Xbox 360 Wireless Racing Wheel with Force Feedback	Xbox 360无线力回馈方向盘	Xbox 360無線力回饋方向盤
	Platform_ControllerPresets_XboxWheelSB	Xbox 360 Wireless Racing Wheel with Force Feedback	Volant sans fil Xbox 360 avec retour de force	Racing wheel wireless Xbox 360 con Force Feedback	Wireless Lenkrad für Xbox 360 mit Force Feedback	Volante inalámbrico con Force Feedback Xbox 360	Гоночный руль для Xbox 360 с Force Feedback	Kierownica z funkcją Force Feedback dla konsoli Xbox 360	Xbox 360 ワイヤレスレーシングホイール（フォースフィードバック対応）	Volante Sem Fio para Xbox 360 com Force Feedback	Volante inalámbrico con Force Feedback Xbox 360	Volant sans fil Xbox 360 avec retour de force	Xbox 361 Wireless Racing Wheel with Force Feedback	Xbox 360无线力回馈方向盘	Xbox 360無線力回饋方向盤
	Platform_ControllerPresets_XboxWheelGS	Xbox 360 Wireless Racing Wheel with Force Feedback	Volant sans fil Xbox 360 avec retour de force	Racing wheel wireless Xbox 360 con Force Feedback	Wireless Lenkrad für Xbox 360 mit Force Feedback	Volante inalámbrico con Force Feedback Xbox 360	Гоночный руль для Xbox 360 с Force Feedback	Kierownica z funkcją Force Feedback dla konsoli Xbox 360	Xbox 360 ワイヤレスレーシングホイール（フォースフィードバック対応）	Volante Sem Fio para Xbox 360 com Force Feedback	Volante inalámbrico con Force Feedback Xbox 360	Volant sans fil Xbox 360 avec retour de force	Xbox 362 Wireless Racing Wheel with Force Feedback	Xbox 360无线力回馈方向盘	Xbox 360無線力回饋方向盤
	Platform_ControllerPresets_XboxWheelCL	Xbox 360 Wireless Racing Wheel with Force Feedback	Volant sans fil Xbox 360 avec retour de force	Racing wheel wireless Xbox 360 con Force Feedback	Wireless Lenkrad für Xbox 360 mit Force Feedback	Volante inalámbrico con Force Feedback Xbox 360	Гоночный руль для Xbox 360 с Force Feedback	Kierownica z funkcją Force Feedback dla konsoli Xbox 360	Xbox 360 ワイヤレスレーシングホイール（フォースフィードバック対応）	Volante Sem Fio para Xbox 360 com Force Feedback	Volante inalámbrico con Force Feedback Xbox 360	Volant sans fil Xbox 360 avec retour de force	Xbox 363 Wireless Racing Wheel with Force Feedback	Xbox 360无线力回馈方向盘	Xbox 360無線力回饋方向盤
	Platform_ControllerPresets_XboxWheelHB	Xbox 360 Wireless Racing Wheel with Force Feedback	Volant sans fil Xbox 360 avec retour de force	Racing wheel wireless Xbox 360 con Force Feedback	Wireless Lenkrad für Xbox 360 mit Force Feedback	Volante inalámbrico con Force Feedback Xbox 360	Гоночный руль для Xbox 360 с Force Feedback	Kierownica z funkcją Force Feedback dla konsoli Xbox 360	Xbox 360 ワイヤレスレーシングホイール（フォースフィードバック対応）	Volante Sem Fio para Xbox 360 com Force Feedback	Volante inalámbrico con Force Feedback Xbox 360	Volant sans fil Xbox 360 avec retour de force	Xbox 364 Wireless Racing Wheel with Force Feedback	Xbox 360无线力回馈方向盘	Xbox 360無線力回饋方向盤
	Platform_ControllerPresets_XboxWheelSBGS	Xbox 360 Wireless Racing Wheel with Force Feedback	Volant sans fil Xbox 360 avec retour de force	Racing wheel wireless Xbox 360 con Force Feedback	Wireless Lenkrad für Xbox 360 mit Force Feedback	Volante inalámbrico con Force Feedback Xbox 360	Гоночный руль для Xbox 360 с Force Feedback	Kierownica z funkcją Force Feedback dla konsoli Xbox 360	Xbox 360 ワイヤレスレーシングホイール（フォースフィードバック対応）	Volante Sem Fio para Xbox 360 com Force Feedback	Volante inalámbrico con Force Feedback Xbox 360	Volant sans fil Xbox 360 avec retour de force	Xbox 365 Wireless Racing Wheel with Force Feedback	Xbox 360无线力回馈方向盘	Xbox 360無線力回饋方向盤
	Platform_ControllerPresets_XboxWheelSBCL	Xbox 360 Wireless Racing Wheel with Force Feedback	Volant sans fil Xbox 360 avec retour de force	Racing wheel wireless Xbox 360 con Force Feedback	Wireless Lenkrad für Xbox 360 mit Force Feedback	Volante inalámbrico con Force Feedback Xbox 360	Гоночный руль для Xbox 360 с Force Feedback	Kierownica z funkcją Force Feedback dla konsoli Xbox 360	Xbox 360 ワイヤレスレーシングホイール（フォースフィードバック対応）	Volante Sem Fio para Xbox 360 com Force Feedback	Volante inalámbrico con Force Feedback Xbox 360	Volant sans fil Xbox 360 avec retour de force	Xbox 366 Wireless Racing Wheel with Force Feedback	Xbox 360无线力回馈方向盘	Xbox 360無線力回饋方向盤
	Platform_ControllerPresets_XboxWheelSBHB	Xbox 360 Wireless Racing Wheel with Force Feedback	Volant sans fil Xbox 360 avec retour de force	Racing wheel wireless Xbox 360 con Force Feedback	Wireless Lenkrad für Xbox 360 mit Force Feedback	Volante inalámbrico con Force Feedback Xbox 360	Гоночный руль для Xbox 360 с Force Feedback	Kierownica z funkcją Force Feedback dla konsoli Xbox 360	Xbox 360 ワイヤレスレーシングホイール（フォースフィードバック対応）	Volante Sem Fio para Xbox 360 com Force Feedback	Volante inalámbrico con Force Feedback Xbox 360	Volant sans fil Xbox 360 avec retour de force	Xbox 367 Wireless Racing Wheel with Force Feedback	Xbox 360无线力回馈方向盘	Xbox 360無線力回饋方向盤
	Platform_ControllerPresets_XboxWheelGSCL	Xbox 360 Wireless Racing Wheel with Force Feedback	Volant sans fil Xbox 360 avec retour de force	Racing wheel wireless Xbox 360 con Force Feedback	Wireless Lenkrad für Xbox 360 mit Force Feedback	Volante inalámbrico con Force Feedback Xbox 360	Гоночный руль для Xbox 360 с Force Feedback	Kierownica z funkcją Force Feedback dla konsoli Xbox 360	Xbox 360 ワイヤレスレーシングホイール（フォースフィードバック対応）	Volante Sem Fio para Xbox 360 com Force Feedback	Volante inalámbrico con Force Feedback Xbox 360	Volant sans fil Xbox 360 avec retour de force	Xbox 368 Wireless Racing Wheel with Force Feedback	Xbox 360无线力回馈方向盘	Xbox 360無線力回饋方向盤
	Platform_ControllerPresets_XboxWheelGSHB	Xbox 360 Wireless Racing Wheel with Force Feedback	Volant sans fil Xbox 360 avec retour de force	Racing wheel wireless Xbox 360 con Force Feedback	Wireless Lenkrad für Xbox 360 mit Force Feedback	Volante inalámbrico con Force Feedback Xbox 360	Гоночный руль для Xbox 360 с Force Feedback	Kierownica z funkcją Force Feedback dla konsoli Xbox 360	Xbox 360 ワイヤレスレーシングホイール（フォースフィードバック対応）	Volante Sem Fio para Xbox 360 com Force Feedback	Volante inalámbrico con Force Feedback Xbox 360	Volant sans fil Xbox 360 avec retour de force	Xbox 369 Wireless Racing Wheel with Force Feedback	Xbox 360无线力回馈方向盘	Xbox 360無線力回饋方向盤
	Platform_ControllerPresets_XboxWheelCLHB	Xbox 360 Wireless Racing Wheel with Force Feedback	Volant sans fil Xbox 360 avec retour de force	Racing wheel wireless Xbox 360 con Force Feedback	Wireless Lenkrad für Xbox 360 mit Force Feedback	Volante inalámbrico con Force Feedback Xbox 360	Гоночный руль для Xbox 360 с Force Feedback	Kierownica z funkcją Force Feedback dla konsoli Xbox 360	Xbox 360 ワイヤレスレーシングホイール（フォースフィードバック対応）	Volante Sem Fio para Xbox 360 com Force Feedback	Volante inalámbrico con Force Feedback Xbox 360	Volant sans fil Xbox 360 avec retour de force	Xbox 370 Wireless Racing Wheel with Force Feedback	Xbox 360无线力回馈方向盘	Xbox 360無線力回饋方向盤
	Platform_ControllerPresets_XboxWheelSBGSCL	Xbox 360 Wireless Racing Wheel with Force Feedback	Volant sans fil Xbox 360 avec retour de force	Racing wheel wireless Xbox 360 con Force Feedback	Wireless Lenkrad für Xbox 360 mit Force Feedback	Volante inalámbrico con Force Feedback Xbox 360	Гоночный руль для Xbox 360 с Force Feedback	Kierownica z funkcją Force Feedback dla konsoli Xbox 360	Xbox 360 ワイヤレスレーシングホイール（フォースフィードバック対応）	Volante Sem Fio para Xbox 360 com Force Feedback	Volante inalámbrico con Force Feedback Xbox 360	Volant sans fil Xbox 360 avec retour de force	Xbox 371 Wireless Racing Wheel with Force Feedback	Xbox 360无线力回馈方向盘	Xbox 360無線力回饋方向盤
	Platform_ControllerPresets_XboxWheelSBGSHB	Xbox 360 Wireless Racing Wheel with Force Feedback	Volant sans fil Xbox 360 avec retour de force	Racing wheel wireless Xbox 360 con Force Feedback	Wireless Lenkrad für Xbox 360 mit Force Feedback	Volante inalámbrico con Force Feedback Xbox 360	Гоночный руль для Xbox 360 с Force Feedback	Kierownica z funkcją Force Feedback dla konsoli Xbox 360	Xbox 360 ワイヤレスレーシングホイール（フォースフィードバック対応）	Volante Sem Fio para Xbox 360 com Force Feedback	Volante inalámbrico con Force Feedback Xbox 360	Volant sans fil Xbox 360 avec retour de force	Xbox 372 Wireless Racing Wheel with Force Feedback	Xbox 360无线力回馈方向盘	Xbox 360無線力回饋方向盤
	Platform_ControllerPresets_XboxWheelSBCLHB	Xbox 360 Wireless Racing Wheel with Force Feedback	Volant sans fil Xbox 360 avec retour de force	Racing wheel wireless Xbox 360 con Force Feedback	Wireless Lenkrad für Xbox 360 mit Force Feedback	Volante inalámbrico con Force Feedback Xbox 360	Гоночный руль для Xbox 360 с Force Feedback	Kierownica z funkcją Force Feedback dla konsoli Xbox 360	Xbox 360 ワイヤレスレーシングホイール（フォースフィードバック対応）	Volante Sem Fio para Xbox 360 com Force Feedback	Volante inalámbrico con Force Feedback Xbox 360	Volant sans fil Xbox 360 avec retour de force	Xbox 373 Wireless Racing Wheel with Force Feedback	Xbox 360无线力回馈方向盘	Xbox 360無線力回饋方向盤
	Platform_ControllerPresets_XboxWheelGSCLHB	Xbox 360 Wireless Racing Wheel with Force Feedback	Volant sans fil Xbox 360 avec retour de force	Racing wheel wireless Xbox 360 con Force Feedback	Wireless Lenkrad für Xbox 360 mit Force Feedback	Volante inalámbrico con Force Feedback Xbox 360	Гоночный руль для Xbox 360 с Force Feedback	Kierownica z funkcją Force Feedback dla konsoli Xbox 360	Xbox 360 ワイヤレスレーシングホイール（フォースフィードバック対応）	Volante Sem Fio para Xbox 360 com Force Feedback	Volante inalámbrico con Force Feedback Xbox 360	Volant sans fil Xbox 360 avec retour de force	Xbox 374 Wireless Racing Wheel with Force Feedback	Xbox 360无线力回馈方向盘	Xbox 360無線力回饋方向盤
	Platform_ControllerPresets_XboxWheelSBGSCLHB	Xbox 360 Wireless Racing Wheel with Force Feedback	Volant sans fil Xbox 360 avec retour de force	Racing wheel wireless Xbox 360 con Force Feedback	Wireless Lenkrad für Xbox 360 mit Force Feedback	Volante inalámbrico con Force Feedback Xbox 360	Гоночный руль для Xbox 360 с Force Feedback	Kierownica z funkcją Force Feedback dla konsoli Xbox 360	Xbox 360 ワイヤレスレーシングホイール（フォースフィードバック対応）	Volante Sem Fio para Xbox 360 com Force Feedback	Volante inalámbrico con Force Feedback Xbox 360	Volant sans fil Xbox 360 avec retour de force	Xbox 375 Wireless Racing Wheel with Force Feedback	Xbox 360无线力回馈方向盘	Xbox 360無線力回饋方向盤
	Platform_ControllerPresets_PS3G27	Logitech G27	Logitech G27	Logitech G27	Logitech G27	Logitech G27	Logitech G27	Logitech G27	Logitech G27	Logitech G27	Logitech G27	Logitech G27	Logitech G27	Logitech G27	Logitech G27
	Platform_ControllerPresets_PS3WheelBShifterDial	Logitech Driving Force™ GT	Logitech Driving Force™ GT	Logitech Driving Force™ GT	Logitech Driving Force™ GT	Logitech Driving Force™ GT	Logitech Driving Force™ GT	Kierownica Logitech Driving Force™ GT	Logitech Driving Force™ GT	Logitech Driving Force™ GT	Logitech Driving Force™ GT	Logitech Driving Force™ GT	Logitech Driving Force™ GT	Logitech Driving Force™ GT	Logitech Driving Force™ GT
	Platform_ControllerPresets_AdjustContrastPictureTV	Adjust Contrast (Picture) TV setting high to your preference while still being able to read the 3 lines of text below.	Réglez le contraste de votre écran dans les valeurs hautes tout en étant en mesure de lire les 3 lignes de texte ci-dessous.	Regola il contrasto (immagine) dello schermo al livello alto a tuo piacimento, in modo da riuscire a leggere le 3 righe di testo sottostanti.	Nimm eine hohe TV-Kontrasteinstellung (Bild) nach deinen Vorlieben vor. Du solltest dabei die drei folgenden Textzeilen lesen können.	Ajusta la configuración de contraste de la pantalla a tu gusto. Deberías poder leer las 3 líneas del texto en la parte inferior.	Увеличьте контрастность (картинку) телевизионного изображения по своему предпочтению, но так, чтобы можно было прочесть следующие 3 строки текста.	Wyreguluj kontrast TV odpowiednio wysoko, stosownie do własnych preferencji, ale w taki sposób, aby wciąż dało się przeczytać trzy poniższe wiersze tekstu.	以下の3行のテキストが読める範囲で、テレビのコントラスト（映像）をお好みの高さに設定してください。	Ajuste o contraste (imagem) da TV de acordo com a sua preferência. Você deve conseguir ler as 3 linhas de texto abaixo.	Ajusta la configuración de contraste de la pantalla tan alta como prefieras. Deberías poder leer las 3 líneas del texto inferior.	Réglez le contraste de votre écran dans les valeurs hautes tout en étant en mesure de lire les 3 lignes de texte ci-dessous.	하단 세 줄의 텍스트를 읽을 수 있는 범위에서, TV의 명암(영상)을 조정해 설정하세요.	请调整您的电视对比度(影像)，让下方三行文字清晰可见。	請調整您的電視對比度(影像)，讓下方三行文字清晰可見。
	Platform_ControllerPresets_TheFollowingTestPattern	The following test patterns will help you adjust your settings to experience the best visuals.	Les quelques tests qui suivent vous permettront de régler vos paramètres et de profiter d'un confort visuel optimal.	I test seguenti ti aiuteranno a regolare le tue impostazioni per ottenere una migliore qualità visiva.	Die folgenden Testmuster helfen, Einstellungen für die optimale Wiedergabe zu finden.	Los siguientes patrones de prueba te ayudarán a ajustar la configuración para lograr la mejor imagen.	Тестовые схемы помогут вам настроить экран для получения наилучшей картинки.	Poniższy wzór testowy pomoże tak dobrać ustawienia, aby zapewnić jak najlepszą jakość obrazu.	以下のテストパターンを使って、最適な映像設定に調整してください。	Os padrões de teste a seguir vão ajudar você a ajustar suas configurações de TV para obter a melhor qualidade visual.	Los siguientes patrones de prueba te ayudarán a ajustar la configuración para lograr la mejor imagen.	Les quelques tests qui suivent vous permettront de régler vos paramètres et de profiter d'un confort visuel optimal.	다음 테스트 패턴을 사용해, 최적의 영상 설정을 확인하세요.	下面的测试图案将协助你调整设定，以获得最佳游戏体验。	下面的測試圖案將協助你調整設定，以獲得最佳遊戲體驗。
	Platform_ControllerPresets_TVControlsMayVaryUseThe	TV controls may vary, use these settings where available.	Les réglages étant variables selon l'écran, utilisez ces paramètres quand ils sont disponibles.	I parametri della TV possono variare, usa queste impostazioni ove possibile.	Jeder Fernseher ist unterschiedlich ausgestattet. Verwende diese Einstellungen, wenn vorhanden.	Los controles del televisor pueden variar, así que utiliza estos ajustes cuando sea posible.	Управление может быть различным, используйте такие параметры, если возможно.	Telewizory mogą mieć różną konfigurację, więc jeśli to możliwe użyj tych ustawień.	テレビによって設定方法は異なります。可能な範囲で調整してください。	Os controles de TV podem variar; use estas configurações quando disponíveis.	Los controles del televisor pueden variar, así que utiliza esta configuración cuando sea posible.	Les réglages étant variables selon l'écran, utilisez ces paramètres quand ils sont disponibles.	사용하시는 TV에 따라, 설정 방법이 달라집니다.	电视设定不尽相同，请在可调整范围内进行调整。	電視設定不盡相同，請在可調整範圍內進行調整。
	Platform_ControllerPresets_PictureModeCinemaMovieO	Picture Mode - Cinema (Movie) or if not available then Standard.	Type d'image - Cinéma (film) ou "Standard" si ce mode n'est pas disponible.	Modalità immagine: cinema oppure standard se non disponibile.	Bildmodus - Cinema (Movie) oder, falls nicht vorhanden, Standard	Modo de imagen - Cine (película) o si no está disponible Estándar.	Режим экрана - Кино (Фильм) или стандартный, если выбранный режим недоступен.	Tryb obrazu – kinowy (filmowy) lub standardowy, gdy ten pierwszy jest niedostępny.	映像モード - シネマ（映画）またはスタンダード。	Modo de imagem - Cinema (Filme) ou, se indisponível, Padrão.	Modo de imagen - Cine (película) o si no está disponible Estándar.	Type d'image - Cinéma (film) ou « Standard » si ce mode n'est pas disponible.	영상 모드 - 시네마(무비), 또는 표준.	影像模式—有剧院（电影）及标准模式。	影像模式—有劇院（電影）及標準模式。
	Platform_ControllerPresets_ColourTemperatureWarmWa	Color Temperature - Warm (Warm or Mid)	Température des couleurs - Chaudes (chaudes ou intermédiaires)	Temperatura del colore: caldo (caldo o medio)	Farbtemperatur - Warm (Warm oder Mittel)	Temperatura de color - Cálido (Cálido o Medio)	Температура цвета - Теплая (Теплая или Средняя)	Temperatura barw – ciepła (ciepła lub średnia)	色温度 - 暖色系（暖色系または中間）	Temperatura da cor - Quente (Quente ou Média)	Temperatura de color - Cálido (Cálido o Medio)	Température des couleurs - Chaudes (chaudes ou intermédiaires)	색온도 - 따스함(따스함 또는 중)	色温—暖（暖或中）	色溫—暖（暖或中）
	Platform_ControllerPresets_BacklightHighForBrightW	Backlight - Medium or higher for bright whites, but if blacks look too gray then lower this setting.	Rétro-éclairage - Une valeur moyenne ou élevée favorise l'éclat des blancs. Abaissez-la si les noirs sont trop gris.	Retroilluminazione: media o superiore per bianchi forti, ma riduci questa impostazione se i neri appaiono troppo sbiaditi.	Hintergrundbel. - Mittel oder höher für helles Weiß. Werden schwarze Bereiche grau, reduziere die Einstellung.	Retroiluminación - Media o alta para blancos brillantes, pero disminuye este ajuste si los negros aparecen demasiado grises.	Подсветка - повысьте, чтобы сделать светлее; понизьте, если черный кажется слишком серым.	Podświetlenie – średnie lub wysokie dla jaskrawej bieli. Obniżyć to ustawienie, jeżeli czarny wygląda zbyt szaro.	バックライト - 明るい白を表現する場合は中以上に設定してください。ただし、黒が灰色っぽく見える場合は少し下げてください。	Luz de fundo - Média ou alta para brancos brilhantes, mas se os pretos ficarem muito cinza, diminua esta configuração.	Retroiluminación - Media o alta para blancos brillantes, pero disminuye esta configuración si los negros aparecen demasiado grises.	Rétro-éclairage - Une valeur moyenne ou élevée favorise l'éclat des blancs. Abaissez-la si les noirs sont trop gris.	백라이트 - 밝은 흰색을 표현할 경우 중 이상으로 설정하세요. 검정의 표현이 너무 밝을 경우 낮게 설정하세요.	背光—欲使白色明亮，请设定中或高。若黑色太亮，请选择低	背光—欲使白色明亮，請設定中或高。若黑色太亮，請選擇低
	Platform_ControllerPresets_SharpnessVeryLowOrAsYou	Sharpness - Medium or lower.	Netteté - Moyenne ou faible.	Nitidezza: media o inferiore.	Schärfe - Mittel oder niedriger.	Nitidez - Media o inferior.	Резкость - средняя или низкая.	Ostrość – średnia lub niższa	シャープネス - 中以下。	Nitidez - Média ou baixa.	Nitidez - Media o inferior.	Netteté - Moyenne ou faible.	샤프니스 - 중 이하.	锐利度—中或更低	銳利度—中或更低
	Platform_ControllerPresets_TheFollowingTestPattern2	The following test patterns will help you adjust your settings to experience the best visuals.	Les quelques tests qui suivent vous permettront de régler vos paramètres et de profiter d'un confort visuel optimal.	I test seguenti ti aiuteranno a regolare le tue impostazioni per ottenere una migliore qualità visiva.	Die folgenden Testmuster helfen, Einstellungen für die optimale Wiedergabe zu finden.	Los siguientes patrones de prueba te ayudarán a ajustar la configuración para lograr la mejor imagen.	Тестовые схемы помогут вам настроить экран для получения наилучшей картинки.	Poniższy wzór testowy pomoże tak dobrać ustawienia, aby zapewnić jak najlepszą jakość obrazu.	以下のテストパターンを使って、最適な映像設定に調整してください。	Os padrões de teste a seguir vão ajudar você a ajustar suas configurações de TV para obter a melhor qualidade visual.	Los siguientes patrones de prueba te ayudarán a ajustar la configuración para lograr la mejor imagen.	Les quelques tests qui suivent vous permettront de régler vos paramètres et de profiter d'un confort visuel optimal.	하단의 그림을 사용해, 최적의 영상 설정을 확인하세요.	下面的测试图案将协助您调整设定，以获得最佳游戏体验	下面的測試圖案將協助您調整設定，以獲得最佳遊戲體驗
	Platform_ControllerPresets_BarelyVisible	Barely Visible	Tout juste visible	Appena visibile	Kaum sichtbar	Apenas visible	Почти не видно	Ledwie widoczny	ほとんど見えない	Pouco visível	Apenas visible	Tout juste visible	거의 보이지 않는다	隐约可见	隱約可見
	Platform_ControllerPresets_Visible	Visible	Visible	Visibile	Sichtbar	Visible	Видно	Widoczny	見える	Visível	Visible	Visible	보인다	可见	可見
	Platform_ControllerPresets_ClearlyVisible	Clearly Visible	Clairement visible	Chiaramente visibile	Deutlich sichtbar	Claramente visible	Хорошо видно	Wyraźny	はっきり見える	Claramente visível	Claramente visible	Clairement visible	잘 보인다	清晰可见	清晰可見
	Platform_ControllerPresets_AdjustBrightnessPicture	Adjust Brightness TV setting as low as possible while still being able to read the 3 lines of text below.	Réglez le contraste de votre écran sur des valeurs aussi basses que possible tout en étant en mesure de lire les 3 lignes de texte ci-dessous.	Regola la luminosità dello schermo al valore più basso possibile, in modo da riuscire a leggere le 3 righe di testo sottostanti.	Stelle die TV-Helligkeit so niedrig wie möglich ein. Du solltest dabei die drei folgenden Textzeilen lesen können.	Ajusta la configuración de brillo del televisor lo más baja posible. Deberías poder leer las 3 líneas del texto en la parte inferior.	Максимально уменьшите яркость экрана вашего ТВ, однако при этом вы должны видеть три строчки текста ниже.	Ustaw jak najniższą jasność (obrazu) telewizora, ale w taki sposób, aby wciąż dało się przeczytać trzy poniższe wiersze tekstu.	以下の3行のテキストが読める範囲で、テレビの輝度をできるだけ低く設定してください。	Ajuste o Brilho da TV para o mínimo possível, com condição de ler as 3 linhas de texto abaixo.	Ajusta la configuración de brillo del televisor lo más baja posible. Deberías poder leer las 3 líneas del texto en la parte inferior.	Réglez le contraste de votre écran sur des valeurs aussi basses que possible tout en étant en mesure de lire les 3 lignes de texte ci-dessous.	하단의 텍스트를 읽을 수 있는 범위에서, TV의 밝기를 가능한 낮게 설정해주세요.	尽量调低电视设置的亮度，并确保能看到下方的三行文字	儘量調低電視設置的亮度，並確保能看到下方的三行文字
	Platform_ControllerPresets_LookUp	Look Up	Regarder en haut	UNTRANSLATED (3388515931): Platform_ControllerPresets_LookUp	Nach oben sehen	UNTRANSLATED (3388515931): Platform_ControllerPresets_LookUp	UNTRANSLATED (3388515931): Platform_ControllerPresets_LookUp	UNTRANSLATED (3388515931): Platform_ControllerPresets_LookUp	UNTRANSLATED (3388515931): Platform_ControllerPresets_LookUp	Olhar para cima	Mirar arriba	UNTRANSLATED (3388515931): Platform_ControllerPresets_LookUp	UNTRANSLATED (3388515931): Platform_ControllerPresets_LookUp	UNTRANSLATED (3388515931): Platform_ControllerPresets_LookUp	UNTRANSLATED (3388515931): Platform_ControllerPresets_LookUp
	Platform_ControllerPresets_LookDown	Look Down	Regarder en bas	UNTRANSLATED (4091920951): Platform_ControllerPresets_LookDown	Nach unten sehen	UNTRANSLATED (4091920951): Platform_ControllerPresets_LookDown	UNTRANSLATED (4091920951): Platform_ControllerPresets_LookDown	UNTRANSLATED (4091920951): Platform_ControllerPresets_LookDown	UNTRANSLATED (4091920951): Platform_ControllerPresets_LookDown	Olhar para baixo	Mirar abajo	UNTRANSLATED (4091920951): Platform_ControllerPresets_LookDown	UNTRANSLATED (4091920951): Platform_ControllerPresets_LookDown	UNTRANSLATED (4091920951): Platform_ControllerPresets_LookDown	UNTRANSLATED (4091920951): Platform_ControllerPresets_LookDown
	Platform_ControllerPresets_LookLeft	Look Left	Regarder gauche	Guarda verso sinistra	Blick links	Mirar a la izquierda	Посмотреть влево	Spójrz w lewo	左を見る	Olhar para a esquerda	Mirar a la izquierda	Regarder à gauche	좌측을 본다	向左看	向左看
	Platform_ControllerPresets_LookRight	Look Right	Regarder droite	Guarda verso destra	Blick rechts	Mirar a la derecha	Посмотреть вправо	Spójrz w prawo	右を見る	Olhar para a direita	Mirar a la derecha	Regarder à droite	우측을 본다	向右看	向右看
	Platform_ControllerPresets_PCT500RSCombined	Thrustmaster® T500 RS  Combined Pedals	Thrustmaster® T500 RS  Pédalier combiné	Thrustmaster® T500 RS  Pedali combinati	Thrustmaster® T500 RS  Verbundene Pedale	Thrustmaster® T500 RS  Pedales combinados	Thrustmaster® T500 RS  совмещенные педали	Thrustmaster® T500 RS  Połączone osie pedałów	Thrustmaster® T500 RS  付属ペダル	Thrustmaster® T500 RS  Pedais combinados	Thrustmaster® T500 RS  Pedales combinados	Thrustmaster® T500 RS  Pédalier combiné	Thrustmaster® T500 RS  통합 페달	Thrustmaster® T500 RS  组合踏板	Thrustmaster® T500 RS  組合踏板
	Platform_ControllerPresets_PCT500RSSeparate	Thrustmaster® T500 RS  Separate Pedals	Thrustmaster® T500 RS  Pédalier séparé	Thrustmaster® T500 RS  Pedali separati	Thrustmaster® T500 RS  Getrennte Pedale	Thrustmaster® T500 RS  Pedales separados	Thrustmaster® T500 RS  раздельные педали	Thrustmaster® T500 RS  Oddzielne osie pedałów	Thrustmaster® T500 RS  個別ペダル	Thrustmaster® T500 RS  Pedais separados	Thrustmaster® T500 RS  Pedales separados	Thrustmaster® T500 RS  Pédalier séparé	Thrustmaster® T500 RS  독립 페달	Thrustmaster® T500 RS  独立踏板	Thrustmaster® T500 RS  獨立踏板
	Platform_ControllerPresets_PCCSRCombinedPedals	Fanatec CSR  Combined Pedals	Fanatec CSR  Pédalier combiné	Fanatec CSR  Pedali separati	Fanatec CSR  Verbundene Pedale	Fanatec CSR  Pedales combinados	Fanatec CSR  совмещенные педали	Fanatec CSR  Połączone osie pedałów	Fanatec CSR  付属ペダル	Fanatec CSR  Pedais combinados	Fanatec CSR  Pedales combinados	Fanatec CSR  Pédalier combiné	Fanatec CSR  통합 페달	Fanatec CSR  组合踏板	Fanatec CSR  組合踏板
	Platform_ControllerPresets_PCCSRECombinedPedals	Fanatec CSR Elite  Combined Pedals	Fanatec CSR Elite  Pédalier combiné	Fanatec CSR Elite  Pedali combinati	Fanatec CSR Elite  Verbundene Pedale	Fanatec CSR Elite  Pedales combinados	Fanatec CSR Elite  совмещенные педали	Fanatec CSR Elite  Połączone osie pedałów	Fanatec CSR Elite  付属ペダル	Fanatec CSR Elite  Pedais combinados	Fanatec CSR Elite  Pedales combinados	Fanatec CSR Elite  Pédalier combiné	Fanatec CSR Elite  통합 페달	Fanatec CSR Elite  组合踏板	Fanatec CSR Elite  組合踏板
	Platform_ControllerPresets_PCCSWCombinedPedals	Fanatec CSW  Combined Pedals	Fanatec CSW  Pédalier combiné	Fanatec CSW  Pedali combinati	Fanatec CSW  Verbundene Pedale	Fanatec CSW  Pedales combinados	Fanatec CSW  совмещенные педали	Fanatec CSW  Połączone osie pedałów	Fanatec CSW  付属ペダル	Fanatec CSW  Pedais combinados	Fanatec CSW  Pedales combinados	Fanatec CSW  Pédalier combiné	Fanatec CSW  통합 페달	Fanatec CSW  组合踏板	Fanatec CSW  組合踏板
	Platform_ControllerPresets_PCCSRSeparatePedals	Fanatec CSR  Separate Pedals	Fanatec CSR  Pédalier séparé	Fanatec CSR  Pedali separati	Fanatec CSR  Getrennte Pedale	Fanatec CSR  Pedales separados	Fanatec CSR  раздельные педали	Fanatec CSR  Oddzielne osie pedałów	Fanatec CSR  個別ペダル	Fanatec CSR  Pedais separados	Fanatec CSR  Pedales separados	Fanatec CSR  Pédalier séparé	Fanatec CSR  독립 페달	Fanatec CSR  独立踏板	Fanatec CSR  獨立踏板
	Platform_ControllerPresets_PCCSRESeparatePedals	Fanatec CSR Elite  Separate Pedals	Fanatec CSR Elite  Pédalier séparé	Fanatec CSR Elite  Pedali separati	Fanatec CSR Elite  Getrennte Pedale	Fanatec CSR Elite  Pedales separados	Fanatec CSR Elite  раздельные педали	Fanatec CSR Elite  Oddzielne osie pedałów	Fanatec CSR Elite  個別ペダル	Fanatec CSR Elite  Pedais separados	Fanatec CSR Elite  Pedales separados	Fanatec CSR Elite  Pédalier séparé	Fanatec CSR Elite  독립 페달	Fanatec CSR Elite  独立踏板	Fanatec CSR Elite  獨立踏板
	Platform_ControllerPresets_PCCSWSeparatePedals	Fanatec CSW  Separate Pedals	Fanatec CSW  Pédalier séparé	Fanatec CSW  Pedali separati	Fanatec CSW  Getrennte Pedale	Fanatec CSW  Pedales separados	Fanatec CSW  раздельные педали	Fanatec CSW  Oddzielne osie pedałów	Fanatec CSW  個別ペダル	Fanatec CSW  Pedais separados	Fanatec CSW  Pedales separados	Fanatec CSW  Pédalier séparé	Fanatec CSW  독립 페달	Fanatec CSW  独立踏板	Fanatec CSW  獨立踏板
	Platform_ControllerPresets_PCFerrariT500RSCombined	Thrustmaster® Ferrari F1 Wheel Integral T500  Combined Pedals	Thrustmaster® Ferrari F1 Wheel Integral T500  Pédalier combiné	Thrustmaster® Ferrari F1 Wheel Integral T500  Pedali combinati	Thrustmaster® Ferrari F1 Wheel Integral T500 -   Verbundene Pedale	Thrustmaster® Ferrari F1 Wheel Integral T500  Pedales combinados	Thrustmaster® Ferrari F1 Wheel Integral T500  совмещенные педали	Thrustmaster® Ferrari F1 Wheel Integral T500  Połączone osie pedałów	Thrustmaster® Ferrari F1 Wheel Integral T500  付属ペダル	Thrustmaster® Ferrari F1 Wheel Integral T500  Pedais combinados	Thrustmaster® Ferrari F1 Wheel Integral T500  Pedales combinados	Thrustmaster® Ferrari F1 Wheel Integral T500  Pédalier combiné	Thrustmaster® 페라리 F1 Wheel Integral T500  통합 페달	Thrustmaster® Ferrari F1 Wheel Integral T500  组合踏板	Thrustmaster® Ferrari F1 Wheel Integral T500  組合踏板
	Platform_ControllerPresets_PCFerrariT500RSSeparate	Thrustmaster® Ferrari F1 Wheel Integral T500  Separate Pedals	Thrustmaster® Ferrari F1 Wheel Integral T500  Pédalier séparé	Thrustmaster® Ferrari F1 Wheel Integral T500  Pedali separati	Thrustmaster® Ferrari F1 Wheel Integral T500 -   Getrennte Pedale	Thrustmaster® Ferrari F1 Wheel Integral T500  Pedales separados	Thrustmaster® Ferrari F1 Wheel Integral T500  раздельные педали	Thrustmaster® Ferrari F1 Wheel Integral T500  Oddzielne osie pedałów	Thrustmaster® Ferrari F1 Wheel Integral T500  個別ペダル	Thrustmaster® Ferrari F1 Wheel Integral T500  Pedais separados	Thrustmaster® Ferrari F1 Wheel Integral T500  Pedales separados	Thrustmaster® Ferrari F1 Wheel Integral T500  Pédalier séparé	Thrustmaster® 페라리 F1 Wheel Integral T500  독립 페달	Thrustmaster® Ferrari F1 Wheel Integral T500  独立踏板	Thrustmaster® Ferrari F1 Wheel Integral T500  獨立踏板
	Platform_ControllerPresets_PCCustomWheelLoFi	Legacy Wheels	Legacy Wheels	Volanti piattaforma precedente	Ältere Lenkräder	Volantes antiguos	Устаревшие рули	Starsze kierownice	旧式ハンドルコントローラー	Volantes Legacy	Volantes antiguos	Legacy Wheels	레거시 휠 컨트롤러	Legacy Wheels	Legacy Wheels
	Platform_ControllerPresets_PCSideWinderFFB	Microsoft® SideWinder Force Feedback	Volant Microsoft® SideWinder avec retour de force	Microsoft® SideWinder Force Feedback	Microsoft® SideWinder Force Feedback	Microsoft® SideWinder Force Feedback	Microsoft® SideWinder Force Feedback	Microsoft® SideWinder Force Feedback	Microsoft® サイドワインダー フォース フィードバック	Microsoft® SideWinder Force Feedback	Microsoft® SideWinder Force Feedback	Volant Microsoft® SideWinder avec retour de force	Microsoft® SideWinder Force Feedback	Microsoft® SideWinder Force Feedback	Microsoft® SideWinder Force Feedback
	Platform_ControllerPresets_PCKeyboardAndMouse	Keyboard & Mouse	Clavier et souris	Tastiera e mouse	Tastatur & Maus	Teclado y ratón	Клавиатура и мышь	Klawiatura i myszka	キーボード&マウス	Teclado e mouse	Teclado y mouse	Clavier et souris	키보드 & 마우스	键盘和鼠标	鍵盤和滑鼠
	Platform_ControllerPresets_PCT300RSCombined	Thrustmaster® T300 RS  Combined Pedals	Thrustmaster® T300 RS  Pédalier combiné	Thrustmaster® T300 RS  Pedali combinati	Thrustmaster® T300 RS  Verbundene Pedale	Thrustmaster® T300 RS  Pedales combinados	Thrustmaster® T300 RS  совмещенные педали	Thrustmaster® T300 RS  Połączone osie pedałów	Thrustmaster® T300 RS  付属ペダル	Thrustmaster® T300 RS  Pedais combinados	Thrustmaster® T300 RS  Pedales combinados	Thrustmaster® T300 RS  Pédalier combiné	Thrustmaster® T300 RS	Thrustmaster® T300 RS  组合踏板	Thrustmaster® T300 RS  組合踏板
	Platform_ControllerPresets_PCT300RSSeparate	Thrustmaster® T300 RS  Separate Pedals	Thrustmaster® T300 RS  Pédalier séparé	Thrustmaster® T300 RS  Pedali separati	Thrustmaster® T300 RS  Getrennte Pedale	Thrustmaster® T300 RS  Pedales separados	Thrustmaster® T300 RS  раздельные педали	Thrustmaster® T300 RS  Oddzielne osie pedałów	Thrustmaster® T300 RS  個別ペダル	Thrustmaster® T300 RS  Pedais separados	Thrustmaster® T300 RS  Pedales separados	Thrustmaster® T300 RS  Pédalier séparé	Thrustmaster® T300 RS	Thrustmaster® T300 RS  独立踏板	Thrustmaster® T300 RS  獨立踏板
	Platform_ControllerPresets_PS4GamepadDefault	Wireless Controller  Default	Manette sans fil	Controller wireless	Wireless-Controller	Mando inalámbrico	По умолчанию	Kontroler bezprzewodowy	ワイヤレスコントローラー  デフォルト	Controle sem fio	Control inalámbrico	Par défaut	무선 컨트롤러  초기 설정	无线控制器  预设	無線控制器  預設
	Platform_ControllerPresets_PS4ThrustmasterT80	Thrustmaster® T80	Thrustmaster® T80	Thrustmaster® T80	Thrustmaster® T80	Thrustmaster® T80	Thrustmaster® T80	Thrustmaster® T80	Thrustmaster® T80	Thrustmaster® T80	Thrustmaster® T80	Thrustmaster® T80	Thrustmaster® T80	Thrustmaster® T80	Thrustmaster® T80
	Platform_ControllerPresets_PS4ThrustmasterT100	Thrustmaster® T100	Thrustmaster® T100	Thrustmaster® T100	Thrustmaster® T100	Thrustmaster® T100	Thrustmaster® T100	Thrustmaster® T100	Thrustmaster® T100	Thrustmaster® T100	Thrustmaster® T100	Thrustmaster® T100	Thrustmaster® T100	Thrustmaster® T100	Thrustmaster® T100
	Platform_ControllerPresets_PS4ThrustmasterT300	Thrustmaster® T300 RS	Thrustmaster® T300 RS	Thrustmaster® T300 RS	Thrustmaster® T300 RS	Thrustmaster® T300 RS	Thrustmaster® T300 RS	Thrustmaster® T300 RS	Thrustmaster® T300 RS	Thrustmaster® T300 RS	Thrustmaster® T300 RS	Thrustmaster® T300 RS	Thrustmaster® T300 RS	Thrustmaster® T300 RS	Thrustmaster® T300 RS
	Platform_ControllerPresets_PS4ThrustmasterT500	Thrustmaster® T500 RS	Thrustmaster® T500 RS	Thrustmaster® T500 RS	Thrustmaster® T500 RS	Thrustmaster® T500 RS	Thrustmaster® T500 RS	Thrustmaster® T500 RS	Thrustmaster® T500 RS	Thrustmaster® T500 RS	Thrustmaster® T500 RS	Thrustmaster® T500 RS	Thrustmaster® T500 RS	Thrustmaster® T500 RS	Thrustmaster® T500 RS
	Platform_ControllerPresets_XboxOneGamepadDefault	Xbox One Wireless Controller  Default	Manette sans fil Xbox One  Par défaut	Controller Wireless per Xbox One  Predefinito	Xbox One Wireless Controller  Standard	Mando Inalámbrico Xbox One  Predeterminado	Беспроводной геймпад Xbox One  По умолчанию	Kontroler bezprzewodowy dla  konsoli Xbox One Domyślny	Xbox One ワイヤレス コントローラー  デフォルト	Controle Sem Fio Xbox One  Padrão	Control Inalámbrico Xbox One  Predeterminado	Manette sans fil Xbox One  Par défaut	Xbox One 무선 컨트롤러  초기 설정	Xbox One无线控制器  预设	Xbox One無線控制器  預設
	Platform_ControllerPresets_XboxOneWheelBasic	Xbox One Racing Wheel	Volant de course Xbox One	Volante per Xbox One	Xbox One Lenkrad	Volante de carreras de Xbox One	Гоночный руль Xbox One	Kierownica wyścigowa Xbox One	Xbox One レーシング ホイール	Volante Xbox One	Volante de carreras de Xbox One	Volant de course Xbox One	Xbox One Racing Wheel	Xbox One方向盘	Xbox One方向盤
	Platform_ControllerPresets_XboxOneWheelCL	Xbox One Racing Wheel	Volant de course Xbox One	Volante per Xbox One	Xbox One Lenkrad	Volante de carreras de Xbox One	Гоночный руль Xbox One	Kierownica wyścigowa Xbox One	Xbox One レーシング ホイール	Volante Xbox One	Volante de carreras de Xbox One	Volant de course Xbox One	Xbox One Racing Wheel	Xbox One方向盘	Xbox One方向盤
	Platform_ControllerPresets_XboxOneWheelHB	Xbox One Racing Wheel	Volant de course Xbox One	Volante per Xbox One	Xbox One Lenkrad	Volante de carreras de Xbox One	Гоночный руль Xbox One	Kierownica wyścigowa Xbox One	Xbox One レーシング ホイール	Volante Xbox One	Volante de carreras de Xbox One	Volant de course Xbox One	Xbox One Racing Wheel	Xbox One方向盘	Xbox One方向盤
	Platform_ControllerPresets_XboxOneWheelHBCL	Xbox One Racing Wheel	Volant de course Xbox One	Volante per Xbox One	Xbox One Lenkrad	Volante de carreras de Xbox One	Гоночный руль Xbox One	Kierownica wyścigowa Xbox One	Xbox One レーシング ホイール	Volante Xbox One	Volante de carreras de Xbox One	Volant de course Xbox One	Xbox One Racing Wheel	Xbox One方向盘	Xbox One方向盤
	Platform_ControllerPresets_XboxOneWheelGS	Xbox One Racing Wheel	Volant de course Xbox One	Volante per Xbox One	Xbox One Lenkrad	Volante de carreras de Xbox One	Гоночный руль Xbox One	Kierownica wyścigowa Xbox One	Xbox One レーシング ホイール	Volante Xbox One	Volante de carreras de Xbox One	Volant de course Xbox One	Xbox One Racing Wheel	Xbox One方向盘	Xbox One方向盤
	Platform_ControllerPresets_XboxOneWheelGSCL	Xbox One Racing Wheel	Volant de course Xbox One	Volante per Xbox One	Xbox One Lenkrad	Volante de carreras de Xbox One	Гоночный руль Xbox One	Kierownica wyścigowa Xbox One	Xbox One レーシング ホイール	Volante Xbox One	Volante de carreras de Xbox One	Volant de course Xbox One	Xbox One Racing Wheel	Xbox One方向盘	Xbox One方向盤
	Platform_ControllerPresets_XboxOneWheelGSHB	Xbox One Racing Wheel	Volant de course Xbox One	Volante per Xbox One	Xbox One Lenkrad	Volante de carreras de Xbox One	Гоночный руль Xbox One	Kierownica wyścigowa Xbox One	Xbox One レーシング ホイール	Volante Xbox One	Volante de carreras de Xbox One	Volant de course Xbox One	Xbox One Racing Wheel	Xbox One方向盘	Xbox One方向盤
	Platform_ControllerPresets_XboxOneWheelGSHBCL	Xbox One Racing Wheel	Volant de course Xbox One	Volante per Xbox One	Xbox One Lenkrad	Volante de carreras de Xbox One	Гоночный руль Xbox One	Kierownica wyścigowa Xbox One	Xbox One レーシング ホイール	Volante Xbox One	Volante de carreras de Xbox One	Volant de course Xbox One	Xbox One Racing Wheel	Xbox One方向盘	Xbox One方向盤
	Platform_ControllerPresets_XboxOneWheelThrustmaster458	Thrustmaster® Ferrari 458 Italia Edition	Thrustmaster® Ferrari 458 Italia Edition	Thrustmaster® Ferrari 458 Italia Edition	Thrustmaster® Ferrari 458 Italia Edition	Thrustmaster® Ferrari 458 Italia Edition	Thrustmaster® Ferrari 458 Italia Edition	Kierownica Thrustmaster® Ferrari 458 Italia Edition	Thrustmaster® Ferrari 458 Italia Edition	Thrustmaster® Ferrari 458 Italia Edition	Thrustmaster® Ferrari 458 Italia Edition	Thrustmaster® Ferrari 458 Italia Edition	Thrustmaster® 페라리 458 Italia Edition	Thrustmaster® Ferrari 458 Italia Edition	Thrustmaster® Ferrari 458 Italia Edition
	Platform_ControllerPresets_XboxOneWheelMadCatz	Mad Catz® Pro Racing™ Force Feedback Wheel	Mad Catz® Pro Racing™ Force Feedback Wheel	Mad Catz® Pro Racing™ Force Feedback Wheel	Mad Catz® Pro Racing™ Force Feedback Wheel	Mad Catz® Pro Racing™ Force Feedback Wheel	Mad Catz® Pro Racing™ Force Feedback Wheel	Kierownica Mad Catz® Pro Racing™ Force Feedback	Mad Catz® Pro Racing™ Force Feedback Wheel	Mad Catz® Pro Racing™ Volante Force Feedback	Mad Catz® Pro Racing™ Force Feedback Wheel	Mad Catz® Pro Racing™ Force Feedback Wheel	Mad Catz® Pro Racing™ Force Feedback Wheel	Mad Catz® Pro Racing™ Force Feedback Wheel	Mad Catz® Pro Racing™ Force Feedback Wheel
	Platform_ControllerPresets_PCCSWV2CombinedPedals	Fanatec CSW V2  Combined Pedals	Fanatec CSW V2  Pédalier combiné	Fanatec CSW V2  Pedali combinati	Fanatec CSW V2  Kombinierte Pedale	Pedales combinados  Fanatec CSW V2	Fanatec CSW V2  Комбинированные педали	Fanatec CSW V2  Połączone osie pedałów	Fanatec CSW V2  付属ペダル	Fanatec CSW V2  Pedais combinados	Fanatec CSW V2  Pedales combinados	Fanatec CSW V2  Pédalier combiné	Fanatec CSW V2  통합 페달	Fanatec CSW V2  组合踏板	Fanatec CSW V2  組合踏板
	Platform_ControllerPresets_PCCSWV2SeparatePedals	Fanatec CSW V2  Separate Pedals	Fanatec CSW V2  Pédalier séparé	Fanatec CSW V2  Pedali separati	Fanatec CSW V2  Getrennte Pedale	Pedales separados  Fanatec CSW V2	Fanatec CSW V2  раздельные педали	Fanatec CSW V2  Oddzielne osie pedałów	Fanatec CSW V2  個別ペダル	Fanatec CSW V2  Pedais separados	Fanatec CSW V2  Pedales separados	Fanatec CSW V2  Pédalier séparé	Fanatec CSW V2  독립 페달	Fanatec CSW V2  独立踏板	Fanatec CSW V2  獨立踏板
	Platform_ControllerPresets_PCF458Combined	Thrustmaster® Ferrari F458 Force Feedback  Combined Pedals	Thrustmaster® Ferrari F458 Force Feedback  Pédalier combiné	Thrustmaster® Ferrari F458 Force Feedback  Pedali combinati	Thrustmaster® Ferrari F458 Force Feedback  Verbundene Pedale	Thrustmaster® Ferrari F458 Force Feedback  Pedales combinados	Thrustmaster® Ferrari F458 Force Feedback  совмещенные педали	Thrustmaster® Ferrari F458 Force Feedback  Połączone osie pedałów	Thrustmaster® Ferrari F458 Force Feedback  付属ペダル	Thrustmaster® Ferrari F458 Force Feedback  Pedais combinados	Thrustmaster® Ferrari F458 Force Feedback  Pedales combinados	Thrustmaster® Ferrari F458 Force Feedback  Pédalier combiné	Thrustmaster® 페라리 F458 Force Feedback  통합 페달	Thrustmaster® Ferrari F458 Force Feedback  组合踏板	Thrustmaster® Ferrari F458 Force Feedback  組合踏板
	Platform_ControllerPresets_PCF458Separate	Thrustmaster® Ferrari F458 Force Feedback  Separate Pedals	Thrustmaster® Ferrari F458 Force Feedback  Pédalier séparé	Thrustmaster® Ferrari F458 Force Feedback  Pedali separati	Thrustmaster® Ferrari F458 Force Feedback  Getrennte Pedale	Thrustmaster® Ferrari F458 Force Feedback  Pedales separados	Thrustmaster® Ferrari F458 Force Feedback  раздельные педали	Thrustmaster® Ferrari F458 Force Feedback  Oddzielne osie pedałów	Thrustmaster® Ferrari F458 Force Feedback  個別ペダル	Thrustmaster® Ferrari F458 Force Feedback  Pedais separados	Thrustmaster® Ferrari F458 Force Feedback  Pedales separados	Thrustmaster® Ferrari F458 Force Feedback  Pédalier séparé	Thrustmaster® 페라리 F458 Force Feedback  독립 페달	Thrustmaster® Ferrari F458 Force Feedback  独立踏板	Thrustmaster® Ferrari F458 Force Feedback  獨立踏板
	Platform_ControllerPresets_PCPorsche911TGT2G	Porsche 911 Turbo GT2  Gated Shifter	Porsche 911 Turbo GT2  Levier classique	Porsche 911 Turbo GT2  Cambio a griglia	Porsche 911 Turbo GT2  H-Schaltung	Porsche 911 Turbo GT2  Cambio manual	Porsche 911 Turbo GT2  обычная КПП	Porsche 911 Turbo GT2  Osobny drążek	Porsche 911 Turbo GT2  Hパターンシフト	Porsche 911 Turbo GT2  Câmbio manual	Porsche 911 Turbo GT2  Gated Shifter  Cambio manual	Porsche 911 Turbo GT2  Levier classique	포르쉐 911 Turbo GT2  게이티드 시프터	Fanatec Porsche 911 Turbo GT2  H型换档	Porsche 911 Turbo GT2  H型換檔
	Platform_ControllerPresets_PCPorsche911TGT2S	Porsche 911 Turbo GT2  Sequential Shifter	Porsche 911 Turbo GT2  Levier séquentiel	Porsche 911 Turbo GT2  Cambio sequenziale	Porsche 911 Turbo GT2  Sequenzielle Schaltung	Porsche 911 Turbo GT2  Cambio secuencial	Porsche 911 Turbo GT2  секвентальная КПП	Porsche 911 Turbo GT2  Drążek sekwencyjny	Porsche 911 Turbo GT2  シーケンシャルシフト	Porsche 911 Turbo GT2  Câmbio sequencial	Porsche 911 Turbo GT2  Sequential Shifter  Cambio secuencial	Porsche 911 Turbo GT2  Levier séquentiel	포르쉐 911 Turbo GT2  시퀀셜 시프터	Fanatec Porsche 911 Turbo GT2  序列式换档	Porsche 911 Turbo GT2  序列式換檔
	Platform_ControllerPresets_PCPorsche911TGT3RSG	Porsche 911 Turbo GT3RS  Gated Shifter	Porsche 911 Turbo GT3RS  Levier classique	Porsche 911 Turbo GT3RS  Cambio a griglia	Porsche 911 Turbo GT3RS  H-Schaltung	Porsche 911 Turbo GT3RS  Cambio manual	Porsche 911 Turbo GT3RS  обычная КПП	Porsche 911 Turbo GT3RS  Osobny drążek	Porsche 911 Turbo GT3RS  Hパターンシフト	Porsche 911 Turbo GT3RS  Câmbio manual	Porsche 911 Turbo GT3RS  Gated Shifter  Cambio manual	Porsche 911 Turbo GT3RS  Levier classique	포르쉐 911 Turbo GT3RS  게이티드 시프터	Fanatec Porsche 911 Turbo GT3RS  H型换档	Porsche 911 Turbo GT3RS  H型換檔
	Platform_ControllerPresets_PCPorsche911TGT3RSS	Porsche 911 Turbo GT3RS  Sequential Shifter	Porsche 911 Turbo GT3RS  Levier séquentiel	Porsche 911 Turbo GT3RS  cambio sequenziale	Porsche 911 Turbo GT3RS  Sequenzielle Schaltung	Porsche 911 Turbo GT3RS  Cambio secuencial	Porsche 911 Turbo GT3RS  секвентальная КПП	Porsche 911 Turbo GT3RS  Drążek sekwencyjny	Porsche 911 Turbo GT3RS  シーケンシャルシフト	Porsche 911 Turbo GT3RS  Câmbio sequencial	Porsche 911 Turbo GT3RS  Sequential Shifter  Cambio secuencial	Porsche 911 Turbo GT3RS  Levier séquentiel	포르쉐 911 Turbo GT3RS  시퀀셜 시프터	Fanatec Porsche 911 Turbo GT3RS  H型换档	Porsche 911 Turbo GT3RS  序列式換檔
	Platform_ControllerPresets_PCPorsche911TGT3RSV2G	Porsche 911 Turbo GT3RS  V2 Gated Shifter	Porsche 911 Turbo GT3RS  Levier classique V2	Porsche 911 Turbo GT3RS  Cambio a griglia V2	Porsche 911 Turbo GT3RS  V2 H-Schaltung	Porsche 911 Turbo GT3RS  V2 Cambio manual	Porsche 911 Turbo GT3RS V2  обычная КПП	Porsche 911 Turbo GT3RS  Osobny drążek V2	Porsche 911 Turbo GT3RS  V2 Hパターンシフト	Porsche 911 Turbo GT3RS  V2 Câmbio manual	Porsche 911 Turbo GT3RS  V2 Gated Shifter  Cambio manual	Porsche 911 Turbo GT3RS  Levier classique V2	포르쉐 911 Turbo GT3RS  V2 게이티드 시프터	Fanatec Porsche 911 Turbo GT3RS V2  H型换档	Porsche 911 Turbo GT3RS  V2 H型換檔
	Platform_ControllerPresets_PCPorsche911TGT3RSV2S	Porsche 911 Turbo GT3RS  V2 Sequential Shifter	Porsche 911 Turbo GT3RS  Levier séquentiel V2	Porsche 911 Turbo GT3RS  Cambio sequenziale V2	Porsche 911 Turbo GT3RS  V2 Sequenzielle Schaltung	Porsche 911 Turbo GT3RS  V2 Cambio secuencial	Porsche 911 Turbo GT3RS V2  секвентальная КПП	Fanatec Porsche 911 Turbo GT3RS  Drążek sekwencyjny V2	Porsche 911 Turbo GT3RS  V2シーケンシャルシフト	Porsche 911 Turbo GT3RS  V2 Câmbio sequencial	Porsche 911 Turbo GT3RS  V2 Sequential Shifter  Cambio secuencial	Porsche 911 Turbo GT3RS  Levier séquentiel V2	포르쉐 911 Turbo GT3RS  V2 시퀀셜 시프터	Fanatec Porsche 911 Turbo GT3RS V2  序列式换档	Porsche 911 Turbo GT3RS  V2 序列式換檔
	Platform_ControllerPresets_PCPorsche911TPWCG	Porsche 911 Turbo PWC  Gated Shifter	Porsche 911 Turbo PWC  Levier classique	Porsche 911 Turbo PWC  Cambio a griglia	Porsche 911 Turbo PWC  H-Schaltung	Porsche 911 Turbo PWC  Cambio manual	Porsche 911 Turbo PWC  обычная КПП	Porsche 911 Turbo PWC  Osobny drążek	Porsche 911 Turbo PWC  Hパターンシフト	Porsche 911 Turbo PWC  Câmbio manual	Porsche 911 Turbo PWC  Gated Shifter  Cambio manual	Porsche 911 Turbo PWC  Levier classique	포르쉐 911 Turbo PWC  게이티드 시프터	Fanatec Porsche 911 Turbo PWC  H型换档	Porsche 911 Turbo PWC  H型換檔
	Platform_ControllerPresets_PCPorsche911TPWCS	Porsche 911 Turbo PWC  Sequential Shifter	Porsche 911 Turbo PWC  Levier séquentiel	Porsche 911 Turbo PWC  Cambio sequenziale	Porsche 911 Turbo PWC  Sequenzielle Schaltung	Porsche 911 Turbo PWC  Cambio secuencial	Porsche 911 Turbo PWC  секвентальная КПП	Porsche 911 Turbo PWC  Drążek sekwencyjny	Porsche 911 Turbo PWC  シーケンシャルシフト	Porsche 911 Turbo PWC  Câmbio sequencial	Porsche 911 Turbo PWC  Sequential Shifter  Cambio secuencial	Porsche 911 Turbo PWC  Levier séquentiel	포르쉐 911 Turbo PWC  시퀀셜 시프터	Fanatec Porsche 911 Turbo PWC  序列式换档	Porsche 911 Turbo PWC  序列式換檔
	Platform_ControllerPresets_PCPorsche911TPWC4G	Porsche 911 Turbo PWC4  Gated Shifter	Porsche 911 Turbo PWC4  Levier classique	Porsche 911 Turbo PWC4  Cambio a griglia	Porsche 911 Turbo PWC4  H-Schaltung	Porsche 911 Turbo PWC4  Cambio manual	Porsche 911 Turbo PWC4  обычная КПП	Porsche 911 Turbo PWC4  Osobny drążek	Porsche 911 Turbo PWC4  Hパターンシフト	Porsche 911 Turbo PWC4  Câmbio manual	Porsche 911 Turbo PWC4  Gated Shifter  Cambio manual	Porsche 911 Turbo PWC4  Levier classique	포르쉐 911 Turbo PWC4  게이티드 시프터	Fanatec Porsche 911 Turbo PWC4  H型换档	Porsche 911 Turbo PWC4  H型換檔
	Platform_ControllerPresets_PCPorsche911TPWC4S	Porsche 911 Turbo PWC4  Sequential Shifter	Porsche 911 Turbo PWC4  Levier séquentiel	Porsche 911 Turbo PWC4  Cambio sequenziale	Porsche 911 Turbo PWC4  Sequenzielle Schaltung	Porsche 911 Turbo PWC4  Cambio secuencial	Porsche 911 Turbo PWC4  секвентальная КПП	Porsche 911 Turbo PWC4  Drążek sekwencyjny	Porsche 911 Turbo PWC4  シーケンシャルシフト	Porsche 911 Turbo PWC4  Câmbio sequencial	Porsche 911 Turbo PWC4  Sequential Shifter  Cambio secuencial	Porsche 911 Turbo PWC4  Levier séquentiel	포르쉐 911 Turbo PWC4  시퀀셜 시프터	Fanatec Porsche 911 Turbo PWC4  序列式换档	Porsche 911 Turbo PWC4  序列式換檔
	Platform_ControllerPresets_PS4FanatecCSWV2	Fanatec CSW V2	Fanatec CSW V2	Fanatec CSW V2	Fanatec CSW V2	Fanatec CSW V2	Fanatec CSW V2	Fanatec CSW V2	Fanatec CSW V2	Fanatec CSW V2	Fanatec CSW V2	Fanatec CSW V2	Fanatec CSW V2	Fanatec CSW V2	Fanatec CSW V2
	Platform_ControllerPresets_PS4FanatecCSW	Fanatec CSW	Fanatec CSW	Fanatec CSW	Fanatec CSW	Fanatec CSW	Fanatec CSW	Fanatec CSW	Fanatec CSW	Fanatec CSW	Fanatec CSW	Fanatec CSW	Fanatec CSW	Fanatec CSW	Fanatec CSW
	Platform_ControllerPresets_PS4FanatecCSR	Fanatec CSR	Fanatec CSR	Fanatec CSR	Fanatec CSR	Fanatec CSR	Fanatec CSR	Fanatec CSR	Fanatec CSR	Fanatec CSR	Fanatec CSR	Fanatec CSR	Fanatec CSR	Fanatec CSR	Fanatec CSR
	Platform_ControllerPresets_PS4FanatecCSRE	Fanatec CSRE	Fanatec CSRE	Fanatec CSRE	Fanatec CSRE	Fanatec CSRE	Fanatec CSRE	Fanatec CSRE	Fanatec CSRE	Fanatec CSRE	Fanatec CSRE	Fanatec CSRE	Fanatec CSRE	Fanatec CSRE	Fanatec CSRE
	Platform_ControllerPresets_PS4FanatecPorsche911Turbo	Fanatec Porsche 911 Turbo	Fanatec Porsche 911 Turbo	Fanatec Porsche 911 Turbo	Fanatec Porsche 911 Turbo	Fanatec Porsche 911 Turbo	Fanatec Porsche 911 Turbo	Fanatec Porsche 911 Turbo	Fanatec Porsche 911 Turbo	Fanatec Porsche 911 Turbo	Fanatec Porsche 911 Turbo	Fanatec Porsche 911 Turbo	Fanatec 포르쉐 911 Turbo	Fanatec Porsche 911 Turbo	Fanatec Porsche 911 Turbo
	Platform_ControllerPresets_PS4FanatecPorsche911TurboGT2	Fanatec Porsche 911 Turbo GT2	Fanatec Porsche 911 Turbo GT2	Fanatec Porsche 911 Turbo GT2	Fanatec Porsche 911 Turbo GT2	Fanatec Porsche 911 Turbo GT2	Fanatec Porsche 911 Turbo GT2	Fanatec Porsche 911 Turbo GT2	Fanatec Porsche 911 Turbo GT2	Fanatec Porsche 911 Turbo GT2	Fanatec Porsche 911 Turbo GT2	Fanatec Porsche 911 Turbo GT2	Fanatec 포르쉐 911 Turbo GT2	Fanatec Porsche 911 Turbo GT2	Fanatec Porsche 911 Turbo GT2
	Platform_ControllerPresets_PS4FanatecPorsche911TurboGT3RS	Fanatec Porsche 911 Turbo GT3RS	Fanatec Porsche 911 Turbo GT3RS	Fanatec Porsche 911 Turbo GT3RS	Fanatec Porsche 911 Turbo GT3RS	Fanatec Porsche 911 Turbo GT3RS	Fanatec Porsche 911 Turbo GT3RS	Fanatec Porsche 911 Turbo GT3RS	Fanatec Porsche 911 Turbo GT3RS	Fanatec Porsche 911 Turbo GT3RS	Fanatec Porsche 911 Turbo GT3RS	Fanatec Porsche 911 Turbo GT3RS	Fanatec 포르쉐 911 Turbo GT3RS	Fanatec Porsche 911 Turbo GT3RS	Fanatec Porsche 911 Turbo GT3RS
	Platform_ControllerPresets_PS4LogitechWheel	Logitech Wheel	Logitech Wheel	Logitech Wheel	Logitech Wheel	Logitech Wheel	Logitech Wheel	Logitech Wheel	Logitech Wheel	Logitech Wheel	Logitech Wheel	Logitech Wheel	Logitech Wheel	Logitech Wheel	Logitech Wheel
	Platform_ControllerPresets_XboxOneWheelThrustmaster458Spider	Thrustmaster® Ferrari 458 Spider	Thrustmaster® Ferrari 458 Spider	Thrustmaster® Ferrari 458 Spider	Thrustmaster® Ferrari 458 Spider	Thrustmaster® Ferrari 458 Spider	Thrustmaster® Ferrari 458 Spider	Thrustmaster® Ferrari 458 Spider	Thrustmaster® Ferrari 458 Spider	Thrustmaster® Ferrari 458 Spider	Thrustmaster® Ferrari 458 Spider	Thrustmaster® Ferrari 458 Spider	Thrustmaster® 페라리 458 Spider	Thrustmaster® Ferrari 458 Spider	Thrustmaster® Ferrari 458 Spider
	Platform_ControllerPresets_PCG29Separate	Logitech G29  Separate Pedals	Logitech G29  Pédalier séparé	Logitech G29  Pedali separati	Logitech G29  Getrennte Pedale	Logitech G29  Pedales separados	Logitech G29  раздельные педали	Logitech G29  Oddzielne osie pedałów	Logitech G29  個別ペダル	Logitech G29  Pedais separados	Logitech G29  Pedales separados	Logitech G29  Pédalier séparé	Logitech G29  독립 페달	Logitech G29  独立踏板	Logitech G29  獨立踏板
	Platform_ControllerPresets_PCG29Combined	Logitech G29  Combined Pedals	Logitech G29  Pédalier combiné	Logitech G29  Pedali combinati	Logitech G29  Verbundene Pedale	Logitech G29  Pedales combinados	Logitech G29  совмещенные педали	Logitech G29  Połączone osie pedałów	Logitech G29  付属ペダル	Logitech G29  Pedais combinados	Logitech G29  Pedales combinados	Logitech G29  Pédalier combiné	Logitech G29  통합 페달	Logitech G29  组合踏板	Logitech G29  組合踏板
	Platform_ControllerPresets_XboxOneWheelLogitechG920	Logitech G920 Driving Force	Logitech G920 Driving Force	Logitech G920 Driving Force	Logitech G920 Driving Force	Logitech G920 Driving Force	Logitech G920 Driving Force	Logitech G920 Driving Force	Logitech G920 Driving Force	Logitech G920 Driving Force	Logitech G920 Driving Force	Logitech G920 Driving Force	Logitech G920 Driving Force	Logitech G920 Driving Force	Logitech G920 Driving Force
	Platform_ControllerPresets_PS4GamepadTilt	Wireless Controller  Motion Sensor	Fonction de détection de mouvements	Funzione di sensibilità al movimento	Bewegungssensor-Funktion	Función de sensor de movimiento	Функция датчика перемещения	Funkcja czujnika ruchu	ワイヤレスコントローラー  モーションセンサー	Função de sensor de movimento	Función de sensor de movimiento	Fonction de détection de mouvements	무선 컨트롤러 모션 센서	无线控制器  动作传感器	無線控制器  動作感測器
	Platform_ControllerPresets_PCG920Combined	Logitech G920  Combined Pedals	Logitech G920  Pédalier combiné	Logitech G920  Pedali combinati	Logitech G920  Verbundene Pedale	Logitech G920  Pedales combinados	Logitech G920  совмещенные педали	Logitech G920  Połączone osie pedałów	Logitech G920  付属ペダル	Logitech G920  Pedais combinados	Logitech G920  Pedales combinados	Logitech G920  Pédalier combiné	Logitech G920  통합 페달	Logitech G920  组合踏板	Logitech G920  組合踏板
	Platform_ControllerPresets_PCG920Separate	Logitech G920  Separate Pedals	Logitech G920  Pédalier séparé	Logitech G920  Pedali separati	Logitech G920  Getrennte Pedale	Logitech G920  Pedales separados	Logitech G920  раздельные педали	Logitech G920  Oddzielne osie pedałów	Logitech G920  個別ペダル	Logitech G920  Pedais separados	Logitech G920  Pedales separados	Logitech G920  Pédalier séparé	Logitech G920  독립 페달	Logitech G920  独立踏板	Logitech G920  獨立踏板
	Platform_ControllerPresets_FFBClassic	Classic	Classique	Classico	Klassisch	Clásico	классический	Klasyczny	クラシック	Clássico	Clásico	Classique	클래식	经典	經典
	Platform_ControllerPresets_FFBCustom	Custom	Personnalisé	Personalizzata	Angepasst	Personalizada	По выбору	Niestandardowa	カスタム	Personalizado	Personalizado	Personnalisée	커스텀	自订	自訂
	Platform_ControllerPresets_FFBDefault	Default	Défaut	UNTRANSLATED (3102771317): Platform_ControllerPresets_FFBDefault	Standard	UNTRANSLATED (3102771317): Platform_ControllerPresets_FFBDefault	UNTRANSLATED (3102771317): Platform_ControllerPresets_FFBDefault	UNTRANSLATED (3102771317): Platform_ControllerPresets_FFBDefault	UNTRANSLATED (3102771317): Platform_ControllerPresets_FFBDefault	PADRÃO	Por defecto	UNTRANSLATED (3102771317): Platform_ControllerPresets_FFBDefault	UNTRANSLATED (3102771317): Platform_ControllerPresets_FFBDefault	UNTRANSLATED (3102771317): Platform_ControllerPresets_FFBDefault	UNTRANSLATED (3102771317): Platform_ControllerPresets_FFBDefault
	Platform_ControllerPresets_PS4ThrustmasterT150	Thrustmaster® T150	Thrustmaster® T150	Thrustmaster® T150	Thrustmaster® T150	Thrustmaster® T150	Thrustmaster® T150	Thrustmaster® T150	Thrustmaster® T150	Thrustmaster® T150	Thrustmaster® T150	Thrustmaster® T150	Thrustmaster® T150	Thrustmaster® T150	Thrustmaster® T150
	Platform_ControllerPresets_PCT150Combined	Thrustmaster® T150  Combined Pedals	Thrustmaster® T150  Pédalier combiné	Thrustmaster® T150  Pedali combinati	Thrustmaster® T150  Verbundene Pedale	Thrustmaster® T150  Pedales combinados	Thrustmaster® T150  совмещенные педали	Thrustmaster® T150  Połączone osie pedałów	Thrustmaster® T150  付属ペダル	Thrustmaster® T150  Pedais combinados	Thrustmaster® T150  Pedales combinados	Thrustmaster® T150  Pédalier combiné	Thrustmaster® T150  통합 페달	Thrustmaster® T150  组合踏板	Thrustmaster® T150  組合踏板
	Platform_ControllerPresets_PCT150Separate	Thrustmaster® T150  Separate Pedals	Thrustmaster® T150  Pédalier séparé	Thrustmaster® T150  Pedali separati	Thrustmaster® T150  Getrennte Pedale	Thrustmaster® T150  Pedales separados	Thrustmaster® T150  раздельные педали	Thrustmaster® T150  Oddzielne osie pedałów	Thrustmaster® T150  個別ペダル	Thrustmaster® T150  Pedais separados	Thrustmaster® T150  Pedales separados	Thrustmaster® T150  Pédalier séparé	Thrustmaster® T150  독립 페달	Thrustmaster® T150  独立踏板	Thrustmaster® T150  獨立踏板
	Platform_ControllerPresets_PCHotasWarthogStick	Thrustmaster® Hotas Warthog	Thrustmaster® Hotas Warthog	Thrustmaster® Hotas Warthog	Thrustmaster® Hotas Warthog	Thrustmaster® Hotas Warthog	Thrustmaster® Hotas Warthog	Thrustmaster® Hotas Warthog	Thrustmaster® Hotas Warthog	Thrustmaster® Hotas Warthog	Thrustmaster® Hotas Warthog	Thrustmaster® Hotas Warthog	Thrustmaster® Hotas Warthog	Thrustmaster® Hotas Warthog	Thrustmaster® Hotas Warthog
	Platform_ControllerPresets_PC16000M	Thrustmaster® 16000M	Thrustmaster® 16000M	Thrustmaster® 16000M	Thrustmaster® 16000M	Thrustmaster® 16000M	Thrustmaster® 16000M	Thrustmaster® 16000M	Thrustmaster® 16000M	Thrustmaster® 16000M	Thrustmaster® 16000M	Thrustmaster® 16000M	Thrustmaster® 16000M	Thrustmaster® 16000M	Thrustmaster® 16000M
	Platform_ControllerPresets_PCT300F1AdvancedCombined	Thrustmaster® Ferrari F1 Wheel Advanced T300  Combined Pedals	Thrustmaster® Ferrari F1 Wheel Advanced T300  Pédalier combiné	Thrustmaster® Ferrari F1 Wheel Advanced T300  Pedali combinati	Thrustmaster® Ferrari F1 Wheel Advanced T300  Verbundene Pedale	Thrustmaster® Ferrari F1 Wheel Advanced T300  Pedales combinados	Thrustmaster® Ferrari F1 Wheel Advanced T300  совмещенные педали	Thrustmaster® Ferrari F1 Wheel Advanced T300  Połączone osie pedałów	Thrustmaster® Ferrari F1 Wheel Advanced T300  付属ペダル	Thrustmaster® Ferrari F1 Wheel Advanced T300  Pedais combinados	Thrustmaster® Ferrari F1 Wheel Advanced T300  Pedales combinados	Thrustmaster® Ferrari F1 Wheel Advanced T300  Pédalier combiné	Thrustmaster® 페라리 F1 Wheel Advanced T300  통합 페달	Thrustmaster® Ferrari F1 Wheel Advanced T300  组合踏板	Thrustmaster® Ferrari F1 Wheel Advanced T300  組合踏板
	Platform_ControllerPresets_PCT300F1AdvancedSeparate	Thrustmaster® Ferrari F1 Wheel Advanced T300  Separate Pedals	Thrustmaster® Ferrari F1 Wheel Advanced T300  Pédalier séparé	Thrustmaster® Ferrari F1 Wheel Advanced T300  Pedali separati	Thrustmaster® Ferrari F1 Wheel Advanced T300  Getrennte Pedale	Thrustmaster® Ferrari F1 Wheel Advanced T300  Pedales separados	Thrustmaster® Ferrari F1 Wheel Advanced T300  раздельные педали	Thrustmaster® Ferrari F1 Wheel Advanced T300  Oddzielne osie pedałów	Thrustmaster® Ferrari F1 Wheel Advanced T300  個別ペダル	Thrustmaster® Ferrari F1 Wheel Advanced T300  Pedais separados	Thrustmaster® Ferrari F1 Wheel Advanced T300  Pedales separados	Thrustmaster® Ferrari F1 Wheel Advanced T300  Pédalier séparé	Thrustmaster® 페라리 F1 Wheel Advanced T300  독립 페달	Thrustmaster® Ferrari F1 Wheel Advanced T300  独立踏板	Thrustmaster® Ferrari F1 Wheel Advanced T300  獨立踏板
	Platform_ControllerPresets_PCHotas4	Thrustmaster® Hotas 4	Thrustmaster® Hotas 4	Thrustmaster® Hotas 4	Thrustmaster® Hotas 4	Thrustmaster® Hotas 4	Thrustmaster® Hotas 4	Thrustmaster® Hotas 4	Thrustmaster® Hotas 4	Thrustmaster® Hotas 4	Thrustmaster® Hotas 4	Thrustmaster® Hotas 4	Thrustmaster® Hotas 4	Thrustmaster® Hotas 4	Thrustmaster® Hotas 4
	Platform_ControllerPresets_PCTTMXCombined	Thrustmaster® TMX  Combined Pedals	Thrustmaster® TMX  Pédalier combiné	Thrustmaster® TMX  Pedali combinati	Thrustmaster® TMX  Verbundene Pedale	Thrustmaster® TMX  Pedales combinados	Thrustmaster® TMX  совмещенные педали	Thrustmaster® TMX  Połączone osie pedałów	Thrustmaster® TMX  付属ペダル	Thrustmaster® TMX  Pedais combinados	Thrustmaster® TMX  Pedales combinados	Thrustmaster® TMX  Pédalier combiné	Thrustmaster® TMX  통합 페달	Thrustmaster® TMX  组合踏板	Thrustmaster® TMX  組合踏板
	Platform_ControllerPresets_PCTTMXSeparate	Thrustmaster® TMX  Separate Pedals	Thrustmaster® TMX  Pédalier séparé	Thrustmaster® TMX  Pedali separati	Thrustmaster® TMX  Getrennte Pedale	Thrustmaster® TMX  Pedales separados	Thrustmaster® TMX  раздельные педали	Thrustmaster® TMX  Oddzielne osie pedałów	Thrustmaster® TMX  個別ペダル	Thrustmaster® TMX  Pedais separados	Thrustmaster® TMX  Pedales separados	Thrustmaster® TMX  Pédalier séparé	Thrustmaster® TMX  독립 페달	Thrustmaster® TMX  独立踏板	Thrustmaster® TMX  獨立踏板
	Platform_ControllerPresets_PCPocketGamePad	Pocket GamePad	GamePad de poche	Pocket Gamepad	Pocket Gamepad	Mando de bolsillo	Pocket GamePad	Pocket GamePad	Pocket GamePad	Pocket GamePad	GamePad de bolsillo	GamePad de poche	포켓 게임패드	Pocket GamePad	Pocket GamePad
	Platform_ControllerPresets_PCCSLECombinedPedals	Fanatec CSL Elite  Combined Pedals	Fanatec CSL Elite  Pédalier combiné	Fanatec CSL Elite  Pedali combinati	Fanatec CSL Elite  Verbundene Pedale	Fanatec CSL Elite  Pedales combinados	Fanatec CSL Elite  совмещенные педали	Fanatec CSL Elite  Połączone osie pedałów	Fanatec CSL Elite  付属ペダル	Fanatec CSL Elite  Pedais combinados	Fanatec CSL Elite  Pedales combinados	Fanatec CSL Elite  Pédalier combiné	Fanatec CSL Elite  통합 페달	Fanatec CSL Elite  组合踏板	Fanatec CSL Elite  組合踏板
	Platform_ControllerPresets_PCCSLESeparatePedals	Fanatec CSL Elite  Separate Pedals	Fanatec CSL Elite  Pédalier séparé	Fanatec CSL Elite  Pedali separati	Fanatec CSL Elite  Getrennte Pedale	Fanatec CSL Elite  Pedales separados	Fanatec CSL Elite  раздельные педали	Fanatec CSL Elite  Oddzielne osie pedałów	Fanatec CSL Elite  個別ペダル	Fanatec CSL Elite  Pedais separados	Fanatec CSL Elite  Pedales separados	Fanatec CSL Elite  Pédalier séparé	Fanatec CSL Elite  독립 페달	Fanatec CSL Elite  独立踏板	Fanatec CSL Elite  獨立踏板
	Platform_ControllerPresets_PCTSPCRacerCombined	Thrustmaster® TS-PC Racer  Combined Pedals	Thrustmaster® TS-PC Racer  Pédalier combiné	Thrustmaster® TS-PC Racer  Pedali combinati	Thrustmaster® TS-PC Racer  Verbundene Pedale	Thrustmaster® TS-PC Racer  Pedales combinados	Thrustmaster® TS-PC Racer  совмещенные педали	Thrustmaster® TS-PC Racer  Połączone osie pedałów	Thrustmaster® TS-PC Racer  付属ペダル	Thrustmaster® TS-PC Racer  Pedais combinados	Thrustmaster® TS-PC Racer  Pedales combinados	Thrustmaster® TS-PC Racer  Pédalier combiné	Thrustmaster® TS-PC Racer  통합 페달	Thrustmaster® TS-PC Racer  组合踏板	Thrustmaster® TS-PC Racer  組合踏板
	Platform_ControllerPresets_PCTSPCRacerSeparate	Thrustmaster® TS-PC Racer  Separate Pedals	Thrustmaster® TS-PC Racer  Pédalier séparé	Thrustmaster® TS-PC Racer  Pedali separati	Thrustmaster® TS-PC Racer  Getrennte Pedale	Thrustmaster® TS-PC Racer  Pedales separados	Thrustmaster® TS-PC Racer  раздельные педали	Thrustmaster® TS-PC Racer  Oddzielne osie pedałów	Thrustmaster® TS-PC Racer  個別ペダル	Thrustmaster® TS-PC Racer  Pedais separados	Thrustmaster® TS-PC Racer  Pedales separados	Thrustmaster® TS-PC Racer  Pédalier séparé	Thrustmaster® TS-PC Racer  독립 페달	Thrustmaster® TS-PC Racer  独立踏板	Thrustmaster® TS-PC Racer  獨立踏板
	Platform_ControllerPresets_PS4FanatecPorsche911TurboSequential	Fanatec Porsche 911 Turbo  Sequential Shifter	Fanatec Porsche 911 Turbo  Levier séquentiel	Fanatec Porsche 911 Turbo  Cambio sequenziale	Fanatec Porsche 911 Turbo  Sequenzielle Schaltung	Fanatec Porsche 911 Turbo  Sequential Shifter  Cambio secuencial	Fanatec Porsche 911 Turbo  секвентальная КПП	Fanatec Porsche 911 Turbo  Drążek sekwencyjny	Fanatec Porsche 911 Turbo  シーケンシャルシフト	Fanatec Porsche 911 Turbo  Câmbio sequencial	Fanatec Porsche 911 Turbo  Sequential Shifter  Cambio secuencial	Fanatec Porsche 911 Turbo  Levier séquentiel	Fanatec 포르쉐 911 Turbo  시퀀셜 시프터	Fanatec Porsche 911 Turbo  序列式换档	Fanatec Porsche 911 Turbo  序列式換檔
	Platform_ControllerPresets_PS4FanatecPorsche911TurboGT2Sequential	Fanatec Porsche 911 Turbo GT2  Sequential Shifter	Fanatec Porsche 911 Turbo GT2  Levier séquentiel	Fanatec Porsche 911 Turbo GT2  Cambio sequenziale	Fanatec Porsche 911 Turbo GT2  Sequenzielle Schaltung	Fanatec Porsche 911 Turbo GT2  Sequential Shifter  Cambio secuencial	Fanatec Porsche 911 Turbo GT2  секвентальная КПП	Fanatec Porsche 911 Turbo GT2  Drążek sekwencyjny	Fanatec Porsche 911 Turbo GT2  シーケンシャルシフト	Fanatec Porsche 911 Turbo GT2  Câmbio sequencial	Fanatec Porsche 911 Turbo GT2  Sequential Shifter  Cambio secuencial	Fanatec Porsche 911 Turbo GT2  Levier séquentiel	Fanatec 포르쉐 911 Turbo GT2  시퀀셜 시프터	Fanatec Porsche 911 Turbo GT2  序列式换档	Fanatec Porsche 911 Turbo GT2  序列式換檔
	Platform_ControllerPresets_PS4FanatecPorsche911TurboGT3RSSequential	Fanatec Porsche 911 Turbo GT3RS V2  Sequential Shifter	Fanatec Porsche 911 Turbo GT3RS V2  Levier séquentiel	Fanatec Porsche 911 Turbo GT3RS V2  Cambio sequenziale	Fanatec Porsche 911 Turbo GT3RS V2  Sequenzielle Schaltung	Fanatec Porsche 911 Turbo GT3RS V2  Sequential Shifter  Cambio secuencial	Fanatec Porsche 911 Turbo GT3RS V2  секвентальная КПП	Fanatec Porsche 911 Turbo GT3RS V2  Drążek sekwencyjny	Fanatec Porsche 911 Turbo GT3RS V2  シーケンシャルシフト	Fanatec Porsche 911 Turbo GT3RS V2  Câmbio sequencial	Fanatec Porsche 911 Turbo GT3RS V2  Sequential Shifter  Cambio secuencial	Fanatec Porsche 911 Turbo GT3RS V2  Levier séquentiel	Fanatec 포르쉐 911 Turbo GT3RS V2  시퀀셜 시프터	Fanatec Porsche 911 Turbo GT3RS V2  序列式换档	Fanatec Porsche 911 Turbo GT3RS V2  序列式換檔
	Platform_ControllerPresets_PS4FanatecCSRSequential	Fanatec CSR  Sequential Shifter	Fanatec CSR  Levier séquentiel	Fanatec CSR  Cambio sequenziale	Fanatec CSR  Sequenzielle Schaltung	Fanatec CSR  Sequential Shifter  Cambio secuencial	Fanatec CSR  секвентальная КПП	Fanatec CSR  Drążek sekwencyjny	Fanatec CSR  Sequential Shifter	Fanatec CSR  Câmbio sequencial	Fanatec CSR  Sequential Shifter  Cambio secuencial	Fanatec CSR  Levier séquentiel	Fanatec CSR  시퀀셜 시프터	Fanatec CSR  序列式换档	Fanatec CSR  序列式換檔
	Platform_ControllerPresets_FanatecCswV25Combine	Fanatec CSW V2.5  Combined Pedals	Fanatec CSW V2.5  Pédalier combiné	Fanatec CSW V2.5  Pedali combinati	Fanatec CSW V2.5  Verbundene Pedale	Pedales combinados  Fanatec CSW V2.5	Fanatec CSW V2.5  совмещенные педали	Fanatec CSW V2.5  Połączone osie pedałów	Fanatec CSW V2.5  複合ペダル	Fanatec CSW V2.5  Pedais combinados	Pedales combinados  Fanatec CSW V2.5	Fanatec CSW V2.5  Pédalier combiné	Fanatec CSW V2.5  통합 페달	Fanatec CSW V2.5  组合踏板	Fanatec CSW V2.5  組合踏板
	Platform_ControllerPresets_FanatecCswV25Separat	Fanatec CSW V2.5  Separate Pedals	Fanatec CSW V2.5  Pédalier séparé	Fanatec CSW V2.5  Pedali separati	Fanatec CSW V2.5  Getrennte Pedale	Pedales separados  Fanatec CSW V2.5	Fanatec CSW V2.5  раздельные педали	Fanatec CSW V2.5  Oddzielne osie pedałów	Fanatec CSW V2.5  個別ペダル	Fanatec CSW V2.5  Pedais separados	Pedales separados  Fanatec CSW V2.5	Fanatec CSW V2.5  Pédalier séparé	Fanatec CSW V2.5  독립 페달	Fanatec CSW V2.5  独立踏板	Fanatec CSW V2.5  獨立踏板
	Platform_ControllerPresets_PCCSLEPS4CombinedPedals	Fanatec CSL Elite PS4  Combined Pedals	Fanatec CSL Elite PS4  Pédalier combiné	Fanatec CSL Elite PS4  Pedali combinati	Fanatec CSL Elite PS4  Verbundene Pedale	Pedales combinados  Fanatec CSL Elite PS4	Fanatec CSL Elite PS4  совмещенные педали	Fanatec CSL Elite PS4  Połączone osie pedałów	Fanatec CSL Elite PS4  複合ペダル	Fanatec CSL Elite PS4  Pedais combinados	Pedales combinados  Fanatec CSL Elite PS4	Fanatec CSL Elite PS4  Pédalier combiné	Fanatec CSL Elite PS4  통합 페달	Fanatec CSL Elite PS4  组合踏板	Fanatec CSL Elite PS4  組合踏板
	Platform_ControllerPresets_PCCSLEPS4SeparatePedals	Fanatec CSL Elite PS4  Separate Pedals	Fanatec CSL Elite PS4  Pédalier séparé	Fanatec CSL Elite PS4  Pedali separati	Fanatec CSL Elite PS4  Getrennte Pedale	Pedales separados  Fanatec CSL Elite PS4	Fanatec CSL Elite PS4  раздельные педали	Fanatec CSL Elite PS4  Oddzielne osie pedałów	Fanatec CSL Elite PS4  個別ペダル	Fanatec CSL Elite PS4  Pedais separados	Pedales separados  Fanatec CSL Elite PS4	Fanatec CSL Elite PS4  Pédalier séparé	Fanatec CSL Elite PS4  독립 페달	Fanatec CSL Elite PS4  独立踏板	Fanatec CSL Elite PS4  獨立踏板
	Platform_ControllerPresets_PS4WheelLogitechG29	Logitech G29 Driving Force	Logitech G29 Driving Force	Logitech G29 Driving Force	Logitech G29 Driving Force	Logitech G29 Driving Force	Logitech G29 Driving Force	Logitech G29 Driving Force	Logitech G29 Driving Force	Logitech G29 Driving Force	Logitech G29 Driving Force	Logitech G29 Driving Force	Logitech G29 Driving Force	Logitech G29 Driving Force	Logitech G29 Driving Force
	Platform_ControllerPresets_Separate	Separate	Séparé	Separati	Getrennt	Separados	Раздельные	Oddzielne	個別	Separados	Separados	Séparé	독립	独立	獨立
	Platform_ControllerPresets_Combined	Combined	Combiné	Combinati	Verbunden	Combinados	Совмещенные	Połączone	複合	Combinados	Combinados	Combiné	통합	组合	組合
	Platform_ControllerPresets_Microsoft	Microsoft	Microsoft	Microsoft	Microsoft	Microsoft	Microsoft	Microsoft	マイクロソフト	Microsoft	Microsoft	Microsoft	Microsoft	Microsoft	Microsoft
	Platform_ControllerPresets_XboxOneWheelThrustmasterTMX	Thrustmaster® TMX	Thrustmaster® TMX	Thrustmaster® TMX	Thrustmaster® TMX	Thrustmaster® TMX	Thrustmaster® TMX	Kierownica Thrustmaster® TMX	Thrustmaster® TMX	Thrustmaster® TMX	Thrustmaster® TMX	Thrustmaster® TMX	Thrustmaster® TMX	Thrustmaster® TMX	Thrustmaster® TMX
	Platform_ControllerPresets_XboxOneWheelThrustmasterTSXW	Thrustmaster® TS-XW	Thrustmaster® TS-XW	Thrustmaster® TS-XW	Thrustmaster® TS-XW	Thrustmaster® TS-XW	Thrustmaster® TS-XW	Kierownica Thrustmaster® TS-XW	Thrustmaster® TS-XW	Thrustmaster® TS-XW	Thrustmaster® TS-XW	Thrustmaster® TS-XW	Thrustmaster® TS-XW	Thrustmaster® TS-XW	Thrustmaster® TS-XW
	Platform_ControllerPresets_PCTSXWSeparate	Thrustmaster® TS-XW  Separate Pedals	Thrustmaster® TS-XW  Pédalier séparé	Thrustmaster® TS-XW  Pedali separati	Thrustmaster® TS-XW  Getrennte Pedale	Thrustmaster® TS-XW  Pedales separados	Thrustmaster® TS-XW  раздельные педали	Thrustmaster® TS-XW  Oddzielne osie pedałów	Thrustmaster® TS-XW  個別ペダル	Thrustmaster® TS-XW  Pedais separados	Thrustmaster® TS-XW  Pedales separados	Thrustmaster® TS-XW  Pédalier séparé	Thrustmaster® TS-XW  독립 페달	Thrustmaster® TS-XW  Separate Pedals	Thrustmaster® TS-XW  Separate Pedals
	Platform_ControllerPresets_PCTSXWCombined	Thrustmaster® TS-XW  Combined Pedals	Thrustmaster® TS-XW  Pédalier combiné	Thrustmaster® TS-XW  Pedali combinati	Thrustmaster® TS-XW  Verbundene Pedale	Thrustmaster® TS-XW  Pedales combinados	Thrustmaster® TS-XW  совмещенные педали	Thrustmaster® TS-XW  Połączone osie pedałów	Thrustmaster® TS-XW  付属ペダル	Thrustmaster® TS-XW  Pedais combinados	Thrustmaster® TS-XW  Pedales combinados	Thrustmaster® TS-XW  Pédalier combiné	Thrustmaster® TS-XW  통합 페달	Thrustmaster® TS-XW  Combined Pedals	Thrustmaster® TS-XW  Combined Pedals
	Platform_ControllerPresets_FanatecCswV25	CSW V2.5	CSW V2.5	CSW V2.5	CSW V2.5	CSW V2.5	CSW V2.5	CSW V2.5	CSW V2.5	CSW V2.5	CSW V2.5	CSW V2.5	CSW V2.5	CSW V2.5	CSW V2.5
	Platform_ControllerPresets_PCCSLE	CSL Elite	CSL Elite	CSL Elite	CSL Elite	CSL Elite	CSL Elite	CSL Elite	CSL Elite	CSL Elite	CSL Elite	CSL Elite	CSL Elite	CSL Elite	CSL Elite
	Platform_ControllerPresets_PCCSLEPS4	CSL Elite PS4	CSL Elite PS4	CSL Elite PS4	CSL Elite PS4	CSL Elite PS4	CSL Elite PS4	CSL Elite PS4	CSL Elite PS4	CSL Elite PS4	CSL Elite PS4	CSL Elite PS4	CSL Elite PS4	CSL Elite PS4	CSL Elite PS4
	Platform_ControllerPresets_PCCSR	CSR	CSR	CSR	CSR	CSR	CSR	CSR	CSR	CSR	CSR	CSR	CSR	CSR	CSR
	Platform_ControllerPresets_PCCSRE	CSR Elite	CSR Elite	CSR Elite	CSR Elite	CSR Elite	CSR Elite	CSR Elite	CSR Elite	CSR Elite	CSR Elite	CSR Elite	CSR Elite	CSR Elite	CSR Elite
	Platform_ControllerPresets_PCCSW	CSW	CSW	CSW	CSW	CSW	CSW	CSW	CSW	CSW	CSW	CSW	CSW	CSW	CSW
	Platform_ControllerPresets_PCCSWV2	CSW V2	CSW V2	CSW V2	CSW V2	CSW V2	CSW V2	CSW V2	CSW V2	CSW V2	CSW V2	CSW V2	CSW V2	CSW V2	CSW V2
	Platform_ControllerPresets_PCDrivingForce	Driving Force™	Driving Force™	Driving Force™	Driving Force™	Driving Force™	Driving Force™	Driving Force™	Driving Force™	Driving Force™	Driving Force™	Driving Force™	Driving Force™	Driving Force™	Driving Force™
	Platform_ControllerPresets_PCDrivingForceGT	Driving Force™ GT	Driving Force™ GT	Driving Force™ GT	Driving Force™ GT	Driving Force™ GT	Driving Force™ GT	Driving Force™ GT	Driving Force™ GT	Driving Force™ GT	Driving Force™ GT	Driving Force™ GT	Driving Force™ GT	Driving Force™ GT	Driving Force™ GT
	Platform_ControllerPresets_PCDrivingForcePro	Driving Force™ Pro	Driving Force™ Pro	Driving Force™ Pro	Driving Force™ Pro	Driving Force™ Pro	Driving Force™ Pro	Driving Force™ Pro	Driving Force™ Pro	Driving Force™ Pro	Driving Force™ Pro	Driving Force™ Pro	Driving Force™ PRO	Driving Force™ Pro	Driving Force™ Pro
	Platform_ControllerPresets_PCF430	Ferrari F430 Force Feedback	Ferrari F430 Force Feedback	Ferrari F430 Force Feedback	Ferrari F430 Force Feedback	Ferrari F430 Force Feedback	Ferrari F430 Force Feedback	Ferrari F430 Force Feedback	Ferrari F430 Force Feedback	Ferrari F430 Force Feedback	Ferrari F430 Force Feedback	Ferrari F430 Force Feedback	페라리 F430  Force Feedback	Ferrari F430 Force Feedback	Ferrari F430 Force Feedback
	Platform_ControllerPresets_PCF458	Ferrari F458 Force Feedback	Ferrari F458 Force Feedback	Ferrari F458 Force Feedback	Ferrari F458 Force Feedback	Ferrari F458 Force Feedback	Ferrari F458 Force Feedback	Ferrari F458 Force Feedback	Ferrari F458 Force Feedback	Ferrari F458 Force Feedback	Ferrari F458 Force Feedback	Ferrari F458 Force Feedback	페라리 F458  Force Feedback	Ferrari F458 Force Feedback	Ferrari F458 Force Feedback
	Platform_ControllerPresets_PCFerarriT500RS	Ferrari F1 Wheel Integral T500	Ferrari F1 Wheel Integral T500	Ferrari F1 Wheel Integral T500	Ferrari F1 Wheel Integral T500	Ferrari F1 Wheel Integral T500	Ferrari F1 Wheel Integral T500	Ferrari F1 Wheel Integral T500	Ferrari F1 Wheel Integral T500	Ferrari F1 Wheel Integral T500	Ferrari F1 Wheel Integral T500	Ferrari F1 Wheel Integral T500	페라리 F1 Wheel Integral T500	Ferrari F1 Wheel Integral T500	Ferrari F1 Wheel Integral T500
	Platform_ControllerPresets_PCFGTExperience	Ferrari GT Experience	Ferrari GT Experience	Ferrari GT Experience	Ferrari GT Experience	Ferrari GT Experience	Ferrari GT Experience	Ferrari GT Experience	Ferrari GT Experience	Ferrari GT Experience	Ferrari GT Experience	Ferrari GT Experience	페라리 GT Experience	Ferrari GT Experience	Ferrari GT Experience
	Platform_ControllerPresets_PCG25	G25	G25	G25	G25	G25	G25	G25	G25	G25	G25	G25	G25	G25	G25
	Platform_ControllerPresets_PCG27	G27	G27	G27	G27	G27	G27	G27	G27	G27	G27	G27	G27	G27	G27
	Platform_ControllerPresets_PCG29	G29	G29	G29	G29	G29	G29	G29	G29	G29	G29	G29	G29	G29	G29
	Platform_ControllerPresets_PCG920	G920	G920	G920	G920	G920	G920	G920	G920	G920	G920	G920	G920	G920	G920
	Platform_ControllerPresets_PCMOMOForce	MOMO® Force	MOMO® Force	MOMO® Force	MOMO® Force	MOMO® Force	MOMO® Force	MOMO® Force	MOMO® Force	MOMO® Force	MOMO® Force	MOMO® Force	MOMO® Force	MOMO® Force	MOMO® Force
	Platform_ControllerPresets_PCMOMORacing	MOMO® Racing	MOMO® Racing	MOMO® Racing	MOMO® Racing	MOMO® Racing	MOMO® Racing	MOMO® Racing	MOMO® Racing	MOMO® Racing	MOMO® Racing	MOMO® Racing	MOMO® Racing	MOMO® Racing	MOMO® Racing
	Platform_ControllerPresets_PCRGTFFBPro	RGT Force Feedback Clutch	RGT Force Feedback Clutch	RGT Force Feedback Clutch	RGT Force Feedback Clutch	RGT Force Feedback Clutch	RGT Force Feedback Clutch	RGT Force Feedback Clutch	RGT Force Feedback Clutch	RGT Force Feedback Clutch	RGT Force Feedback Clutch	RGT Force Feedback Clutch	RGT Force Feedback Clutch	RGT Force Feedback Clutch	RGT Force Feedback Clutch
	Platform_ControllerPresets_PCT150	T150	T150	T150	T150	T150	T150	T150	T150	T150	T150	T150	T150	T150	T150
	Platform_ControllerPresets_PCT300F1Advanced	Ferrari F1 Wheel Advanced T300	Ferrari F1 Wheel Advanced T300	Ferrari F1 Wheel Advanced T300	Ferrari F1 Wheel Advanced T300	Ferrari F1 Wheel Advanced T300	Ferrari F1 Wheel Advanced T300	Ferrari F1 Wheel Advanced T300	Ferrari F1 Wheel Advanced T300	Ferrari F1 Wheel Advanced T300	Ferrari F1 Wheel Advanced T300	Ferrari F1 Wheel Advanced T300	페라리 F1 Wheel Advanced T300	Ferrari F1 Wheel Advanced T300	Ferrari F1 Wheel Advanced T300
	Platform_ControllerPresets_PCT300RS	T300 RS	T300 RS	T300 RS	T300 RS	T300 RS	T300 RS	T300 RS	T300 RS	T300 RS	T300 RS	T300 RS	T300 RS	T300 RS	T300 RS
	Platform_ControllerPresets_PCT500RS	T500 RS	T500 RS	T500 RS	T500 RS	T500 RS	T500 RS	T500 RS	T500 RS	T500 RS	T500 RS	T500 RS	T500 RS	T500 RS	T500 RS
	Platform_ControllerPresets_PCTSPCRacer	TS-PC Racer	TS-PC Racer	TS-PC Racer	TS-PC Racer	TS-PC Racer	TS-PC Racer	TS-PC Racer	TS-PC Racer	TS-PC Racer	TS-PC Racer	TS-PC Racer	TS-PC Racer	TS-PC Racer	TS-PC Racer
	Platform_ControllerPresets_PCTSXW	TS-XW	TS-XW	TS-XW	TS-XW	TS-XW	TS-XW	TS-XW	TS-XW	TS-XW	TS-XW	TS-XW	TS-XW	TS-XW	TS-XW
	Platform_ControllerPresets_PCTTMX	TMX	TMX	TMX	TMX	TMX	TMX	TMX	TMX	TMX	TMX	TMX	TMX	TMX	TMX
	Platform_ControllerPresets_HoriRWA	RWA	RWA	RWA	RWA	RWA	RWA	RWA	RWA	RWA	RWA	RWA	RWA	RWA	RWA
	Platform_ControllerPresets_RacingWheelApex	Racing Wheel Apex	Racing Wheel Apex	Racing Wheel Apex	Racing Wheel Apex	Volante Racing Wheel Apex	Racing Wheel Apex	Racing Wheel Apex	Racing Wheel Apex	Racing Wheel Apex	Racing Wheel Apex	Racing Wheel Apex	Racing Wheel Apex	Racing Wheel Apex	Racing Wheel Apex
	Platform_ControllerPresets_PCCSWV2X	CSW V2.x	CSW V2.x	CSW V2.x	CSW V2.x	CSW V2.x	CSW V2.x	CSW V2.x	CSW V2.x	CSW V2.x	CSW V2.x	CSW V2.x	CSW V2.x	CSW V2.x	CSW V2.x
	Platform_ControllerPresets_PCTSPCRacerFerrari488	TS-PC Racer Ferrari 488	TS-PC Racer Ferrari 488	TS-PC Racer Ferrari 488	TS-PC Racer Ferrari 488	TS-PC Racer Ferrari 488	TS-PC Racer Ferrari 488	TS-PC Racer Ferrari 488	TS-PC Racer Ferrari 488	TS-PC Racer Ferrari 488	TS-PC Racer Ferrari 488	TS-PC Racer Ferrari 488	TS-PC Racer Ferrari 488	TS-PC Racer Ferrari 488	TS-PC Racer Ferrari 488
	Platform_ControllerPresets_PCTSPCRacerFerrari488Combined	Thrustmaster® TS-PC Racer Ferrari 488   Combined Pedals	Thrustmaster® TS-PC Racer Ferrari 488   Pédalier combine	Thrustmaster® TS-PC Racer Ferrari 488   Pedali combinati	Thrustmaster® TS-PC Racer Ferrari 488   Verbundene Pedale	Thrustmaster® TS-PC Racer Ferrari 488   Pedales combinados	Thrustmaster® TS-PC Racer Ferrari 488   совмещенные педали	Thrustmaster® TS-PC Racer Ferrari 488   Połączone osie pedałów	Thrustmaster® TS-PC Racer Ferrari 488   付属ペダル	Thrustmaster® TS-PC Racer Ferrari 488   Pedais combinados	Thrustmaster® TS-PC Racer Ferrari 488   Pedales combinados	Thrustmaster® TS-PC Racer Ferrari 488   Pédalier combine	Thrustmaster® TS-PC Racer Ferrari 488   통합 페달	Thrustmaster® TS-PC Racer Ferrari 488   组合踏板	Thrustmaster® TS-PC Racer Ferrari 488   組合踏板
	Platform_ControllerPresets_PCTSPCRacerFerrari488Separate	Thrustmaster® TS-PC Racer Ferrari 488  Separate Pedals	Thrustmaster® TS-PC Racer Ferrari 488  Pédalier séparé	Thrustmaster® TS-PC Racer Ferrari 488  Pedali separate	Thrustmaster® TS-PC Racer Ferrari 488  Getrennte Pedale	Thrustmaster® TS-PC Racer Ferrari 488  Pedales separados	Thrustmaster® TS-PC Racer Ferrari 488  раздельные педали	Thrustmaster® TS-PC Racer Ferrari 488  Oddzielne osie pedałów	Thrustmaster® TS-PC Racer Ferrari 488  個別ペダル	Thrustmaster® TS-PC Racer Ferrari 488  Pedais separados	Thrustmaster® TS-PC Racer Ferrari 488  Pedales separados	Thrustmaster® TS-PC Racer Ferrari 488  Pédalier séparé	Thrustmaster® TS-PC Racer Ferrari 488  독립 페달	Thrustmaster® TS-PC Racer Ferrari 488  独立踏板	Thrustmaster® TS-PC Racer Ferrari 488  獨立踏板
	Platform_ControllerPresets_PCTXF1Wheel	Thrustmaster® TX F1 Advanced	Thrustmaster® TX F1 Advanced	Thrustmaster® TX F1 Advanced	Thrustmaster® TX F1 Advanced	Thrustmaster® TX F1 Advanced	Thrustmaster® TX F1 Advanced	Thrustmaster® TX F1 Advanced	Thrustmaster® TX F1 Advanced	Thrustmaster® TX F1 Advanced	Thrustmaster® TX F1 Advanced	Thrustmaster® TX F1 Advanced	Thrustmaster® TX F1 Advanced	Thrustmaster® TX F1 Advanced	Thrustmaster® TX F1 Advanced
	Platform_ControllerPresets_PCTXF1WheelCombined	Thrustmaster® TX F1 Advanced  Combined Pedals	Thrustmaster® TX F1 Advanced  Pédalier combine	Thrustmaster® TX F1 Advanced  Pedali combinati	Thrustmaster® TX F1 Advanced  Verbundene Pedale	Thrustmaster® TX F1 Advanced  Pedales combinados	Thrustmaster® TX F1 Advanced  совмещенные педали	Thrustmaster® TX F1 Advanced  Połączone osie pedałów	Thrustmaster® TX F1 Advanced  付属ペダル	Thrustmaster® TX F1 Advanced  Pedais combinados	Thrustmaster® TX F1 Advanced  Pedales combinados	Thrustmaster® TX F1 Advanced  Pédalier combine	Thrustmaster® TX F1 Advanced  통합 페달	Thrustmaster® TX F1 Advanced  组合踏板	Thrustmaster® TX F1 Advanced  組合踏板
	Platform_ControllerPresets_PCTXF1WheelSeparate	Thrustmaster® TX F1 Advanced   Separate Pedals	Thrustmaster® TX F1 Advanced   Pédalier séparé	Thrustmaster® TX F1 Advanced   Pedali separate	Thrustmaster® TX F1 Advanced   Getrennte Pedale	Thrustmaster® TX F1 Advanced   Pedales separados	Thrustmaster® TX F1 Advanced   раздельные педали	Thrustmaster® TX F1 Advanced   Oddzielne osie pedałów	Thrustmaster® TX F1 Advanced   個別ペダル	Thrustmaster® TX F1 Advanced   Pedais separados	Thrustmaster® TX F1 Advanced   Pedales separados	Thrustmaster® TX F1 Advanced   Pédalier séparé	Thrustmaster® TX F1 Advanced   독립 페달	Thrustmaster® TX F1 Advanced   独立踏板	Thrustmaster® TX F1 Advanced   獨立踏板
	Platform_ControllerPresets_FanatecDD1Combine	Fanatec DD1 Formula V2 Rim  Combined Pedals	Fanatec DD1 Formula V2 Rim   Pédales combinées	UNTRANSLATED (1251147981): Platform_ControllerPresets_FanatecDD1Combine	Fanatec DD1 Formula V2 Rim  Kombinierte Pedale	UNTRANSLATED (1251147981): Platform_ControllerPresets_FanatecDD1Combine	UNTRANSLATED (1251147981): Platform_ControllerPresets_FanatecDD1Combine	UNTRANSLATED (1251147981): Platform_ControllerPresets_FanatecDD1Combine	UNTRANSLATED (1251147981): Platform_ControllerPresets_FanatecDD1Combine	Fanatec DD1 Formula V2 Rim  Combined Pedals	Fanatec DD1 Formula V2 Rim  Pedales Combinados	UNTRANSLATED (1251147981): Platform_ControllerPresets_FanatecDD1Combine	UNTRANSLATED (1251147981): Platform_ControllerPresets_FanatecDD1Combine	UNTRANSLATED (1251147981): Platform_ControllerPresets_FanatecDD1Combine	UNTRANSLATED (1251147981): Platform_ControllerPresets_FanatecDD1Combine
	Platform_ControllerPresets_FanatecDD1PS4Combine	Fanatec DD1 PS4  Formula V2 Rim  Combined Pedals	Fanatec DD1 PS4  Formula V2 Rim   Pédales combinées	UNTRANSLATED (1164476735): Platform_ControllerPresets_FanatecDD1PS4Combine	Fanatec DD1 PS4 Formula V2 Rim  Kombinierte Pedale	UNTRANSLATED (1164476735): Platform_ControllerPresets_FanatecDD1PS4Combine	UNTRANSLATED (1164476735): Platform_ControllerPresets_FanatecDD1PS4Combine	UNTRANSLATED (1164476735): Platform_ControllerPresets_FanatecDD1PS4Combine	UNTRANSLATED (1164476735): Platform_ControllerPresets_FanatecDD1PS4Combine	Fanatec DD1 PS4  Formula V2 Rim  Combined Pedals	Fanatec DD1 PS4  Formula V2 Rim  Pedales Combinados	UNTRANSLATED (1164476735): Platform_ControllerPresets_FanatecDD1PS4Combine	UNTRANSLATED (1164476735): Platform_ControllerPresets_FanatecDD1PS4Combine	UNTRANSLATED (1164476735): Platform_ControllerPresets_FanatecDD1PS4Combine	UNTRANSLATED (1164476735): Platform_ControllerPresets_FanatecDD1PS4Combine
	Platform_ControllerPresets_FanatecDD1Seperate	Fanatec DD1 Formula V2 Rim  Seperate Pedals	Fanatec DD1 Formula V2 Rim  Pédales séparées	UNTRANSLATED (3566237815): Platform_ControllerPresets_FanatecDD1Seperate	Fanatec DD1 Formula V2 Rim  Separate Pedale	UNTRANSLATED (3566237815): Platform_ControllerPresets_FanatecDD1Seperate	UNTRANSLATED (3566237815): Platform_ControllerPresets_FanatecDD1Seperate	UNTRANSLATED (3566237815): Platform_ControllerPresets_FanatecDD1Seperate	UNTRANSLATED (3566237815): Platform_ControllerPresets_FanatecDD1Seperate	Fanatec DD1 Formula V2 Rim  Seperate Pedals	Fanatec DD1 Formula V2 Rim  Pedales Separados	UNTRANSLATED (3566237815): Platform_ControllerPresets_FanatecDD1Seperate	UNTRANSLATED (3566237815): Platform_ControllerPresets_FanatecDD1Seperate	UNTRANSLATED (3566237815): Platform_ControllerPresets_FanatecDD1Seperate	UNTRANSLATED (3566237815): Platform_ControllerPresets_FanatecDD1Seperate
	Platform_ControllerPresets_FanatecDD1PS4Seperate	Fanatec DD1 PS4  Formula V2 Rim  Seperate Pedals	Fanatec DD1 PS4  Formula V2 Rim  Pédales séparées	UNTRANSLATED (1066836982): Platform_ControllerPresets_FanatecDD1PS4Seperate	Fanatec DD1 PS4 Formula V2 Rim  Separate Pedale	UNTRANSLATED (1066836982): Platform_ControllerPresets_FanatecDD1PS4Seperate	UNTRANSLATED (1066836982): Platform_ControllerPresets_FanatecDD1PS4Seperate	UNTRANSLATED (1066836982): Platform_ControllerPresets_FanatecDD1PS4Seperate	UNTRANSLATED (1066836982): Platform_ControllerPresets_FanatecDD1PS4Seperate	Fanatec DD1 PS4  Formula V2 Rim  Seperate Pedals	Fanatec DD1 PS4  Formula V2 Rim  Pedales Separados	UNTRANSLATED (1066836982): Platform_ControllerPresets_FanatecDD1PS4Seperate	UNTRANSLATED (1066836982): Platform_ControllerPresets_FanatecDD1PS4Seperate	UNTRANSLATED (1066836982): Platform_ControllerPresets_FanatecDD1PS4Seperate	UNTRANSLATED (1066836982): Platform_ControllerPresets_FanatecDD1PS4Seperate
	Platform_ControllerPresets_FanatecDD2Combine	Fanatec DD2 Formula V2 Rim  Combined Pedals	Fanatec DD2 Formula V2 Rim  Pédales combinées	UNTRANSLATED (159761144): Platform_ControllerPresets_FanatecDD2Combine	Fanatec DD2 Formula V2 Rim  Kombinierte Pedale	UNTRANSLATED (159761144): Platform_ControllerPresets_FanatecDD2Combine	UNTRANSLATED (159761144): Platform_ControllerPresets_FanatecDD2Combine	UNTRANSLATED (159761144): Platform_ControllerPresets_FanatecDD2Combine	UNTRANSLATED (159761144): Platform_ControllerPresets_FanatecDD2Combine	Fanatec DD2 Formula V2 Rim  Combined Pedals	Fanatec DD2 Formula V2 Rim  Pedales Combinados	UNTRANSLATED (159761144): Platform_ControllerPresets_FanatecDD2Combine	UNTRANSLATED (159761144): Platform_ControllerPresets_FanatecDD2Combine	UNTRANSLATED (159761144): Platform_ControllerPresets_FanatecDD2Combine	UNTRANSLATED (159761144): Platform_ControllerPresets_FanatecDD2Combine
	Platform_ControllerPresets_FanatecDD2Seperate	Fanatec DD2 Formula V2 Rim  Seperate Pedals	Fanatec DD2 Formula V2 Rim  Pédales séparées	UNTRANSLATED (832225358): Platform_ControllerPresets_FanatecDD2Seperate	Fanatec DD2 Formula V2 Rim  Separate Pedale	UNTRANSLATED (832225358): Platform_ControllerPresets_FanatecDD2Seperate	UNTRANSLATED (832225358): Platform_ControllerPresets_FanatecDD2Seperate	UNTRANSLATED (832225358): Platform_ControllerPresets_FanatecDD2Seperate	UNTRANSLATED (832225358): Platform_ControllerPresets_FanatecDD2Seperate	Fanatec DD2 Formula V2 Rim  Seperate Pedals	Fanatec DD2 Formula V2 Rim  Pedales Separados	UNTRANSLATED (832225358): Platform_ControllerPresets_FanatecDD2Seperate	UNTRANSLATED (832225358): Platform_ControllerPresets_FanatecDD2Seperate	UNTRANSLATED (832225358): Platform_ControllerPresets_FanatecDD2Seperate	UNTRANSLATED (832225358): Platform_ControllerPresets_FanatecDD2Seperate
	Platform_ControllerPresets_SimuCube1	Simucube 1	Simucube 1	UNTRANSLATED (2610164908): Platform_ControllerPresets_SimuCube1	Simucube 1	UNTRANSLATED (2610164908): Platform_ControllerPresets_SimuCube1	UNTRANSLATED (2610164908): Platform_ControllerPresets_SimuCube1	UNTRANSLATED (2610164908): Platform_ControllerPresets_SimuCube1	UNTRANSLATED (2610164908): Platform_ControllerPresets_SimuCube1	Simucube 1	Simucube 1	UNTRANSLATED (2610164908): Platform_ControllerPresets_SimuCube1	UNTRANSLATED (2610164908): Platform_ControllerPresets_SimuCube1	UNTRANSLATED (2610164908): Platform_ControllerPresets_SimuCube1	UNTRANSLATED (2610164908): Platform_ControllerPresets_SimuCube1
	Platform_ControllerPresets_Simucube2Sport	Simucube 2 Sport	Simucube 2 Sport	UNTRANSLATED (1606483672): Platform_ControllerPresets_Simucube2Sport	Simucube 2 Sport	UNTRANSLATED (1606483672): Platform_ControllerPresets_Simucube2Sport	UNTRANSLATED (1606483672): Platform_ControllerPresets_Simucube2Sport	UNTRANSLATED (1606483672): Platform_ControllerPresets_Simucube2Sport	UNTRANSLATED (1606483672): Platform_ControllerPresets_Simucube2Sport	Simucube 2 Sport	Simucube 2 Sport	UNTRANSLATED (1606483672): Platform_ControllerPresets_Simucube2Sport	UNTRANSLATED (1606483672): Platform_ControllerPresets_Simucube2Sport	UNTRANSLATED (1606483672): Platform_ControllerPresets_Simucube2Sport	UNTRANSLATED (1606483672): Platform_ControllerPresets_Simucube2Sport
	Platform_ControllerPresets_Simucube2Pro	Simucube 2 Pro	Simucube 2 Pro	UNTRANSLATED (548028008): Platform_ControllerPresets_Simucube2Pro	Simucube 2 Pro	UNTRANSLATED (548028008): Platform_ControllerPresets_Simucube2Pro	UNTRANSLATED (548028008): Platform_ControllerPresets_Simucube2Pro	UNTRANSLATED (548028008): Platform_ControllerPresets_Simucube2Pro	UNTRANSLATED (548028008): Platform_ControllerPresets_Simucube2Pro	Simucube 2 Pro	Simucube 2 Pro	UNTRANSLATED (548028008): Platform_ControllerPresets_Simucube2Pro	UNTRANSLATED (548028008): Platform_ControllerPresets_Simucube2Pro	UNTRANSLATED (548028008): Platform_ControllerPresets_Simucube2Pro	UNTRANSLATED (548028008): Platform_ControllerPresets_Simucube2Pro
	Platform_ControllerPresets_Simucube2Ultimate	Simucube 2 Ultimate	Simucube 2 Ultimate	UNTRANSLATED (2258818727): Platform_ControllerPresets_Simucube2Ultimate	Simucube 2 Ultimate	UNTRANSLATED (2258818727): Platform_ControllerPresets_Simucube2Ultimate	UNTRANSLATED (2258818727): Platform_ControllerPresets_Simucube2Ultimate	UNTRANSLATED (2258818727): Platform_ControllerPresets_Simucube2Ultimate	UNTRANSLATED (2258818727): Platform_ControllerPresets_Simucube2Ultimate	Simucube 2 Ultimate	Simucube 2 Ultimate	UNTRANSLATED (2258818727): Platform_ControllerPresets_Simucube2Ultimate	UNTRANSLATED (2258818727): Platform_ControllerPresets_Simucube2Ultimate	UNTRANSLATED (2258818727): Platform_ControllerPresets_Simucube2Ultimate	UNTRANSLATED (2258818727): Platform_ControllerPresets_Simucube2Ultimate
	Platform_ControllerPresets_FanatecDDCustom	Fanatec DD Custom	Fanatec DD Custom	UNTRANSLATED (1054229801): Platform_ControllerPresets_FanatecDDCustom	Fanatec DD Benutzerdefiniert	UNTRANSLATED (1054229801): Platform_ControllerPresets_FanatecDDCustom	UNTRANSLATED (1054229801): Platform_ControllerPresets_FanatecDDCustom	UNTRANSLATED (1054229801): Platform_ControllerPresets_FanatecDDCustom	UNTRANSLATED (1054229801): Platform_ControllerPresets_FanatecDDCustom	Fanatec DD Custom	Fanatec DD Personalizado	UNTRANSLATED (1054229801): Platform_ControllerPresets_FanatecDDCustom	UNTRANSLATED (1054229801): Platform_ControllerPresets_FanatecDDCustom	UNTRANSLATED (1054229801): Platform_ControllerPresets_FanatecDDCustom	UNTRANSLATED (1054229801): Platform_ControllerPresets_FanatecDDCustom
	Platform_ControllerPresets_CustomDD	Custom DD Wheel	Custom DD Wheel	UNTRANSLATED (4231437717): Platform_ControllerPresets_CustomDD	Benutzerdefiniertes DD Lenkrad	UNTRANSLATED (4231437717): Platform_ControllerPresets_CustomDD	UNTRANSLATED (4231437717): Platform_ControllerPresets_CustomDD	UNTRANSLATED (4231437717): Platform_ControllerPresets_CustomDD	UNTRANSLATED (4231437717): Platform_ControllerPresets_CustomDD	Custom DD Wheel	Volante DD Personalizado	UNTRANSLATED (4231437717): Platform_ControllerPresets_CustomDD	UNTRANSLATED (4231437717): Platform_ControllerPresets_CustomDD	UNTRANSLATED (4231437717): Platform_ControllerPresets_CustomDD	UNTRANSLATED (4231437717): Platform_ControllerPresets_CustomDD
	Platform_ControllerPresets_FanatecCustom	Fanatec custom setup	Fanatec réglage personnalisé	UNTRANSLATED (874862623): Platform_ControllerPresets_FanatecCustom	Benutzerdefiniertes Fanatec Setup	UNTRANSLATED (874862623): Platform_ControllerPresets_FanatecCustom	UNTRANSLATED (874862623): Platform_ControllerPresets_FanatecCustom	UNTRANSLATED (874862623): Platform_ControllerPresets_FanatecCustom	UNTRANSLATED (874862623): Platform_ControllerPresets_FanatecCustom	Fanatec custom setup	Configuración Fanatec personalizada	UNTRANSLATED (874862623): Platform_ControllerPresets_FanatecCustom	UNTRANSLATED (874862623): Platform_ControllerPresets_FanatecCustom	UNTRANSLATED (874862623): Platform_ControllerPresets_FanatecCustom	UNTRANSLATED (874862623): Platform_ControllerPresets_FanatecCustom
	Platform_ControllerPresets_ThrustmasterCustom	Thrustmaster custom setup	Thrustmaster réglage personnalisé	UNTRANSLATED (2199945577): Platform_ControllerPresets_ThrustmasterCustom	Benutzerdefiniertes Thrustmaster Setup	UNTRANSLATED (2199945577): Platform_ControllerPresets_ThrustmasterCustom	UNTRANSLATED (2199945577): Platform_ControllerPresets_ThrustmasterCustom	UNTRANSLATED (2199945577): Platform_ControllerPresets_ThrustmasterCustom	UNTRANSLATED (2199945577): Platform_ControllerPresets_ThrustmasterCustom	Thrustmaster custom setup	Configuración Thrustmaster personalizada	UNTRANSLATED (2199945577): Platform_ControllerPresets_ThrustmasterCustom	UNTRANSLATED (2199945577): Platform_ControllerPresets_ThrustmasterCustom	UNTRANSLATED (2199945577): Platform_ControllerPresets_ThrustmasterCustom	UNTRANSLATED (2199945577): Platform_ControllerPresets_ThrustmasterCustom
	Platform_ControllerPresets_LogitechCustom	Logitech custom setup	Logitech réglage personnalisé	UNTRANSLATED (372696897): Platform_ControllerPresets_LogitechCustom	Benutzerdefiniertes Logitech Setup	UNTRANSLATED (372696897): Platform_ControllerPresets_LogitechCustom	UNTRANSLATED (372696897): Platform_ControllerPresets_LogitechCustom	UNTRANSLATED (372696897): Platform_ControllerPresets_LogitechCustom	UNTRANSLATED (372696897): Platform_ControllerPresets_LogitechCustom	Logitech custom setup	Configuración Logitech personalizada	UNTRANSLATED (372696897): Platform_ControllerPresets_LogitechCustom	UNTRANSLATED (372696897): Platform_ControllerPresets_LogitechCustom	UNTRANSLATED (372696897): Platform_ControllerPresets_LogitechCustom	UNTRANSLATED (372696897): Platform_ControllerPresets_LogitechCustom
	Platform_ControllerPresets_FFBDefaultNew	New Default	Nouveau réglage par défaut	UNTRANSLATED (468815679): Platform_ControllerPresets_FFBDefaultNew	Neue Vorgabe	UNTRANSLATED (468815679): Platform_ControllerPresets_FFBDefaultNew	UNTRANSLATED (468815679): Platform_ControllerPresets_FFBDefaultNew	UNTRANSLATED (468815679): Platform_ControllerPresets_FFBDefaultNew	UNTRANSLATED (468815679): Platform_ControllerPresets_FFBDefaultNew	New Default	Nuevo por defecto	UNTRANSLATED (468815679): Platform_ControllerPresets_FFBDefaultNew	UNTRANSLATED (468815679): Platform_ControllerPresets_FFBDefaultNew	UNTRANSLATED (468815679): Platform_ControllerPresets_FFBDefaultNew	UNTRANSLATED (468815679): Platform_ControllerPresets_FFBDefaultNew
	Platform_ControllerPresets_PCG923	G923	G923	G923	G923	G923	G923	G923	G923	G923	G923	G923	G923	G923	G923
	Platform_ControllerPresets_PCG923Combined	Logitech G923  Combined Pedals	Logitech G923  Pédalier combiné	Logitech G923  Pedali combinati	Logitech G923  Verbundene Pedale	Logitech G923  Pedales combinados	Logitech G923  совмещенные педали	Logitech G923  Połączone osie pedałów	Logitech G923  付属ペダル	Logitech G923  Pedais combinados	Logitech G923  Pedales combinados	Logitech G923  Pédalier combiné	Logitech G923  통합 페달	Logitech G923  组合踏板	Logitech G923  組合踏板
	Platform_ControllerPresets_PCG923Separate	Logitech G923  Separate Pedals	Logitech G923  Pédalier séparé	Logitech G923  Pedali separati	Logitech G923  Getrennte Pedale	Logitech G923  Pedales separados	Logitech G923  раздельные педали	Logitech G923  Oddzielne osie pedałów	Logitech G923  個別ペダル	Logitech G923  Pedais separados	Logitech G923  Pedales separados	Logitech G923  Pédalier séparé	Logitech G923  독립 페달	Logitech G923  独立踏板	Logitech G923  獨立踏板
	Platform_ControllerPresets_PCG923XBOXCombined	Logitech G923  Combined Pedals	Logitech G923  Pédalier combiné	Logitech G923  Pedali combinati	Logitech G923  Verbundene Pedale	Logitech G923  Pedales combinados	Logitech G923  совмещенные педали	Logitech G923  Połączone osie pedałów	Logitech G923  付属ペダル	Logitech G923  Pedais combinados	Logitech G923  Pedales combinados	Logitech G923  Pédalier combiné	Logitech G923  통합 페달	Logitech G923  组合踏板	Logitech G923  組合踏板
	Platform_ControllerPresets_PCG923XBOXSeparate	Logitech G923  Separate Pedals	Logitech G923  Pédalier séparé	Logitech G923  Pedali separati	Logitech G923  Getrennte Pedale	Logitech G923  Pedales separados	Logitech G923  раздельные педали	Logitech G923  Oddzielne osie pedałów	Logitech G923  個別ペダル	Logitech G923  Pedais separados	Logitech G923  Pedales separados	Logitech G923  Pédalier séparé	Logitech G923  독립 페달	Logitech G923  独立踏板	Logitech G923  獨立踏板
	Platform_ControllerPresets_PCG923PS4Combined	Logitech G923  Combined Pedals	Logitech G923  Pédalier combiné	Logitech G923  Pedali combinati	Logitech G923  Verbundene Pedale	Logitech G923  Pedales combinados	Logitech G923  совмещенные педали	Logitech G923  Połączone osie pedałów	Logitech G923  付属ペダル	Logitech G923  Pedais combinados	Logitech G923  Pedales combinados	Logitech G923  Pédalier combiné	Logitech G923  통합 페달	Logitech G923  组合踏板	Logitech G923  組合踏板
	Platform_ControllerPresets_PCG923PS4Separate	Logitech G923  Separate Pedals	Logitech G923  Pédalier séparé	Logitech G923  Pedali separati	Logitech G923  Getrennte Pedale	Logitech G923  Pedales separados	Logitech G923  раздельные педали	Logitech G923  Oddzielne osie pedałów	Logitech G923  個別ペダル	Logitech G923  Pedais separados	Logitech G923  Pedales separados	Logitech G923  Pédalier séparé	Logitech G923  독립 페달	Logitech G923  独立踏板	Logitech G923  獨立踏板
	Platform_ControllerPresets_PCTGT	T-GT	T-GT	T-GT	T-GT	T-GT	T-GT	T-GT	T-GT	T-GT	T-GT	T-GT	T-GT	T-GT	T-GT
	Platform_ControllerPresets_PCTGTCombined	Thrustmaster® T-GT  Combined Pedals	Thrustmaster® T-GT  Pédalier combiné	Thrustmaster® T-GT  Pedali combinati	Thrustmaster® T-GT  Verbundene Pedale	Thrustmaster® T-GT  Pedales combinados	Thrustmaster® T-GT  совмещенные педали	Thrustmaster® T-GT  Połączone osie pedałów	Thrustmaster® T-GT  付属ペダル	Thrustmaster® T-GT  Pedais combinados	Thrustmaster® T-GT  Pedales combinados	Thrustmaster® T-GT  Pédalier combiné	Thrustmaster® T-GT  통합 페달	Thrustmaster® T-GT  Combined Pedals	Thrustmaster® T-GT  Combined Pedals
	Platform_ControllerPresets_PCTGTSeparate	Thrustmaster® T-GT  Separate Pedals	Thrustmaster® T-GT  Pédalier séparé	Thrustmaster® T-GT  Pedali separati	Thrustmaster® T-GT  Getrennte Pedale	Thrustmaster® T-GT  Pedales separados	Thrustmaster® T-GT  раздельные педали	Thrustmaster® T-GT  Oddzielne osie pedałów	Thrustmaster® T-GT  個別ペダル	Thrustmaster® T-GT  Pedais separados	Thrustmaster® T-GT  Pedales separados	Thrustmaster® T-GT  Pédalier séparé	Thrustmaster® T-GT  독립 페달	Thrustmaster® T-GT  Separate Pedals	Thrustmaster® T-GT  Separate Pedals
	Platform_ControllerPresets_PCSimagicM10	Simagic M10	Simagic M10	UNTRANSLATED (114775735): Platform_ControllerPresets_PCSimagicM10	Simagic M10	UNTRANSLATED (114775735): Platform_ControllerPresets_PCSimagicM10	UNTRANSLATED (114775735): Platform_ControllerPresets_PCSimagicM10	UNTRANSLATED (114775735): Platform_ControllerPresets_PCSimagicM10	UNTRANSLATED (114775735): Platform_ControllerPresets_PCSimagicM10	Simagic M10	Simagic M10	UNTRANSLATED (114775735): Platform_ControllerPresets_PCSimagicM10	UNTRANSLATED (114775735): Platform_ControllerPresets_PCSimagicM10	UNTRANSLATED (114775735): Platform_ControllerPresets_PCSimagicM10	UNTRANSLATED (114775735): Platform_ControllerPresets_PCSimagicM10
	Platform_ControllerPresets_FFBDefaultPlus	Default+	Défaut+	UNTRANSLATED (1149461328): Platform_ControllerPresets_FFBDefaultPlus	Standard+	UNTRANSLATED (1149461328): Platform_ControllerPresets_FFBDefaultPlus	UNTRANSLATED (1149461328): Platform_ControllerPresets_FFBDefaultPlus	UNTRANSLATED (1149461328): Platform_ControllerPresets_FFBDefaultPlus	UNTRANSLATED (1149461328): Platform_ControllerPresets_FFBDefaultPlus	PADRÃO+	Por defecto+	UNTRANSLATED (1149461328): Platform_ControllerPresets_FFBDefaultPlus	UNTRANSLATED (1149461328): Platform_ControllerPresets_FFBDefaultPlus	UNTRANSLATED (1149461328): Platform_ControllerPresets_FFBDefaultPlus	UNTRANSLATED (1149461328): Platform_ControllerPresets_FFBDefaultPlus
	Platform_ControllerPresets_PCCSLDDCombinedPedals	Fanatec CSL DD  Combined Pedals	Fanatec CSL DD  Pédalier combiné	Fanatec CSL DD  Pedali combinati	Fanatec CSL DD  Verbundene Pedale	Fanatec CSL DD  Pedales combinados	Fanatec CSL DD  совмещенные педали	Fanatec CSL DD  Połączone osie pedałów	Fanatec CSL DD  付属ペダル	Fanatec CSL DD  Pedais combinados	Fanatec CSL DD  Pedales combinados	Fanatec CSL DD  Pédalier combiné	Fanatec CSL DD  통합 페달	Fanatec CSL DD  组合踏板	Fanatec CSL DD  組合踏板
	Platform_ControllerPresets_PCCSLDDSeparatePedals	Fanatec CSL DD  Separate Pedals	Fanatec CSL DD  Pédalier séparé	Fanatec CSL DD  Pedali separati	Fanatec CSL DD  Getrennte Pedale	Fanatec CSL DD  Pedales separados	Fanatec CSL DD  раздельные педали	Fanatec CSL DD  Oddzielne osie pedałów	Fanatec CSL DD  個別ペダル	Fanatec CSL DD  Pedais separados	Fanatec CSL DD  Pedales separados	Fanatec CSL DD  Pédalier séparé	Fanatec CSL DD  독립 페달	Fanatec CSL DD  独立踏板	Fanatec CSL DD  獨立踏板
	Platform_ControllerPresets_PCFanatecBaseGeneric	Fanatec Wheel Base	Fanatec Wheel Base	Fanatec Wheel Base	Fanatec Wheel Base	Fanatec Wheel Base	Fanatec Wheel Base	Fanatec Wheel Base	Fanatec Wheel Base	Fanatec Wheel Base	Fanatec Wheel Base	Fanatec Wheel Base	Fanatec Wheel Base	Fanatec Wheel Base	Fanatec Wheel Base
	Platform_ControllerPresets_PCFanatecBaseGenericCombinedPedals	Fanatec Wheel Base  Combined Pedals	Fanatec Wheel Base  Pédalier combiné	Fanatec Wheel Base  Pedali combinati	Fanatec Wheel Base  Verbundene Pedale	Fanatec Wheel Base  Pedales combinados	Fanatec Wheel Base  совмещенные педали	Fanatec Wheel Base  Połączone osie pedałów	Fanatec Wheel Base  付属ペダル	Fanatec Wheel Base  Pedais combinados	Fanatec Wheel Base  Pedales combinados	Fanatec Wheel Base  Pédalier combiné	Fanatec Wheel Base  통합 페달	Fanatec Wheel Base  组合踏板	Fanatec Wheel Base  組合踏板
	Platform_ControllerPresets_PCFanatecBaseGenericSeparatePedals	Fanatec Wheel Base  Separate Pedals	Fanatec Wheel Base  Pédalier séparé	Fanatec Wheel Base  Pedali separati	Fanatec Wheel Base  Getrennte Pedale	Fanatec Wheel Base  Pedales separados	Fanatec Wheel Base  раздельные педали	Fanatec Wheel Base  Oddzielne osie pedałów	Fanatec Wheel Base  個別ペダル	Fanatec Wheel Base  Pedais separados	Fanatec Wheel Base  Pedales separados	Fanatec Wheel Base  Pédalier séparé	Fanatec Wheel Base  독립 페달	Fanatec Wheel Base  独立踏板	Fanatec Wheel Base  獨立踏板
	Platform_ControllerPresets_PCCSLDD	CSL DD	CSL DD	CSL DD	CSL DD	CSL DD	CSL DD	CSL DD	CSL DD	CSL DD	CSL DD	CSL DD	CSL DD	CSL DD	CSL DD
	Platform_ControllerPresets_DDGenericCombined	Direct Drive Generic  Combined Pedals	Direct Drive Générique  Pédales combinées	UNTRANSLATED (1918498804): Platform_ControllerPresets_DDGenericCombined	Direct Drive Generisch  Kombinierte Pedale	Pedales combinados  Direct Drive Genérico	UNTRANSLATED (1918498804): Platform_ControllerPresets_DDGenericCombined	UNTRANSLATED (1918498804): Platform_ControllerPresets_DDGenericCombined	UNTRANSLATED (1918498804): Platform_ControllerPresets_DDGenericCombined	Direct Drive Generic  Pedais combinados	Direct Drive Generic  Pedales Combinados	UNTRANSLATED (1918498804): Platform_ControllerPresets_DDGenericCombined	UNTRANSLATED (1918498804): Platform_ControllerPresets_DDGenericCombined	UNTRANSLATED (1918498804): Platform_ControllerPresets_DDGenericCombined	UNTRANSLATED (1918498804): Platform_ControllerPresets_DDGenericCombined
	Platform_ControllerPresets_DDGenericSeparate	Direct Drive Generic  Separate Pedals	Direct Drive Générique  Pédales combinées	UNTRANSLATED (484060391): Platform_ControllerPresets_DDGenericSeparate	Direct Drive Generisch  Kombinierte Pedale	Direct Drive Genérico  Pedales Combinados	UNTRANSLATED (484060391): Platform_ControllerPresets_DDGenericSeparate	UNTRANSLATED (484060391): Platform_ControllerPresets_DDGenericSeparate	UNTRANSLATED (484060391): Platform_ControllerPresets_DDGenericSeparate	Direct Drive Generic  Pedais combinados	Direct Drive Generic  Pedales Combinados	UNTRANSLATED (484060391): Platform_ControllerPresets_DDGenericSeparate	UNTRANSLATED (484060391): Platform_ControllerPresets_DDGenericSeparate	UNTRANSLATED (484060391): Platform_ControllerPresets_DDGenericSeparate	UNTRANSLATED (484060391): Platform_ControllerPresets_DDGenericSeparate
	Platform_ControllerPresets_PCTGTF1Combined	Thrustmaster® T-GT F1  Combined Pedals	Thrustmaster® T-GT F1  Pédalier combiné	Thrustmaster® T-GT F1  Pedali combinati	Thrustmaster® T-GT F1  Verbundene Pedale	Thrustmaster® T-GT F1  Pedales combinados	Thrustmaster® T-GT F1  совмещенные педали	Thrustmaster® T-GT F1  Połączone osie pedałów	Thrustmaster® T-GT F1  付属ペダル	Thrustmaster® T-GT F1  Pedais combinados	Thrustmaster® T-GT F1  Pedales combinados	Thrustmaster® T-GT F1  Pédalier combiné	Thrustmaster® T-GT F1  통합 페달	Thrustmaster® T-GT F1  Combined Pedals	Thrustmaster® T-GT F1  Combined Pedals
	Platform_ControllerPresets_PCTGTF1Separate	Thrustmaster® T-GT F1  Separate Pedals	Thrustmaster® T-GT F1  Pédalier séparé	Thrustmaster® T-GT F1  Pedali separati	Thrustmaster® T-GT F1  Getrennte Pedale	Thrustmaster® T-GT F1  Pedales separados	Thrustmaster® T-GT F1  раздельные педали	Thrustmaster® T-GT F1  Oddzielne osie pedałów	Thrustmaster® T-GT F1  個別ペダル	Thrustmaster® T-GT F1  Pedais separados	Thrustmaster® T-GT F1  Pedales separados	Thrustmaster® T-GT F1  Pédalier séparé	Thrustmaster® T-GT F1  독립 페달	Thrustmaster® T-GT F1  Separate Pedals	Thrustmaster® T-GT F1  Separate Pedals
	Platform_ControllerPresets_PCTGTAdvCombined	Thrustmaster® T-GT Advanced  Combined Pedals	Thrustmaster® T-GT Advanced  Pédalier combiné	Thrustmaster® T-GT Advanced  Pedali combinati	Thrustmaster® T-GT Advanced  Verbundene Pedale	Thrustmaster® T-GT Advanced  Pedales combinados	Thrustmaster® T-GT Advanced  совмещенные педали	Thrustmaster® T-GT Advanced  Połączone osie pedałów	Thrustmaster® T-GT Advanced  付属ペダル	Thrustmaster® T-GT Advanced  Pedais combinados	Thrustmaster® T-GT Advanced  Pedales combinados	Thrustmaster® T-GT Advanced  Pédalier combiné	Thrustmaster® T-GT Advanced  통합 페달	Thrustmaster® T-GT Advanced  Combined Pedals	Thrustmaster® T-GT Advanced  Combined Pedals
	Platform_ControllerPresets_PCTGTAdvSeparate	Thrustmaster® T-GT Advanced  Separate Pedals	Thrustmaster® T-GT Advanced  Pédalier séparé	Thrustmaster® T-GT Advanced  Pedali separati	Thrustmaster® T-GT Advanced  Getrennte Pedale	Thrustmaster® T-GT Advanced  Pedales separados	Thrustmaster® T-GT Advanced  раздельные педали	Thrustmaster® T-GT Advanced  Oddzielne osie pedałów	Thrustmaster® T-GT Advanced  個別ペダル	Thrustmaster® T-GT Advanced  Pedais separados	Thrustmaster® T-GT Advanced  Pedales separados	Thrustmaster® T-GT Advanced  Pédalier séparé	Thrustmaster® T-GT Advanced  독립 페달	Thrustmaster® T-GT Advanced  Separate Pedals	Thrustmaster® T-GT Advanced  Separate Pedals
	Platform_ControllerPresets_PCTGT2Combined	Thrustmaster® T-GT 2  Combined Pedals	Thrustmaster® T-GT 2  Pédalier combiné	Thrustmaster® T-GT 2  Pedali combinati	Thrustmaster® T-GT 2  Verbundene Pedale	Thrustmaster® T-GT 2  Pedales combinados	Thrustmaster® T-GT 2  совмещенные педали	Thrustmaster® T-GT 2  Połączone osie pedałów	Thrustmaster® T-GT 2  付属ペダル	Thrustmaster® T-GT 2  Pedais combinados	Thrustmaster® T-GT 2  Pedales combinados	Thrustmaster® T-GT 2  Pédalier combiné	Thrustmaster® T-GT 2  통합 페달	Thrustmaster® T-GT 2  Combined Pedals	Thrustmaster® T-GT 2  Combined Pedals
	Platform_ControllerPresets_PCTGT2Separate	Thrustmaster® T-GT 2  Separate Pedals	Thrustmaster® T-GT 2  Pédalier séparé	Thrustmaster® T-GT 2  Pedali separati	Thrustmaster® T-GT 2  Getrennte Pedale	Thrustmaster® T-GT 2  Pedales separados	Thrustmaster® T-GT 2  раздельные педали	Thrustmaster® T-GT 2  Oddzielne osie pedałów	Thrustmaster® T-GT 2  個別ペダル	Thrustmaster® T-GT 2  Pedais separados	Thrustmaster® T-GT 2  Pedales separados	Thrustmaster® T-GT 2  Pédalier séparé	Thrustmaster® T-GT 2  독립 페달	Thrustmaster® T-GT 2  Separate Pedals	Thrustmaster® T-GT 2  Separate Pedals
	Platform_ControllerPresets_PCGProXboxCombined	Logitech G PRO Racing Wheel  Combined Pedals	Logitech G PRO Racing Wheel  Pédalier combiné	Logitech G PRO Racing Wheel  Pedali combinati	Logitech G PRO Racing Wheel  Verbundene Pedale	Logitech G PRO Racing Wheel  Pedales combinados	Logitech G PRO Racing Wheel  совмещенные педали	Logitech G PRO Racing Wheel  Połączone osie pedałów	Logitech G PRO Racing Wheel  付属ペダル	Logitech G PRO Racing Wheel  Pedais combinados	Logitech G PRO Racing Wheel  Pedales combinados	Logitech G PRO Racing Wheel  Pédalier combiné	Logitech G PRO Racing Wheel  통합 페달	Logitech G PRO Racing Wheel  组合踏板	Logitech G PRO Racing Wheel  組合踏板
	Platform_ControllerPresets_PCGProXboxSeparate	Logitech G PRO Racing Wheel  Separate Pedals	Logitech G PRO Racing Wheel  Pédalier séparé	Logitech G PRO Racing Wheel  Pedali separati	Logitech G PRO Racing Wheel  Getrennte Pedale	Logitech G PRO Racing Wheel  Pedales separados	Logitech G PRO Racing Wheel  раздельные педали	Logitech G PRO Racing Wheel  Oddzielne osie pedałów	Logitech G PRO Racing Wheel  個別ペダル	Logitech G PRO Racing Wheel  Pedais separados	Logitech G PRO Racing Wheel  Pedales separados	Logitech G PRO Racing Wheel  Pédalier séparé	Logitech G PRO Racing Wheel  독립 페달	Logitech G PRO Racing Wheel  独立踏板	Logitech G PRO Racing Wheel  獨立踏板
	Platform_ControllerPresets_PCGProPSSeparate	Logitech G PRO Racing Wheel  Separate Pedals	Logitech G PRO Racing Wheel  Pédalier séparé	Logitech G PRO Racing Wheel  Pedali separati	Logitech G PRO Racing Wheel  Getrennte Pedale	Logitech G PRO Racing Wheel  Pedales separados	Logitech G PRO Racing Wheel  раздельные педали	Logitech G PRO Racing Wheel  Oddzielne osie pedałów	Logitech G PRO Racing Wheel  個別ペダル	Logitech G PRO Racing Wheel  Pedais separados	Logitech G PRO Racing Wheel  Pedales separados	Logitech G PRO Racing Wheel  Pédalier séparé	Logitech G PRO Racing Wheel  독립 페달	Logitech G PRO Racing Wheel  独立踏板	Logitech G PRO Racing Wheel  獨立踏板
	Platform_ControllerPresets_PCGProPSCombined	Logitech G PRO Racing Wheel  Combined Pedals	Logitech G PRO Racing Wheel  Pédalier combiné	Logitech G PRO Racing Wheel  Pedali combinati	Logitech G PRO Racing Wheel  Verbundene Pedale	Logitech G PRO Racing Wheel  Pedales combinados	Logitech G PRO Racing Wheel  совмещенные педали	Logitech G PRO Racing Wheel  Połączone osie pedałów	Logitech G PRO Racing Wheel  付属ペダル	Logitech G PRO Racing Wheel  Pedais combinados	Logitech G PRO Racing Wheel  Pedales combinados	Logitech G PRO Racing Wheel  Pédalier combiné	Logitech G PRO Racing Wheel  통합 페달	Logitech G PRO Racing Wheel  组合踏板	Logitech G PRO Racing Wheel  組合踏板
	Platform_ControllerPresets_LogitechRS50Wheel	Logitech RS50 Wheel	Logitech RS50 Wheel	Logitech RS50 Wheel	Logitech RS50 Wheel	Logitech RS50 Wheel	Logitech RS50 Wheel	Logitech RS50 Wheel	Logitech RS50 Wheel	Logitech RS50 Wheel	Logitech RS50 Wheel	Logitech RS50 Wheel	Logitech RS50 Wheel	Logitech RS50 Wheel	Logitech RS50 Wheel
	Platform_ControllerPresets_LogitechTrueforceWhe	Logitech TRUEFORCE Wheel	Logitech TRUEFORCE Wheel	Logitech TRUEFORCE Wheel	Logitech TRUEFORCE Wheel	Logitech TRUEFORCE Wheel	Logitech TRUEFORCE Wheel	Logitech TRUEFORCE Wheel	Logitech TRUEFORCE Wheel	Logitech TRUEFORCE Wheel	Logitech TRUEFORCE Wheel	Logitech TRUEFORCE Wheel	Logitech TRUEFORCE Wheel	Logitech TRUEFORCE Wheel	Logitech TRUEFORCE Wheel
	Platform_ControllerPresets_FanatecClubsportDDPlus	Fanatec Clubsport DD+	Fanatec Clubsport DD+	Fanatec Clubsport DD+	Fanatec Clubsport DD+	Fanatec Clubsport DD+	Fanatec Clubsport DD+	Fanatec Clubsport DD+	Fanatec Clubsport DD+	Fanatec Clubsport DD+	Fanatec Clubsport DD+	Fanatec Clubsport DD+	Fanatec Clubsport DD+	Fanatec Clubsport DD+	Fanatec Clubsport DD+
	Platform_ControllerPS3_LeftThumbUpDown	left stick: Up/Down	joystick gauche : Haut/bas	Levetta sinistra: Su/Giù	Linker Stick: Oben/Unten	joystick izquierdo: arriba/abajo	левый джойстик: Вверх/вниз	Lewy drążek: góra/dół	左スティック：上下	controle esquerdo: cima/baixo	joystick izquierdo: arriba/abajo	joystick gauche : Haut/bas	왼쪽 스틱 : 상 하	左操作杆：上/下	左操作桿：上/下
	Platform_ControllerPS3_LeftThumbLeftRight	left stick: Left/Right	joystick gauche : Gauche/droite	Levetta sinistra: Destra/sinistra	Linker Stick: Links/Rechts	joystick izquierdo: izquierda/derecha	левый джойстик: Влево/вправо	Lewy drążek: lewo/prawo	左スティック：左右	controle esquerdo: esquerda/direita	joystick izquierdo: izquierda/derecha	joystick gauche : Gauche/droite	왼쪽 스틱 : 좌 우	左操作杆：左/右	左操作桿：左/右
	Platform_ControllerPS3_LeftThumbUp	left stick: Up	joystick gauche : Haut	Levetta sinistra: Su	Linker Stick: Oben	joystick izquierdo: arriba	левый джойстик: Вверх	Lewy drążek: w górę	左スティック：上	controle esquerdo: cima	joystick izquierdo: arriba	joystick gauche : Haut	왼쪽 스틱 : 상	左操作杆：上	左操作桿：上
	Platform_ControllerPS3_LeftThumbRight	left stick: Right	joystick gauche : Droite	Levetta sinistra: Destra	Linker Stick: Rechts	joystick izquierdo: derecha	левый джойстик: Вправо	Lewy drążek: w prawo	左スティック：右	controle esquerdo: direita	joystick izquierdo: derecha	joystick gauche : Droite	왼쪽 스틱 : 우	左操作杆：右	左操作桿：右
	Platform_ControllerPS3_LeftThumbDown	left stick: Down	joystick gauche : Bas	Levetta sinistra: Giù	Linker Stick: Unten	joystick izquierdo: abajo	левый джойстик: Вниз	Lewy drążek: w dół	左スティック：下	controle esquerdo: baixo	joystick izquierdo: abajo	joystick gauche : Bas	왼쪽 스틱 : 하	左操作杆：下	左操作桿：下
	Platform_ControllerPS3_LeftThumbLeft	left stick: Left	joystick gauche : Gauche	Levetta sinistra: Sinistra	Linker Stick: Links	joystick izquierdo: izquierda	левый джойстик: Влево	Lewy drążek: w lewo	左スティック：左	controle esquerdo: esquerda	joystick izquierdo: izquierda	joystick gauche : Gauche	왼쪽 스틱 : 좌	左操作杆：左	左操作桿：左
	Platform_ControllerPS3_RightThumbUpDown	right stick: Up/Down	joystick droit : Haut/bas	Levetta destra: Su/Giù	Rechter Stick: Oben/Unten	joystick derecho: arriba/abajo	правый джойстик: Вверх/вниз	Prawy drążek: góra/dół	右スティック：上下	controle direito: cima/baixo	joystick derecho: arriba/abajo	joystick droit : Haut/bas	오른쪽 스틱 : 상 하	右操作杆：上/下	右操作桿：上/下
	Platform_ControllerPS3_RightThumbLeftRight	right stick: Left/Right	joystick droit : Gauche/droite	Levetta destra: Destra/sinistra	Rechter Stick: Links/Rechts	joystick derecho: izquierda/derecha	правый джойстик: Влево/вправо	Prawy drążek: lewo/prawo	右スティック：左右	controle direito: esquerda/direita	joystick derecho: izquierda/derecha	joystick droit : Gauche/droite	오른쪽 스틱 : 좌 우	右操作杆：左/右	右操作桿：左/右
	Platform_ControllerPS3_RightThumbUp	right stick: Up	joystick droit : Haut	Levetta destra: Su	Rechter Stick: Oben	joystick derecho: arriba	правый джойстик: Вверх	Prawy drążek: w górę	右スティック：上	controle direito: cima	joystick derecho: arriba	joystick droit : Haut	오른쪽 스틱 : 상	右操作杆：上	右操作桿：上
	Platform_ControllerPS3_RightThumbRight	right stick: Right	joystick droit : Droite	Levetta destra: Destra	Rechter Stick: Rechts	joystick derecho: derecha	правый джойстик: Вправо	Prawy drążek: w prawo	右スティック：右	controle direito: direita	joystick derecho: derecha	joystick droit : Droite	오른쪽 스틱 : 우	右操作杆：右	右操作桿：右
	Platform_ControllerPS3_RightThumbDown	right stick: Down	joystick droit : Bas	Levetta destra: Giù	Rechter Stick: Unten	joystick derecho: abajo	правый джойстик: Вниз	Prawy drążek: w dół	右スティック：下	controle direito: baixo	joystick derecho: abajo	joystick droit : Bas	오른쪽 스틱 : 하	右操作杆：下	右操作桿：下
	Platform_ControllerPS3_RightThumbLeft	right stick: Left	joystick droit : Gauche	Levetta destra: Sinistra	Rechter Stick: Links	joystick derecho: izquierda	правый джойстик: Влево	Prawy drążek: w lewo	右スティック：左	controle direito: esquerda	joystick derecho: izquierda	joystick droit : Gauche	오른쪽 스틱 : 좌	右操作杆：左	右操作桿：左
	Platform_ControllerPS3_Start	Start	Commencer	START	Start	START	Старт	Start	始める	Iniciar	COMENZAR	Commencer	START 버튼	START按钮	START按鈕
	Platform_ControllerPS3_Select	SELECT button	Touche SELECT	Tasto SELECT	SELECT-Taste	botón SELECT	Кнопка ВЫБРАТЬ	Przycisk SELECT	SELECTボタン	Botão SELECT	botón SELECT	Touche SELECT	SELECT 버튼 	SELECT按钮	SELECT按鈕
	Platform_ControllerPS3_Cross	cross button	touche croix	Tasto croce	Kreuz-Taste	botón equis	кнопка крест	Przycisk krzyżyk	×ボタン	botão xis	botón equis	touche croix	× 버튼 	×按钮	×按鈕
	Platform_ControllerPS3_Circle	circle button	touche cercle	Tasto cerchio	Kreis-Taste	botón círculo	кнопка круг	Przycisk kółko	○ボタン	botão círculo	botón círculo	touche cercle	○ 버튼 	○按钮	○按鈕
	Platform_ControllerPS3_Square	square button	touche carré	Tasto quadrato	Quadrat-Taste	botón cuadrado	кнопка квадрат	Przycisk kwadrat	□ボタン	botão quadrado	botón cuadrado	touche carré	□ 버튼 	□按钮	□按鈕
	Platform_ControllerPS3_Triangle	triangle button	touche triangle	Tasto triangolo	Dreieck-Taste	botón triángulo	кнопка треугольник	Przycisk trójkąt	△ボタン	botão triângulo	botón triángulo	touche triangle	△ 버튼 	△按钮	△按鈕
	Platform_ControllerPS3_L1	L1 button	touche L1	Tasto L1	L1-Taste	botón L1	кнопка L1	Przycisk L1	L1ボタン	botão L1	botón L1	touche L1	L1 버튼 	L1按钮	L1按鈕
	Platform_ControllerPS3_R1	R1 button	touche R1	Tasto R1	R1-Taste	botón R1	кнопка R1	Przycisk R1	R1ボタン	botão R1	botón R1	touche R1	R1 버튼 	R1按钮	R1按鈕
	Platform_ControllerPS3_L2	L2 button	touche L2	Tasto L2	L2-Taste	botón L2	кнопка L2	Przycisk L2	L2ボタン	botão L2	botón L2	touche L2	L2 버튼 	L2按钮	L2按鈕
	Platform_ControllerPS3_R2	R2 button	touche R2	Tasto R2	R2-Taste	botón R2	кнопка R2	Przycisk R2	R2ボタン	botão R2	botón R2	touche R2	R2 버튼 	R2按钮	R2按鈕
	Platform_ControllerPS3_L3	L3 button	touche L3	Tasto L3	L3-Taste	botón L3	кнопка L3	Przycisk L3	L3ボタン	botão L3	botón L3	touche L3	L3 버튼 	L3按钮	L3按鈕
	Platform_ControllerPS3_R3	R3 button	touche R3	Tasto R3	R3-Taste	botón R3	кнопка R3	Przycisk R3	R3ボタン	botão R3	botón R3	touche R3	R3 버튼 	R3按钮	R3按鈕
	Platform_ControllerPS3_DpadUp	up button	touche haut	Tasto su	Oben-Taste	botón hacia arriba	кнопка вверх	Przycisk „w górę”	方向キー上	botão para cima	botón hacia arriba	touche haut	위쪽 방향키	方向按钮上	方向按鈕上
	Platform_ControllerPS3_DpadRight	right button	touche droite	Tasto destra	Rechts-Taste	botón hacia la derecha	кнопка вправо	Przycisk „w prawo”	方向キー右	botão para a direita	botón hacia la derecha	touche droite	오른쪽 방향키	方向按钮右	方向按鈕右
	Platform_ControllerPS3_DpadDown	down button	touche bas	Tasto giù	Unten-Taste	botón hacia abajo	кнопка вниз	Przycisk „w dół”	方向キー下	botão para baixo	botón hacia abajo	touche bas	아래쪽 방향키	方向按钮下	方向按鈕下
	Platform_ControllerPS3_DpadLeft	left button	touche gauche	Tasto sinistra	Links-Taste	botón hacia la izquierda	кнопка влево	Przycisk „w lewo”	方向キー左	botão para a esquerda	botón hacia la izquierda	touche gauche	왼쪽 방향키	方向按钮左	方向按鈕左
	Platform_ControllerPS3_Steering	Steering	Planification	Sterzata	Lenkung	Conducción	Руление	Skręcanie	ステアリング	Direção	Control de dirección	Direction	스티어링	转向	轉向
	Platform_ControllerPS3_SteeringLeft	Steering: Left	Direction : Gauche	Sterzata: Sinistra	Lenkung: Links	Dirección: izquierda	Рулевое управление: Влево	Kierowanie: W lewo	ステアリング：左	Direção: Esquerda	Control de dirección: izquierda	Manette Direction : Gauche	스티어링 : 좌	转向：左	轉向：左
	Platform_ControllerPS3_SteeringRight	Steering: Right	Direction : Droite	Sterzata: Destra	Lenkung: Rechts	Dirección: derecha	Рулевое управление: Вправо	Kierowanie: W prawo	ステアリング：右	Direção: Direita	Control de dirección: derecha	Manette  Direction : Droite	스티어링 : 우	转向：右	轉向：右
	Platform_ControllerPS3_Accelerator	Accelerator	Accélérateur	Acceleratore	Gas	Acelerador	Газ	Gaz	アクセル	Acelerador	Acelerador	Accélérateur	액셀	油门	油門
	Platform_ControllerPS3_Brake	Brake	Freins	Freno	Bremse	Freno	Тормоз	Hamulec	ブレーキ	Freio	Freno	Freins	브레이크	煞车	煞車
	Platform_ControllerPS3_Clutch	Clutch	Embrayage	Frizione	Kupplung	Embrague	Сцепление	Sprzęgło	クラッチ	Embreagem	Embrague	Embrayage	클러치	离合器	離合器
	Platform_ControllerPS3_AccelBrakeCombined	Accelerator/Brake	Accélérer/freiner	Acceleratore/Freno	Gas/Bremse	Acelerador/Freno	Газ/тормоз	Gaz/hamulec	アクセル/ブレーキ	Acelerador/Freio	Acelerador/Freno	Accélérer/freiner	액셀/브레이크	油门/煞车	油門/煞車
	Platform_ControllerPS3_RightLever	Right Lever	Levier à droite	Leva destra	Rechter Hebel	Palanca derecha	Правый рычаг	Prawa dźwignia	右レバー	Alavanca direita	Palanca derecha	Levier à droite	오른쪽 레버	右杆	右桿
	Platform_ControllerPS3_Gear1	Gear 1	1re vitesse	Marcia 1	1. Gang	Marcha 1	1 передача	1. bieg	1速	Marcha 1	Marcha 1	1re vitesse	기어 1	1档	1檔
	Platform_ControllerPS3_Gear2	Gear 2	2e vitesse	Marcia 2	2. Gang	Marcha 2	2 передача	2. bieg	2速	Marcha 2	Marcha 2	2e vitesse	기어 2	2档	2檔
	Platform_ControllerPS3_Gear3	Gear 3	3e vitesse	Marcia 3	3. Gang	Marcha 3	3 передача	3. bieg	3速	Marcha 3	Marcha 3	3e vitesse	기어 3	3档	3檔
	Platform_ControllerPS3_Gear4	Gear 4	4e vitesse	Marcia 4	4. Gang	Marcha 4	4 передача	4. bieg	4速	Marcha 4	Marcha 4	4e vitesse	기어 4	4档	4檔
	Platform_ControllerPS3_Gear5	Gear 5	5e vitesse	Marcia 5	5. Gang	Marcha 5	5 передача	5. bieg	5速	Marcha 5	Marcha 5	5e vitesse	기어 5	5档	5檔
	Platform_ControllerPS3_Gear6	Gear 6	6e vitesse	Marcia 6	6. Gang	Marcha 6	6 передача	6. bieg	6速	Marcha 6	Marcha 6	6e vitesse	기어 6	6档	6檔
	Platform_ControllerPS3_Gear7	Gear 7	7e vitesse	Marcia 7	7. Gang	Marcha 7	7 передача	7. bieg	7速	Marcha 7	Marcha 7	7e vitesse	기어 7	7档	7檔
	Platform_ControllerPS3_GearReverse	Reverse Gear	Marche arrière	Retromarcia	Rückwärtsgang	Marcha atrás	Задняя передача	Wsteczny	リバースギア	Marcha a ré	Marcha atrás	Marche arrière	리버스 기어	倒档	倒檔
	Platform_ControllerPS3_GearReverse2	Reverse Gear 2	Marche arrière 2	Retromarcia 2	2. Rückwärtsgang	Marcha atrás 2	2 задняя передача	Bieg wsteczny 2	リバースギア2	Marcha a ré 2	Marcha atrás 2	Marche arrière 2	리버스 기어 2	倒档2	倒檔2
	Platform_ControllerPS3_ShifterForward	Shifter Forward	Levier en avant	Cambio avanti	Schalthebel vorwärts	Cambio adelante	Передача вверх	Drążek do przodu	シフトアップ	Aumento de marcha	Cambio adelante	Levier en avant	시프터(앞)	进档/升档	進檔/升檔
	Platform_ControllerPS3_ShifterBackward	Shifter Backward	Levier en arrière	Cambio indietro	Schalthebel rückwärts	Cambio atrás	Передача вниз	Drążek do tyłu	シフトダウン	Redução de marcha	Cambio atrás	Levier en arrière	시프터(뒤)	退档/降档	退檔/降檔
	Platform_ControllerPS3_Horn	Horn	Klaxon	Clacson	Hupe	Claxon	Сигнал	Klakson	クラクション	Buzina	Bocina	Klaxon	클랙션	喇叭	喇叭
	Platform_ControllerPS3_Enter	Enter	Entrer	Inizia	Teilnehmen	Entrar	Войти	Wejdź	決定	Entrar	Entrar	Entrer	결정	进入	進入
	Platform_ControllerPS3_RockerPlus	Rocker Plus	Rocker Plus	Rocker Plus	Rocker Plus	Rocker Plus	Rocker Plus	Rocker Plus	Rocker Plus	Rocker Plus	Rocker Plus	Rocker Plus	Rocker Plus	Rocker Plus	Rocker Plus
	Platform_ControllerPS3_RockerMinus	Rocker Minus	Rocker Minus	Rocker Minus	Rocker Minus	Rocker Minus	Rocker Minus	Rocker Minus	Rocker Minus	Rocker Minus	Rocker Minus	Rocker Minus	Rocker Minus	Rocker Minus	Rocker Minus
	Platform_ControllerPS3_DialClockwise	Dial Clockwise	Réglage sens horaire	Quadrante in senso orario	Rad im Uhrzeigersinn	Dial derecha	По часовой	Wskaźnik w prawo	時計回りに回す	Mostrador Horário	Dial derecha	Réglage sens horaire	시계 방향 다이얼	顺时针旋转	順時針旋轉
	Platform_ControllerPS3_DialAnticlockwise	Dial Anticlockwise	Réglage sens anti-horaire	Quadrante in senso antiorario	Rad gegen den Uhrzeigersinn	Dial izquierda	Против часовой	Wskaźnik w lewo	反時計回りに回す	Mostrador Anti-Horário	Dial izquierda	Réglage sens anti-horaire	반시계 방향 다이얼	逆时针旋转	逆時針旋轉
	Platform_ControllerPS3_L4	L4 button	touche L4	Tasto L4	L4-Taste	botón L4	кнопка L4	przycisk L4	L4ボタン	Botão L4	botón L4	touche L4	L4 버튼 	L4按钮	L4按鈕
	Platform_ControllerPS3_R4	R4 button	touche R4	Tasto R4	R4-Taste	botón R4	кнопка R4	przycisk R4	R4ボタン	Botão R4	botón R4	touche R4	R4 버튼 	R4按钮	R4按鈕
	Platform_ControllerPS3_L5	L5 button	touche L5	Tasto L5	L5-Taste	botón L5	кнопка L5	przycisk L5	L5ボタン	Botão L5	botón L5	touche L5	L5 버튼 	L5按钮	L5按鈕
	Platform_ControllerPS3_R5	R5 button	touche R5	Tasto R5	R5-Taste	botón R5	кнопка R5	przycisk R5	R5ボタン	Botão R5	botón R5	touche R5	R5 버튼 	R5按钮	R5按鈕
	Platform_ControllerPS3_DialLowest	Dial: 1	Cadran : 1	Quadrante: 1	Rad: 1	Dial: 1	Набрать: 1	Wskaźnik: 1	ダイヤル：1	Mostrador 1	Dial: 1	Cadran : 1	다이얼 : 1	旋钮：1	旋鈕：1
	Platform_ControllerPS3_DialLower	Dial: 2	Cadran : 2	Quadrante: 2	Rad: 2	Dial: 2	Набрать: 2	Wskaźnik: 2	ダイヤル：2	Mostrador 2	Dial: 2	Cadran : 2	다이얼 : 2	旋钮：2	旋鈕：2
	Platform_ControllerPS3_DialMiddle	Dial: 3	Cadran : 3	Quadrante: 3	Rad: 3	Dial: 3	Набрать: 3	Wskaźnik: 3	ダイヤル：3	Mostrador 3	Dial: 3	Cadran : 3	다이얼 : 3	旋钮：3	旋鈕：3
	Platform_ControllerPS3_DialHigher	Dial: 4	Cadran : 4	Quadrante: 4	Rad: 4	Dial: 4	Набрать: 4	Wskaźnik: 4	ダイヤル：4	Mostrador 4	Dial: 4	Cadran : 4	다이얼 : 4	旋钮：4	旋鈕：4
	Platform_ControllerPS3_DialHighest	Dial: 5	Cadran : 5	Quadrante: 5	Rad: 5	Dial: 5	Набрать: 5	Wskaźnik: 5	ダイヤル：5	Mostrador 5	Dial: 5	Cadran : 5	다이얼 : 5	旋钮：5	旋鈕：5
	Platform_ControllerPS4_Options	OPTIONS button	touche OPTIONS	Tasto OPTIONS	OPTIONS-Taste	botón OPTIONS	кнопка OPTIONS	Przycisk OPTIONS	OPTIONSボタン	Botão OPTIONS	botón OPTIONS	touche OPTIONS	OPTIONS 버튼 	OPTIONS按钮	OPTIONS按鈕
	Platform_ControllerPS4_Share	SHARE button	touche SHARE	Tasto SHARE	SHARE-Taste	botón SHARE	кнопка SHARE	Przycisk SHARE	SHAREボタン	Botão SHARE	botón SHARE	touche SHARE	SHARE 버튼 	SHARE按钮	SHARE按鈕
	Platform_ControllerPS4_TouchPad	touch pad button	touche pavé tactile	Pulsante touch pad	Touchpad-Taste	botón del panel táctil	кнопка сенсорной панели	Przycisk panelu dotykowego	タッチパッドボタン	botão do touch pad	botón del touch pad	touche pavé tactile	터치패드 버튼 	触碰板按钮	觸碰板按鈕
	Platform_ControllerPS4_HorizontalSwipe	touch pad horizontal swipe	pavé tactile : horizontal	Touch pad: orizzontale	Touchpad: Horizontal	panel táctil: horizontalmente	сенсорная панель: горизонт.	Panel dotykowy - w poz.	タッチパッド横スワイプ	Deslizar horiz. no touch pad	deslizar horizontalmente (touch pad)	faire glisser le doigt horizontalement sur le pavé tactile	터치패드 가로 스와이프	滑动触碰板	滑動觸碰板
	Platform_ControllerPS4_TiltBackward	rear tilt	inclinaison arrière	Inclinazione posteriore	Neigung hinten	inclinación trasera	наклон назад	Przechylenie w tył	後ろに傾ける	inclinação para trás	inclinación trasera	inclinaison arrière	뒤로 기울이기	后倾	後傾
	Platform_ControllerPS4_TiltForward	front tilt	inclinaison avant	Inclinazione anteriore	Neigung vorne	inclinación frontal	наклон вперед	Przechylenie w przód	前に傾ける	inclinação para frente	inclinación frontal	inclinaison avant	앞으로 기울이기	前倾	前傾
	Platform_ControllerPS4_TiltForwardBackward	front / rear tilt	inclinaison avant / arrière	Inclinazione anteriore / posteriore	Neigung vorne / hinten	inclinación delantera / trasera	наклон вперед / назад	Przechylenie przód / tył	前後チルト	inclinação para frente / trás	inclinación delantera/trasera	inclinaison avant / arrière	앞/뒤로 기울이기	前/后倾	前/後傾
	Platform_ControllerPS4_TiltLeft	left tilt	inclinaison gauche	Inclinazione a sinistra	Neigung links	inclinación izquierda	наклон влево	Przechylenie w lewo	左に傾ける	inclinação para a esquerda	inclinación izquierda	inclinaison gauche	좌측으로 기울이기	左倾	左傾
	Platform_ControllerPS4_TiltLeftRight	left / right tilt	inclinaison gauche / droite	Inclinazione sinistra / destra	Neigung links / rechts	inclinación izquierda / derecha	наклон влево / вправо	Przechylenie lewo / prawo	左右チルト	inclinação para a esquerda / direita	inclinación izquierda/derecha	inclinaison gauche / droite	좌/우로 기울이기	左/右倾	左/右傾
	Platform_ControllerPS4_TiltRight	right tilt	inclinaison droite	Inclinazione a destra	Neigung rechts	inclinación derecha	наклон вправо	Przechylenie w prawo	右に傾ける	inclinação para a direita	inclinación derecha	inclinaison droite	우측으로 기울이기	右倾	右傾
	Platform_ControllerXbox360_LeftThumbUpDown	Left stick: Up/Down	Stick analogique gauche : Haut/Bas	Levetta sinistra: Su/Giù	Linker Stick: hoch/runter	Stick izquierdo: arriba/abajo	Левый мини-джойстик: Вверх/вниз	Lewy drążek: góra/dół	左スティック：上下	Direcional analógico esquerdo: cima/baixo	stick izquierdo: arriba/abajo	Stick analogique gauche : Haut/Bas	왼쪽 스틱 : 상 하	左摇杆：上/下	左搖桿：上/下
	Platform_ControllerXbox360_LeftThumbLeftRight	Left stick: Left/Right	Stick analogique gauche : Gauche/Droite	Levetta sinistra: Destra/sinistra	Linker Stick: links/rechts	Stick izquierdo: izquierda/derecha	Левый мини-джойстик: Влево/вправо	Lewy drążek: lewo/prawo	左スティック：左右	Direcional analógico esquerdo: esquerda/direita	stick izquierdo: izquierda/derecha	Stick analogique gauche : Gauche/Droite	왼쪽 스틱 : 좌 우	左摇杆：左/右	左搖桿：左/右
	Platform_ControllerXbox360_LeftThumbUp	Left stick: Up	Stick analogique gauche : Haut	Levetta sinistra: Su	Linker Stick: hoch	Stick izquierdo: arriba	Левый мини-джойстик: Вверх	Lewy drążek: w górę	左スティック：上	Direcional analógico esquerdo: cima	stick izquierdo: arriba	Stick analogique gauche : Haut	왼쪽 스틱 : 상	左摇杆：上	左搖桿：上
	Platform_ControllerXbox360_LeftThumbRight	Left stick: Right	Stick analogique gauche : Droite	Levetta sinistra: Destra	Linker Stick: rechts	Stick izquierdo: derecha	Левый мини-джойстик: Вправо	Lewy drążek: w prawo	左スティック：右	Direcional analógico esquerdo: direita	stick izquierdo: derecha	Stick analogique gauche : Droite	왼쪽 스틱 : 우	左摇杆：右	左搖桿：右
	Platform_ControllerXbox360_LeftThumbDown	Left stick: Down	Stick analogique gauche : Bas	Levetta sinistra: Giù	Linker Stick: runter	Stick izquierdo: abajo	Левый мини-джойстик: Вниз	Lewy drążek: w dół	左スティック：下	Direcional analógico esquerdo: para baixo	stick izquierdo: abajo	Stick analogique gauche : Bas	왼쪽 스틱 : 하	左摇杆：下	左搖桿：下
	Platform_ControllerXbox360_LeftThumbLeft	Left stick: Left	Stick analogique gauche : Gauche	Levetta sinistra: Sinistra	Linker Stick: links	Stick izquierdo: izquierda	Левый мини-джойстик: Влево	Lewy drążek: w lewo	左スティック：左	Direcional analógico esquerdo: esquerda	stick izquierdo: izquierda	Stick analogique gauche : Gauche	왼쪽 스틱 : 좌	左摇杆：左	左搖桿：左
	Platform_ControllerXbox360_RightThumbUpDown	Right stick: Up/Down	Stick analogique droit : Haut/Bas	Levetta destra: Su/Giù	Rechter Stick: hoch/runter	Stick derecho: arriba/abajo	Правый мини-джойстик: Вверх/вниз	Prawy drążek: góra/dół	右スティック：上下	Direcional analógico direito: cima/baixo	stick derecho: arriba/abajo	Stick analogique droit : Haut/Bas	오른쪽 스틱 : 상 하	右摇杆：上/下	右搖桿：上/下
	Platform_ControllerXbox360_RightThumbLeftRight	Right stick: Left/Right	Stick analogique droit : Gauche/Droite	Levetta destra: Destra/sinistra	Rechter Stick: links/rechts	Stick derecho: izquierda/derecha	Правый мини-джойстик: Влево/вправо	Prawy drążek: lewo/prawo	右スティック：左右	Direcional analógico direito: esquerda/direita	stick derecho: izquierda/derecha	Stick analogique droit : Gauche/Droite	오른쪽 스틱 : 좌 우	右摇杆：左/右	右搖桿：左/右
	Platform_ControllerXbox360_RightThumbUp	Right stick: Up	Stick analogique droit : Haut	Levetta destra: Su	Rechter Stick: hoch	Stick derecho: arriba	Правый мини-джойстик: Вверх	Prawy drążek: w górę	右スティック：上	Direcional analógico direito: cima	stick derecho: arriba	Stick analogique droit : Haut	오른쪽 스틱 : 상	右摇杆：上	右搖桿：上
	Platform_ControllerXbox360_RightThumbRight	Right stick: Right	Stick analogique droit : Droite	Levetta destra: Destra	Rechter Stick: rechts	Stick derecho: derecha	Правый мини-джойстик: Вправо	Prawy drążek: w prawo	右スティック：右	Direcional analógico direito: direita	stick derecho: derecha	Stick analogique droit : Droite	오른쪽 스틱 : 우	右摇杆：右	右搖桿：右
	Platform_ControllerXbox360_RightThumbDown	Right stick: Down	Stick analogique droit : Bas	Levetta destra: Giù	Rechter Stick: runter	Stick derecho: abajo	Правый мини-джойстик: Вниз	Prawy drążek: w dół	右スティック：下	Direcional analógico direito: baixo	stick derecho: abajo	Stick analogique droit : Bas	오른쪽 스틱 : 하	右摇杆：下	右搖桿：下
	Platform_ControllerXbox360_RightThumbLeft	Right stick: Left	Stick analogique droit : Gauche	Levetta destra: Sinistra	Rechter Stick: links	Stick derecho: izquierda	Правый мини-джойстик: Влево	Prawy drążek: w lewo	右スティック：左	Direcional analógico direito: esquerda	stick derecho: izquierda	Stick analogique droit : Gauche	오른쪽 스틱 : 좌	右摇杆：左	右搖桿：左
	Platform_ControllerXbox360_Start	Start	Commencer	START	Start	START	Старт	Start	始める	Iniciar	COMENZAR	Commencer	시작	开始	開始
	Platform_ControllerXbox360_Back	BACK	RETOUR	INDIETRO	ZURÜCK	ATRÁS	НАЗАД	WSTECZ	戻る	VOLTAR	ATRÁS	RETOUR	뒤로가기	返回	返回
	Platform_ControllerXbox360_A	A	A	A	A	A	A	A	A	A	A	A	A	A	A
	Platform_ControllerXbox360_B	B	B	B	B	B	B	B	B	B	B	B	B	B	B
	Platform_ControllerXbox360_X	X	X	X	X	X	X	X	X	X	X	X	X	X	X
	Platform_ControllerXbox360_Y	Y	Y	Y	Y	Y	Y	Y	Y	Y	Y	Y	Y	Y	Y
	Platform_ControllerXbox360_LB	LB	LB	LB	LB	LB	LB	LB	LB	LB	LB	LB	LB	LB	LB
	Platform_ControllerXbox360_RB	RB	RB	RB	RB	RB	RB	RB	RB	RB	RB	RB	RB	RB	RB
	Platform_ControllerXbox360_LT	LT	LT	LT	LT	LT	LT	LT	LT	LT	LT	LT	LT	LT	LT
	Platform_ControllerXbox360_RT	RT	RT	RT	RT	RT	RT	RT	RT	RT	RT	RT	RT	RT	RT
	Platform_ControllerXbox360_LSB	Left Stick Button	Touche stick analogique gauche	Pulsante levetta sinistra	Linke Stick-Taste	Botón de stick izquierdo	Кнопка LS	Wciśnięcie lewego drążka	左スティックボタン	Botão direcional analógico esquerdo	botón de stick izquierdo	Touche stick analogique gauche	왼쪽 스틱버튼 	左摇杆按钮	左搖桿按鈕
	Platform_ControllerXbox360_RSB	Right Stick Button	Touche stick analogique droit	Pulsante levetta destra	Rechte Stick-Taste	Botón de stick derecho	Кнопка RS	Wciśnięcie prawego drążka	右スティックボタン	Botão direcional analógico direito	botón de stick derecho	Touche stick analogique droit	오른쪽 스틱버튼 	右摇杆按钮	右搖桿按鈕
	Platform_ControllerXbox360_DpadUp	D-pad: Up	BMD : Haut	Croce direzionale: su	Steuerkreuz: hoch	Cruceta: arriba	Крестовина: Вверх	Pad kierunkowy: w górę	方向パッド：上	Direcional: cima	pad direccional: arriba	BMD : Haut	위쪽 방향키	方向键：上	方向鍵：上
	Platform_ControllerXbox360_DpadRight	D-pad: Right	BMD : Droite	Croce direzionale: destra	Steuerkreuz: rechts	Cruceta: derecha	Крестовина: Вправо	Pad kierunkowy: w prawo	方向パッド：右	Direcional: direita	pad direccional: derecha	BMD : Droite	오른쪽 방향키	方向键：右	方向鍵：右
	Platform_ControllerXbox360_DpadDown	D-pad: Down	BMD : Bas	Croce direzionale: giù	Steuerkreuz: runter	Cruceta: abajo	Крестовина: Вниз	Pad kierunkowy: w dół	方向パッド：下	Direcional: baixo	pad direccional: abajo	BMD : Bas	아래쪽 방향키	方向键：下	方向鍵：下
	Platform_ControllerXbox360_DpadLeft	D-pad: Left	BMD : Gauche	Croce direzionale: sinistra	Steuerkreuz: links	Cruceta: izquierda	Крестовина: Влево	Pad kierunkowy: w lewo	方向パッド：左	Direcional: esquerda	pad direccional: izquierda	BMD : Gauche	왼쪽 방향키	方向键：左	方向鍵：左
	Platform_ControllerXbox360_Steering	Steering	Planification	Sterzata	Lenkung	Conducción	Руление	Skręcanie	ステアリング	Direção	Control de dirección	Direction	스티어링	转向	轉向
	Platform_ControllerXbox360_SteeringLeft	Steering: Left	Direction : Gauche	Sterzata: Sinistra	Lenkung: links	Dirección: izquierda	Рулевое управление: Влево	Kierowanie: w lewo	ステアリング：左	Direção: Esquerda	Control de dirección: izquierda	Direction : Gauche	스티어링 : 좌	转向：左	轉向：左
	Platform_ControllerXbox360_SteeringRight	Steering: Right	Direction : Droite	Sterzata: Destra	Lenkung: rechts	Dirección: derecha	Рулевое управление: Вправо	Kierowanie: w prawo	ステアリング：右	Direção: Direita	Control de dirección: derecha	Direction : Droite	스티어링 : 우	转向：右	轉向：右
	Platform_ControllerXbox360_Accelerator	Accelerator	Accélérateur	Acceleratore	Beschleunigung	Acelerador	Газ	Gaz	アクセル	Acelerador	Acelerador	Accélérateur	액셀	油门	油門
	Platform_ControllerXbox360_Brake	Brake	Frein :	Freni:	Bremsen:	Freno:	Тормоз	Hamulec	ブレーキ	Freio	Freno	Freins	브레이크	煞车	煞車
	Platform_ControllerXbox360_Clutch	Clutch	Embrayage	Frizione	Kupplung	Embrague	Сцепление	Sprzęgło	クラッチ	Embreagem	Embrague	Embrayage	클러치	离合器	離合器
	Platform_ControllerXbox360_Handbrake	Handbrake	Frein à main	Freno a mano	Handbremse	Freno de mano	Ручной тормоз	Hamulec ręczny	ハンドブレーキ	Freio de mão	Freno de mano	Frein à main	핸드 브레이크	手煞车	手煞車
	Platform_ControllerXbox360_Gear1	Gear: 1	Vitesse : 1	Marcia: 1	Gang: 1	Marcha: 1	Передача: 1	Bieg: 1	ギア：1	Marcha: 1	Marcha: 1	Vitesse : 1	기어 : 1	1档	1檔
	Platform_ControllerXbox360_Gear2	Gear: 2	Vitesse : 2	Marcia: 2	Gang: 2	Marcha: 2	Передача: 2	Bieg: 2	ギア：2	Marcha: 2	Marcha: 2	Vitesse : 2	기어 : 2	2档	2檔
	Platform_ControllerXbox360_Gear3	Gear: 3	Vitesse : 3	Marcia: 3	Gang: 3	Marcha: 3	Передача: 3	Bieg: 3	ギア：3	Marcha: 3	Marcha: 3	Vitesse : 3	기어 : 3	3档	3檔
	Platform_ControllerXbox360_Gear4	Gear: 4	Vitesse : 4	Marcia: 4	Gang: 4	Marcha: 4	Передача: 4	Bieg: 4	ギア：4	Marcha: 4	Marcha: 4	Vitesse : 4	기어 : 4	4档	4檔
	Platform_ControllerXbox360_Gear5	Gear: 5	Vitesse : 5	Marcia: 5	Gang: 5	Marcha: 5	Передача: 5	Bieg: 5	ギア：5	Marcha: 5	Marcha: 5	Vitesse : 5	기어 : 5	5档	5檔
	Platform_ControllerXbox360_Gear6	Gear: 6	Vitesse : 6	Marcia: 6	Gang: 6	Marcha: 6	Передача: 6	Bieg: 6	ギア：6	Marcha: 6	Marcha: 6	Vitesse : 6	기어 : 6	6档	6檔
	Platform_ControllerXbox360_Gear7	Gear: 7	Vitesse : 7	Marcia: 7	Gang: 7	Marcha: 7	Передача: 7	Bieg: 7	ギア：7	Marcha: 7	Marcha: 7	Vitesse : 7	기어 : 7	7档	7檔
	Platform_ControllerXbox360_GearReverse1	Reverse Gear	Marche arrière	Retromarcia	Rückwärtsgang	Marcha atrás	Задняя передача	Wsteczny	リバースギア	Marcha a ré	Marcha atrás	Marche arrière	리버스 기어	倒档	倒檔
	Platform_ControllerXbox360_GearReverse2	Reverse Gear 2	Marche arrière 2	Retromarcia 2	2. Rückwärtsgang	Marchas atrás 2	2 задняя передача	Bieg wsteczny 2	リバースギア2	Marcha a ré 2	Marcha atrás 2	Marche arrière 2	리버스 기어 2	倒档2	倒檔2
	Platform_ControllerXbox360_ShifterForward	LB	LB	LB	LB	LB	LB	LB	LB	LB	LB	LB	LB	LB	LB
	Platform_ControllerXbox360_ShifterBackward	RB	RB	RB	RB	RB	RB	RB	RB	RB	RB	RB	RB	RB	RB
	Platform_ControllerXbox360_Brake2	Brake	Frein :	Freni:	Bremsen:	Freno:	Тормоз	Hamulec	ブレーキ	Freio	Freno	Freins	브레이크	煞车	煞車
	Platform_ControllerXboxOne_Menu	Menu button	Touche Menu	Pulsante Menu	Menü-Taste	Botón Menú	Кнопка "Меню"	Przycisk Menu	メニュー ボタン	Botão menu	botón menú	Touche Menu	Menu 버튼 	菜单按钮	選項按鈕
	Platform_ControllerXboxOne_View	View button	Touche Affichage	Pulsante Visualizza	Ansicht-Taste	Botón Vista	Кнопка "Просмотр"	Przycisk Podglądu	ビュー ボタン	Botão visão	botón vista	Touche Affichage	View 버튼 	视图按钮	視圖按鈕
	Platform_Keyboard_ESCAPE	Keyboard: Escape	Clavier : Échap	Tastiera: Esc	Tastatur: Escape	Teclado: Escape	Клавиатура: Escape	Klawiatura: Escape	キーボード：Esc	Teclado: Esc	Teclado: Escape	Clavier : Échap	키보드 : Esc	键盘： Esc	鍵盤： Esc
	Platform_Keyboard_1	Keyboard: 1	Clavier : 1	Tastiera: 1	Tastatur: 1	Teclado: 1	Клавиатура: 1	Klawiatura: 1	キーボード：1	Teclado: 1	Teclado: 1	Clavier : 1	키보드: 1	键盘： 1	鍵盤： 1
	Platform_Keyboard_2	Keyboard: 2	Clavier : 2	Tastiera: 2	Tastatur: 2	Teclado: 2	Клавиатура: 2	Klawiatura: 2	キーボード：2	Teclado: 2	Teclado: 2	Clavier : 2	키보드: 2	键盘： 2	鍵盤： 2
	Platform_Keyboard_3	Keyboard: 3	Clavier : 3	Tastiera: 3	Tastatur: 3	Teclado: 3	Клавиатура: 3	Klawiatura: 3	キーボード：3	Teclado: 3	Teclado: 3	Clavier : 3	키보드: 3	键盘： 3	鍵盤： 3
	Platform_Keyboard_4	Keyboard: 4	Clavier : 4	Tastiera: 4	Tastatur: 4	Teclado: 4	Клавиатура: 4	Klawiatura: 4	キーボード：4	Teclado: 4	Teclado: 4	Clavier : 4	키보드: 4	键盘： 4	鍵盤： 4
	Platform_Keyboard_5	Keyboard: 5	Clavier : 5	Tastiera: 5	Tastatur: 5	Teclado: 5	Клавиатура: 5	Klawiatura: 5	キーボード：5	Teclado: 5	Teclado: 5	Clavier : 5	키보드: 5	键盘： 5	鍵盤： 5
	Platform_Keyboard_6	Keyboard: 6	Clavier : 6	Tastiera: 6	Tastatur: 6	Teclado: 6	Клавиатура: 6	Klawiatura: 6	キーボード：6	Teclado: 6	Teclado: 6	Clavier : 6	키보드: 6	键盘： 6	鍵盤： 6
	Platform_Keyboard_7	Keyboard: 7	Clavier : 7	Tastiera: 7	Tastatur: 7	Teclado: 7	Клавиатура: 7	Klawiatura: 7	キーボード：7	Teclado: 7	Teclado: 7	Clavier : 7	키보드: 7	键盘： 7	鍵盤： 7
	Platform_Keyboard_8	Keyboard: 8	Clavier : 8	Tastiera: 8	Tastatur: 8	Teclado: 8	Клавиатура: 8	Klawiatura: 8	キーボード：8	Teclado: 8	Teclado: 8	Clavier : 8	키보드: 8	键盘： 8	鍵盤： 8
	Platform_Keyboard_9	Keyboard: 9	Clavier : 9	Tastiera: 9	Tastatur: 9	Teclado: 9	Клавиатура: 9	Klawiatura: 9	キーボード：9	Teclado: 9	Teclado: 9	Clavier : 9	키보드: 9	键盘： 9	鍵盤： 9
	Platform_Keyboard_0	Keyboard: 0	Clavier : 0	Tastiera: 0	Tastatur: 0	Teclado: 0	Клавиатура: 0	Klawiatura: 0	キーボード：0	Teclado: 0	Teclado: 0	Clavier : 0	키보드: 0	键盘： 0	鍵盤： 0
	Platform_Keyboard_MINUS	Keyboard: -	Clavier : -	Tastiera: -	Tastatur: ß	Teclado: -	Клавиатура: -	Klawiatura: -	キーボード：-	Teclado: -	Teclado: -	Clavier : -	키보드: -	键盘： -	鍵盤： -
	Platform_Keyboard_EQUALS	Keyboard: =	Clavier : =	Tastiera: =	Tastatur: ´	Teclado: =	Клавиатура: =	Klawiatura: =	キーボード：=	Teclado: =	Teclado: =	Clavier : =	키보드: =	键盘： =	鍵盤： =
	Platform_Keyboard_BACK	Keyboard: Backspace	Clavier : Retour arrière	Tastiera: Backspace	Tastatur: Rücktaste	Teclado: Retroceso	Клавиатура: Backspace	Klawiatura: Backspace	キーボード：Backspace	Teclado: Backspace	Teclado: Retroceso	Clavier : Retour arrière	키보드: 백스페이스	键盘： Backspace	鍵盤： Backspace
	Platform_Keyboard_TAB	Keyboard: Tab	Clavier : Tabulation	Tastiera: Tab	Tastatur: Tab	Teclado: Tabulación	Клавиатура: Tab	Klawiatura: Tab	キーボード：Tab	Teclado: Tab	Teclado: Tabulación	Clavier : Tabulation	키보드: 탭	键盘： Tab	鍵盤： Tab
	Platform_Keyboard_Q	Keyboard: Q	Clavier : Q	Tastiera: Q	Tastatur: Q	Teclado: Q	Клавиатура: Q	Klawiatura: Q	キーボード：Q	Teclado: Q	Teclado: Q	Clavier : Q	키보드: Q	键盘： Q	鍵盤： Q
	Platform_Keyboard_W	Keyboard: W	Clavier : W	Tastiera: W	Tastatur: W	Teclado: W	Клавиатура: W	Klawiatura: W	キーボード：W	Teclado: W	Teclado: W	Clavier : W	키보드: W	键盘： W	鍵盤： W
	Platform_Keyboard_E	Keyboard: E	Clavier : E	Tastiera: E	Tastatur: E	Teclado: E	Клавиатура: E	Klawiatura: E	キーボード：E	Teclado: E	Teclado: E	Clavier : E	키보드: E	键盘： E	鍵盤： E
	Platform_Keyboard_R	Keyboard: R	Clavier : R	Tastiera: R	Tastatur: R	Teclado: R	Клавиатура: R	Klawiatura: R	キーボード：R	Teclado: R	Teclado: R	Clavier : R	키보드: R	键盘： R	鍵盤： R
	Platform_Keyboard_T	Keyboard: T	Clavier : T	Tastiera: T	Tastatur: T	Teclado: T	Клавиатура: T	Klawiatura: T	キーボード：T	Teclado: T	Teclado: T	Clavier : T	키보드: T	键盘： T	鍵盤： T
	Platform_Keyboard_Y	Keyboard: Y	Clavier : Y	Tastiera: Y	Tastatur: Z	Teclado: Y	Клавиатура: Y	Klawiatura: Y	キーボード：Y	Teclado: Y	Teclado: Y	Clavier : Y	키보드: Y	键盘： Y	鍵盤： Y
	Platform_Keyboard_U	Keyboard: U	Clavier : U	Tastiera: U	Tastatur: U	Teclado: U	Клавиатура: U	Klawiatura: U	キーボード：U	Teclado: U	Teclado: U	Clavier : U	키보드: U	键盘： U	鍵盤： U
	Platform_Keyboard_I	Keyboard: I	Clavier : I	Tastiera: I	Tastatur: I	Teclado: I	Клавиатура: I	Klawiatura: I	キーボード：I	Teclado: I	Teclado: I	Clavier : I	키보드: I	键盘： I	鍵盤： I
	Platform_Keyboard_O	Keyboard: O	Clavier : O	Tastiera: O	Tastatur: O	Teclado: O	Клавиатура: O	Klawiatura: O	キーボード：O	Teclado: O	Teclado: O	Clavier : O	키보드: O	键盘： O	鍵盤： O
	Platform_Keyboard_P	Keyboard: P	Clavier : P	Tastiera: P	Tastatur: P	Teclado: P	Клавиатура: P	Klawiatura: P	キーボード：P	Teclado: P	Teclado: P	Clavier : P	키보드: P	键盘： P	鍵盤： P
	Platform_Keyboard_A	Keyboard: A	Clavier : A	Tastiera: A	Tastatur: A	Teclado: A	Клавиатура: A	Klawiatura: A	キーボード：A	Teclado: A	Teclado: A	Clavier : A	키보드: A	键盘： A	鍵盤： A
	Platform_Keyboard_S	Keyboard: S	Clavier : S	Tastiera: S	Tastatur: S	Teclado: S	Клавиатура: S	Klawiatura: S	キーボード：S	Teclado: S	Teclado: S	Clavier : S	키보드: S	键盘： S	鍵盤： S
	Platform_Keyboard_D	Keyboard: D	Clavier : D	Tastiera: D	Tastatur: D	Teclado: D	Клавиатура: D	Klawiatura: D	キーボード：D	Teclado: D	Teclado: D	Clavier : D	키보드: D	键盘： D	鍵盤： D
	Platform_Keyboard_F	Keyboard: F	Clavier : F	Tastiera: F	Tastatur: F	Teclado: F	Клавиатура: F	Klawiatura: F	キーボード：F	Teclado: F	Teclado: F	Clavier : F	키보드: F	键盘： F	鍵盤： F
	Platform_Keyboard_G	Keyboard: G	Clavier : G	Tastiera: G	Tastatur: G	Teclado: G	Клавиатура: G	Klawiatura: G	キーボード：G	Teclado: G	Teclado: G	Clavier : G	키보드: G	键盘： G	鍵盤： G
	Platform_Keyboard_H	Keyboard: H	Clavier : H	Tastiera: H	Tastatur: H	Teclado: H	Клавиатура: H	Klawiatura: H	キーボード：H	Teclado: H	Teclado: H	Clavier : H	키보드: H	键盘： H	鍵盤： H
	Platform_Keyboard_J	Keyboard: J	Clavier : J	Tastiera: J	Tastatur: J	Teclado: J	Клавиатура: J	Klawiatura: J	キーボード：J	Teclado: J	Teclado: J	Clavier : J	키보드: J	键盘： J	鍵盤： J
	Platform_Keyboard_K	Keyboard: K	Clavier : K	Tastiera: K	Tastatur: K	Teclado: K	Клавиатура: K	Klawiatura: K	キーボード：K	Teclado: K	Teclado: K	Clavier : K	키보드: K	键盘： K	鍵盤： K
	Platform_Keyboard_L	Keyboard: L	Clavier : L	Tastiera: L	Tastatur: L	Teclado: L	Клавиатура: L	Klawiatura: L	キーボード：L	Teclado: L	Teclado: L	Clavier : L	키보드: L	键盘： L	鍵盤： L
	Platform_Keyboard_Z	Keyboard: Z	Clavier : Z	Tastiera: Z	Tastatur: Y	Teclado: Z	Клавиатура: Z	Klawiatura: Z	キーボード：Z	Teclado: Z	Teclado: Z	Clavier : Z	키보드: Z	键盘： Z	鍵盤： Z
	Platform_Keyboard_X	Keyboard: X	Clavier : X	Tastiera: X	Tastatur: X	Teclado: X	Клавиатура: X	Klawiatura: X	キーボード：X	Teclado: X	Teclado: X	Clavier : X	키보드: X	键盘： X	鍵盤： X
	Platform_Keyboard_C	Keyboard: C	Clavier : C	Tastiera: C	Tastatur: C	Teclado: C	Клавиатура: C	Klawiatura: C	キーボード：C	Teclado: C	Teclado: C	Clavier : C	키보드: C	键盘： C	鍵盤： C
	Platform_Keyboard_V	Keyboard: V	Clavier : V	Tastiera: V	Tastatur: V	Teclado: V	Клавиатура: V	Klawiatura: V	キーボード：V	Teclado: V	Teclado: V	Clavier : V	키보드: V	键盘： V	鍵盤： V
	Platform_Keyboard_B	Keyboard: B	Clavier : B	Tastiera: B	Tastatur: B	Teclado: B	Клавиатура: B	Klawiatura: B	キーボード：B	Teclado: B	Teclado: B	Clavier : B	키보드: B	键盘： B	鍵盤： B
	Platform_Keyboard_N	Keyboard: N	Clavier : N	Tastiera: N	Tastatur: N	Teclado: N	Клавиатура: N	Klawiatura: N	キーボード：N	Teclado: N	Teclado: N	Clavier : N	키보드: N	键盘： N	鍵盤： N
	Platform_Keyboard_M	Keyboard: M	Clavier : M	Tastiera: M	Tastatur: M	Teclado: M	Клавиатура: M	Klawiatura: M	キーボード：M	Teclado: M	Teclado: M	Clavier : M	키보드: M	键盘： M	鍵盤： M
	Platform_Keyboard_LBRACKET	Keyboard: [	Clavier : [	Tastiera: [	Tastatur: Ü	Teclado: `	Клавиатура: [	Klawiatura: [	キーボード：[	Teclado: [	Teclado: `	Clavier : [	키보드: [	键盘： [	鍵盤： [
	Platform_Keyboard_RBRACKET	Keyboard: ]	Clavier : ]	Tastiera: ]	Tastatur: +	Teclado: +	Клавиатура: ]	Klawiatura: ]	キーボード：]	Teclado: ]	Teclado: +	Clavier : ]	키보드: ]	键盘： ]	鍵盤： ]
	Platform_Keyboard_RETURN	Keyboard: Enter	Clavier : Entrée	Tastiera: Invio	Tastatur: Eingabe	Teclado: Entrar	Клавиатура: Enter	Klawiatura: Enter	キーボード：Enter	Teclado: Enter	Teclado: Intro	Clavier : Entrée	키보드: Enter	键盘： Enter	鍵盤： Enter
	Platform_Keyboard_LCONTROL	Keyboard: Left Ctrl	Clavier : Ctrl gauche	Tastiera: Ctrl sx	Tastatur: Strg links	Teclado: Ctrl izquierdo	Клавиатура: Левый Ctrl	Klawiatura: Lewy Ctrl	キーボード：左Ctrl	Teclado: Ctrl Esq	Teclado: Ctrl izquierdo	Clavier : Ctrl gauche	키보드: 좌 Ctrl   	键盘： 左 Ctrl	鍵盤： 左 Ctrl
	Platform_Keyboard_SEMICOLON	Keyboard: ;	Clavier : ;	Tastiera: ;	Tastatur: Ö	Teclado: ;	Клавиатура: ;	Klawiatura: ;	キーボード：;	Teclado: ;	Teclado: ;	Clavier : ;	키보드: ;	键盘： ;	鍵盤： ;
	Platform_Keyboard_APOSTROPHE	Keyboard: '	Clavier : '	Tastiera: '	Tastatur: Ä	Teclado: ´	Клавиатура: '	Klawiatura: '	キーボード：'	Teclado: '	Teclado: ´	Clavier : '	키보드: '	键盘： '	鍵盤： '
	Platform_Keyboard_GRAVE	Keyboard: `	Clavier : `	Keyboard: `	Tastatur: ^	Teclado: º	Клавиатура: `	Klawiatura: `	キーボード：`	Teclado: `	Teclado: º	Clavier : `	키보드: `	键盘： `	鍵盤： `
	Platform_Keyboard_LSHIFT	Keyboard: Left Shift	Clavier : Maj gauche	Tastiera: Maiusc sx	Tastatur: Shift links	Teclado: Mayúsculas izq.	Клавиатура: Левый Shift	Klawiatura: Lewy Shift	キーボード：左Shift	Teclado: Shift Esq	Teclado: Mayús izquierda	Clavier : Maj gauche	키보드: 좌 Shift	键盘： 左 Shift	鍵盤： 左 Shift
	Platform_Keyboard_BACKSLASH	Keyboard: '\'	Clavier : '\'	Tastiera: \	Tastatur: #	Teclado: '\'	Клавиатура '\'	Klawiatura: '\'	キーボード：'\'	Teclado: '\'	Teclado: '\'	Clavier : '\'	키보드: '\'	键盘： '\'	鍵盤： '\'
	Platform_Keyboard_COMMA	Keyboard: ,	Clavier : ,	Tastiera: ,	Tastatur: ,	Teclado: ,	Клавиатура: ,	Klawiatura: ,	キーボード：,	Teclado: ,	Teclado: ,	Clavier : ,	키보드: ,	键盘： ,	鍵盤： ,
	Platform_Keyboard_PERIOD	Keyboard: .	Clavier : .	Tastiera: .	Tastatur: .	Teclado: .	Клавиатура: .	Klawiatura: .	キーボード：.	Teclado: .	Teclado: .	Clavier : .	키보드: .	键盘： .	鍵盤： .
	Platform_Keyboard_SLASH	Keyboard: /	Clavier : /	Tastiera: /	Tastatur: -	Teclado: /	Клавиатура: /	Klawiatura: /	キーボード：/	Teclado: /	Teclado: /	Clavier : /	키보드: /	键盘： /	鍵盤： /
	Platform_Keyboard_RSHIFT	Keyboard: Right Shift	Clavier : Maj droite	Tastiera: Maiusc dx	Tastatur: Shift rechts	Teclado: Mayúsculas der.	Клавиатура: Правый Shift	Klawiatura: Prawy Shift	キーボード：右Shift	Teclado: Shift Dir	Teclado: Mayúsculas der.	Clavier : Maj droite	키보드: 우 Shift	键盘： 右 Shift	鍵盤： 右 Shift
	Platform_Keyboard_MULTIPLY	Keyboard: Numpad *	Clavier : Pavé numérique *	Tastiera: TastNum *	Tastatur: Ziffernblock *	Teclado: Teclado numérico *	Клавиатура: Цифр. блок *	Klawiatura: Klaw. num.*	キーボード：テンキー *	Teclado: Teclado Numérico *	Teclado: Teclado numérico *	Clavier : Pavé numérique *	키보드: 숫자패드 *	键盘： 数字键 *	鍵盤： 數字鍵 *
	Platform_Keyboard_LMENU	Left Alt	Gaucher alternatif	Tastiera: Alt Sinistro	Alt links	Alt Izq	Левый Alt	Lewy alt	左Alt	Alt esquerdo	Alt izquierdo	Gaucher alternatif	키보드: 좌 Alt	左Alt	左Alt
	Platform_Keyboard_SPACE	Keyboard: Space	Clavier : Espace	Tastiera: Spazio	Tastatur: Leertaste	Teclado: Barra espaciadora	Клавиатура: Пробел	Klawiatura: Spacja	キーボード：スペース	Teclado: Espaço	Teclado: Barra espaciadora	Clavier : Espace	키보드: Space	键盘： Space	鍵盤： Space
	Platform_Keyboard_CAPITAL	Keyboard: Caps Lock	Clavier : Verr maj	Tastiera: Bloc Maiusc	Tastatur: Feststelltaste	Teclado: Bloq Mayús	Клавиатура: Caps Lock	Klawiatura: Caps Lock	キーボード：Caps Lock	Teclado: Caps Lock	Teclado: Bloq Mayús	Clavier : Verr maj	키보드: Caps Lock	键盘： Caps Lock	鍵盤： Caps Lock
	Platform_Keyboard_F1	Keyboard: F1	Clavier : F1	Tastiera: F1	Tastatur: F1	Teclado: F1	Клавиатура: F1	Klawiatura: F1	キーボード：F1	Teclado: F1	Teclado: F1	Clavier : F1	키보드: F1	键盘： F1	鍵盤： F1
	Platform_Keyboard_F2	Keyboard: F2	Clavier : F2	Tastiera: F2	Tastatur: F2	Teclado: F2	Клавиатура: F2	Klawiatura: F2	キーボード：F2	Teclado: F2	Teclado: F2	Clavier : F2	키보드: F2	键盘： F2	鍵盤： F2
	Platform_Keyboard_F3	Keyboard: F3	Clavier : F3	Tastiera: F3	Tastatur: F3	Teclado: F3	Клавиатура: F3	Klawiatura: F3	キーボード：F3	Teclado: F3	Teclado: F3	Clavier : F3	키보드: F3	键盘： F3	鍵盤： F3
	Platform_Keyboard_F4	Keyboard: F4	Clavier : F4	Tastiera: F4	Tastatur: F4	Teclado: F4	Клавиатура: F4	Klawiatura: F4	キーボード：F4	Teclado: F4	Teclado: F4	Clavier : F4	키보드: F4	键盘： F4	鍵盤： F4
	Platform_Keyboard_F5	Keyboard: F5	Clavier : F5	Tastiera: F5	Tastatur: F5	Teclado: F5	Клавиатура: F5	Klawiatura: F5	キーボード：F5	Teclado: F5	Teclado: F5	Clavier : F5	키보드: F5	键盘： F5	鍵盤： F5
	Platform_Keyboard_F6	Keyboard: F6	Clavier : F6	Tastiera: F6	Tastatur: F6	Teclado: F6	Клавиатура: F6	Klawiatura: F6	キーボード：F6	Teclado: F6	Teclado: F6	Clavier : F6	키보드: F6	键盘： F6	鍵盤： F6
	Platform_Keyboard_F7	Keyboard: F7	Clavier : F7	Tastiera: F7	Tastatur: F7	Teclado: F7	Клавиатура: F7	Klawiatura: F7	キーボード：F7	Teclado: F7	Teclado: F7	Clavier : F7	키보드: F7	键盘： F7	鍵盤： F7
	Platform_Keyboard_F8	Keyboard: F8	Clavier : F8	Tastiera: F8	Tastatur: F8	Teclado: F8	Клавиатура: F8	Klawiatura: F8	キーボード：F8	Teclado: F8	Teclado: F8	Clavier : F8	키보드: F8	键盘： F8	鍵盤： F8
	Platform_Keyboard_F9	Keyboard: F9	Clavier : F9	Tastiera: F9	Tastatur: F9	Teclado: F9	Клавиатура: F9	Klawiatura: F9	キーボード：F9	Teclado: F9	Teclado: F9	Clavier : F9	키보드: F9	键盘： F9	鍵盤： F9
	Platform_Keyboard_F10	Keyboard: F10	Clavier : F10	Tastiera: F10	Tastatur: F10	Teclado: F10	Клавиатура: F10	Klawiatura: F10	キーボード：F10	Teclado: F10	Teclado: F10	Clavier : F10	키보드: F10	键盘： F10	鍵盤： F10
	Platform_Keyboard_NUMLOCK	Keyboard: Num Lock	Clavier : Verr num	Tastiera: Bloc Num	Tastatur: Num	Teclado: Bloq Num	Клавиатура: Num Lock	Klawiatura: Num Lock	キーボード：Num Lock	Teclado: Num Lock	Teclado: Bloq Num	Clavier : Verr num	키보드: Num Lock	键盘： Num Lock	鍵盤： Num Lock
	Platform_Keyboard_SCROLL	Keyboard: Scroll Lock	Clavier : Verrouillage défilement	Tastiera: Bloc Scorr	Tastatur: Rollen	Teclado: Bloq Despl	Клавиатура: Scroll Lock	Klawiatura: Scroll Lock	キーボード：Scr LK	Teclado: Scroll Lock	Teclado: Bloq Despl	Clavier : Verrouillage défilement	키보드: Scroll Lock	键盘： Scroll Lock	鍵盤： Scroll Lock
	Platform_Keyboard_NUMPAD7	Keyboard: Numpad 7	Clavier : Pavé numérique 7	Tastiera: TastNum 7	Tastatur: Ziffernblock 7	Teclado: Teclado numérico 7	Клавиатура: Цифр. блок 7	Klawiatura: Klaw. num. 7	キーボード：テンキー 7	Teclado: Teclado Numérico 7	Teclado: Teclado numérico 7	Clavier : Pavé numérique 7	키보드: 숫자패드 7	键盘： 数字键 7	鍵盤： 數字鍵 7
	Platform_Keyboard_NUMPAD8	Keyboard: Numpad 8	Clavier : Pavé numérique 8	Tastiera: TastNum 8	Tastatur: Ziffernblock 8	Teclado: Teclado numérico 8	Клавиатура: Цифр. блок 8	Klawiatura: Klaw. num. 8	キーボード：テンキー 8	Teclado: Teclado Numérico 8	Teclado: Teclado numérico 8	Clavier : Pavé numérique 8	키보드: 숫자패드 8	键盘： 数字键 8	鍵盤： 數字鍵 8
	Platform_Keyboard_NUMPAD9	Keyboard: Numpad 9	Clavier : Pavé numérique 9	Tastiera: TastNum 9	Tastatur: Ziffernblock 9	Teclado: Teclado numérico 9	Клавиатура: Цифр. блок 9	Klawiatura: Klaw. num. 9	キーボード：テンキー 9	Teclado: Teclado Numérico 9	Teclado: Teclado numérico 9	Clavier : Pavé numérique 9	키보드: 숫자패드 9	键盘： 数字键 9	鍵盤： 數字鍵 9
	Platform_Keyboard_SUBTRACT	Keyboard: Numpad -	Clavier : Pavé numérique -	Tastiera: TastNum -	Tastatur: Ziffernblock -	Teclado: Teclado numérico -	Клавиатура: Цифр. блок -	Klawiatura: Klaw. num. -	キーボード：テンキー -	Teclado: Teclado Numérico -	Teclado: Teclado numérico -	Clavier : Pavé numérique -	키보드: 숫자패드 -	键盘： 数字键 -	鍵盤： 數字鍵 -
	Platform_Keyboard_NUMPAD4	Keyboard: Numpad 4	Clavier : Pavé numérique 4	Tastiera: TastNum 4	Tastatur: Ziffernblock 4	Teclado: Teclado numérico 4	Клавиатура: Цифр. блок 4	Klawiatura: Klaw. num. 4	キーボード：テンキー 4	Teclado: Teclado Numérico 4	Teclado: Teclado numérico 4	Clavier : Pavé numérique 4	키보드: 숫자패드 4	键盘： 数字键 4	鍵盤： 數字鍵 4
	Platform_Keyboard_NUMPAD5	Keyboard: Numpad 5	Clavier : Pavé numérique 5	Tastiera: TastNum 5	Tastatur: Ziffernblock 5	Teclado: Teclado numérico 5	Клавиатура: Цифр. блок 5	Klawiatura: Klaw. num. 5	キーボード：テンキー 5	Teclado: Teclado Numérico 5	Teclado: Teclado numérico 5	Clavier : Pavé numérique 5	키보드: 숫자패드 5	键盘： 数字键 5	鍵盤： 數字鍵 5
	Platform_Keyboard_NUMPAD6	Keyboard: Numpad 6	Clavier : Pavé numérique 6	Tastiera: TastNum 6	Tastatur: Ziffernblock 6	Teclado: Teclado numérico 6	Клавиатура: Цифр. блок 6	Klawiatura: Klaw. num. 6	キーボード：テンキー 6	Teclado: Teclado Numérico 6	Teclado: Teclado numérico 6	Clavier : Pavé numérique 6	키보드: 숫자패드 6	键盘： 数字键 6	鍵盤： 數字鍵 6
	Platform_Keyboard_ADD	Keyboard: Numpad +	Clavier : Pavé numérique +	Tastiera: TastNum +	Tastatur: Ziffernblock +	Teclado: Teclado numérico +	Клавиатура: Цифр. блок +	Klawiatura: Klaw. num. +	キーボード：テンキー +	Teclado: Teclado Numérico +	Teclado: Teclado numérico +	Clavier : Pavé numérique +	키보드: 숫자패드 +	键盘： 数字键 +	鍵盤： 數字鍵 +
	Platform_Keyboard_NUMPAD1	Keyboard: Numpad 1	Clavier : Pavé numérique 1	Tastiera: TastNum 1	Tastatur: Ziffernblock 1	Teclado: Teclado numérico 1	Клавиатура: Цифр. блок 1	Klawiatura: Klaw. num. 1	キーボード：テンキー 1	Teclado: Teclado Numérico 1	Teclado: Teclado numérico 1	Clavier : Pavé numérique 1	키보드: 숫자패드 1	键盘： 数字键 1	鍵盤： 數字鍵 1
	Platform_Keyboard_NUMPAD2	Keyboard: Numpad 2	Clavier : Pavé numérique 2	Tastiera: TastNum 2	Tastatur: Ziffernblock 2	Teclado: Teclado numérico 2	Клавиатура: Цифр. блок 2	Klawiatura: Klaw. num. 2	キーボード：テンキー 2	Teclado: Teclado Numérico 2	Teclado: Teclado numérico 2	Clavier : Pavé numérique 2	키보드: 숫자패드 2	键盘： 数字键 2	鍵盤： 數字鍵 2
	Platform_Keyboard_NUMPAD3	Keyboard: Numpad 3	Clavier : Pavé numérique 3	Tastiera: TastNum 3	Tastatur: Ziffernblock 3	Teclado: Teclado numérico 3	Клавиатура: Цифр. блок 3	Klawiatura: Klaw. num. 3	キーボード：テンキー 3	Teclado: Teclado Numérico 3	Teclado: Teclado numérico 3	Clavier : Pavé numérique 3	키보드: 숫자패드 3	键盘： 数字键 3	鍵盤： 數字鍵 3
	Platform_Keyboard_NUMPAD0	Keyboard: Numpad 0	Clavier : Pavé numérique 0	Tastiera: TastNum 0	Tastatur: Ziffernblock 0	Teclado: Teclado numérico 0	Клавиатура: Цифр. блок 0	Klawiatura: Klaw. num. 0	キーボード：テンキー 0	Teclado: Teclado Numérico 0	Teclado: Teclado numérico 0	Clavier : Pavé numérique 0	키보드: 숫자패드 0	键盘： 数字键 0	鍵盤： 數字鍵 0
	Platform_Keyboard_DECIMAL	Keyboard: Numpad .	Clavier : Pavé numérique .	Tastiera: TastNum .	Tastatur: Ziffernblock ,	Teclado: Teclado numérico .	Клавиатура: Цифр. блок .	Klawiatura: Klaw. num. .	キーボード：テンキー .	Teclado: Teclado Numérico .	Teclado: Teclado numérico .	Clavier : Pavé numérique .	키보드: 숫자패드 .	键盘： 数字键 .	鍵盤： 數字鍵 .
	Platform_Keyboard_OEM102	Keyboard: OEM 102	Clavier : OEM 102	Tastiera: OEM 102	Tastatur: OEM 102	Teclado: OEM 102	Клавиатура: OEM 102	Klawiatura: OEM 102	キーボード：OEM 102	Teclado: OEM 102	Teclado: OEM 102	Clavier : OEM 102	키보드: OEM 102	键盘： OEM 102	鍵盤： OEM 102
	Platform_Keyboard_F11	Keyboard: F11	Clavier : F11	Tastiera: F11	Tastatur: F11	Teclado: F11	Клавиатура: F11	Klawiatura: F11	キーボード：F11	Teclado: F11	Teclado: F11	Clavier : F11	키보드: F11	键盘： F11	鍵盤： F11
	Platform_Keyboard_F12	Keyboard: F12	Clavier : F12	Tastiera: F12	Tastatur: F12	Teclado: F12	Клавиатура: F12	Klawiatura: F12	キーボード：F12	Teclado: F12	Teclado: F12	Clavier : F12	키보드: F12	键盘： F12	鍵盤： F12
	Platform_Keyboard_F13	Keyboard: F13	Clavier : F13	Tastiera: F13	Tastatur: F13	Teclado: F13	Клавиатура: F13	Klawiatura: F13	キーボード：F13	Teclado: F13	Teclado: F13	Clavier : F13	키보드: F13	键盘： F13	鍵盤： F13
	Platform_Keyboard_F14	Keyboard: F14	Clavier : F14	Tastiera: F14	Tastatur: F14	Teclado: F14	Клавиатура: F14	Klawiatura: F14	キーボード：F14	Teclado: F14	Teclado: F14	Clavier : F14	키보드: F14	键盘： F14	鍵盤： F14
	Platform_Keyboard_F15	Keyboard: F15	Clavier : F15	Tastiera: F15	Tastatur: F15	Teclado: F15	Клавиатура: F15	Klawiatura: F15	キーボード：F15	Teclado: F15	Teclado: F15	Clavier : F15	키보드: F15	键盘： F15	鍵盤： F15
	Platform_Keyboard_KANA	Keyboard: Kana	Clavier : Kana	Tastiera: Kana	Tastatur: Kana	Teclado: Kana	Клавиатура: Kana	Klawiatura: Kana	キーボード：カナ	Teclado: Kana	Teclado: Kana	Clavier : Kana	키보드: Kana	键盘： Kana	鍵盤： Kana
	Platform_Keyboard_ABNTC1	Keyboard: ABNT_C1	Clavier : ABNT_C1	Tastiera: ABNT_C1	Tastatur: ABNT_C1	Teclado: ABNT_C1	Клавиатура: ABNT_C1	Klawiatura: ABNT_C1	キーボード：ABNT_C1	Teclado: ABNT_C1	Teclado: ABNT_C1	Clavier : ABNT_C1	키보드: ABNT_C1	键盘： ABNT_C1	鍵盤： ABNT_C1
	Platform_Keyboard_CONVERT	Keyboard: Convert	Clavier : Convertir	Tastiera: Convert	Tastatur: Konvertieren	Teclado: Convertir	Клавиатура: Convert	Klawiatura: Konwersja	キーボード：Convert	Teclado: Converter	Teclado: Convertir	Clavier : Convertir	키보드: Convert	键盘： Convert	鍵盤： Convert
	Platform_Keyboard_NOCONVERT	Keyboard: No Convert	Clavier : Sans conversion	Tastiera: No Convert	Tastatur: Nicht konvertieren	Teclado: No convertir	Клавиатура: No Convert	Klawiatura: Bez konwersji	キーボード：No Convert	Teclado: Não Converter	Teclado: No convertir	Clavier : Sans conversion	키보드: No Conveert	键盘： No Convert	鍵盤： No Convert
	Platform_Keyboard_YEN	Keyboard: Yen	Clavier : Yen	Tastiera: Yen	Tastatur: Yen	Teclado: Yen	Клавиатура: Йена	Klawiatura: Yen	キーボード：Yen	Teclado: Iene	Teclado: Yen	Clavier : Yen	키보드: Yen	键盘： Yen	鍵盤： Yen
	Platform_Keyboard_ABNTC2	Keyboard: ABNT_C2	Clavier : ABNT_C2	Tastiera: ABNT_C2	Tastatur: ABNT_C2	Teclado: ABNT_C2	Клавиатура: ABNT_C2	Klawiatura: ABNT_C2	キーボード：ABNT_C2	Teclado: ABNT_C2	Teclado: ABNT_C2	Clavier : ABNT_C2	키보드: ABNT_C2	键盘： ABNT_C2	鍵盤： ABNT_C2
	Platform_Keyboard_NUMPADEQUALS	Keyboard: Numpad =	Clavier : Pavé numérique =	Tastiera: TastNum =	Tastatur: Ziffernblock =	Teclado: Teclado numérico =	Клавиатура: Цифр. блок =	Klawiatura: Klaw. num. =	キーボード：テンキー =	Teclado: Teclado Numérico =	Teclado: Teclado numérico =	Clavier : Pavé numérique =	키보드: 숫자패드 =	键盘： 数字键 =	鍵盤： 數字鍵 =
	Platform_Keyboard_PREVTRACK	Keyboard: Previous Track	Clavier : Piste précédente	Tastiera: Brano precedente	Tastatur: Track zurück	Teclado: Pista anterior	Клавиатура: Предыдущий трек	Klawiatura: Poprzedni utwór	キーボード：Previous Track	Teclado: Música anterior	Teclado: Pista anterior	Clavier : Piste précédente	키보드: Previous Track	键盘： Previous Track	鍵盤： Previous Track
	Platform_Keyboard_AT	Keyboard: @	Clavier : @	Tastiera: @	Tastatur: @	Teclado: @	Клавиатура: @	Klawiatura: @	キーボード：@	Teclado: @	Teclado: @	Clavier : @	키보드: @	键盘： @	鍵盤： @
	Platform_Keyboard_COLON	Keyboard: :	Clavier : :	Tastiera: :	Tastatur: :	Teclado: ;	Клавиатура: :	Klawiatura: :	キーボード： :	Teclado: :	Teclado: ;	Clavier : :	키보드: :	键盘： :	鍵盤： :
	Platform_Keyboard_UNDERLINE	Keyboard: _	Clavier : _	Keyboard: _	Tastatur: _	Teclado: _	Клавиатура: _	Klawiatura: _	キーボード：_	Teclado: _	Teclado: _	Clavier : _	키보드: _	键盘： _	鍵盤： _
	Platform_Keyboard_KANJI	Keyboard: Kanji	Clavier : Kanji	Tastiera: Kanji	Tastatur: Kanji	Teclado: Kanji	Клавиатура: Kanji	Klawiatura: Kanji	キーボード：Kanji	Teclado: Kanji	Teclado: Kanji	Clavier : Kanji	키보드: Kanji	键盘： Kanji	鍵盤： Kanji
	Platform_Keyboard_STOP	Keyboard: Stop	Clavier : Arrêter	Tastiera: Stop	Tastatur: Stop	Teclado: Stop	Клавиатура: Стоп	Klawiatura: Stop	キーボード：Stop	Teclado: Parar	Teclado: Stop	Clavier : Arrêter	키보드: Stop	键盘： Stop	鍵盤： Stop
	Platform_Keyboard_AX	Keyboard: AX	Clavier : AX	Tastiera: AX	Tastatur: AX	Teclado: AX	Клавиатура: AX	Klawiatura: AX	キーボード：AX	Teclado: AX	Teclado: AX	Clavier : AX	키보드: AX	键盘： AX	鍵盤： AX
	Platform_Keyboard_UNLABELED	Keyboard: Unlabeled	Clavier : Sans référence	Tastiera: Senza etichetta	Tastatur: Unbeschriftet	Teclado: Sin etiqueta	Клавиатура: Без названия	Klawiatura: Nieoznaczony	キーボード：Unlabeled	Teclado: Sem nome	Teclado: Sin etiqueta	Clavier : Sans référence	키보드: Unlabeled	键盘： Unlabeled	鍵盤： Unlabeled
	Platform_Keyboard_NEXTTRACK	Keyboard: Next Track	Clavier : Piste suivante	Tastiera: Brano successivo	Tastatur: Track vor	Teclado: Pista siguiente	Клавиатура: Следующий трек	Klawiatura: Następny utwór	キーボード：Next Track	Teclado: Próxima música	Teclado: Pista siguiente	Clavier : Piste suivante	키보드: Next Track	键盘： Next Track	鍵盤： Next Track
	Platform_Keyboard_NUMPADENTER	Keyboard: Numpad Enter	Clavier : Pavé numérique Entrée	Tastiera: TastNum Invio	Tastatur: Ziffernblock Eingabe	Teclado: Teclado numérico Entrar	Клавиатура: Цифр. блок Enter	Klawiatura: Klaw. num. Enter	キーボード：テンキー Enter	Teclado: Teclado Numérico Enter	Teclado: Teclado numérico Intro	Clavier : Pavé numérique Entrée	키보드: 숫자패드 Enter	键盘： 数字键 Enter	鍵盤： 數字鍵 Enter
	Platform_Keyboard_RCONTROL	Keyboard: Right Ctrl	Clavier : Ctrl droite	Tastiera: Ctrl dx	Tastatur: Strg rechts	Teclado: Ctrl derecho	Клавиатура: Правый Ctrl	Klawiatura: Prawy Ctrl	キーボード：右Ctrl	Teclado: Ctrl Dir	Teclado: Ctrl derecho	Clavier : Ctrl droite	키보드: 우 Ctrl	键盘： 右 Ctrl	鍵盤： 右 Ctrl
	Platform_Keyboard_MUTE	Keyboard: Mute	Clavier : Muet	Tastiera: Muto	Tastatur: Ton aus	Teclado: Silenciar	Клавиатура: Без звука	Klawiatura: Wycisz	キーボード：Mute	Teclado: Mudo	Teclado: Silenciar	Clavier : Muet	키보드: Mute	键盘： Mute	鍵盤： Mute
	Platform_Keyboard_CALCULATOR	Keyboard: Calculator	Clavier : Calculatrice	Tastiera: Calcolatrice	Tastatur: Rechner	Teclado: Calculadora	Клавиатура: Калькулятор	Klawiatura: Kalkulator	キーボード：Calculator	Teclado: Calculadora	Teclado: Calculadora	Clavier : Calculatrice	키보드: Calculator	键盘： Calculator	鍵盤： Calculator
	Platform_Keyboard_PLAYPAUSE	Keyboard: Play/Pause	Clavier : Lecture/pause	Tastiera: Play/Pausa	Tastatur: Wiedergabe/Pause	Teclado: Reproducir/Pausa	Клавиатура: Пуск/пауза	Klawiatura: Odtwarzaj/Pauza	キーボード：Play/Pause	Teclado: Executar/Pausar	Teclado: Reproducir/Pausa	Clavier : Lecture/pause	키보드: Play/Pause	键盘： Play/Pause	鍵盤： Play/Pause
	Platform_Keyboard_MEDIASTOP	Keyboard: Media Stop	Clavier : Arrêt lecture	Tastiera: Stop multimedia	Tastatur: Medium anhalten	Teclado: Detener medio	Клавиатура: Стоп	Klawiatura: Przerwij odtwarzanie	キーボード：Media Stop	Teclado: Parar mídia	Teclado: Detener medios	Clavier : Arrêt lecture	키보드: Media Stop	键盘： Media Stop	鍵盤： Media Stop
	Platform_Keyboard_VOLUMEDOWN	Keyboard: Volume Down	Clavier : Diminuer volume	Tastiera: Volume -	Tastatur: Leiser	Teclado: Bajar volumen	Клавиатура: Тише	Klawiatura: Zmniejsz głośność	キーボード：Volume Down	Teclado: Baixar volume	Teclado: Bajar volumen	Clavier : Diminuer volume	키보드: Volume Down	键盘： Volume Down	鍵盤： Volume Down
	Platform_Keyboard_VOLUMEUP	Keyboard: Volume Up	Clavier : Augmenter volume	Tastiera: Volume +	Tastatur: Lauter	Teclado: Subir volumen	Клавиатура: Громче	Klawiatura: Zwiększ głośność	キーボード：Volume Up	Teclado: Aumentar volume	Teclado: Subir volumen	Clavier : Augmenter volume	키보드: Volume Up	键盘： Volume Up	鍵盤： Volume Up
	Platform_Keyboard_WEBHOME	Keyboard: Web Home	Clavier : Accueil Web	Tastiera: Home page	Tastatur: Homepage	Teclado: Inicio web	Клавиатура: Домашняя страница	Klawiatura: Sieć – strona główna	キーボード：Web Home	Teclado: Início da Web	Teclado: Inicio web	Clavier : Accueil Web	키보드: Web Home	键盘： Web Home	鍵盤： Web Home
	Platform_Keyboard_NUMPADCOMMA	Keyboard: Numpad ,	Clavier : Pavé numérique ,	Tastiera: TastNum ,	Tastatur: Ziffernblock ,	Teclado: Teclado numérico ,	Клавиатура: Цифр. блок ,	Klawiatura: Klaw. num. ,	キーボード：テンキー ,	Teclado: Teclado Numérico ,	Teclado: Teclado numérico ,	Clavier : Pavé numérique ,	키보드: 숫자패드 ,	键盘： 数字键 ,	鍵盤： 數字鍵 ,
	Platform_Keyboard_DIVIDE	Keyboard: Numpad /	Clavier : Pavé numérique /	Tastiera: TastNum /	Tastatur: Ziffernblock /	Teclado: Teclado numérico /	Клавиатура: Цифр. блок /	Klawiatura: Klaw. num. /	キーボード：テンキー /	Teclado: Teclado Numérico /	Teclado: Teclado numérico /	Clavier : Pavé numérique /	키보드: 숫자패드 /	键盘： 数字键 /	鍵盤： 數字鍵 /
	Platform_Keyboard_SYSRQ	Keyboard: SysRq	Clavier : SysRq	Tastiera: SysRq	Tastatur: S-Abf	Teclado: Pet Sis	Клавиатура: SysRq	Klawiatura: SysRq	キーボード：SysRq	Teclado: SysRq	Teclado: Pet Sis	Clavier : SysRq	키보드: SysRq	键盘： SysRq	鍵盤： SysRq
	Platform_Keyboard_RMENU	Right Alt	Droitier alternatif	Alt Gr	Alt rechts	Alt Der	Правый Alt	Prawy alt	右Alt	Alt direito	Alt derecho	Droitier alternatif	키보드: 우 Alt	右Alt	右Alt
	Platform_Keyboard_PAUSE	Keyboard: Pause	Clavier : Pause	Tastiera: Pausa	Tastatur: Pause	Teclado: Pausa	Клавиатура: Пауза	Klawiatura: Pause	キーボード：Pause	Teclado: Pausar	Teclado: Pausa	Clavier : Pause	키보드: Pause	键盘： Pause	鍵盤： Pause
	Platform_Keyboard_HOME	Keyboard: Home	Clavier : Accueil	Tastiera: Home	Tastatur: Pos1	Teclado: Inicio	Клавиатура: Home	Klawiatura: Home	キーボード：Home	Teclado: Home	Teclado: Inicio	Clavier : Accueil	키보드: Home	键盘： Home	鍵盤： Home
	Platform_Keyboard_PRIOR	Keyboard: Page Up	Clavier : Page Haut	Tastiera: Pagina su	Tastatur: Bild auf	Teclado: Re Pág	Клавиатура: Page Up	Klawiatura: Page Up	キーボード：PgUp	Teclado: Page Up	Teclado: Re Pág	Clavier : Page Haut	키보드: Page Up	键盘： Page Up	鍵盤： Page Up
	Platform_Keyboard_UP	Keyboard: Up	Clavier : Haut	Tastiera: Su	Tastatur: Aufwärts	Teclado: Arriba	Клавиатура: Вверх	Klawiatura: W górę	キーボード：Up	Teclado: Para cima	Teclado: Arriba	Clavier : Haut	키보드: Up	键盘： Up	鍵盤： Up
	Platform_Keyboard_LEFT	Keyboard: Left	Clavier : Gauche	Tastiera: Sinistra	Tastatur: Links	Teclado: Izquierda	Клавиатура: Влево	Klawiatura: W lewo	キーボード：Left	Teclado: Esquerda	Teclado: Izquierda	Clavier : Gauche	키보드: 좌	键盘： 左	鍵盤： 左
	Platform_Keyboard_RIGHT	Keyboard: Right	Clavier : Droite	Tastiera: Destra	Tastatur: Rechts	Teclado: Derecha	Клавиатура: Вправо	Klawiatura: W prawo	キーボード：Right	Teclado: Direita	Teclado: Derecha	Clavier : Droite	키보드: 우	键盘： 右	鍵盤： 右
	Platform_Keyboard_END	Keyboard: End	Clavier : Fin	Tastiera: Fine	Tastatur: Ende	Teclado: Fin	Клавиатура: End	Klawiatura: End	キーボード：End	Teclado: End	Teclado: Fin	Clavier : Fin	키보드: End	键盘： End	鍵盤： End
	Platform_Keyboard_DOWN	Keyboard: Down	Clavier : Bas	Tastiera: Giù	Tastatur: Abwärts	Teclado: Abajo	Клавиатура: Вниз	Klawiatura: W dół	キーボード：Down	Teclado: Para baixo	Teclado: Abajo	Clavier : Bas	키보드: Down	键盘： Down	鍵盤： Down
	Platform_Keyboard_NEXT	Keyboard: Page Down	Clavier : Fin	Tastiera: Pagina giù	Tastatur: Bild ab	Teclado: Av Pág	Клавиатура: Page Down	Klawiatura: Page Down	キーボード：PgDn	Teclado: Page Down	Teclado: Av Pág	Clavier : Fin	키보드: Page Down	键盘： Page Down	鍵盤： Page Down
	Platform_Keyboard_INSERT	Keyboard: Insert	Clavier : Insérer	Tastiera: Ins	Tastatur: Einfg	Teclado: Insert	Клавиатура: Insert	Klawiatura: Insert	キーボード：Insert	Teclado: Insert	Teclado: Insert	Clavier : Insérer	키보드: Insert	键盘： Insert	鍵盤： Insert
	Platform_Keyboard_DELETE	Keyboard: Delete	Clavier : Effacer	Tastiera: Canc	Tastatur: Entf	Teclado: Supr	Клавиатура: Delete	Klawiatura: Delete	キーボード：Delete	Teclado: Delete	Teclado: Supr	Clavier : Effacer	키보드: Delete	键盘： Delete	鍵盤： Delete
	Platform_Keyboard_LWIN	Keyboard: Left Windows	Clavier : Windows gauche	Tastiera: Windows sx	Tastatur: Windows-Taste links	Teclado: Windows izquierda	Клавиатура: Левая Windows	Klawiatura: Lewy klawisz Windows	キーボード：左Windows	Teclado: Tecla Windows esquerda	Teclado: Windows izquierda	Clavier : Windows gauche	키보드: 좌 Windows	键盘： 左 Windows	鍵盤： 左 Windows
	Platform_Keyboard_RWIN	Keyboard: Right Windows	Clavier : Windows droite	Tastiera: Windows dx	Tastatur: Windows-Taste rechts	Teclado: Windows derecha	Клавиатура: Правая Windows	Klawiatura: Prawy klawisz Windows	キーボード：右Windows	Teclado: Tecla Windows direita	Teclado: Windows derecha	Clavier : Windows droite	키보드: 우 Windows	键盘： 右 Windows	鍵盤： 右 Windows
	Platform_Keyboard_APPS	Keyboard: Apps	Clavier : Applications	Tastiera: App	Tastatur: Apps	Teclado: Aplicaciones	Клавиатура: Apps	Klawiatura: Apps	キーボード：Apps	Teclado: Aplicativos	Teclado: Aplicaciones	Clavier : Applications	키보드: Apps	键盘： Apps	鍵盤： Apps
	Platform_Keyboard_POWER	Keyboard: Power	Clavier : Alimentation	Tastiera: Arresta	Tastatur: An	Teclado: Encender	Клавиатура: Питание	Klawiatura: Zasilanie	キーボード：Power	Teclado: Ligar	Teclado: Encender	Clavier : Alimentation	키보드: Power	键盘： Power	鍵盤： Power
	Platform_Keyboard_SLEEP	Keyboard: Sleep	Clavier : Veille	Tastiera: Sospensione	Tastatur: Sleep	Teclado: Suspender	Клавиатура: Sleep	Klawiatura: Uśpienie	キーボード：Sleep	Teclado: Suspensão	Teclado: Suspender	Clavier : Veille	키보드: Sleep	键盘： Sleep	鍵盤： Sleep
	Platform_Keyboard_WAKE	Keyboard: Wake	Clavier : Réveil	Tastiera: Riattivazione	Tastatur: Wake	Teclado: Reactivar	Клавиатура: Wake	Klawiatura: Uruchomienie	キーボード：Wake	Teclado: Acordar	Teclado: Reactivar	Clavier : Réveil	키보드: Wake	键盘： Wake	鍵盤： Wake
	Platform_Keyboard_WEBSEARCH	Keyboard: Web Search	Clavier : Recherche Web	Tastiera: Ricerca Web	Tastatur: Websuche	Teclado: Búsqueda web	Клавиатура: Поиск онлайн	Klawiatura: Sieć – Wyszukiwanie	キーボード：Web Search	Teclado: Pesquisa na Web	Teclado: Búsqueda web	Clavier : Recherche Web	키보드: Web Search	键盘： Web Search	鍵盤： Web Search
	Platform_Keyboard_WEBFAVORITES	Keyboard: Web Favourites	Clavier : Favoris Web	Tastiera: Preferiti Web	Tastatur: Webfavoriten	Teclado: Favoritos web	Клавиатура: Избранное онлайн	Klawiatura: Sieć – Ulubione	キーボード：Web Favorites	Teclado: Web Favoritos	Teclado: Favoritos web	Clavier : Favoris Web	키보드: Web Favorites	键盘： Web Favorites	鍵盤： Web Favorites
	Platform_Keyboard_WEBREFRESH	Keyboard: Web Refresh	Clavier : Actualisation Web	Tastiera: Aggiorna Web	Tastatur: Web aktualisieren	Teclado: Actualizar web	Клавиатура: Обновить страницу	Klawiatura: Sieć – Odśwież	キーボード：Web Refresh	Teclado: Web Atualizar	Teclado: Actualizar web	Clavier : Actualisation Web	키보드: Web Refresh	键盘： Web Refresh	鍵盤： Web Refresh
	Platform_Keyboard_WEBSTOP	Keyboard: Web Stop	Clavier : Arrêt Web	Tastiera: Stop Web	Tastatur: Web anhalten	Teclado: Detener web	Клавиатура: Остановить страницу	Klawiatura: Sieć – Zatrzymaj	キーボード：Web Stop	Teclado: Parar a Web	Teclado: Detener web	Clavier : Arrêt Web	키보드: Web Stop	键盘： Web Stop	鍵盤： Web Stop
	Platform_Keyboard_WEBFORWARD	Keyboard: Web Forward	Clavier : Avance Web	Tastiera: Avanti Web	Tastatur: Web vorwärts	Teclado: Adelante web	Клавиатура: Вперед со страницы	Klawiatura: Sieć – Dalej	キーボード：Web Forward	Teclado: Web Avançar	Teclado: Adelante web	Clavier : Avance Web	키보드: Web Forward	键盘： Web Forward	鍵盤： Web Forward
	Platform_Keyboard_WEBBACK	Keyboard: Web Back	Clavier : Retour Web	Tastiera: Indietro Web	Tastatur: Web rückwärts	Teclado: Atrás web	Клавиатура: Назад со страницы	Klawiatura: Sieć – Wstecz	キーボード：Web Back	Teclado: Web Voltar	Teclado: Atrás web	Clavier : Retour Web	키보드: Web Favorites	键盘： Web Back	鍵盤： Web Back
	Platform_Keyboard_MYCOMPUTER	Keyboard: My Computer	Clavier : Poste de travail	Tastiera: Computer	Tastatur: Arbeitsplatz	Teclado: Mi PC	Клавиатура: Мой компьютер	Klawiatura: Mój komputer	キーボード：My Computer	Teclado: Meu Computador	Teclado: Mi PC	Clavier : Poste de travail	키보드: My Computer	键盘： My Computer	鍵盤： My Computer
	Platform_Keyboard_MAIL	Keyboard: Mail	Clavier : Courrier	Tastiera: Mail	Tastatur: Mail	Teclado: Correo	Клавиатура: Почта	Klawiatura: Poczta	キーボード：Mail	Teclado: Correio	Teclado: Correo	Clavier : Courrier	키보드: Mail	键盘： Mail	鍵盤： Mail
	Platform_Keyboard_MEDIASELECT	Keyboard: Media Select	Clavier : Sélection média	Tastiera: Selezione media	Tastatur: Medienauswahl	Teclado: Selección de medios	Клавиатура: Выбор	Klawiatura: Wybór mediów	キーボード：Media Select	Teclado: Seleção de mídia	Teclado: Selección de medios	Clavier : Sélection média	키보드: Media Slect	键盘： Media Select	鍵盤： Media Select
	Platform_Keyboard_UnknownKey	Unknown key	Touche inconnue	Tasto sconosciuto	Unbekannte Taste	Tecla desconocida	Неизвестная клавиша	Nieznany klawisz	不明のキー	Tecla desconhecida	Tecla desconocida	Touche inconnue	알 수 없는 키	未知按键	不明按鍵
	Platform_Input_ControllerDisconnected	Controller disconnected	La manette est débranchée	Controller disconnesso	Controller getrennt	Mando desconectado	Устройство управления отсоединено	Kontroler został odłączony	コントローラーが切断されました	Controle desconectado	Control desconectado	La manette est débranchée	컨트롤러 연결이 끊겼습니다.	已解除控制器连接	已解除控制器連接
	Platform_Input_ControllerResetTitle	Warning	Avertissement	Attenzione	Achtung	Advertencia	Внимание	Ostrzeżenie	注意	Aviso	Advertencia	Avertissement	주의	警告	警告
	Platform_Input_ControllerResetText	This will reset all controller bindings and settings to their default values, overwriting any changes you have made. Are you sure you wish to reset?	Ceci va rétablir la configuration par défaut des commandes de la manette. Tous vos changements seront annulés. Voulez-vous continuer ?	Tutte le associazioni e le impostazioni dei comandi verranno riportate ai valori predefiniti, sovrascrivendo le modifiche apportate. Vuoi davvero azzerarle?	Hierdurch werden alle Steuerungsbelegungen und -Einstellungen auf ihre Standardwerte zurückgesetzt und damit alle vorgenommenen Änderungen überschrieben. Möchtest du wirklich fortfahren?	Se restablecerán todas las asignaciones y ajustes del mando a sus valores predeterminados y se sobrescribirán los cambios que hayas realizado. ¿Seguro que deseas continuar?	Конфигурация устройства будет сброшена на параметры по умолчанию, все ваши изменения будут перезаписаны. Вы точно хотите продолжить?	Nastąpi zresetowanie wszystkich ustawień sterowania i powrót do ustawień domyślnych, które zastąpią wszelkie wprowadzone zmiany. Czy na pewno chcesz zresetować ustawienia?	すべてのコントローラーバインドと設定を初期値に戻し、変更を上書きします。リセットしてもよろしいですか？	Isto vai redefinir todas as conexões e configurações de controles para seus valores iniciais, sobrescrevendo quaisquer alterações que você tenha feito. Tem certeza de que deseja redefinir?	Se restablecerán las asignaciones y la configuración del control a sus valores predeterminados, y se sobrescribirán los cambios que hayas realizado. ¿Seguro que quieres continuar?	Ceci va rétablir la configuration par défaut des commandes de la manette. Tous vos changements seront annulés. Voulez-vous continuer?	모든 컨트롤러 바인드와 설정을 초기치로 되돌리고, 변경을 덮어씁니다. 정말로 리셋할까요?	此操作将重置所有控制器设定并覆盖原有设定。确定要重置吗？	此操作將重置所有控制器設定並覆蓋原有設定。確定要重置嗎？
	Platform_Input_DlgDetectStartTitle	Please Wait	Veuillez patienter	Attendere prego	Bitte warten	Espera	Подождите...	Proszę czekać.	お待ちください	Aguarde	Espera	Veuillez patienter	기다려주세요.	请稍候	請稍候
	Platform_Input_DlgDetectStartText	Detecting connected controllers...	Détection des manettes connectées...	Rilevamento dei controller connessi...	Suche verbundene Controller ...	Detectando los mandos conectados...	Поиск устройств управления...	Trwa wykrywanie podłączonych kontrolerów...	接続されたコントローラーを確認しています…	Detectando controles conectados...	Detectando los controles conectados...	Détection des manettes connectées...	연결된 컨트롤러를 확인하고 있습니다…	正在侦测控制器……	正在偵測控制器……
	Platform_Input_DlgNotConnectedText	Your selected controller is not connected :  %s  Would you like to switch to another control method?	Votre manette sélectionnée n'est pas connectée :   %s   Souhaitez-vous passer à une autre méthode de contrôle ?	Il controller selezionato non è connesso:  %s  Vuoi passare a un altro metodo di comando?	Dein ausgewählter Controller ist nicht verbunden:  %s  Möchtest du auf eine andere Steuerung umschalten?	El mando que has seleccionado no está conectado:   %s  ¿Deseas cambiar a otro método de control?	Выбранное устройство управления не подключено:  %s  Хотите использовать другое?	Wybrany kontroler jest niepodłączony:  %s  Czy chcesz wybrać inną metodę sterowania?	選択したコントローラーは接続されていません：  %s  他の操作方法に切り換えますか？	O seu controle selecionado não está conectado:  %s  Você gostaria de alternar para outro método de controle?	El control que seleccionaste no está conectado:   %s  ¿Quieres cambiar a otro método de control?	Votre contrôleur sélectionné n'est pas connecté :  %s  Souhaitez-vous passer à une autre méthode de contrôle?	선택된 컨트롤러가 연결되지 않았습니다 :  %s  다른 컨트롤 방법으로 전환할까요? 	所选的控制器未连线：  %s  要切换成其他的操作方法吗？	所選的控制器未連線：  %s  要切換成其他的操作方法嗎？
	Platform_Input_DlgNotConnectedTitle	Not Found	Introuvable	Non rilevato	Nicht gefunden	No se encuentra	Не найдено	Nie znaleziono	見つかりません	Não encontrado	No se encuentra	Introuvable	찾을 수 없었습니다.	未找到控制器	未找到控制器
	Platform_Input_DlgSwitchToConnectedText	Select a connected controller to switch to:	Sélectionnez une manette sur laquelle basculer :	Seleziona un controller connesso a cui passare:	Wähle einen verbundenen Controller um umzuschalten auf:	Selecciona el mando conectado al que quieres cambiar:	Выберите подключенное устройство управления:	Wybierz podłączony kontroler, aby przełączyć sterowanie:	変更するコントローラーを選択：	Selecione um controle conectado para o qual alternar:	Selecciona el control conectado al que quieres cambiar:	Sélectionnez une manette sur laquelle basculer :	변경할 컨트롤러를 선택 : 	请选择想要切换的控制器：	請選擇欲切換控制器：
	Platform_Input_DlgSwitchToConnectedTitle	Switch To Connected	Basculer sur Connecté	Passa a controller connesso	Auf verbundenen Controller umschalten	Cambiar a conectado	Перейти на подключенное	Przełącz na podłączony	接続されたコントローラーに変更	Alternar para conectado	Cambiar a conectado	Basculer sur Connecté	연결된 컨트롤러로 변경	切换至已连接的控制器	切換至已連接的控制器
	Platform_Input_ControllerResetTextXB1	This will reset all controller bindings and settings to their default values, overwriting any changes you have made. Are you sure you wish to reset?	Ceci va rétablir la configuration par défaut de toutes les associations de la manette. Tous vos changements seront annulés. Voulez-vous continuer ?	Tutte le associazioni e le impostazioni del controller verranno riportate ai valori predefiniti, sovrascrivendo le modifiche apportate. Vuoi davvero azzerare?	Hierdurch werden alle Controller-Belegungen und Einstellungen auf ihre Standardwerte zurückgesetzt und damit alle vorgenommenen Änderungen überschrieben. Möchtest du wirklich fortfahren?	Se restablecerán todas las asignaciones y ajustes del mando a sus valores predeterminados y se sobrescribirán los cambios que hayas realizado. ¿Seguro que deseas continuar?	Конфигурация геймпада будет сброшена на параметры по умолчанию, все ваши изменения будут перезаписаны. Вы точно хотите продолжить?	Nastąpi zresetowanie wszystkich elementów sterowania kontrolera i powrót do ustawień domyślnych, które zastąpią wszelkie wprowadzone zmiany. Czy na pewno chcesz zresetować ustawienia?	すべてのコントローラーバインドと設定を初期値に戻し、変更を上書きします。リセットしてもよろしいですか？	Isto vai redefinir todas as conexões e configurações de controles para seus valores iniciais, sobrescrevendo quaisquer alterações que você tenha feito. Tem certeza de que deseja redefinir?	Se restablecerán las asignaciones y la configuración del control a sus valores predeterminados, y se sobrescribirán los cambios que hayas realizado. ¿Seguro que quieres continuar?	Ceci va rétablir la configuration par défaut des commandes de la manette. Tous vos changements seront annulés. Voulez-vous continuer?	모든 컨트롤러 연결과 설정을 초기치로 되돌리고, 변경을 덮어씁니다. 정말로 리셋할까요?	此操作将重置所有控制器设定并覆盖原有设定。确定要重置吗？	此操作將重置所有控制器設定並覆蓋原有設定。確定要重置嗎？
	Platform_Input_ControllerResetTextPS4	This will reset all controller bindings and settings to their default values, overwriting any changes you have made. Are you sure you wish to reset?	Ceci va rétablir la configuration par défaut des commandes de la manette. Tous vos changements seront annulés. Voulez-vous continuer ?	Tutte le associazioni e le impostazioni del controller verranno riportate ai valori predefiniti, sovrascrivendo le modifiche apportate. Vuoi davvero azzerare?	Hierdurch werden alle Controller-Belegungen und Einstellungen auf ihre Standardwerte zurückgesetzt und damit alle vorgenommenen Änderungen überschrieben. Möchtest du wirklich fortfahren?	Se restablecerán todas las asignaciones y ajustes del mando a sus valores predeterminados y se sobrescribirán los cambios que hayas realizado. ¿Seguro que deseas continuar?	Конфигурация контроллера будет сброшена на параметры по умолчанию, все ваши изменения будут перезаписаны. Вы точно хотите продолжить?	Nastąpi zresetowanie wszystkich elementów sterowania kontrolera i powrót do ustawień domyślnych, które zastąpią wszelkie wprowadzone zmiany. Czy na pewno chcesz zresetować ustawienia?	すべてのコントローラーバインドと設定を初期値に戻し、変更を上書きします。リセットしてもよろしいですか？	Isto vai redefinir todas as conexões e configurações de controles para seus valores iniciais, sobrescrevendo quaisquer alterações que você tenha feito. Tem certeza de que deseja redefinir?	Se restablecerán las asignaciones y la configuración del control a sus valores predeterminados, y se sobrescribirán los cambios que hayas realizado. ¿Seguro que quieres continuar?	Ceci va rétablir la configuration par défaut des commandes de la manette. Tous vos changements seront annulés. Voulez-vous continuer?	모든 컨트롤러 연결과 설정을 초기치로 되돌리고, 변경을 덮어씁니다. 정말로 리셋할까요?	此操作将重置所有控制器设定并覆盖原有设定。确定要重置吗？	此操作將重置所有控制器設定並覆蓋原有設定。確定要重置嗎？
	Platform_Input_ControllerDisconnectedPS4	Controller disconnected. Please reconnect the controller to continue.	Manette déconnectée. Veuillez la reconnecter pour continuer.	Controller disconnesso. Ricollega il controller per continuare.	Der Controller wurde entfernt. Bitte den Controller erneut anschließen, um fortzufahren.	Mando desconectado. Vuelve a conectar el mando para continuar.	Контроллер отсоединен. Для продолжения подключите контроллер.	Kontroler został odłączony. Aby kontynuować, podłącz go ponownie.	コントローラーが切断されました。コントローラーを接続し直してから続行してください。	Controle desconectado. Reconecte o controle para continuar.	Control desconectado. Vuelve a conectar el control para continuar.	Manette déconnectée. Veuillez la reconnecter pour continuer.	컨트롤러가 끊겼습니다. 컨트롤러를 다시 연결하고 계속하여 주세요.	控制器已解除连结。请重新连接控制器。	控制器已解除連結。請重新連接控制器。
	Platform_Input_ControllerDisconnectedXB1	Controller disconnected. Please reconnect the controller to continue.	Manette déconnectée. Veuillez la reconnecter pour continuer.	Controller disconnesso. Ricollega il controller per continuare.	Der Controller wurde entfernt. Bitte den Controller erneut anschließen, um fortzufahren.	Mando desconectado. Vuelve a conectar el mando para continuar.	Геймпад отсоединен. Для продолжения подключите геймпад.	Kontroler został odłączony. Aby kontynuować, podłącz go ponownie.	コントローラーが切断されました。コントローラーを接続し直してから続行してください。	Controle desconectado. Reconecte o controle para continuar.	Control desconectado. Vuelve a conectar el control para continuar.	Manette déconnectée. Veuillez la reconnecter pour continuer.	컨트롤러가 끊겼습니다. 컨트롤러를 다시 연결하고 계속하여 주세요.	控制器已解除连结。请重新连接控制器。	控制器已解除連結。請重新連接控制器。
	Platform_Input_Keyboard	Keyboard	Clavier et souris	Tastiera	Tastatur	Teclado	Клавиатура	Klawiatura	キーボード	Teclado	Teclado	Clavier	키보드	键盘	鍵盤
	Platform_Input_KeyboardAndMouse	Keyboard and Mouse	Clavier et souris	Mouse e tastiera	Tastatur und Maus	Teclado y ratón	Клавиатура и мышь	Klawiatura i mysz	キーボードおよびマウス	Teclado e mouse	Teclado y mouse	Clavier et souris	키보드 및 마우스	键盘和鼠标	鍵盤和滑鼠
	Platform_Input_Gamepad	Gamepad	Manette	Controller	Gamepad	Mando inalámbrico	Геймпад	Kontroler	ゲームパッド	Controle	Control	Manette sans fil	게임패드	游戏手柄	遊戲手把
	Platform_Input_Wheel	Wheel	Roue	Volante	Lenkrad	Volante	Руль	Kierownica	ハンドルコントローラー	Volante	Volante	Roue	휠 컨트롤러	方向盘	方向盤
	Platform_Input_Thrustmaster	Thrustmaster	Thrustmaster	Thrustmaster	Thrustmaster	Thrustmaster	Thrustmaster	Thrustmaster	Thrustmaster	Thrustmaster	Thrustmaster	Thrustmaster	Thrustmaster	Thrustmaster	Thrustmaster
	Platform_Input_Logitech	Logitech	Logitech	Logitech	Logitech	Logitech	Logitech	Logitech	Logitech	Logitech	Logitech	Logitech	Logitech	Logitech	Logitech
	Platform_Input_Fanatec	Fanatec	Fanatec	Fanatec	Fanatec	Fanatec	Fanatec	Fanatec	Fanatec	Fanatec	Fanatec	Fanatec	Fanatec	Fanatec	Fanatec
	Platform_Input_Legacy	Legacy	Legacy	Piattaforma precedente	Ältere	Legacy	Устаревшие	Legacy	旧式	Legacy	Legacy	Legacy	레거시	Legacy	Legacy
	Platform_Input_MadCatz	Mad Catz®	Mad Catz®	Mad Catz®	Mad Catz®	Mad Catz®	Mad Catz®	Mad Catz®	Mad Catz®	Mad Catz®	Mad Catz®	Mad Catz®	Mad Catz®	Mad Catz®	Mad Catz®
	Platform_Input_Hori	Hori	Hori	Hori	Hori	Hori	Hori	Hori	Hori	Hori	Hori	Hori	Hori	Hori	Hori
	Platform_Input_Simucube	Simucube	Simucube	Simucube	Simucube	Simucube	Simucube	Simucube	Simucube	Simucube	Simucube	Simucube	Simucube	Simucube	Simucube
	Platform_Input_DDGeneric	Direct Drive Generic	Direct Drive Générique	UNTRANSLATED (2027197557): Platform_Input_DDGeneric	Direct Drive Generisch	Direct Drive Genérico	UNTRANSLATED (2027197557): Platform_Input_DDGeneric	UNTRANSLATED (2027197557): Platform_Input_DDGeneric	UNTRANSLATED (2027197557): Platform_Input_DDGeneric	Direct Drive Generic	Direct Drive Genérico	UNTRANSLATED (2027197557): Platform_Input_DDGeneric	UNTRANSLATED (2027197557): Platform_Input_DDGeneric	UNTRANSLATED (2027197557): Platform_Input_DDGeneric	UNTRANSLATED (2027197557): Platform_Input_DDGeneric
	Platform_Install_PS3Installing	Installing game data. Please do not turn off the system.	Installation des données de jeu. N'éteignez pas votre système.	Installazione dati di gioco. Non spegnere il sistema.	Installiert Spieldaten. Bitte das System nicht ausschalten.	Instalando los datos del juego. No apagues el sistema.	Установка игровых данных. Пожалуйста, не выключайте систему.	Instalacja danych gry. Nie należy wyłączać urządzenia.	ゲームデータをインストールしています。本体の電源を切らないでください。	Instalando dados de jogo. Não desligue o sistema.	Instalando los datos del juego. No apagues el sistema.	Installation des données de jeu. N'éteignez pas votre système.	게임 데이터를 설치하고 있습니다. 본체의 전원을 끄지 마세요.	正在安装游戏资料。请勿关闭电源。	正在安裝遊戲資料。請勿關閉電源。
	Platform_Install_PS3Copying	Copying files	Copie des fichiers en cours	Copia file in corso	Kopiert Dateien	Copiando archivos	Копирование файлов	Kopiowanie plików.	ファイルをコピーしています	Copiando arquivos	Copiando archivos	Copie des fichiers en cours	파일을 복사하고 있습니다	正在复制文件	正在複製文件
	Platform_Install_PS3BeginInstall	C.A.R.S.™ will now install game data to the HDD	Project CARS™ va maintenant installer les données de jeu sur le disque dur	Project CARS™ installerà ora i dati di gioco sul disco fisso	Project CARS™ wird nun Spieldaten auf der Festplatte installieren.	Project CARS™ va a instalar los datos del juego en el disco duro.	Project CARS™ установит игровые данные на жесткий диск	Nastąpi instalacja gry Project CARS™ na dysku twardym.	C.A.R.S.™がHDDにゲームデータをインストールします	Project CARS™ vai agora instalar dados de jogo no disco rígido	Project CARS™ instalará los datos del juego en el disco duro.	Project CARS™ va maintenant installer les données de jeu sur le disque dur	C.A.R.S.™가 HDD에 게임 데이터를 설치합니다	C.A.R.S.™正安装至硬盘	C.A.R.S.™正安裝至硬碟
	Platform_Install_PS3ResumeInstall	C.A.R.S.™ will now resume installing game data to the HDD	Project CARS™ va maintenant reprendre l'installation des données de jeu sur le disque dur	Project CARS™ riprenderà ora l'installazione dei dati di gioco sul disco fisso	Project CARS™ wird nun die Installation von Spieldaten auf der Festplatte fortsetzen.	Project CARS™ va a reanudar la instalación de los datos en el disco duro.	Project CARS™ возобновит установку игровых данных на жесткий диск	Nastąpi wznowienie instalacji gry Project CARS™ na dysku twardym	C.A.R.S.™がHDDへのゲームデータのインストールを再開します	Project CARS™ vai agora continuar a instalar dados de jogo no disco rígido	Project CARS™ continuará la instalación de los datos en el disco duro.	Project CARS™ va maintenant reprendre l'installation des données de jeu sur le disque dur	C.A.R.S.™가 HDD에 게임 데이터 설치를 재개합니다	C.A.R.S.™将重新安装至硬盘	C.A.R.S.™將重新安裝至硬碟
	Platform_Install_PS3NotEnoughSpace	There is not enough free space on the hard disk.	Il n’y a pas assez d'espace libre sur le disque dur.	Spazio libero insufficiente sul disco fisso.	Nicht genügend freier Speicherplatz auf der Festplatte.	No hay espacio libre suficiente en el disco duro.	На жестком диске недостаточно места.	Brak wolnego miejsca na dysku twardym.	ハードディスクの空き容量が不足しています。	Não há espaço livre suficiente no disco rígido.	No hay espacio libre suficiente en el disco duro.	Il n’y a pas assez d'espace libre sur le disque dur.	하드디스크의 빈 용량이 부족합니다.	硬盘空间不足	硬碟空間不足
	Platform_Install_PS3GameDataSpace	%ls more space is required for game data.	Espace supplémentaire requis pour les données de jeu : %ls	%ls di spazio in più necessario per i dati di gioco.	Es werden weitere %ls Speicherplatz für Spieldaten benötigt.	Se necesitan %ls más de espacio para los datos del juego.	Не хватает %ls для игровых данных.	Dane gry wymagają %ls wolnego miejsca więcej.	ゲームデータをインストールするには %ls の空き容量が必要です。	Mais %ls de espaço são necessários para os dados de jogo.	Se necesitan %ls más de espacio para los datos del juego.	Espace supplémentaire requis pour les données de jeu : %ls	게임 데이터를 설치하려면 %ls의 빈 용량이 필요합니다.	游戏安装需要%ls空间。	遊戲安裝需要%ls空間。
	Platform_Install_PS3TrophyDataSpace	%ls more space is required for trophy data.	Espace supplémentaire requis pour les données des trophées : %ls	%ls di spazio in più necessario per i dati dei trofei.	Es werden weitere %ls Speicherplatz für Trophäendaten benötigt.	Se necesitan %ls más de espacio para los datos de los trofeos.	Не хватает %ls для данных о призах.	Dane trofeów wymagają %ls wolnego miejsca więcej.	トロフィーデータをインストールするには %ls の空き容量が必要です。	Mais %ls de espaço são necessários para os dados de troféus.	Se necesitan %ls más de espacio para los datos de los trofeos.	Espace supplémentaire requis pour les données des trophées : %ls	트로피 데이터를 설치하려면 %ls의 빈 용량이 필요합니다.	需要 %ls 空间来安装奖杯资料。	需要 %ls 空間來安裝獎盃資料。
	Platform_Install_PS3SaveDataSpace	Up to %ls more space may be required for save data to store progress and settings.	%ls au maximum seront nécessaires pour que les données de sauvegarde enregistrent la progression et les paramètres.	Fino a %ls di spazio in più potrebbe essere necessario per salvare progressi e impostazioni nei dati salvati.	Es können bis zu %ls mehr Speicherplatz für Speicherdaten benötigt werden, um Spielfortschritte und Einstellungen zu speichern.	Podrían necesitarse hasta %ls más de espacio para que los datos guardados almacenen el progreso y la configuración.	Дополнительно может понадобиться %ls свободного места для записи результатов и настроек.	Do zapisania danych ustawień oraz postępów może być potrzebne %ls miejsca więcej.	セーブデータに進行や設定を保存するには最大 %ls の空き容量が必要です。	Até mais %ls de espaço podem ser necessários para os dados de salvamento armazenarem o progresso e as configurações.	Podrían necesitarse hasta %ls más de espacio para que los datos guardados almacenen el progreso y la configuración.	%ls au maximum seront nécessaires pour que les données de sauvegarde enregistrent la progression et les paramètres.	저장 데이터에 진행 내용과 설정을 저장하려면 최대 %ls의 빈 용량이 필요합니다.	最多需要 %ls 空间来保存进度及设定。	最多需要 %ls 空間來保存進度及設定。
	Platform_Install_PS3FreeSomeSpace	At least %ls more free space is needed.  Please exit the application, free some space and try again.	%ls d'espace libre supplémentaire requis.  Veuillez quitter l'application, libérer de l'espace et réessayer.	Almeno %ls di spazio libero in più necessario.  Esci dall'applicazione, libera dello spazio e riprova.	Es werden mindestens weitere %ls Speicherplatz benötigt.  Bitte beende die Anwendung, gib Speicherplatz frei und versuche es erneut.	Se requieren al menos %ls más de espacio libre.  Sal del juego, libera espacio e inténtalo de nuevo.	Дополнительно необходимо как минимум %ls свободного места. Пожалуйста, выйдите из приложения, освободите дисковое пространство и попробуйте еще раз.	Potrzeba przynajmniej %ls wolnego miejsca więcej. Wyjdź z aplikacji, zwolnij trochę miejsca na dysku i spróbuj ponownie.	少なくとも %ls の空き容量が必要です。アプリケーションを終了し、空き容量を確保してから再試行してください。	Pelo menos mais %ls de espaço livre são necessários. Saia do aplicativo, libere um pouco de espaço e tente novamente.	Se requieren al menos %ls más de espacio libre. Sal del juego, libera espacio e inténtalo de nuevo.	%ls d'espace libre supplémentaire requis.  Veuillez quitter l'application, libérer de l'espace et réessayer.	적어도 %ls의 빈 용량이 더 필요합니다. 어플리케이션을 종료하고, 빈 용량을 확보한 후 다시 실행해주세요.	最少还需要 %ls 空间。请退出游戏，空出更多空间之后再尝试。	最少還需要 %ls 空間。請退出遊戲，空出更多空間之後再嘗試。
	Platform_SaveGame_Retry	Retry	Réessayer	Riprova	Wiederholen	Reintentar	Повторить	Ponów	再試行	Tentar novamente	Reintentar	Réessayer	재시도한다	重试	重試
	Platform_SaveGame_Cancel	Cancel	Annuler	Annulla	Abbrechen	Cancelar	Отмена	Anuluj	キャンセル	Cancelar	Cancelar	Annuler	취소	取消	取消
	Platform_SaveGame_ProfileLoadBindErrorPS3	This save data belongs to another user and will not be loaded.	Ces données de jeu appartiennent à un autre utilisateur et ne peuvent être chargées.	Questi dati salvati appartengono a un altro utente e non verranno caricati.	Diese Speicherdaten gehören zu einem anderen Benutzer und werden nicht geladen.	Estos datos guardados pertenecen a otro usuario y no se cargarán.	Эти сохраненные данные принадлежат другому пользователю и не будут загружены.	Zapisany plik należy do innego użytkownika i nie zostanie wczytany.	このセーブデータは他のユーザーが作成したものであるため読み込めません。	Estes dados salvos pertencem a outro usuário e não serão carregados.	Estos datos guardados pertenecen a otro usuario y no se cargarán.	Ces données de jeu appartiennent à un autre utilisateur et ne peuvent être chargées.	이 저장 데이터는 다른 유저가 생성한 것이므로 불러올 수 없습니다.	此保存资料为其他使用者所创，故无法读取	此保存資料為其他使用者所創，故無法讀取
	Platform_SaveGame_ProfileLoadBindErrorYes	- Choose 'OK' to start a new game. The save data will be overwritten on the next save.	- Sélectionnez "OK" pour commencer une nouvelle partie. Les données sauvegardées seront écrasées lors de la prochaine sauvegarde.	- Seleziona OK per iniziare una nuova partita. I dati salvati verranno sovrascritti dal prossimo salvataggio.	- Wähle "OK", um ein neues Spiel zu starten. Die Speicherdaten werden beim nächsten Speichern überschrieben.	- Elige «Aceptar» para iniciar una partida nueva. Los datos guardados se sobrescribirán la próxima vez que guardes.	Выберите "OK", чтобы начать новую игру. Данные будут перезаписаны при следующем сохранении.	- Aby rozpocząć nową grę, wybierz OK. plik zapisu zostanie zastąpiony podczas kolejnego zapisywania stanu gry.	- 「OK」を選択すると新しいゲームを始めます。セーブデータは次回の保存時に上書きされます。	- Escolha 'OK' para começar um novo jogo. Os dados salvos serão sobrescritos no próximo salvamento.	- Elige «Aceptar» para iniciar una partida nueva. Los datos guardados se sobrescribirán la próxima vez que guardes.	- Sélectionnez « OK » pour commencer une nouvelle partie. Les données sauvegardées seront écrasées lors de la prochaine sauvegarde.	・확인을 선택하면 새로운 게임을 시작합니다. 저장 데이터는 다음 저장 시 덮어쓰게 됩니다.	—选择「确定」将开始新游戏。下次保存时将覆盖此存档。	—選擇「確定」將開始新遊戲。下次保存時將覆蓋此存檔。
	Platform_SaveGame_ProfileLoadBindErrorNo	- Select 'No' to continue loading this profile, but with saving disabled. Any game progress and awards gained in this session will not be saved.	- Sélectionnez "Non" pour continuer à charger ce profil, mais avec la sauvegarde désactivée. La progression et les récompenses obtenues lors de cette session ne seront pas sauvegardées.	- Seleziona No per continuare a caricare questo profilo con il salvataggio disattivato. I progressi di gioco e i premi ottenuti in questa sessione non verranno salvati.	- Wähle „Nein“, um mit dem Laden dieses Profils fortzufahren. Die Speicherfunktion ist dann jedoch deaktiviert. Die in dieser Sitzung erreichten Spielfortschritte und Belohnungen werden nicht gespeichert.	- Selecciona «No» para seguir cargando este perfil, pero con la función de guardado desactivada. No se guardará el progreso en el juego ni los premios obtenidos en esta sesión.	Выберите "Нет", чтобы продолжить загрузку этого профиля без возможности сохранения. Игровой прогресс и полученные во время этой сессии награды не будут сохранены.	- Aby kontynuować wczytywanie tego profilu bez możliwości zapisywania stanu gry, wybierz Nie. Postępy w grze oraz nagrody zdobyte w tej sesji nie zostaną zapisane.	- 「いいえ」を選択すると、このプロフィールの読み込みを続行します。ただし、このセッションでの進行や報酬は保存されません。	- Selecione 'Não' para continuar a carregar este perfil, mas com o salvamento desabilitado. O progresso do jogo e conquistas obtidas nesta sessão não serão salvos.	- Selecciona «No» para seguir cargando este perfil, pero con la función de guardado desactivada. No se guardará el progreso en el juego ni los premios obtenidos en esta sesión.	- Sélectionnez « Non » pour continuer à charger ce profil, mais avec la sauvegarde désactivée. La progression et les récompenses obtenues lors de cette session ne seront pas sauvegardées.	・아니오를 선택하면 이 프로필을 불러온 채로 다음으로 진행됩니다. 이 세션의 진행 내용과 보수는 저장되지 않습니다.	—选择「否」将继续读取此个人资料，但是将不能保存。之后的任何进度和奖励将不被保存。	—選擇「否」將繼續讀取此個人資料，但是將不能保存。之後的任何進度和獎勵將不被保存。
	Platform_SaveGame_ProfileNoDeviceTitle	Warning	Avertissement	Attenzione	Achtung	Advertencia	Внимание	Ostrzeżenie	注意	Aviso	Advertencia	Avertissement	주의	警告	警告
	Platform_SaveGame_ProfileNoDeviceText	If you do not select a storage device, you will be unable to save progress. Do you want to select a storage device now?	Pour sauvegarder votre progression, vous devez choisir un périphérique de stockage. Choisir un périphérique de stockage maintenant ?	Se non selezioni una periferica di archiviazione, non potrai salvare i progressi. Vuoi selezionare una periferica di archiviazione?	Wenn du kein Speichermedium auswählst, kannst du deinen Spielfortschritt nicht speichern. Möchtest du jetzt ein Speichermedium auswählen?	Si no seleccionas un dispositivo de almacenamiento, no podrás guardar tu progreso. ¿Deseas seleccionar un dispositivo de almacenamiento ahora?	Накопитель данных не выбран. Для сохранения необходимо выбрать накопитель данных. Хотите выбрать его сейчас?	Jeżeli nie wybierzesz urządzenia pamięciowego, zapisywanie postępów w grze będzie niemożliwe. Czy chcesz wybrać urządzenie pamięciowe?	ストレージ機器を選択しないと​進行を保存できません。​ストレージ機器を選択しますか？	Se você não selecionar um dispositivo de armazenamento, não poderá salvar o progresso. Deseja selecionar um dispositivo de armazenamento agora?	Si no seleccionas un dispositivo de almacenamiento, no podrás guardar tu progreso. ¿Deseas seleccionar un dispositivo de almacenamiento ahora?	Pour sauvegarder votre progression, vous devez choisir un périphérique de stockage. Choisir un périphérique de stockage maintenant?	스토리지 기기가 아닌 경우, 진행을 저장할 수 없습니다. 스토리지 기기를 선택할까요?	如果您不选择储存装置，将无法保存进度。您想现在选择储存装置吗？	如果您不選擇儲存裝置，將無法保存進度。您想現在選擇儲存裝置嗎？
	Platform_SaveGame_ProfileNoDeviceYes	- Choose 'Yes' to select a storage device.	- Choisissez "Oui" pour sélectionner un périphérique de stockage.	- Seleziona Sì per selezionare una periferica di archiviazione.	- Wähle "Ja", um ein Speichermedium auszuwählen.	- Elige «Sí» para seleccionar un dispositivo de almacenamiento.	Выберите "Да", чтобы указать накопитель данных.	Aby określić urządzenie pamięciowe, wybierz Tak.	- 「はい」を選択すると​ストレージ機器の選択に進みます。	- Escolha 'Sim' para selecionar um dispositivo de armazenamento.	- Elige «Sí» para seleccionar un dispositivo de almacenamiento.	- Choisissez « Oui » pour sélectionner un périphérique de stockage.	・예를 선택하면 스토리지 기기 선택으로 이동합니다.	—选择「是」来选择储存装置。	—選擇「是」來選擇儲存裝置。
	Platform_SaveGame_ProfileNoDeviceNo	- Choose 'No' to continue without saving.	- Choisissez "Non" pour continuer sans sauvegarder.	- Seleziona No per continuare senza salvare.	- Wähle "Nein", um ohne Speichern fortzufahren.	- Elige «No» para continuar sin guardar.	Выберите "Нет", чтобы продолжить без сохранения.	- Aby kontynuować bez zapisywania, wybierz Nie.	- 「いいえ」を選択すると​保存せずに続行します。	- Escolha 'Não' para continuar sem salvar.	- Elige «No» para continuar sin guardar.	- Choisissez « Non » pour continuer sans sauvegarder.	・아니오를 선택하면 저장하지 않고 다음으로 진행됩니다.	—选择「否」将在不保存进度的情况下继续游戏。	—選擇「否」將在不保存進度的情況下繼續遊戲。
	Platform_SaveGame_ProfileBadSignInTitle	Warning	Avertissement	Attenzione	Achtung	Advertencia	Внимание	Ostrzeżenie	注意	Aviso	Advertencia	Avertissement	주의	警告	警告
	Platform_SaveGame_ProfileBadSignInText	If you do not sign in, you will be unable to save progress and unlock achievements. Do you want to sign in now?	Si vous ne vous identifiez pas, vous ne pourrez pas sauvegarder votre progression et débloquer des succès. Voulez-vous vous identifier maintenant ?	Se non effettui l'accesso, non potrai salvare i progressi né ottenere riconoscimenti. Vuoi effettuare l'accesso ora?	Wenn du dich nicht anmeldest, kannst du deinen Spielfortschritt nicht speichern. Möchtest du dich jetzt anmelden?	Si no inicias sesión, no podrás guardar tu progreso. ¿Deseas iniciar sesión ahora?	Вы не вошли в сеть, поэтому не можете сохранять результаты игры. Войти сейчас?	Jeżeli nie zalogujesz się, zapisywanie postępów w grze i odblokowywanie osiągnięć będą niemożliwe. Czy chcesz się zalogować?	サインインしないと、​進行を保存したり実績を解除したりできません。​サインインしますか？	Se você não entrar, não poderá salvar o seu progresso e desbloquear conquistas. Deseja entrar agora?	Si no inicias sesión, no podrás guardar tu progreso ni desbloquear logros. ¿Deseas iniciar sesión ahora?	Si vous ne vous identifiez pas, vous ne pourrez pas sauvegarder votre progression. Voulez-vous vous identifier maintenant?	로그인하지 않았을 경우, 진행 내용을 저장하거나 도전 과제를 해제할 수 없습니다. 로그인할까요?	如果您选择不登入，将无法保存进度和解锁成就。您想现在登入吗？	如果您選擇不登入，將無法保存進度和解鎖成就。您想現在登入嗎？
	Platform_SaveGame_ProfileBadSignInYes	Choose 'Yes' to sign in	Choisissez "Oui" pour vous identifier	Seleziona Sì per effettuare l'accesso	Wähle "Ja", um dich anzumelden.	Elige «Sí» para iniciar sesión.	Выберите "Да", чтобы войти в сеть.	Aby się zalogować, wybierz „Tak".	「はい」を選択して​サインイン	Escolha 'Sim' para entrar	Elige «Sí» para iniciar sesión.	Choisissez « Oui » pour vous identifier	예를 선택하면 로그인으로 이동합니다.	选择「是」将登入账号。	選擇「是」將登入帳號。
	Platform_SaveGame_ProfileBadSignInNo	- Choose 'No' to continue without saving	- Choisissez "Non" pour continuer sans sauvegarder	- Seleziona No per continuare senza salvare	- Wähle "Nein", um ohne Speichern fortzufahren.	- Elige «No» para continuar sin guardar.	Выберите "Нет", чтобы продолжить без сохранения.	- Aby kontynuować grę bez zapisywania, wybierz Nie.	- 「いいえ」を選択して​保存せずに続行	- Escolha 'Não' para continuar sem salvar	- Elige «No» para continuar sin guardar.	- Choisissez « Non » pour continuer sans sauvegarder	・아니오를 선택하면 저장하지 않고 다음으로 진행됩니다.	—选择「否」将在不保存进度的情况下继续游戏。	—選擇「否」將在不保存進度的情況下繼續遊戲。
	Platform_SaveGame_ProfileCorruptTitle	Warning	Avertissement	Attenzione	Achtung	Advertencia	Внимание	Ostrzeżenie	注意	Aviso	Advertencia	Avertissement	주의	警告	警告
	Platform_SaveGame_ProfileCorruptText	Your save data is damaged and will not be loaded.	Vos données sauvegardées sont corrompues et ne peuvent pas être utilisées. 	I tuoi dati salvati sono danneggiati e non verranno caricati.	Deine Speicherdaten sind beschädigt und können nicht geladen werden.	Los datos guardados están dañados y no se cargarán.	Сохраненные данные повреждены и не могут быть загружены.	Plik zapisu jest uszkodzony i nie może zostać wczytany.	セーブデータが破損しているため読み込めません。	Os seus dados salvos estão corrompidos e não serão carregados.	Los datos guardados están dañados y no se cargarán.	Vos données sauvegardées sont corrompues et ne peuvent pas être utilisées.	저장 데이터가 파손되어 불러오지 못했습니다.	您的保存资料已损毁无法读取。	您的保存資料已損毀無法讀取。
	Platform_SaveGame_ProfileCorruptOk	- Choose 'Ok' to start a new game. Your corrupted save data will be deleted before being written again on the next save.	- Sélectionnez « OK » pour commencer une nouvelle partie. Vos données sauvegardées corrompues seront supprimées et réinstallées lors de la prochaine sauvegarde.	- Seleziona 'Ok' per iniziare una nuova partita. I dati corrotti del tuo salvataggio verranno cancellati prima di essere nuovamente scritti al prossimo salvataggio.	- Wähle 'Ok', um eine neues Spiel zu beginnen. Deine beschädigten Speicherdaten werden vor dem nächsten Speichern gelöscht.	- Elige "Aceptar" para iniciar una partida nueva. Los datos guardados dañados se borrarán y se sobrescribirán la próxima vez que guardes.	- Выберите "OK", чтобы начать новую игру. При следующем сохранении поврежденные данные будут удалены перед перезаписью.	- Aby rozpocząć nową grę, wybierz OK. Uszkodzony plik zostanie usunięty i zastąpiony podczas następnego zapisywania gry.	- 「OK」を選択すると新しいゲームを始めます。破損したセーブデータは、次回の保存が実行される前に削除されます。	- Escolha 'Ok' para começar um novo jogo. Os seus dados corrompidos serão apagados antes de serem novamente gravados no próximo salvamento.	- Elige «Aceptar» para iniciar una partida nueva. Los datos dañados se borrarán antes de grabarse de nuevo la próxima vez que guardes.	- Sélectionnez « OK » pour commencer une nouvelle partie. Vos données sauvegardées corrompues seront supprimées et réinstallées lors de la prochaine sauvegarde.	・ 확인을 선택하면 새로운 게임을 시작합니다. 파손된 저장 데이터는 다음 저장 시 덮어쓰게 됩니다.	-点击确定开始新游戏。在下一次保存数据之前，您的毁损数据将会被删除。	-點擊確定開始新遊戲。在下一次保存資料之前，您的毀損資料將會被刪除。
	Platform_SaveGame_StorageWriteWarning360	Saving content. Please don't turn off your console.	Sauvegarde du contenu. Veuillez ne pas éteindre la console.	Salvataggio contenuti. Non spegnere la console.	Inhalte werden gespeichert. Bitte schalte die Konsole nicht aus.	Guardando contenido. No apagues la consola.	Идет сохранение. Не выключайте консоль.	Zapisywanie zawartości. Nie należy wyłączać urządzenia.	保存しています。本体の電源を切らないでください。	Salvando conteúdo. Não desligue o seu console.	Guardando contenido. No apagues la consola.	Sauvegarde du contenu. Veuillez ne pas éteindre la console.	콘텐츠를 저장합니다. 본체를 끄지 마십시오.	正在保存内容，请不要关闭主机。	正在保存內容，請不要關閉主機。
	Platform_SaveGame_ProfileLoadErrorText	Failed to load save data. Do you want to retry the load?	Impossible de charger les données de sauvegarde. Voulez-vous réessayer de charger ?	Caricamento dei dati salvati non riuscito. Vuoi riprovare?	Speicherdaten konnten nicht geladen werden. Möchtest du den Ladevorgang wiederholen?	No se han podido cargar los datos guardados. ¿Deseas intentarlo de nuevo?	Не удалось загрузить сохраненные данные. Повторить попытку загрузки?	Nie udało się wczytać zapisanych danych. Czy chcesz ponowić wczytywanie?	セーブデータを読み込めませんでした。​もう一度実行しますか？	Erro ao carregar dados salvos. Deseja tentar carregar novamente?	No se pudieron cargar los datos guardados. ¿Quieres intentarlo de nuevo?	Impossible de charger les données de sauvegarde. Voulez-vous réessayer de charger?	불러오기를 실패했습니다. 다시 한 번 실행할까요?	无法读取存档，要重新尝试吗？	無法讀取存檔，要重新嘗試嗎？
	Platform_SaveGame_ProfileLoadErrorYes	- Select 'Yes' to try to load the save data again.	- Sélectionnez "Oui" pour réessayer de charger les données sauvegardées.	- Seleziona Sì per riprovare a caricare i dati salvati.	- Wähle "Ja", um erneut zu versuchen, die Speicherdaten zu laden.	- Selecciona «Sí» para intentar nuevamente cargar los datos guardados.	Выберите "Да", чтобы повторить попытку загрузки.	- Aby spróbować ponownie wczytać plik zapisu, wybierz Tak.	- 「はい」を選択すると読み込みを再試行します。	- Selecione 'Sim' para tentar carregar os dados salvos novamente.	- Selecciona «Sí» para tratar de cargar nuevamente los datos guardados.	- Sélectionnez « Oui » pour réessayer de charger les données sauvegardées.	・예를 선택하면 불러오기를 재시도합니다.	—选择「是」将重试读取存档。	—選擇「是」將重試讀取存檔。
	Platform_SaveGame_ProfileLoadErrorNo	- Select 'No' to start a new game. Your save data will be overwritten on the next save.	- Sélectionnez "Non" pour commencer une nouvelle partie. Vos données sauvegardées seront écrasées lors de la prochaine sauvegarde.	- Seleziona No per iniziare una nuova partita. I tuoi dati salvati verranno sovrascritti dal prossimo salvataggio.	- Wähle "Nein", um ein neues Spiel zu starten. Deine Speicherdaten werden beim nächsten Speichern überschrieben.	- Selecciona «No» para iniciar una partida nueva. Los datos guardados se sobrescribirán la próxima vez que guardes.	Выберите "Нет", чтобы начать новую игру. Данные сохранения будут перезаписаны при следующем сохранении.	- Aby rozpocząć nową grę, wybierz Nie. plik zapisu zostanie zastąpiony podczas następnego zapisywania gry.	- 「いいえ」を選択すると​新しいゲームを始めます。​セーブデータは次回の保存時に上書きされます。	- Selecione 'Não' para começar um novo jogo. Seus dados salvos serão sobrescritos no próximo salvamento.	- Selecciona «No» para iniciar una partida nueva. Los datos guardados se sobrescribirán la próxima vez que guardes.	- Sélectionnez « Non » pour commencer une nouvelle partie. Vos données sauvegardées seront écrasées lors de la prochaine sauvegarde.	・아니오를 선택하면 새로운 게임을 시작합니다. 저장 데이터는 다음 저장 시 덮어쓰게 됩니다.	—选择「否」将开始新游戏。下次保存时将覆盖此存档。	—選擇「否」將開始新遊戲。下次保存時將覆蓋此存檔。
	Platform_SaveGame_LoadErrorTitle	Load Error	Erreur de chargement	Errore nel caricamento	Laden fehlgeschlagen	Error de carga	Ошибка загрузки	Błąd wczytywania	読み込みエラー	Erro ao carregar	Error al cargar	Erreur de chargement	불러오기 에러	读取错误	讀取錯誤
	Platform_SaveGame_SaveErrorTitle	Warning	Avertissement	Attenzione	Achtung	Advertencia	Внимание	Ostrzeżenie	注意	Aviso	Advertencia	Avertissement	주의	警告	警告
	Platform_SaveGame_ProfileSaveErrorText	Failed to save the data. Do you want to retry the save?	Impossible de sauvegarder les données. Voulez-vous réessayer la sauvegarde ?	Salvataggio dei dati non riuscito. Vuoi riprovare?	Die Daten konnten nicht gespeichert werden. Möchtest du den Speichervorgang wiederholen?	No se han podido guardar los datos. ¿Deseas intentarlo de nuevo?	Не удалось сохранить данные. Повторить попытку?	Nie udało się zapisać danych. Czy chcesz ponowić próbę zapisu?	データを保存できませんでした。もう一度実行しますか？	Falha ao salvar dados. Deseja tentar salvar novamente?	No se pudieron guardar los datos. ¿Quieres volver a intentarlo?	Impossible de sauvegarder les données. Voulez-vous réessayer la sauvegarde?	저장을 실패했습니다. 다시 한 번 실행할까요?	无法保存资料，要重新尝试保存吗？	無法保存資料，要重新嘗試保存嗎？
	Platform_SaveGame_ProfileSaveErrorYes	- Select 'Yes' to retry the save.	- Sélectionnez "Oui" pour réessayer de sauvegarder.	- Seleziona Sì per riprovare a salvare.	- Wähle "Ja", um den Speichervorgang zu wiederholen.	- Selecciona «Sí» para volver a intentarlo.	Выберите "Да", чтобы повторить попытку сохранения.	- Aby ponowić próbę zapisu, wybierz Tak.	- 「はい」を選択すると保存を再試行します。	- Selecione 'Sim' para tentar salvar novamente.	- Selecciona «Sí» para volver a intentar guardar.	- Sélectionnez « Oui » pour réessayer de sauvegarder.	・예를 선택하면 저장을 재시도합니다.	—选择「是」将重新尝试保存。	—選擇「是」將重新嘗試保存。
	Platform_SaveGame_ProfileSaveErrorNo	- Select 'No' to continue with saving disabled.	- Sélectionnez "Non" pour continuer sans sauvegarder.	- Seleziona No per continuare con il salvataggio disattivato.	- Wähle "Nein", um ohne Speichern fortzufahren.	- Selecciona «No» para continuar con la función de guardado desactivada.	Выберите "Нет", чтобы продолжить без сохранения.	- Aby kontynuować bez zapisywania, wybierz Nie.	- 「いいえ」を選択すると​保存せずに続行します。	- Selecione 'Não' para continuar com o salvamento desabilitado.	- Selecciona «No» para continuar con el guardado desactivado.	- Sélectionnez « Non » pour continuer sans sauvegarder.	・아니오를 선택하면 저장하지 않고 다음으로 진행됩니다.	—选择「否」将在不保存进度的情况下继续游戏。	—選擇「否」將在不保存進度的情況下繼續遊戲。
	Platform_SaveGame_MediaSaveErrorText	Failed to save media. Do you want to retry the save?	Impossible de sauvegarder le média. Voulez-vous réessayer la sauvegarde ?	Salvataggio dell'elemento multimediale non riuscito. Vuoi riprovare?	Mediendaten konnten nicht gespeichert werden. Möchtest du den Speichervorgang wiederholen?	No se han podido guardar los archivos multimedia. ¿Deseas volver a intentarlo?	Не удалось сохранить медиаданные. Повторить попытку сохранения?	Nie udało się zapisać danych. Czy chcesz ponowić próbę zapisu?	メディアを保存できませんでした。もう一度実行しますか？	Falha ao salvar mídia. Deseja tentar salvar novamente?	No se pudieron guardar los archivos multimedia. ¿Quieres volver a intentarlo?	Impossible de sauvegarder le média. Voulez-vous réessayer la sauvegarde?	미디어의 저장을 실패했습니다. 다시 한 번 실행할까요?	无法保存影片，要重新尝试保存吗？	無法保存影片，要重新嘗試保存嗎？
	Platform_SaveGame_MediaSaveErrorNo	- Select 'No' to cancel the save.	- Sélectionnez "Non" pour annuler la sauvegarde.	- Seleziona No per annullare il salvataggio.	- Wähle "Nein", um den Speichervorgang abzubrechen.	- Selecciona «No» para cancelar el guardado.	Выберите "Нет", чтобы отменить сохранение.	- Aby zrezygnować z próby zapisu, wybierz Nie.	- 「いいえ」を選択すると保存をキャンセルします。	- Selecione 'Não' para cancelar o salvamento.	- Selecciona «No» para cancelar el guardado.	- Sélectionnez « Non » pour annuler la sauvegarde.	・아니오를 선택하면 저장을 취소합니다.	—选择「否」将取消保存。	—選擇「否」將取消保存。
	Platform_SaveGame_MediaLoadErrorText	Failed to load media. Select 'OK' to continue.	Impossible de charger le support. Sélectionnez "OK" pour continuer.	Caricamento dell'elemento multimediale non riuscito. Seleziona OK per continuare.	Medium konnte nicht geladen werden. Wähle "OK", um fortzufahren.	No se han podido cargar los archivos multimedia. Selecciona «Aceptar» para continuar.	Не удалось загрузить медиаданные. Выберите "ОК", чтобы продолжить.	Nie udało się wczytać danych. Aby kontynuować, wybierz OK.	メディアを読み込めませんでした。「​OK」を選択すると続行します。	Falha ao carregar mídia. Selecione 'OK' para continuar.	No se pudieron cargar los archivos multimedia. Selecciona «Aceptar» para continuar.	Impossible de charger le support. Sélectionnez « OK » pour continuer.	미디어의 불러오기를 실패했습니다. 확인을 선택하면 다음으로 진행됩니다.	无法读取影片，选择「确定」继续。	無法讀取影片，選擇「確定」繼續。
	Platform_SaveGame_MediaLoadErrorYes	- Select 'Yes' to try to load the media again.	- Sélectionnez "Oui" pour réessayer de charger le média à nouveau.	- Seleziona Sì per riprovare a caricare l'elemento multimediale.	- Wähle "Ja", um erneut zu versuchen, das Medium zu laden.	- Selecciona «Sí» para intentar nuevamente cargar el archivo multimedia.	Выберите "Да", чтобы еще раз попробовать загрузить медиаданные.	- Aby spróbować ponownie wczytać dane, wybierz Tak.	- 「はい」を選択すると読み込みを再試行します。	- Selecione 'Sim' para tentar carregar a mídia novamente.	- Selecciona «Sí» para tratar de cargar nuevamente el archivo multimedia.	- Sélectionnez « Oui » pour réessayer de charger le média à nouveau.	・예를 선택하면 불러오기를 재시도합니다.	—选择「是」将尝试重新读取影片。	—選擇「是」將嘗試重新讀取影片。
	Platform_SaveGame_MediaLoadErrorNo	- Select 'No' to cancel the load.	- Sélectionnez "Non" pour annuler le chargement.	- Seleziona No per annullare il caricamento.	- Wähle "Nein", um den Ladevorgang abzubrechen.	- Selecciona «No» para cancelar la carga.	Выберите "Нет", чтобы отказаться от загрузки.	- Aby zrezygnować z wczytywania, wybierz Nie.	- 「いいえ」を選択すると​読み込みをキャンセルします。	- Selecione 'Não' para cancelar o carregamento.	- Selecciona «No» para cancelar la carga.	- Sélectionnez « Non » pour annuler le chargement.	・아니오를 선택하면 불러오기를 취소합니다.	—选择「否」将取消读取。	—選擇「否」將取消讀取。
	Platform_SaveGame_MediaSaveErrorYes	- Select 'Yes' to try to save the media again.	- Sélectionnez "Oui" pour réessayer d'enregistrer le média à nouveau.	- Seleziona Sì per riprovare a salvare l'elemento multimediale.	- Wähle "Ja", um erneut zu versuchen, das Medium zu speichern.	- Selecciona «Sí» para intentar nuevamente guardar el archivo multimedia.	Выберите "Да", чтобы еще раз попробовать сохранить медиаданные.	- Aby spróbować ponownie zapisać dane, wybierz Tak.	- 「はい」を選択すると保存を再試行します。	- Selecione 'Sim' para tentar salvar a mídia novamente.	- Selecciona «Sí» para tratar de guardar nuevamente el archivo multimedia.	- Sélectionnez « Oui » pour réessayer d'enregistrer le média à nouveau.	・예를 선택하면 저장을 재시도합니다.	—选择「是」将尝试重新保存影片。	—選擇「是」將嘗試重新保存影片。
	Platform_SaveGame_MediaCorruptTitle	Warning	Avertissement	Attenzione	Achtung	Advertencia	Внимание	Ostrzeżenie	注意	Aviso	Advertencia	Avertissement	주의	警告	警告
	Platform_SaveGame_MediaCorruptText	Your saved media is damaged and will not be loaded.	Le média sauvegardé est corrompu et n'a pu être chargé.	L'elemento multimediale salvato è danneggiato e non verrà caricato.	Dein gespeichertes Medium ist beschädigt und wird nicht geladen.	Los archivos multimedia guardados están dañados y no se cargarán.	Сохраненные медиаданные повреждены и не будут загружены.	Zapisane dane są uszkodzone i nie zostaną wczytane.	保存されていたメディアは破損しているため読み込めません。	A sua mídia salva está danificada e não será carregada.	Los archivos multimedia guardados están dañados y no se cargarán.	Le média sauvegardé est corrompu et n'a pu être chargé.	저장한 미디어가 파손되어 불러올 수 없습니다.	您所保存的影片已损坏并无法读取。	您所保存的影片已損壞並無法讀取。
	Platform_SaveGame_NoSpaceTitle	Warning	Avertissement	Attenzione	Achtung	Advertencia	Внимание	Ostrzeżenie	注意	Aviso	Advertencia	Avertissement	주의	警告	警告
	Platform_SaveGame_ProfileBadDeviceTitle	Warning	Avertissement	Attenzione	Achtung	Advertencia	Внимание	Ostrzeżenie	注意	Aviso	Advertencia	Avertissement	주의	警告	警告
	Platform_SaveGame_ProfileBadDeviceText	The selected storage device has been removed. Autosaving is now disabled. You must select a storage device to re-enable autosaving.	Le périphérique de stockage sélectionné a été retiré. La sauvegarde automatique est maintenant désactivée. Vous devez sélectionner un périphérique de stockage pour réactiver la sauvegarde automatique.	La periferica di archiviazione selezionata è stata rimossa. Il salvataggio automatico è ora disattivato. Per riattivare il salvataggio automatico, seleziona una periferica di archiviazione.	Das ausgewählte Speichermedium wurde entfernt. Automatisches Speichern wurde deaktiviert. Bitte ein Speichermedium auswählen, um das automatische Speichern wieder zu aktivieren.	Se ha extraído el dispositivo de almacenamiento seleccionado. La función de autoguardado está desactivada. Debes seleccionar un dispositivo de almacenamiento para volver a activar el autoguardado.	Выбранный накопитель данных был отключен. Автосохранение выключено. Чтобы включить автосохранение, необходимо выбрать накопитель данных.	Wybrane urządzenie pamięciowe zostało odłączone. Automatyczne zapisywanie jest wyłączone. Aby ponownie włączyć automatyczne zapisywanie, musisz wybrać urządzenie pamięciowe.	選択されたストレージ機器が​接続されていません。​オートセーブは無効です。​ストレージ機器を選択するまで​オートセーブは実行されません。	O dispositivo de armazenamento selecionado foi removido. O salvamento automático foi desativado. Você deve selecionar um dispositivo de armazenamento para reativar o salvamento automático.	Se extrajo el dispositivo de almacenamiento seleccionado. La función de autoguardado se desactivó. Debes seleccionar un dispositivo de almacenamiento para volver a activar el autoguardado.	Le périphérique de stockage sélectionné a été retiré. La sauvegarde automatique est maintenant désactivée. Vous devez sélectionner un périphérique de stockage pour réactiver la sauvegarde automatique.	선택하신 스토리지 기기가 연결되지 않았습니다. 자동 저장은 무효입니다. 스토리지 기기를 선택할 때까지 자동 저장은 실행할 수 없습니다.	所选的储存装置已被移除，现在无法使用自动保存，您必须选择储存装置来重新启用自动保存。	所選的儲存裝置已被移除，現在無法使用自動保存，您必須選擇儲存裝置來重新啟用自動保存。
	Platform_SaveGame_MediaLoadNoDeviceText	No storage device was selected.	Aucun périphérique de stockage n'a été sélectionné.	Nessuna periferica di archiviazione selezionata.	Kein Speichermedium ausgewählt.	No se ha seleccionado ningún dispositivo de almacenamiento.	Накопитель данных не выбран.	Nie wybrano urządzenia pamięciowego.	ストレージ機器が選択されていません。	Nenhum dispositivo de armazenamento selecionado.	No se seleccionó ningún dispositivo de almacenamiento.	Aucun périphérique de stockage n'a été sélectionné.	스토리지 기기가 선택되지 않았습니다.	未选择储存装置。	未選擇儲存裝置。
	Platform_SaveGame_MediaLoadNoDeviceYes	- Choose 'OK' to select a specific storage device.	- Choisissez "OK" pour sélectionner un périphérique de stockage spécifique.	- Seleziona Ok per selezionare una periferica di archiviazione specifica.	- Wähle "OK", um ein Speichermedium auszuwählen.	- Elige «Aceptar» para seleccionar un dispositivo de almacenamiento específico.	Выберите "OK", чтобы указать определенный накопитель данных.	- Aby korzystać z określonego urządzenia pamięciowego, wybierz OK.	- 「OK」を選択すると​ストレージ機器の選択に進みます。	- Escolha 'OK' para selecionar um dispositivo de armazenamento específico.	- Elige «Aceptar» para seleccionar un dispositivo de almacenamiento.	- Choisissez « OK » pour sélectionner un périphérique de stockage spécifique.	・예를 선택하면​ 스토리지 기기 선택으로 이동합니다.	—选「确定」将选择特定的储存装置。	—選「確定」將選擇特定的儲存裝置。
	Platform_SaveGame_MediaLoadNoDeviceNo	- Choose 'Cancel' to select from media on all devices.	- Choisissez "Annuler" pour sélectionner un support sur tous les périphériques.	- Seleziona Annulla per selezionare l'elemento multimediale fra tutti i dispositivi.	- Wähle "Abbrechen", um aus Medien auf allen Speichermedien zu wählen.	- Elige «Cancelar» para seleccionar archivos multimedia de todos los dispositivos.	Выберите "Отмена", чтобы указать медиаданные на другом устройстве.	- Aby ustawić dostęp do danych ze wszystkich urządzeń pamięciowych, wybierz Anuluj.	- 「キャンセル」を選択すると​すべてのデバイスのメディアから選択します。	- Escolha 'Cancelar' para selecionar da mídia em todos os dispositivos.	- Elige «Cancelar» para seleccionar archivos multimedia de todos los dispositivos.	- Choisissez « Annuler » pour sélectionner un support sur tous les périphériques.	・취소를 선택하면 모든 디바이스의 미디어에서 선택합니다.	—选「取消」将从所有设备上的影片中选择。	—選「取消」將從所有設備上的影片中選擇。
	Platform_SaveGame_MediaSaveNoDeviceText	If you do not select a storage device, you will be unable to save the media. Do you want to select a storage device now?	Pour sauvegarder sur un support, vous devez choisir un périphérique de stockage. Choisir un périphérique de stockage maintenant ?	Se non selezioni una periferica di archiviazione, non potrai salvare l'elemento multimediale. Vuoi selezionare una periferica di archiviazione?	Wenn du kein Speichermedium auswählst, kannst du das Medium nicht speichern. Möchtest du jetzt ein Speichermedium auswählen?	Si no seleccionas un dispositivo de almacenamiento, no podrás guardar los archivos multimedia. ¿Deseas seleccionar un dispositivo de almacenamiento ahora?	Накопитель данных не выбран. Для сохранения необходимо выбрать накопитель данных. Хотите выбрать его сейчас?	Jeżeli nie wybierzesz urządzenia pamięciowego, zapisywanie danych będzie niemożliwe. Czy chcesz wybrać urządzenie pamięciowe?	ストレージ機器を選択しないと、​メディアを保存できません。​ストレージ機器を選択しますか？	Se você não selecionar um dispositivo de armazenamento, será incapaz de salvar a mídia. Deseja selecionar um dispositivo de armazenamento agora?	Si no seleccionas un dispositivo de almacenamiento, no podrás guardar los archivos multimedia. ¿Deseas seleccionar un dispositivo de almacenamiento ahora?	Pour sauvegarder sur un support, vous devez choisir un périphérique de stockage. Choisir un périphérique de stockage maintenant?	스토리지 기기가 없을 경우, 미디어를 저장할 수 없습니다. 스토리지 기기를 선택할까요?	如果您没有选择储存装置，将无法保存媒体，您现在要选择储存装置吗？	如果您沒有選擇儲存裝置，將無法保存媒體，您現在要選擇儲存裝置嗎？
	Platform_SaveGame_MediaSaveNoDeviceYes	- Choose 'Yes' to select a storage device.	- Choisissez "Oui" pour sélectionner un périphérique de stockage.	- Seleziona Sì per selezionare una periferica di archiviazione.	- Wähle "Ja", um ein Speichermedium auszuwählen.	- Elige «Sí» para seleccionar un dispositivo de almacenamiento.	Выберите "Да", чтобы указать накопитель данных.	Aby określić urządzenie pamięciowe, wybierz Tak.	- 「はい」を選択すると​ストレージ機器の選択に進みます。	- Escolha 'Sim' para selecionar um dispositivo de armazenamento.	- Elige «Sí» para seleccionar un dispositivo de almacenamiento.	- Choisissez « Oui » pour sélectionner un périphérique de stockage.	・예를 선택하면 ​스토리지 기기 선택으로 이동합니다.	—选「是」来选择储存装置。	—選「是」來選擇儲存裝置。
	Platform_SaveGame_MediaSaveNoDeviceNo	- Choose 'No' to continue without saving.	- Choisissez "Non" pour continuer sans sauvegarder.	- Seleziona No per continuare senza salvare.	- Wähle "Nein", um ohne Speichern fortzufahren.	- Elige «No» para continuar sin guardar.	Выберите "Нет", чтобы продолжить без сохранения.	- Aby kontynuować bez zapisywania, wybierz Nie.	- 「いいえ」を選択すると​保存せずに続行します。	- Escolha 'Não' para continuar sem salvar.	- Elige «No» para continuar sin guardar.	- Choisissez « Non » pour continuer sans sauvegarder.	・아니오를 선택하면 저장하지 않고 다음으로 진행됩니다.	—选「否」将在不保存进度的情况下继续。	—選「否」將在不保存進度的情況下繼續。
	Platform_SaveGame_TitleWarning	Warning	Avertissement	Attenzione	Achtung	Advertencia	Внимание	Ostrzeżenie	注意	Aviso	Advertencia	Avertissement	주의	警告	警告
	Platform_SaveGame_GhostSaveErrorText	Failed to save the Ghost data. Do you want to retry the save?	Impossible de sauvegarder les données du fantôme. Voulez-vous réessayer de sauvegarder ?	Salvataggio dei dati fantasma non riuscito. Vuoi riprovare?	Die Ghost-Daten konnten nicht gespeichert werden. Möchtest du den Speichervorgang wiederholen?	No se han podido guardar los datos de la Sombra. ¿Deseas volver a intentar cargar?	Не удалось сохранить данные призрака. Повторить попытку сохранения?	Nie udało się zapisać danych ducha. Czy chcesz ponowić próbę zapisu?	ゴーストデータを保存できませんでした。 もう一度実行しますか？	Falha ao salvar dados de Fantasma. Deseja tentar salvar novamente?	No se pudieron guardar los datos del fantasma. ¿Quieres volver a intentar cargar?	Impossible de sauvegarder les données du fantôme. Voulez-vous réessayer de sauvegarder?	고스트 데이터의 저장을 실패했습니다. 다시 한 번 실행할까요?	无法保存幽灵资料，要重新尝试保存吗？	無法保存幽靈資料，要重新嘗試保存嗎？
	Platform_SaveGame_GhostSaveErrorYes	- Select 'Yes' to try to save the Ghost again.	- Sélectionnez "Oui" pour réessayer de sauvegarder le fantôme.	- Seleziona Sì per riprovare a salvare il fantasma.	- Wähle "Ja", um erneut zu versuchen, den Ghost zu speichern.	- Selecciona «Sí» para intentar nuevamente guardar la Sombra.	Выберите "Да", чтобы еще раз попробовать сохранить призрака.	- Aby spróbować ponownie zapisać dane ducha, wybierz Tak.	- 「はい」を選択すると保存を再試行します。	- Selecione 'Sim' para tentar salvar o Fantasma novamente.	- Selecciona «Sí» para tratar de guardar nuevamente el fantasma.	- Sélectionnez « Oui » pour réessayer de sauvegarder le fantôme.	・예를 선택하면 저장을 재시도합니다.	—选择「是」将重新尝试保存幽灵。	—選擇「是」將重新嘗試保存幽靈。
	Platform_SaveGame_GhostSaveErrorNo	- Select 'No' to cancel the save.	- Sélectionnez "Non" pour annuler la sauvegarde.	- Seleziona No per annullare il salvataggio.	- Wähle "Nein", um den Speichervorgang abzubrechen.	- Selecciona «No» para cancelar el guardado.	Выберите "Нет", чтобы отменить сохранение.	- Aby zrezygnować z próby zapisu, wybierz Nie.	- 「いいえ」を選択すると保存をキャンセルします。	- Selecione 'Não' para cancelar o salvamento.	- Selecciona «No» para cancelar el guardado.	- Sélectionnez « Non » pour annuler la sauvegarde.	・아니오를 선택하면 저장을 취소합니다.	—选择「否」将取消保存。	—選擇「否」將取消保存。
	Platform_SaveGame_GhostLoadErrorText	Failed to load the Ghost data. Select 'OK' to continue.	Impossible de charger les données du fantôme. Sélectionnez "OK" pour continuer.	Caricamento dei dati fantasma non riuscito. Seleziona OK per continuare.	Die Ghost-Daten konnten nicht geladen werden. Wähle "OK", um fortzufahren.	No se han podido cargar los datos de la Sombra. Selecciona «Aceptar» para continuar.	Не удалось загрузить данные призрака. Выберите "ОК", чтобы продолжить.	Nie udało się wczytać danych ducha. Aby kontynuować, wybierz OK.	ゴーストデータを読み込めませんでした。「​OK」を選択すると続行します。	Falha ao carregar dados de Fantasma. Selecione 'OK' para continuar.	No se pudieron cargar los datos del fantasma. Selecciona «Aceptar» para continuar.	Impossible de charger les données du fantôme. Sélectionnez « OK » pour continuer.	고스트 데이터를 불러오지 못했습니다. 확인을 선택하면 다음으로 진행됩니다.	无法读取幽灵资料，选择「确定」继续。	無法讀取幽靈資料，選擇「確定」繼續。
	Platform_SaveGame_GhostCorruptText	Your saved Ghost data is damaged and will not be loaded.	Vos données de fantôme sont corrompues et ne seront pas chargées.	I tuoi dati fantasma salvati sono danneggiati e non verranno caricati.	Deine gespeicherten Ghost-Daten sind beschädigt und werden nicht geladen.	Los datos de la Sombra guardados están dañados y no se cargarán.	Сохраненные данные призрака повреждены и не могут быть загружены.	Zapisane dane ducha są uszkodzone i nie można ich wczytać.	保存されていたゴーストデータは破損しているため読み込めません。	Os seus dados salvos de Fantasma estão corrompidos e não serão carregados.	Los datos del fantasma guardados están dañados y no se cargarán.	Vos données de fantôme sont corrompues et ne seront pas chargées.	저장한 고스트 데이터가 파손되어 불러올 수 없습니다.	您保存的幽灵资料已损毁并无法读取。	您保存的幽靈資料已損毀並無法讀取。
	Platform_SaveGame_GhostCorruptTitle	Warning	Avertissement	Attenzione	Achtung	Advertencia	Внимание	Ostrzeżenie	注意	Aviso	Advertencia	Avertissement	주의	警告	警告
	Platform_SaveGame_GhostSaveNoDeviceText	If you do not select a storage device, you will be unable to save the Ghost. Do you want to select a storage device now?	Pour sauvegarder le fantôme, vous devez choisir un périphérique de stockage. Choisir un périphérique de stockage maintenant ?	Se non selezioni un dispositivo di archiviazione, non potrai salvare il fantasma. Vuoi selezionare un dispositivo di archiviazione ora?	Wenn du kein Speichermedium auswählst, kannst du den Ghost nicht speichern. Möchtest du jetzt ein Speichermedium auswählen?	Si no seleccionas un dispositivo de almacenamiento, no podrás guardar los datos de la Sombra. ¿Deseas seleccionar un dispositivo de almacenamiento ahora?	Накопитель данных не выбран. Необходимо выбрать его для сохранения призрака. Хотите сделать это сейчас?	Jeżeli nie wybierzesz urządzenia pamięciowego, zapisanie danych ducha będzie niemożliwe. Czy chcesz wybrać urządzenie pamięciowe?	ストレージ機器を選択しないと、ゴーストを保存できません。​ストレージ機器を選択しますか？	Se você não selecionar um dispositivo de armazenamento, será incapaz de salvar o Fantasma. Deseja selecionar um dispositivo de armazenamento agora?	Si no seleccionas un dispositivo de almacenamiento, no podrás guardar los datos del fantasma. ¿Deseas seleccionar un dispositivo de almacenamiento ahora?	Pour sauvegarder le fantôme, vous devez choisir un périphérique de stockage. Choisir un périphérique de stockage maintenant?	스토리지 기기가 없을 경우, 고스트를 저장할 수 없습니다. 스토리지 기기를 선택할까요?	如不选择储存装置，将无法保存幽灵，要选择储存装置吗？	如不選擇儲存裝置，將無法保存幽靈，要選擇儲存裝置嗎？
	Platform_SaveGame_GhostSaveNoDeviceYes	- Select 'Yes' to select a storage device.	- Sélectionnez "Oui" pour sélectionner un périphérique de stockage.	- Seleziona Sì per selezionare una periferica di archiviazione.	- Wähle "Ja", um ein Speichermedium auszuwählen.	- Elige «Sí» para seleccionar un dispositivo de almacenamiento.	Выберите "Да", чтобы указать накопитель данных.	- Aby określić urządzenie pamięciowe, wybierz Tak.	- 「はい」を選択すると​ストレージ機器の選択に進みます。	- Selecione 'Sim' para selecionar um dispositivo de armazenamento.	- Selecciona «Sí» para seleccionar un dispositivo de almacenamiento.	- Sélectionnez « Oui » pour sélectionner un périphérique de stockage.	・예를 선택하면 ​스토리지 기기 선택으로 이동합니다.	—选择「是」将选择储存装置。	—選擇「是」將選擇儲存裝置。
	Platform_SaveGame_GhostSaveNoDeviceNo	- Select 'No' to continue without saving.	- Sélectionnez "Non" pour continuer sans sauvegarder.	- Seleziona No per continuare senza salvare.	- Wähle "Nein", um ohne Speichern fortzufahren.	- Elige «No» para continuar sin guardar.	Выберите "Нет", чтобы продолжить без сохранения.	- Aby kontunuować bez zapisywania, wybierz Nie.	- 「いいえ」を選択すると​保存せずに続行します。	- Selecione 'Não' para continuar sem salvar.	- Selecciona «No» para continuar sin guardar.	- Sélectionnez « Non » pour continuer sans sauvegarder.	・아니오를 선택하면 저장하지 않고 다음으로 진행됩니다.	—选择「否」将在不保存进度的情况下继续。	—選擇「否」將在不保存進度的情況下繼續。
	Platform_SaveGame_GhostLoadNoDeviceText	- Choose 'OK' to select a specific storage device.	- Choisissez "OK" pour sélectionner un périphérique de stockage spécifique.	- Seleziona Ok per selezionare una periferica di archiviazione specifica.	- Wähle "OK", um ein Speichermedium auszuwählen.	- Elige «Aceptar» para seleccionar un dispositivo de almacenamiento.	Выберите "OK", чтобы указать определенный накопитель данных.	- Aby korzystać z określonego urządzenia pamięciowego, wybierz OK.	- 「OK」を選択すると​ストレージ機器の選択に進みます。	- Escolha 'OK' para selecionar um dispositivo de armazenamento específico.	- Elige «Aceptar» para seleccionar un dispositivo de almacenamiento.	- Choisissez « OK » pour sélectionner un périphérique de stockage spécifique.	・예를 선택하면 스토리지 기기 선택으로 이동합니다.	—选「确定」将选择特定的储存装置。	—選「確定」將選擇特定的儲存裝置。
	Platform_SaveGame_GhostLoadNoDeviceOK	GhostLoadNoDevice_Yes	GhostLoadNoDevice_Yes	GhostLoadNoDevice_Yes	GhostLoadNoDevice_Yes	GhostLoadNoDevice_Yes	GhostLoadNoDevice_Yes	GhostLoadNoDevice_Yes	GhostLoadNoDevice_Yes	GhostLoadNoDevice_Yes	GhostLoadNoDevice_Yes	GhostLoadNoDevice_Yes	고스트를 불러올 디바이스 없음_예	GhostLoadNoDevice_Yes	GhostLoadNoDevice_Yes
	Platform_SaveGame_GhostLoadNoDeviceCancel	- Choose 'Cancel' to select from Ghosts on all devices.	- Choisissez "Annuler" pour sélectionner parmi les fantômes de tous les périphériques.	- Seleziona Annulla per scegliere tra i fantasmi di tutti i dispositivi.	- Wähle "Abbrechen", um aus Ghosts auf allen Speichermedien zu wählen.	- Elige «Cancelar» para seleccionar datos de Sombras de todos los dispositivos.	Выберите "Отмена", чтобы указать призрака на другом устройстве.	- Aby ustawić dostęp do danych ducha ze wszystkich urządzeń pamięciowych, wybierz Anuluj.	- 「キャンセル」を選択すると​すべてのデバイスのゴーストから選択します。	- Escolha 'Cancelar' para selecionar de Fantasmas em todos os dispositivos.	- Elige «Cancelar» para seleccionar fantasmas de todos los dispositivos.	- Choisissez « Annuler » pour sélectionner parmi les fantômes de tous les périphériques.	・취소를 선택하면 모든 디바이스의 고스트에서 선택합니다.	—选「取消」将从所有装置上选择幽灵。	—選「取消」將從所有裝置上選擇幽靈。
	Platform_SaveGame_GhostNoDeviceTitle	Warning	Avertissement	Attenzione	Achtung	Advertencia	Внимание	Ostrzeżenie	注意	Aviso	Advertencia	Avertissement	주의	警告	警告
	Platform_SaveGame_MediaInvalid32Text	This media was saved by the 32-bit version of the game software and can not be viewed by the 64-bit version.	Ce média a été sauvegardé par la version 32-bit du jeu et ne peut pas être vu par la version 64-bit.	Questo elemento multimediale è stato salvato dalla versione a 32 bit del software di gioco e non può essere visualizzato dalla versione a 64 bit.	Diese Daten wurden mit der 32-Bit-Version des Spiels gespeichert und können nicht mit der 64-Bit-Version angezeigt werden.	Este archivo multimedia fue guardado con la versión de 32 bits del software del juego y no se puede ver en la versión de 64 bits.	Эти медиаданные были сохранены в 32-битной версии игры и не могут быть открыты в 64-битной версии.	Ten plik został zapisany przez 32-bitową wersję oprogramowania gry i nie może zostać otwarty przez wersję 64-bitową.	このメディアは32ビット版で保存されたため、64ビット版では閲覧できません。	Este arquivo de mídia foi salvo pela versão de 32 bits do software do jogo e não pode ser visualizado pela versão de 64 bits.	Este archivo multimedia fue guardado por la versión de 32 bits del software del juego y no se puede reproducir en la versión de 64 bits.	Ce média a été sauvegardé par la version 32-bit du jeu et ne peut pas être vu par la version 64-bit.	이 미디어는 32비트판으로 저장하기 때문에, 64비트판에선 열람할 수 없습니다.	此影片由 32 位元版本游戏保存，无法在 64 位版本中读取。	此影片由 32 位元版本遊戲保存，無法在 64 位版本中讀取。
	Platform_SaveGame_MediaInvalid64Text	This media was saved by the 64-bit version of the game software and can not be viewed by the 32-bit version.	Ce média a été sauvegardé par la version 64-bit du jeu et ne peut pas être vu par la version 32-bit.	Questo elemento multimediale è stato salvato dalla versione a 64 bit del software di gioco e non può essere visualizzato dalla versione a 32 bit.	Diese Daten wurden mit der 64-Bit-Version des Spiels gespeichert und können nicht mit der 32-Bit-Version angezeigt werden.	Este archivo multimedia fue guardado con la versión de 64 bits del software del juego y no se puede ver en la versión de 32 bits.	Эти медиаданные были сохранены в 64-битной версии игры и не могут быть открыты в 32-битной версии.	Ten plik został zapisany przez 64-bitową wersję oprogramowania gry i nie może zostać otwarty przez wersję 32-bitową.	このメディアは64ビット版で保存されたため、32ビット版では閲覧できません。	Este arquivo de mídia foi salvo pela versão de 64 bits do software do jogo e não pode ser visualizado pela versão de 32 bits.	Este archivo multimedia fue guardado por la versión de 64 bits del software del juego y no se puede reproducir en la versión de 32 bits.	Ce média a été sauvegardé par la version 64-bit du jeu et ne peut pas être vu par la version 32-bit.	이 미디어는 64비트판으로 저장하기 때문에, 32비트판에선 열람할 수 없습니다.	此影片由 64 位元版本游戏保存，无法在 32 位版本中读取。	此影片由 64 位元版本遊戲保存，無法在 32 位版本中讀取。
	Platform_SaveGame_MediaInvalidText	This media was saved by an incompatible version of the game software and can not be viewed.	Ce média a été sauvegardé par une version incompatible du jeu et ne peut pas être vu.	Questo elemento multimediale è stato salvato da una versione del software di gioco non compatibile e non può essere visualizzato.	Diese Daten wurden mit einer inkompatiblen Version des Spiels gespeichert und können nicht angezeigt werden.	Este archivo multimedia fue guardado con una versión incompatible del software del juego y no se puede ver.	Эти медиаданные сохранены несовместимой версией игры и не могут быть просмотрены.	Ten plik został zapisany przez niekompatybilną wersję oprogramowania gry i nie może zostać otwarty.	このメディアは互換性のないバージョンで保存されたため、閲覧できません。	Este arquivo de mídia foi salvo por uma versão incompatível do software do jogo e não pode ser visualizado.	Este archivo multimedia fue guardado por una versión incompatible del software del juego y no se puede reproducir.	Ce média a été sauvegardé par une version incompatible du jeu et ne peut pas être vu.	이 미디어는 호환성이 없는 게임 버전으로 저장하기 때문에, 열람할 수 없습니다.	此影片由不相容版本的游戏保存，无法读取。	此影片由不相容版本的遊戲保存，無法讀取。
	Platform_SaveGame_ProfileMaxSizeExceeded	Failed to save game, the total save data size used by the application has exceeded the maximum allowed size of 1GB. Do you want to retry the save?	Impossible de sauvegarder la partie, la taille maximale des données de sauvegarde de l'application a dépassé la taille maximale autorisée de 1GB. Voulez-vous réessayer la sauvegarde ?	Salvataggio dei dati non riuscito. La dimensione dei dati salvati usati dall'applicazione ha superato il limite massimo consentito (1 GB). Vuoi riprovare?	Speichern fehlgeschlagen. Die von der Anwendung verwendete Speicherdatengröße überschreitet die maximal erlaubte Größe von 1GB. Erneut versuchen?	No se ha podido guardar la partida, el tamaño total de los datos guardados usados por la aplicación supera el tamaño máximo permitido (1 GB). ¿Deseas volver a intentarlo?	Не удалось сохранить игру, общий размер сохраненных данных этого приложения превысил максимальный разрешенный размер в 1ГБ. Хотите повторить попытку?	Nie udało się zapisać gry, całkowity rozmiar zapisu używanego przez aplikację przekroczył maksymalny dozwolony limit 1GB. Czy chcesz ponowić próbę zapisu?	アプリケーションで使用しているセーブデータの合計が上限の1GiBを超えてしまう為、​ゲームを保存できませんでした。  保存を再試行しますか？	Falha ao salvar o jogo, a quantidade total permitida de dados salvos usados pelo aplicativo excedeu o tamanho máximo de 1GB. Gostaria de tentar salvar novamente?	No se pudo guardar la partida. El tamaño total de los datos guardados de la aplicación supera el máximo permitido de 1GB. ¿Quieres volver a intentarlo?	Impossible de sauvegarder la partie, la taille maximale des données de sauvegarde de l'application a dépassé la taille maximale autorisée de 1GB. Voulez-vous réessayer la sauvegarde?	저장에 실패했습니다. 애플리케이션이 사용 중인 합계 저장 데이터가 최대 사이즈인 1GB를 넘었습니다. 저장을 재시도할까요?	游戏保存失败，应用程式使用的保存资料合计大小已超过1GB的上限。是否重新尝试保存？	遊戲保存失敗，應用程式使用的保存資料合計大小已超過1GB的上限。是否重新嘗試保存？
	Platform_SaveGame_GhostMaxSizeExceeded	Failed to save the Ghost data, the total save data size used by the application has exceeded the maximum allowed size of 1GB. Do you want to retry the save?	Impossible de sauvegarder les données du fantôme, la taille maximale des données de sauvegarde de l'application a dépassé la taille maximale autorisée de 1GB. Voulez-vous réessayer la sauvegarde ?	Salvataggio dei dati del fantasma non riuscito. La dimensione dei dati salvati usati dall'applicazione ha superato il limite massimo consentito (1 GB). Vuoi riprovare?	Speichern der Ghost-Daten fehlgeschlagen. Die von der Anwendung verwendete Speicherdatengröße überschreitet die maximal erlaubte Größe von 1GB. Erneut versuchen?	No se han podido guardar los datos de la Sombra, el tamaño total de los datos guardados usados por la aplicación supera el tamaño máximo permitido (1 GB). ¿Deseas volver a intentarlo?	Не удалось сохранить данные призрака, общий размер сохраненных данных этого приложения превысил максимальный разрешенный размер в 1ГБ. Хотите повторить попытку?	Nie udało się zapisać danych ducha, całkowity rozmiar zapisu używanego przez aplikację przekroczył maksymalny dozwolony limit 1GB. Czy chcesz ponowić próbę zapisu?	アプリケーションで使用しているセーブデータの合計が上限の1GiBを超えてしまう為、​ゴーストデータを保存できませんでした。  保存を再試行しますか？	Falha ao salvar os dados do carro fantasma, a quantidade total permitida de dados salvos usados pelo aplicativo excedeu o tamanho máximo de 1GB. Gostaria de tentar salvar novamente?	No se pudieron guardar los datos de fantasma. El tamaño total de los datos guardados de la aplicación supera el máximo permitido de 1GB. ¿Quieres volver a intentarlo?	Impossible de sauvegarder les données du fantôme, la taille maximale des données de sauvegarde de l'application a dépassé la taille maximale autorisée de 1GB. Voulez-vous réessayer la sauvegarde?	고스트 데이터의 저장에 실패했습니다. 애플리케이션이 사용 중인 합계 저장 데이터가 최대 사이즈인 1GB를 넘었습니다. 저장을 재시도할까요?	保存幽灵失败，应用程式使用的保存资料合计大小已超过1GB的上限。是否重新尝试保存？	保存幽靈失敗，應用程式使用的保存資料合計大小已超過1GB的上限。是否重新嘗試保存？
	Platform_SaveGame_MediaMaxSizeExceeded	Failed to save media, the total save data size used by the application has exceeded the maximum allowed size of 1GB. Do you want to retry the save?	Impossible de sauvegarder le média, la taille maximale des données de sauvegarde de l'application a dépassé la taille maximale autorisée de 1GB. Voulez-vous réessayer la sauvegarde ?	Salvataggio dell'elemento multimediale non riuscito. La dimensione dei dati salvati usati dall'applicazione ha superato il limite massimo consentito (1 GB). Vuoi riprovare?	Speichern der Mediendaten fehlgeschlagen. Die von der Anwendung verwendete Speicherdatengröße überschreitet die maximal erlaubte Größe von 1GB. Erneut versuchen?	No se ha podido guardar el archivo multimedia, el tamaño total de los datos guardados usados por la aplicación supera el tamaño máximo permitido (1 GB). ¿Deseas volver a intentarlo?	Не удалось сохранить медиаданные, общий размер сохраненных данных этого приложения превысил максимальный разрешенный размер в 1ГБ. Хотите повторить попытку?	Nie udało się zapisać danych, całkowity rozmiar zapisu używanego przez aplikację przekroczył maksymalny dozwolony limit 1GB. Czy chcesz ponowić próbę zapisu?	​アプリケーションで使用しているセーブデータの合計が上限の1GiBを超えてしまう為、メディアが保存できませんでした。  保存を再試行しますか？	Falha ao salvar o arquivo de mídia, a quantidade total permitida de dados salvos usados pelo aplicativo excedeu o tamanho máximo de 1GB. Gostaria de tentar salvar novamente?	No se pudo guardar el archivo multimedia. El tamaño total de los datos guardados de la aplicación supera el máximo permitido de 1GB. ¿Quieres volver a intentarlo?	Impossible de sauvegarder le média, la taille maximale des données de sauvegarde de l'application a dépassé la taille maximale autorisée de 1GB. Voulez-vous réessayer la sauvegarde?	미디어의 저장에 실패했습니다. 애플리케이션이 사용 중인 합계 저장 데이터가 최대 사이즈인 1GB를 넘었습니다. 저장을 재시도할까요?	保存影片失败，应用程式使用的保存资料合计大小已超过1GB的上限。是否重新尝试保存？	保存影片失敗，應用程式使用的保存資料合計大小已超過1GB的上限。是否重新嘗試保存？
	Platform_SaveGame_MediaNoSpaceText	There is insufficient space to save the media. Do you want to retry the save?	L'espace est insuffisant pour sauvegarder le média. Voulez-vous réessayer de sauvegarder ?	Spazio insufficiente per salvare l'elemento multimediale. Vuoi riprovare?	Nicht genügend Speicherplatz zum Speichern des Mediums. Möchtest du den Speichervorgang wiederholen?	No hay espacio libre suficiente para guardar los archivos multimedia. ¿Deseas volver a intentarlo?	Для сохранения медиаданных не хватает места. Повторить попытку сохранения?	Brak wystarczającej ilości miejsca do zapisania danych. Czy chcesz ponowić próbę zapisu?	容量が不足しているためメディアを保存できませんでした。もう一度実行しますか？	Espaço insuficiente para salvar a mídia. Deseja tentar salvar novamente?	No hay espacio libre suficiente para guardar los archivos multimedia. ¿Deseas volver a intentarlo?	L'espace est insuffisant pour sauvegarder le média. Voulez-vous réessayer de sauvegarder?	데이터를 저장할 용량이 부족합니다. 저장을 재시도할까요? 	没有足够的空间可保存媒体，要重新尝试保存吗？	沒有足夠的空間可保存媒體，要重新嘗試保存嗎？
	Platform_SaveGame_MediaNoSpaceYes	- Select 'Yes' to retry the save.	- Sélectionnez "Oui" pour réessayer de sauvegarder.	- Seleziona Sì per riprovare a salvare.	- Wähle "Ja", um den Speichervorgang zu wiederholen.	- Selecciona «Sí» para volver a intentar guardar.	Выберите "Да", чтобы повторить попытку сохранения.	- Aby ponowić próbę zapisu, wybierz Tak.	- 「はい」を選択すると保存を再試行します。	- Selecione 'Sim' para tentar salvar novamente.	- Selecciona «Sí» para volver a intentar guardar.	- Sélectionnez « Oui » pour réessayer de sauvegarder.	・예를 선택하면 저장을 재시도합니다.	—选择「是」将重新尝试保存。	—選擇「是」將重新嘗試保存。
	Platform_SaveGame_MediaNoSpaceNo	- Select 'No' to cancel the save.	- Sélectionnez "Non" pour annuler la sauvegarde.	- Seleziona No per annullare il salvataggio.	- Wähle "Nein", um den Speichervorgang abzubrechen.	- Selecciona «No» para cancelar el guardado.	Выберите "Нет", чтобы отменить сохранение.	- Aby zrezygnować z próby zapisu, wybierz Nie.	- 「いいえ」を選択すると保存をキャンセルします。	- Selecione 'Não' para cancelar o salvamento.	- Selecciona «No» para cancelar el guardado.	- Sélectionnez « Non » pour annuler la sauvegarde.	・아니오를 선택하면 저장을 취소합니다.	—选择「否」将取消保存。	—選擇「否」將取消保存。
	Platform_SaveGame_GhostNoSpaceNo	- Select 'No' to cancel the save.	- Sélectionnez "Non" pour annuler la sauvegarde.	- Seleziona No per annullare il salvataggio.	- Wähle "Nein", um den Speichervorgang abzubrechen.	- Selecciona «No» para cancelar el guardado.	Выберите "Нет", чтобы отменить сохранение.	- Aby zrezygnować z próby zapisu, wybierz Nie.	- 「いいえ」を選択すると保存をキャンセルします。	- Selecione 'Não' para cancelar o salvamento.	- Selecciona «No» para cancelar el guardado.	- Sélectionnez « Non » pour annuler la sauvegarde.	・아니오를 선택하면 저장을 취소합니다.	—选择「否」将取消保存。	—選擇「否」將取消保存。
	Platform_SaveGame_GhostNoSpaceText	There is insufficient space to save the media. Do you want to retry the save?	L'espace est insuffisant pour sauvegarder le média. Voulez-vous réessayer de sauvegarder ?	Spazio insufficiente per salvare l'elemento multimediale. Vuoi riprovare?	Nicht genügend Speicherplatz zum Speichern des Mediums. Möchtest du den Speichervorgang wiederholen?	No hay espacio libre suficiente para guardar los archivos multimedia. ¿Deseas volver a intentarlo?	Для сохранения медиаданных не хватает места. Повторить попытку сохранения?	Brak wystarczającej ilości miejsca do zapisania danych. Czy chcesz ponowić próbę zapisu?	容量が不足しているためメディアを保存できませんでした。もう一度実行しますか？	Espaço insuficiente para salvar a mídia. Deseja tentar salvar novamente?	No hay espacio libre suficiente para guardar los archivos multimedia. ¿Deseas volver a intentarlo?	L'espace est insuffisant pour sauvegarder le média. Voulez-vous réessayer de sauvegarder?	데이터를 저장할 용량이 부족합니다. 저장을 재시도할까요? 	没有足够的空间可保存媒体，要重新尝试保存吗？	沒有足夠的空間可保存媒體，要重新嘗試保存嗎？
	Platform_SaveGame_GhostNoSpaceYes	- Select 'Yes' to retry the save.	- Sélectionnez "Oui" pour réessayer de sauvegarder.	- Seleziona Sì per riprovare a salvare.	- Wähle "Ja", um den Speichervorgang zu wiederholen.	- Selecciona «Sí» para volver a intentar guardar.	Выберите "Да", чтобы повторить попытку сохранения.	- Aby ponowić próbę zapisu, wybierz Tak.	- 「はい」を選択すると保存を再試行します。	- Selecione 'Sim' para tentar salvar novamente.	- Selecciona «Sí» para volver a intentar guardar.	- Sélectionnez « Oui » pour réessayer de sauvegarder.	・예를 선택하면 저장을 재시도합니다.	—选择「是」将重新尝试保存。	—選擇「是」將重新嘗試保存。
	Platform_SaveGame_ProfileNoSpaceNo	- Select 'No' to continue with saving disabled.	- Sélectionnez "Non" pour continuer sans sauvegarder.	- Seleziona No per continuare con il salvataggio disattivato.	- Wähle "Nein", um ohne Speichern fortzufahren.	- Selecciona «No» para continuar con el guardado desactivado.	Выберите "Нет", чтобы продолжить без сохранения.	- Aby kontynuować bez zapisywania, wybierz Nie.	- 「いいえ」を選択すると​保存せずに続行します。	- Selecione 'Não' para continuar com o salvamento desabilitado.	- Selecciona «No» para continuar con el guardado desactivado.	- Sélectionnez « Non » pour continuer sans sauvegarder.	・아니오를 선택하면 저장하지 않고 다음으로 진행됩니다.	—选择「否」将在不保存进度的情况下继续。	—選擇「否」將在不保存進度的情況下繼續。
	Platform_SaveGame_ProfileNoSpaceText	There is insufficient space to save the profile. Do you want to retry the save?	L'espace est insuffisant pour sauvegarder le profil. Voulez-vous réessayer de sauvegarder ?	Spazio insufficiente per salvare il profilo. Vuoi riprovare?	Nicht genügend Speicherplatz zum Speichern des Profils. Möchtest du den Speichervorgang wiederholen?	No hay espacio libre suficiente para guardar el perfil. ¿Deseas volver a intentar cargar?	Для сохранения профиля не хватает места. Повторить попытку?	Brak wystarczającej ilości miejsca do zapisania profilu. Czy chcesz ponowić próbę zapisu?	容量が不足しているためプロフィールを保存できませんでした。もう一度実行しますか？	Espaço insuficiente para salvar o perfil. Deseja tentar salvar novamente?	No hay espacio libre suficiente para guardar el perfil. ¿Deseas volver a intentar cargar?	L'espace est insuffisant pour sauvegarder le profil. Voulez-vous réessayer de sauvegarder?	프로필을 저장할 용량이 부족합니다. 저장을 재시도할까요?	没有足够的空间保存个人资料，要重新尝试保存吗？	沒有足夠的空間保存個人資料，要重新嘗試保存嗎？
	Platform_SaveGame_ProfileNoSpaceYes	- Select 'Yes' to retry the save.	- Sélectionnez "Oui" pour réessayer de sauvegarder.	- Seleziona Sì per riprovare a salvare.	- Wähle "Ja", um den Speichervorgang zu wiederholen.	- Selecciona «Sí» para volver a intentarlo.	Выберите "Да", чтобы повторить попытку сохранения.	- Aby ponowić próbę zapisu, wybierz Tak.	- 「はい」を選択すると保存を再試行します。	- Selecione 'Sim' para tentar salvar novamente.	- Selecciona «Sí» para volver a intentar guardar.	- Sélectionnez « Oui » pour réessayer de sauvegarder.	・예를 선택하면 저장을 재시도합니다.	—选择「是」将重新尝试保存。	—選擇「是」將重新嘗試保存。
	Platform_SaveGame_ProfileOverNo	UNTRANSLATED (214592104): Platform_SaveGame_ProfileOverNo	 	 	 	 	UNTRANSLATED (214592104): Platform_SaveGame_ProfileOverNo	UNTRANSLATED (214592104): Platform_SaveGame_ProfileOverNo	UNTRANSLATED (214592104): Platform_SaveGame_ProfileOverNo	 	 	UNTRANSLATED (214592104): Platform_SaveGame_ProfileOverNo	UNTRANSLATED (214592104): Platform_SaveGame_ProfileOverNo	UNTRANSLATED (214592104): Platform_SaveGame_ProfileOverNo	UNTRANSLATED (214592104): Platform_SaveGame_ProfileOverNo
	Platform_SaveGame_ProfileOverText	UNTRANSLATED (1915258243): Platform_SaveGame_ProfileOverText	 	 	 	 	UNTRANSLATED (1915258243): Platform_SaveGame_ProfileOverText	UNTRANSLATED (1915258243): Platform_SaveGame_ProfileOverText	UNTRANSLATED (1915258243): Platform_SaveGame_ProfileOverText	 	 	UNTRANSLATED (1915258243): Platform_SaveGame_ProfileOverText	UNTRANSLATED (1915258243): Platform_SaveGame_ProfileOverText	UNTRANSLATED (1915258243): Platform_SaveGame_ProfileOverText	UNTRANSLATED (1915258243): Platform_SaveGame_ProfileOverText
	Platform_SaveGame_ProfileOverTitle	UNTRANSLATED (1576684714): Platform_SaveGame_ProfileOverTitle	 	 	 	 	UNTRANSLATED (1576684714): Platform_SaveGame_ProfileOverTitle	UNTRANSLATED (1576684714): Platform_SaveGame_ProfileOverTitle	UNTRANSLATED (1576684714): Platform_SaveGame_ProfileOverTitle	 	 	UNTRANSLATED (1576684714): Platform_SaveGame_ProfileOverTitle	UNTRANSLATED (1576684714): Platform_SaveGame_ProfileOverTitle	UNTRANSLATED (1576684714): Platform_SaveGame_ProfileOverTitle	UNTRANSLATED (1576684714): Platform_SaveGame_ProfileOverTitle
	Platform_SaveGame_ProfileOverYes	UNTRANSLATED (1479622485): Platform_SaveGame_ProfileOverYes	 	 	 	 	UNTRANSLATED (1479622485): Platform_SaveGame_ProfileOverYes	UNTRANSLATED (1479622485): Platform_SaveGame_ProfileOverYes	UNTRANSLATED (1479622485): Platform_SaveGame_ProfileOverYes	 	 	UNTRANSLATED (1479622485): Platform_SaveGame_ProfileOverYes	UNTRANSLATED (1479622485): Platform_SaveGame_ProfileOverYes	UNTRANSLATED (1479622485): Platform_SaveGame_ProfileOverYes	UNTRANSLATED (1479622485): Platform_SaveGame_ProfileOverYes
	Platform_SaveGame_Warning	Warning	Avertissement	Attenzione	Achtung	Advertencia	Внимание	Ostrzeżenie	注意	Aviso	Advertencia	Avertissement	주의	警告	警告
	Platform_SaveGame_GameTitle	Project CARS 2	Project CARS 2	Project CARS 2	Project CARS 2	Project CARS 2	Project CARS 2	Project CARS 2	『Project CARS 2』	Project CARS 2	Project CARS 2	Project CARS 2	Project CARS 2	「Project CARS 2」	「Project CARS 2」
	Platform_SaveGame_PS4PhotoTitle	Project CARS 2 Photo	Project CARS 2 - Photo	Foto Project CARS 2	Project CARS 2 - Foto	Project CARS 2 - Foto	Project CARS 2 - Фото	Project CARS 2 – Zdjęcie	『Project CARS 2』フォト	Project CARS 2 - Foto	Project CARS 2 - Foto	Project CARS 2 - Photo	Project CARS 2 포토	Project CARS 相片	Project CARS 相片
	Platform_SaveGame_PS4DetailProfile	Game settings and user-specific information.	Paramètres de jeu et informations spécifiques aux utilisateurs.	Informazioni specifiche dell'utente e impostazioni di gioco.	Spieleinstellungen und benutzerspezifische Informationen.	Ajustes del juego e información específica del usuario.	Параметры игры и данные пользователя.	Ustawienia gry i informacje użytkownika.	ゲーム設定とユーザー情報	Configurações do jogo e informações específicas do usuário.	Configuración del juego e información específica del usuario.	Paramètres de jeu et informations spécifiques aux utilisateurs.	게임 설정과 유저 정보	游戏设定和使用者资讯	遊戲設定和使用者資訊
	Platform_SaveGame_PS4ReplayTitle	Project CARS 2 Replay	Project CARS 2 - Rediffusion	Replay Project CARS 2	Project CARS 2 - Wiederholung	Project CARS 2 - Repetición	Project CARS 2 - Повтор	Project CARS 2 – Powtórka	『Project CARS 2』リプレイ	Project CARS 2 - Replay	Project CARS 2 - Repetición	Project CARS 2 - Rediffusion	Project CARS 2 리플레이	Project CARS 2 重播	Project CARS 2 重播
	Platform_SaveGame_PS4PhotoSubtitle	Photo	Photo	Foto	Foto	Foto	Фото	Zdjęcie	フォト	Foto	Foto	Photo	포토	相片	相片
	Platform_SaveGame_PS4ReplaySubtitle	Replay recording	Enregistrement des rediffusions	Registrazione replay	Aufzeichnung der Wiederholung	Grabación de la repetición	Запись повтора	Odtwórz powtórkę	リプレイ録画	Gravação de replays	Grabación de la repetición	Enregistrement des ralentis	리플레이 녹화 중	录影中	錄影中
	Platform_SaveGame_PS4SubtitleProfile	Profile	Données du joueur	Dati giocatore	Spielerdaten	Perfil	Профиль	Dane gracza	プロフィール	Perfil	Perfil	Profil	프로필	简介	個人資料
	Platform_SaveGame_PS4SaveTuningSetupTitle	Project CARS 2 Tuning Setup	Project CARS 2 - Réglages personnalisés	Assetto Project CARS 2	Project CARS 2-Tuning-Setup	Configuración de reglaje de Project CARS 2	Project CARS 2 — Настройка тюнинга	Project CARS 2 – Konfiguracja tuningu	Project CARS 2用チューニング	Configurações Personalizadas Project CARS 2	Project CARS 2 Configuración de reglaje	Project CARS 2 Réglages des Paramètres	Project CARS 2 튜닝 셋업	Project CARS 2调校设定	Project CARS 2調校設定
	Platform_SaveGame_PS4TuningSetupSubtitle	Tuning Setup Save	Sauvegarde de réglage personnalisé	Salvataggio assetto	Tuning-Setup-Speicherung	Guardar configuración de reglaje	Сохранение настроек машины	Zapis konfiguracji tuningu	チューニングセーブデータ	Salvamento de configurações de ajustes	Guardar configuración de reglaje	Sauvegarde de réglage personnalisé	튜닝 셋업 저장 중	正在保存调校设定	正在保存調校設定
	Platform_SaveGame_PS4CareerTitle	Project CARS 2 Career	Project CARS 2 - Carrière	Carriera Project CARS 2	Project CARS 2 - Karriere	Project CARS 2 - Trayectoria	Project CARS 2 - Карьера	Kariera Project CARS 2	『Project CARS 2』キャリア	Project CARS 2 - Carreira	Project CARS 2 - Historia	Project CARS 2 - Carrière	Project CARS 2 커리어	Project CARS 2 生涯	Project CARS 2 生涯
	Platform_SaveGame_PS4CareerSubtitle	Career	Carrière	Carriera	Karriere	Trayectoria	Карьера	Kariera	キャリア	Carreira	Historia	Carrière	커리어	生涯	生涯
	Platform_SaveGame_CareerNoSpaceNo	- Select 'No' to cancel the save.	- Sélectionnez "Non" pour annuler la sauvegarde.	- Seleziona No per annullare il salvataggio.	- Wähle "Nein", um den Speichervorgang abzubrechen.	- Selecciona "No" para cancelar el guardado.	Выберите "Нет", чтобы отменить сохранение.	- Aby zrezygnować z zapisu, wybierz Nie.	- 「いいえ」を選択すると保存をキャンセルします。	- Selecione 'Não' para cancelar o salvamento.	- Selecciona «No» para cancelar el guardado.	- Sélectionnez « Non » pour annuler la sauvegarde.	・아니오를 선택하면 저장을 취소합니다.	—选择「否」将取消保存。	—選擇「否」將取消保存。
	Platform_SaveGame_CareerNoSpaceText	There is insufficient space to save Career. Do you want to retry the save?	L'espace est insuffisant pour sauvegarder la carrière. Voulez-vous réessayer la sauvegarde ?	Spazio insufficiente per salvare la Carriera. Vuoi riprovare?	Nicht genügend Speicherplatz zum Speichern der Karriere. Möchtest du den Speichervorgang wiederholen?	No hay espacio libre suficiente para guardar la Trayectoria. ¿Quieres volver a intentar cargar?	Для сохранения данных карьеры не хватает места. Повторить попытку сохранения?	Brak wystarczającej ilości miejsca do zapisania kariery. Czy chcesz ponowić próbę zapisu?	容量が不足しているためキャリアを保存できませんでした。もう一度実行しますか？	Espaço insuficiente para salvar a Carreira. Deseja tentar salvar novamente?	No hay espacio libre suficiente para guardar la historia. ¿Quieres volver a cargar?	L'espace est insuffisant pour sauvegarder la carrière. Voulez-vous réessayer la sauvegarde?	커리어를 저장할 용량이 부족합니다. 저장을 재시도할까요? 	由于容量不足，已取消保存生涯模式。要重新尝试吗？	由於容量不足，已取消保存生涯模式。要重新嘗試嗎？
	Platform_SaveGame_CareerNoSpaceYes	- Select 'Yes' to retry the save.	- Sélectionnez "Oui" pour réessayer de sauvegarder.	- Seleziona Sì per riprovare a salvare.	- Wähle "Ja", um den Speichervorgang zu wiederholen.	- Selecciona "Sí" para volver a intentarlo.	Выберите "Да", чтобы повторить попытку сохранения.	- Aby ponowić próbę zapisu, wybierz Tak.	- 「はい」を選択すると保存を再試行します。	- Selecione 'Sim' para tentar salvar novamente.	- Selecciona «Sí» para volver a intentar guardar.	- Sélectionnez « Oui » pour réessayer de sauvegarder.	・예를 선택하면 저장을 재시도합니다.	—选择「是」将重新尝试保存。	—選擇「是」將重新嘗試保存。
	Platform_SaveGame_CareerCorruptText	Your saved Career is damaged and will not be loaded.	La carrière sauvegardée est corrompue et n'a pu être chargée.	La Carriera salvata è danneggiata e non verrà caricata.	Deine gespeicherte Karriere ist beschädigt und wird nicht geladen.	Tu Trayectoria guardada no se va a cargar porque está dañada.	Сохраненные данные карьеры повреждены и не будут загружены.	Zapis kariery jest uszkodzony i nie zostanie wczytany.	キャリアが破損しているため読み込めません。	A sua Carreira salva está danificada e não será carregada.	Tu historia guardada no se va a cargar porque está dañada.	La carrière sauvegardée est corrompue et n'a pu être chargée.	저장된 커리어에 손상이 있어 로드되지 않습니다. 	生涯模式资料已损毁，无法读取。	生涯模式資料已損毀，無法讀取。
	Platform_SaveGame_CareerMaxSizeExceeded	Failed to save Career, the total save data size used by the application has exceeded the maximum allowed size of 1GB. Do you want to retry the save?	Impossible de sauvegarder la carrière, la taille maximale des données de sauvegarde de l'application a dépassé la taille maximale autorisée de 1GB. Voulez-vous réessayer la sauvegarde ?	Salvataggio della Carriera non riuscito. La dimensione dei dati salvati usati dall'applicazione ha superato il limite massimo consentito (1 GB). Vuoi riprovare?	Speichern der Karriere fehlgeschlagen. Die von der Anwendung verwendete Speicherdatengröße überschreitet die maximal erlaubte Größe von 1 GB. Erneut versuchen?	No se ha podido guardar la Trayectoria; el total de datos de guardado que utiliza la aplicación ha superado el tamaño máximo permitido de 1 GB. ¿Quieres volver a intentar guardarla?	Не удалось сохранить данные карьеры, общий размер сохраненных данных этого приложения превысил максимальный разрешенный размер в 1ГБ. Хотите повторить попытку?	Nie udało się zapisać kariery, całkowity rozmiar zapisu używanego przez aplikację przekroczył maksymalny dozwolony limit 1 GB. Czy chcesz ponowić próbę zapisu?	アプリケーションで使用しているセーブデータの合計が上限の1GiBを超えてしまう為、キャリアを保存できませんでした。  ​保存を再試行しますか？	Falha ao salvar a Carreira, a quantidade total permitida de dados salvos usados pelo aplicativo excedeu o tamanho máximo de 1GB. Gostaria de tentar salvar novamente?	No se pudo guardar la historia. El tamaño total de los datos guardados de la aplicación supera el máximo permitido de 1 GB. ¿Quieres volver a intentarlo?	Impossible de sauvegarder la carrière, la taille maximale des données de sauvegarde de l'application a dépassé la taille maximale autorisée de 1GB. Voulez-vous réessayer la sauvegarde?	커리어 저장에 실패했습니다. 데이터가 최대 허용 용량인 1GB를 초과하였습니다. 저장을 재시도할까요? 	无法保存生涯模式。应用程式使用的保存资料合计大小已超过1GB的上限。要重新尝试保存吗？	無法保存生涯模式。應用程式使用的保存資料合計大小已超過1GB的上限。要重新嘗試保存嗎？
	Platform_SaveGame_CareerSaveErrorNo	- Select 'No' to cancel the save.	- Sélectionnez "Non" pour annuler la sauvegarde.	- Seleziona No per annullare il salvataggio.	- Wähle "Nein", um den Speichervorgang abzubrechen.	- Selecciona "No" para cancelar el guardado.	Выберите "Нет", чтобы отменить сохранение.	- Aby zrezygnować z zapisu, wybierz Nie.	- 「いいえ」を選択すると保存をキャンセルします。	- Selecione 'Não' para cancelar o salvamento.	- Selecciona «No» para cancelar el guardado.	- Sélectionnez « Non » pour annuler la sauvegarde.	・아니오를 선택하면 저장을 취소합니다.	—选择「否」将取消保存。	—選擇「否」將取消保存。
	Platform_SaveGame_CareerSaveErrorText	Failed to save Career. Do you want to retry the save?	Impossible de sauvegarder la carrière. Voulez-vous réessayer la sauvegarde ?	Salvataggio della Carriera non riuscito. Vuoi riprovare?	Karriere konnte nicht gespeichert werden. Möchtest du den Speichervorgang wiederholen?	No se ha podido guardar la Trayectoria. ¿Quieres volver a intentarlo?	Не удалось сохранить данные карьеры. Повторить попытку сохранения?	Nie udało się zapisać kariery. Czy chcesz ponowić próbę zapisu?	キャリアを保存できませんでした。もう一度実行しますか？	Falha ao salvar a Carreira. Deseja tentar salvar novamente?	No se pudo guardar la historia. ¿Quieres volver a intentarlo?	Impossible de sauvegarder la carrière. Voulez-vous réessayer la sauvegarde?	커리어 저장에 실패했습니다. 저장을 재시도할까요? 	无法保存生涯模式。  要再次尝试吗？	無法保存生涯模式。  要再次嘗試嗎？
	Platform_SaveGame_CareerSaveErrorYes	- Select 'Yes' to try to save the Career again.	- Sélectionnez "Oui" pour réessayer de sauvegarder la carrière.	- Seleziona Sì per riprovare a salvare la Carriera.	- Wähle "Ja", um erneut zu versuchen, die Karriere zu speichern.	- Selecciona "Sí" para intentar guardar de nuevo la Trayectoria.	Выберите "Да", чтобы повторить попытку сохранения карьеры.	- Aby spróbować ponownie zapisać karierę, wybierz Tak.	- 「はい」を選択すると保存を再試行します。	- Selecione ‘Sim’ para tentar salvar a Carreira novamente.	- Selecciona «Sí» para intentar guardar de nuevo la historia.	- Sélectionnez « Oui » pour réessayer de sauvegarder la carrière.	・예를 선택하면 커리어 저장을 재시도합니다. 	—选择「是」将重新尝试保存。	—選擇「是」將重新嘗試保存。
	Platform_SaveGame_CareerLoadErrorText	Failed to load Career. Select 'OK' to continue.	Impossible de charger la carrière. Sélectionnez "OK" pour continuer.	Caricamento della Carriera non riuscito. Seleziona OK per continuare.	Karriere konnte nicht geladen werden. Wähle "OK", um fortzufahren.	No se ha podido cargar la Trayectoria. Selecciona "Aceptar" para continuar.	Не удалось загрузить данные карьеры. Выберите "ОК", чтобы продолжить.	Nie udało się wczytać kariery. Aby kontynuować, wybierz OK.	キャリアを読み込めませんでした。「​OK」を選択すると続行します。	Falha ao carregar a Carreira. Selecione ‘OK’ para continuar.	No se pudo cargar la historia. Selecciona «Aceptar» para continuar.	Impossible de charger la carrière. Sélectionnez « OK » pour continuer.	커리어 불러오기에 실패했습니다. 계속하려면 확인을 누르세요. 	无法读取生涯模式。  要再次尝试吗？	無法讀取生涯模式。  要再次嘗試嗎？
	Platform_SaveGame_PS4GhostSubtitle	Ghost recording	Enregistrement fantôme	Registrazione fantasma	Aufzeichnung des Ghosts	Grabación del fantasma	Запись призрака	Rejestracja przejazdu ducha	ゴースト記録中	Gravação de fantasma	Grabación del fantasma	Enregistrement fantôme	고스트 기록 중	幽灵纪录	幽靈紀錄
	Platform_SaveGame_PS4GhostTitle	Project CARS 2 Ghost	Project CARS 2 - Fantôme	Fantasmi Project CARS 2	Project CARS 2 - Ghost	Project CARS 2 - Fantasma	Призрак Project CARS 2	Duch Project CARS 2	『Project CARS 2』ゴースト	Project CARS 2 - Fantasma	Project CARS 2 - Fantasma	Project CARS 2 - Fantôme	Project CARS 2 고스트	Project CARS 2 幽灵	Project CARS 2 幽靈
	Platform_SaveGame_CareerCorruptOverwrite	Your saved Career is damaged and will be deleted before before being written again on the next save.	Vos données sauvegardées du mode Carrière sont endommagées et seront supprimées puis réinstallées lors de la prochaine sauvegarde.	La Carriera salvata è danneggiata e verrà cancellata prima di essere scritta nuovamente al prossimo salvataggio.	Deine gespeicherte Karriere ist beschädigt und wird vor dem nächsten Speichern gelöscht.	La Historia guardada está dañada y se borrará y se sobrescribirá la próxima vez que guardes.	Файл сохранения карьеры поврежден и будет удален перед следующим сохранением.	Zapisany plik Kariery jest uszkodzony i zostanie usunięty przed nadpisaniem w kolejnym pliku zapisu.	キャリアのセーブデータが破損しています。破損したセーブデータは、次回の保存が実行される前に削除されます。	A sua Carreira salva está corrompida e será apagada antes de ser novamente gravada no próximo salvamento.	Tu Historia guardada está dañada y se borrará antes de grabarse de nuevo la próxima vez que guardes.	Vos données sauvegardées du mode Carrière sont endommagées et seront supprimées puis réinstallées lors de la prochaine sauvegarde.	저장된 커리어가 손상되어 다음 파일이 덮어쓰기 전에 삭제됩니다.  	在下一次保存数据之前，您受损的生涯数据将会被删除。	在下一次保存資料之前，您受損的生涯資料將會被刪除。
	Platform_SaveGame_ProfileCorruptBackupOk	Your save data is damaged but a backup exists which will be loaded.  The damaged save data will be deleted before being written again on the next save.	Vos données de sauvegardes sont endommagées mais il existe des données de secours qui seront chargées. Les données endommagées seront supprimées puis réinstallées lors de la prochaine sauvegarde.	I dati salvati sono stati danneggiati, ma è disponibile un backup che verrà caricato. I dati danneggiati saranno sovrascritti al prossimo salvataggio.	Deine Speicherdaten sind beschädigt, aber es besteht eine Sicherheitskopie, die jetzt geladen wird. Die beschädigten Daten werden vor dem nächsten Speichern gelöscht.	Los datos guardados están dañados pero hay una copia de seguridad que puedes cargar. Los datos guardados dañados se borrarán y se sobrescribirán la próxima vez que guardes.	Сохраненные данные повреждены. Будет загружена имеющаяся резервная копия. Поврежденные данные будут удалены перед следующим сохранением.	Twoje pliki zapisu są uszkodzone, ale zostanie wczytana ich kopia zapasowa. Uszkodzony plik zostanie usunięty przed nadpisaniem w kolejnym pliku zapisu.	セーブデータが破損していますが、バックアップデータが存在するため、これを読み込みます。破損したセーブデータは、次回の保存が実行される前に削除されます。	Os seus dados salvos estão corrompidos, mas há um backup que será carregado. Os dados corrompidos serão apagados antes de serem novamente gravados no próximo salvamento.	Los datos guardados están dañados, pero se cargará una copia de seguridad. Los datos dañados se borrarán antes de grabarse de nuevo la próxima vez que guardes.	Vos données de sauvegardes sont endommagées mais il existe des données de secours qui seront chargées. Les données endommagées seront supprimées puis réinstallées lors de la prochaine sauvegarde.	저장 데이터가 손상되어 백업파일을 불러옵니다. 파손된 저장 데이터는 다음 파일이 덮어쓰기 전에 삭제됩니다.	您的保存数据已受损，将读取现存的备份数据。  在下一次保存资料之前，您受损的保存资料将会被删除。	您的保存資料已受損，將讀取現存的備份資料。  在下一次保存資料之前，您受損的保存資料將會被刪除。
	Platform_SaveGame_GhostCorruptOverwrite	Your Ghost saves contain damaged data that will not be loaded.  Damaged save data will be deleted before being written again when they are next saved.	Vos sauvegardes du fantôme contiennent des données endommagées qui ne peuvent pas être chargées. Les données endommagées seront supprimées puis réinstallées lors de la prochaine sauvegarde.	Il salvataggio dei tuoi fantasmi contiene dati danneggiati che non verranno caricati. I dati danneggiati saranno sovrascritti al prossimo salvataggio.	Deine Ghost-Speicherdaten beinhalten beschädigte Dateien, die nicht geladen werden. Beschädigte Speicherdaten werden vor dem nächsten Speichern gelöscht.	Los fantasmas guardados contienen datos dañados que no pueden cargarse. Los datos guardados dañados se borrarán y se sobrescribirán la próxima vez que guardes.	Файл сохранения призраков содержит поврежденные данные, которые загружены не будут. Поврежденные данные будут удалены перед следующим сохранением.	Pliki zapisu duchów zawierają błędne dane i nie mogą zostać wczytane. Uszkodzone pliki zostaną usunięte przed nadpisaniem w kolejnych plikach zapisu.	ゴーストのセーブデータに破損したデータが含まれているため、読み込めません。破損したセーブデータは、次回の保存が実行される前に削除されます。	Os seus arquivos salvos de Fantasma contêm dados corrompidos que não serão carregados. Os dados corrompidos serão apagados antes de serem novamente gravados no próximo salvamento.	Los datos del fantasma guardados están dañados y no se cargarán. Los datos dañados se borrarán antes de grabarse de nuevo la próxima vez que guardes.	Vos sauvegardes du fantôme contiennent des données endommagées qui ne peuvent pas être chargées. Les données endommagées seront supprimées puis réinstallées lors de la prochaine sauvegarde.	저장된 고스트에 손상된 데이터가 있어 백업파일을 불러옵니다. 파손된 저장 데이터는 다음 파일이 덮어쓰기 전에 삭제됩니다.	您的幽灵保存数据报含受损数据，无法进行读取。  在存入下一次保存资料之前，受损的保存资料将会被删除。	您的幽靈保存資料包含受損資料，無法進行讀取。  在存入下一次保存資料之前，受損的保存資料將會被刪除。
	Platform_SaveGame_CareerCorruptWarning	Your Career saves contain damaged data that will not be loaded.  Damaged save data will be deleted before being written again when they are next saved.	Vos sauvegardes du mode Carrière contiennent des données endommagées qui ne peuvent pas être chargées. Les données endommagées seront supprimées puis réinstallées lors de la prochaine sauvegarde.	La Carriera salvata contiene dati danneggiati che non verranno caricati. I dati danneggiati saranno sovrascritti al prossimo salvataggio.	Deine Karriere-Speicherdaten beinhalten beschädigte Daten, die nicht geladen werden. Beschädigte Speicherdateien werden vor dem nächsten Speichern gelöscht.	La Historia guardada contiene datos dañados que no pueden cargarse. Los datos guardados dañados se borrarán y se sobrescribirán la próxima vez que guardes.	Сохранения режима карьеры содержат поврежденные данные, которые загружены не будут. Поврежденные данные будут удалены перед следующим сохранением.	Pliki zapisu Kariery zawierają błędne dane i nie mogą zostać wczytane. Uszkodzone pliki zostaną usunięte przed nadpisaniem w kolejnych plikach zapisu.	キャリアのセーブデータに破損したデータが含まれているため、読み込めません。破損したセーブデータは、次回の保存が実行される前に削除されます。	Os seus arquivos salvos de Carreira contêm dados corrompidos que não serão carregados. Os dados corrompidos serão apagados antes de serem novamente gravados no próximo salvamento.	Tu Historia guardada está dañada y no se cargará. Los datos dañados se borrarán antes de grabarse de nuevo la próxima vez que guardes.	Vos sauvegardes du mode Carrière contiennent des données endommagées qui ne peuvent pas être chargées. Les données endommagées seront supprimées puis réinstallées lors de la prochaine sauvegarde.	저장된 커리어에 손상된 데이터가 있어 백업파일을 불러옵니다. 파손된 저장 데이터는 다음 파일이 덮어쓰기 전에 삭제됩니다.	您的生涯保存数据报含受损数据，无法进行读取。  在存入下一次保存资料之前，受损的保存资料将会被删除。	您的生涯保存資料包含受損資料，無法進行讀取。  在存入下一次保存資料之前，受損的保存資料將會被刪除。
	Platform_SaveGame_TuningNoSpaceText	There is insufficient space to save the Tuning Setup. Do you want to retry the save?	L'espace est insuffisant pour sauvegarder les réglages personnalisés. Voulez-vous réessayer la sauvegarde ?	Spazio insufficiente per salvare l'assetto. Vuoi riprovare?	Nicht genügend Speicherplatz zum Speichern des Tuning-Setups. Möchtest du den Speichervorgang wiederholen?	No hay espacio libre suficiente para guardar la configuración de reglaje. ¿Quieres volver a intentarlo?	Для сохранения настроек тюнинга не хватает места. Повторить попытку?	Brak wystarczającej ilości miejsca do zapisania konfiguracji tuningu. Czy chcesz ponowić próbę zapisu?	容量が不足しているためチューニングを保存できませんでした。もう一度実行しますか？	Não há espaço suficiente para salva a Configuração Personalizada. Deseja tentar salvar novamente?	No hay suficiente espacio para guardar la configuración de reglaje. ¿Quieres reintentar el guardado?	L'espace disponible est insuffisant pour sauvegarder les réglages. Voulez-vous réessayer la sauvegarde?	튜닝 셋업을 저장할 용량이 부족합니다. 저장을 재시도할까요? 	没有足够的空间可保存媒体，要重新尝试保存吗？	沒有足夠的空間可保存媒體，要重新嘗試保存嗎？
	Platform_SaveGame_TuningNoSpaceYes	- Select 'Yes' to retry the save.	- Sélectionnez « Oui » pour réessayer de sauvegarder.	- Seleziona Sì per riprovare a salvare.	- Wähle "Ja", um den Speichervorgang zu wiederholen.	- Selecciona "Sí" para volver a intentarlo.	Выберите "Да", чтобы повторить попытку сохранения.	- Aby ponowić próbę zapisu, wybierz Tak.	- 「はい」を選択すると保存を再試行します。	Selecione 'Sim' para tentar a gravação.	Selecciona 'Sí' para reintentar el guardado.	- Selectionner 'oui' pour réessayer la sauvegarde	・예를 선택하면 저장을 재시도합니다.	—选择「是」将重新尝试保存。	—選擇「是」將重新嘗試保存。
	Platform_SaveGame_TuningNoSpaceNo	- Select 'No' to cancel the save.	- Sélectionnez « Non » pour annuler la sauvegarde.	- Seleziona No per annullare il salvataggio.	- Wähle "Nein", um den Speichervorgang abzubrechen.	- Selecciona "No" para cancelar el guardado.	Выберите "Нет", чтобы отменить сохранение.	- Aby zrezygnować z zapisu, wybierz Nie.	- 「いいえ」を選択すると保存をキャンセルします。	Selecione 'Não' para cancelar a gravação.	Selecciona 'No' para cancelar el guardado.	- Selectionner 'non' pour annuler la sauvegarde	・아니오를 선택하면 저장을 취소합니다.	—选择「否」将取消保存。	—選擇「否」將取消保存。
	Platform_SaveGame_TuningCorruptText	Your saved Tuning Setup is damaged and will not be loaded.	Les réglages personnalisés sauvegardés sont corrompus et n'ont pu être chargés.	L'assetto salvato è danneggiato e non verrà caricato.	Dein gespeichertes Tuning-Setup ist beschädigt und wird nicht geladen.	Tu configuración de reglaje no se va a cargar porque está dañada.	Сохраненные данные настроек тюнинга повреждены и не будут загружены.	Plik zapisu konfiguracji tuningu jest uszkodzony i nie zostanie wczytany.	チューニングのセーブデータは破損しているため読み込めません。	Sua Configuração Personalizada salva está danificada e não será carregada.	Tu configuración de reglaje guardada está dañada y no puede ser cargada.	Votre sauvegarde de réglages est corrompue et ne sera pas chargée	저장한 튜닝 셋업이 손상되어 불러올 수 없습니다.	您所保存的调校设定已经毁损，并无法读取。	您所保存的調校設定已經毀損，並無法讀取。
	Platform_SaveGame_TuningMaxSizeExceeded	Failed to save Tuning Setup, the total save data size used by the application has exceeded the maximum allowed size of 1GB. Do you want to retry the save?	Impossible de sauvegarder les réglages personnalisés, la taille maximale des données de sauvegarde de l'application a dépassé la taille maximale autorisée de 1GB. Voulez-vous réessayer la sauvegarde ?	Salvataggio dell'assetto non riuscito. La dimensione dei dati salvati usati dall'applicazione ha superato il limite massimo consentito (1 GB). Vuoi riprovare?	Speichern des Tuning-Setups fehlgeschlagen. Die von der Anwendung verwendete Speicherdatengröße überschreitet die maximal erlaubte Größe von 1 GB. Erneut versuchen?	No se ha podido guardar la configuración de reglaje; el total de datos de guardado que utiliza la aplicación ha superado el tamaño máximo permitido de 1 GB. ¿Quieres volver a intentar guardarla?	Не удалось сохранить данные настроек тюнинга, общий размер сохраненных данных этого приложения превысил максимальный разрешенный размер в 1ГБ. Хотите повторить попытку?	Nie udało się zapisać konfiguracji tuningu. Całkowity rozmiar zapisu używanego przez aplikację przekroczył maksymalny dozwolony limit 1 GB. Czy chcesz ponowić próbę zapisu?	​アプリケーションで使用しているセーブデータの合計が上限の1GiBを超えてしまう為、​チューニングを保存できませんでした。  保存を再試行しますか？	Falha ao salvar a Configuração Personalizada. O tamanho total dos dados utilizados pela aplicação excedeu o tamanho máximo permitido de 1GB. Deseja tentar salvar novamente?	Fallo al guardar la configuración de reglaje, el tamaño total de datos de guardado usados por la aplicación excede el tamaño máximo permitido de 1GB. ¿Quieres reintentar el guardado?	Echec de sauvergarde du réglage, l'espace de données utilisé par la sauvegarde a dépassée la capacité maximale d'1GB.  Voulez-vous réessayer la sauvegarde?	튜닝 셋업 저장에 실패했습니다. 데이터가 최대 허용 용량인 1GB를 초과하였습니다. 저장을 재시도할까요? 	游戏保存失败，应用程序使用的保存数据合计  大小已超过1GB的上限。是否重新尝试保存？	遊戲保存失敗，應用程式使用的保存資料合計  大小已超過1GB的上限。是否重新嘗試保存？
	Platform_SaveGame_TuningSaveErrorText	Failed to save Tuning Setup. Do you want to retry the save?	Impossible de sauvegarder les réglages personnalisés. Voulez-vous réessayer la sauvegarde ?	Salvataggio dell'assetto non riuscito. Vuoi riprovare?	Das Tuning-Setup konnte nicht gespeichert werden. Möchtest du den Speichervorgang wiederholen?	No se ha podido guardar la configuración de reglaje. ¿Quieres volver a intentarlo?	Не удалось сохранить настройки тюнинга. Повторить попытку?	Nie udało się zapisać konfiguracji tuningu. Czy chcesz ponowić próbę zapisu?	チューニングを保存できませんでした。もう一度実行しますか？	Falhou ao salvar a Configuração Personalizada. Deseja tentar novamente?	Fallo al guardar la configuración de reglaje. ¿Quieres reintentar el guardado?	Echec de sauvegarde du réglage. Voulez-vous réessayer la sauvegarde?	튜닝 셋업 저장에 실패했습니다. 저장을 재시도할까요? 	读取调校设定失败，要重新尝试保存吗？	讀取調校設定失敗，要重新嘗試保存嗎？
	Platform_SaveGame_TuningSaveErrorYes	- Select 'Yes' to try to save the Tuning Setup again.	- Sélectionnez « Oui » pour réessayer de sauvegarder les réglages personnalisés.	- Seleziona Sì per riprovare a salvare l'assetto.	- Wähle "Ja", um erneut zu versuchen, das Tuning-Setup zu speichern.	- Selecciona "Sí" para intentar guardar de nuevo la configuración de reglaje.	Выберите "Да", чтобы повторить попытку сохранения настроек тюнинга.	- Aby ponowić próbę zapisu konfiguracji tuningu, wybierz Tak.	- 「はい」を選択するとチューニングの保存を再試行します。	Selecione 'Sim' para salvar sua Configuração Personalizada.	Selecciona 'Sí' para intentar guardar la configuración de nuevo.	- Selectionner 'oui' pour réessayer encore la sauvegarde	・예를 선택하면 튜닝 셋업 저장을 재시도합니다.	— 选择「是」将重新尝试保存调校设定。	— 選擇「是」將重新嘗試保存調校設定。
	Platform_SaveGame_TuningSaveErrorNo	- Select 'No' to cancel the save.	- Sélectionnez « Non » pour annuler la sauvegarde.	- Seleziona No per annullare il salvataggio.	- Wähle "Nein", um den Speichervorgang abzubrechen.	- Selecciona "No" para cancelar el guardado.	Выберите "Нет", чтобы отменить сохранение.	- Aby zrezygnować z zapisu, wybierz Nie.	- 「いいえ」を選択すると保存をキャンセルします。	Selecione 'Não' para cancelar a gravação.	Selecciona 'No' para cancelar el guardado.	- Selectionner 'non' pour annuler la sauvegarde.	・아니오를 선택하면 튜닝 셋업 저장을 취소합니다.	—选择「否」将取消保存。	—選擇「否」將取消保存。
	Platform_SaveGame_TuningLoadErrorText	Failed to load Tuning Setup. Select 'OK' to continue.	Impossible de charger les réglages personnalisés. Sélectionnez « OK » pour continuer.	Caricamento dell'assetto non riuscito. Seleziona OK per continuare.	Tuning-Setup konnte nicht geladen werden. Wähle "OK", um fortzufahren.	No se ha podido cargar la configuración de reglaje. Selecciona "Aceptar" para continuar.	Не удалось загрузить данные настроек тюнинга. Выберите "ОК", чтобы продолжить.	Nie udało się wczytać konfiguracji tuningu. Aby kontynuować, wybierz OK.	チューニングを読み込めませんでした。「​OK」を選択すると続行します。	Falhou ao carregar a Configuração Personalizada. Selecione 'OK' para continuar.	Fallo al cargar la configuración de reglaje. Selecciona 'OK' para continuar.	Echec de chargement du réglage. Selectionnez 'OK' pour continuer.	튜닝 셋업 불러오기를 실패했습니다. OK를 선택하면 다음으로 진행됩니다.	读取调校设定失败，选择「确定」继续。	讀取調校設定失敗，選擇「確定」繼續。
	Platform_SaveGame_TuningCorruptOverwrite	Your saved Tuning Setup is damaged and will be deleted before being written again on the next save.	Vos réglages personnalisés sauvegardés sont endommagés et seront supprimés puis réinstallés lors de la prochaine sauvegarde.	L'assetto salvato è danneggiato e verrà cancellato prima di essere sostituito dal prossimo salvataggio.	Dein gespeichertes Tuning-Setup ist beschädigt und wird vor dem nächsten Speichern gelöscht.	La configuración de reglaje guardada está dañada y se borrará y se sobrescribirá la próxima vez que guardes.	Файл сохранения настроек тюнинга поврежден и будет удален перед следующим сохранением.	Zapisany plik konfiguracji tuningu jest uszkodzony i zostanie usunięty przed nadpisaniem przy kolejnym zapisie.	チューニングのセーブデータが破損しています。破損したセーブデータは、次回の保存が実行される前に削除されます。	A sua Configuração Personalizada salva está danificada e será excluída antes da próxima gravação.	Tu configuración de reglaje guardada está dañada y será eliminada antes de ser guardada la próxima vez.	Votre sauvegarde de réglages est endommagée et sera effacée avant d'être copier à nouveau sur la prochaine sauvegarde.	저장한 튜닝 셋업이 손상되어 불러올 수 없습니다. 손상된 저장 데이터는 다음 파일이 덮어쓰기 전에 삭제됩니다.	您保存的调校设定已经毁损，   并将在下次重新保存覆盖之前被删除。	您保存的調校設定已經毀損，   並將在下次重新保存覆蓋之前被刪除。
	Platform_SaveGame_TuningCorruptWarning	Your Tuning Setup saves contain damaged data that will not be loaded.  Damaged save data will be deleted before being written again when they are next saved.	Vos réglages personnalisés sauvegardés contiennent des données endommagées qui ne peuvent pas être chargées. Les données endommagées seront supprimées puis réinstallées lors de la prochaine sauvegarde.	I salvataggi dell'assetto sono danneggiati e non verranno caricati. I dati danneggiati verranno cancellati prima di essere sostituiti dal prossimo salvataggio.	Deine Tuning-Setup-Speicherdaten beinhalten beschädigte Daten, die nicht geladen werden. Beschädigte Speicherdateien werden vor dem nächsten Speichern gelöscht.	La configuración de reglaje guardada contiene datos dañados que no pueden cargarse. Los datos guardados dañados se borrarán y se sobrescribirán la próxima vez que guardes.	Сохранения настроек тюнинга содержат поврежденные данные, которые загружены не будут. Поврежденные данные будут удалены перед следующим сохранением.	Pliki zapisu konfiguracji tuningu zawierają uszkodzone dane, które nie mogą zostać wczytane. Uszkodzone pliki zostaną usunięte i nadpisane podczas kolejnego zapisu.	チューニングのセーブデータに破損したデータが含まれているため、読み込めません。破損したセーブデータは、次回の保存が実行される前に削除されます。	A sua Configuração Personalizada salva contém dados danificados e não será carregada. Dados danificados serão deletados antes da próxima gravação.	Tu configuración de reglaje guardada contiene datos dañados que no se cargarán. Los datos dañados guardados serán eliminados antes de ser guardados la próxima vez.	Votre sauvegarde de réglages est corrompue et ne sera pas chargée. Les données corrompus de la sauvegarde seront effacées  avant d'être enregistrées à nouveau lors de la prochaine sauvegarde.	저장된 튜닝 셋업에 손상된 데이터가 있어 불러올 수 없습니다. 손상된 저장 데이터는 다음 파일이 덮어쓰기 전에 삭제됩니다.	您的调校设定包含毁损数据 ，故无法读取 。  毁损的保存数据会在下次保存覆盖之前被删除	您的調校設定包含毀損資料 ，故無法讀取 。  毀損的保存資料會在下次保存覆蓋之前被刪除
	Platform_SaveGame_ProfileBadSignInTextDemo	If you do not sign in, you will be unable to save progress. Do you want to sign in now?	Si vous ne vous identifiez pas, vous ne pourrez pas sauvegarder votre progression. Voulez-vous vous identifier maintenant ?	Se non effettui l'accesso, non potrai salvare i progressi. Vuoi effettuare l'accesso ora?	Wenn du dich nicht anmeldest, kannst du deinen Spielfortschritt nicht speichern. Möchtest du dich jetzt anmelden?	Si no inicias sesión, no podrás guardar tu progreso. ¿Quieres iniciar sesión ahora?	Вы не вошли в сеть, и результаты игры не будут сохраняться. Войти в сеть?	Jeśli się nie zalogujesz, nie będzie można zapisać postępów. Czy chcesz się zalogować teraz?	サインインしないと、​進行を保存できません。​サインインしますか？	Se você não entrar, não poderá salvar o seu progresso. Deseja entrar agora?	Si no inicias sesión, no podrás guardar tu progreso. ¿Deseas iniciar sesión ahora?	Si vous ne vous identifiez pas, vous ne pourrez pas sauvegarder votre progression. Voulez-vous vous identifier maintenant?	로그인하지 않았을 경우, 진행 내용을 저장할 수 없습니다. 로그인할까요?	如果您选择不登入，将无法保存进度。您想现在登入吗？	如果您選擇不登入，將無法保存進度。您想現在登入嗎？
	Platform_System_Xbox360SigninChangeMessage	A sign-in change occurred. You are now being returned to the title screen.	Un changement de connexion s'est produit. Vous allez être dirigé vers l'écran titre.	Si è verificato un cambiamento d'accesso. Verrai riportato alla schermata iniziale.	Die Anmeldung wurde geändert. Du kehrst nun zum Startbildschirm zurück.	Se ha producido un cambio en el inicio de sesión. Volviendo a la pantalla del título.	Данные для входа в сеть были изменены. Вы перейдете на начальный экран.	Nastąpiła zmiana statusu zalogowania. Nastąpi powrót do ekranu tytułowego.	サインインの変更が発生しました。タイトル画面に戻ります。	Ocorreu uma mudança de entrada. Você retornará à tela inicial.	Se produjo un cambio en el inicio de sesión. Volviendo a la pantalla del título.	Un changement de connexion s'est produit. Vous allez être dirigé vers l'écran titre.	로그인 정보에 변동이 있습니다. 타이틀 화면으로 돌아갑니다. 	使用者登入异常，将返回标题画面。	使用者登入異常，將返回標題畫面。
	Platform_System_Xbox360SigninChangeTitle	UNTRANSLATED (1523869426): Platform_System_Xbox360SigninChangeTitle	UNTRANSLATED (1523869426): Platform_System_Xbox360SigninChangeTitle	UNTRANSLATED (1523869426): Platform_System_Xbox360SigninChangeTitle	UNTRANSLATED (1523869426): Platform_System_Xbox360SigninChangeTitle	UNTRANSLATED (1523869426): Platform_System_Xbox360SigninChangeTitle	UNTRANSLATED (1523869426): Platform_System_Xbox360SigninChangeTitle	UNTRANSLATED (1523869426): Platform_System_Xbox360SigninChangeTitle	UNTRANSLATED (1523869426): Platform_System_Xbox360SigninChangeTitle	UNTRANSLATED (1523869426): Platform_System_Xbox360SigninChangeTitle	UNTRANSLATED (1523869426): Platform_System_Xbox360SigninChangeTitle	UNTRANSLATED (1523869426): Platform_System_Xbox360SigninChangeTitle	UNTRANSLATED (1523869426): Platform_System_Xbox360SigninChangeTitle	UNTRANSLATED (1523869426): Platform_System_Xbox360SigninChangeTitle	UNTRANSLATED (1523869426): Platform_System_Xbox360SigninChangeTitle
	Platform_System_Xbox360InviteFromInactiveControllerMessage	Are you sure you want to quit this session? Any unsaved progress will be lost.	Voulez-vous vraiment quitter cette session ? Toute progression non sauvegardée sera perdue.	Vuoi davvero uscire da questa sessione? I progressi non salvati andranno perduti.	Möchtest du diese Sitzung wirklich beenden? Alle ungespeicherten Fortschritte gehen verloren.	¿Seguro que quieres salir de la sesión? Perderás el progreso que no hayas guardado.	Вы действительно хотите завершить этот сеанс? Все несохраненные достижения будут утрачены.	Czy na pewno chcesz wyjść z gry? Wszelkie niezapisane postępy w grze zostaną utracone.	このセッションを中止してよろしいですか？ 保存されていない進行はすべて失われます。	Tem certeza de que quer sair desta sessão? Todo progresso não salvo será perdido.	¿Seguro que quieres salir de la sesión? Perderás el progreso que no hayas guardado.	Voulez-vous vraiment quitter cette session? Toute progression non sauvegardée sera perdue.	이 세션을 종료할까요? 저장하지 않은 진행 내용은 모두 잃게 됩니다. 	确定离开游戏吗？您将失去所有未保存的进度。	確定離開遊戲嗎？您將失去所有未保存的進度。
	Platform_System_Xbox360InviteFromInactiveControllerTitle	UNTRANSLATED (3454553565): Platform_System_Xbox360InviteFromInactiveControllerTitle	UNTRANSLATED (3454553565): Platform_System_Xbox360InviteFromInactiveControllerTitle	UNTRANSLATED (3454553565): Platform_System_Xbox360InviteFromInactiveControllerTitle	UNTRANSLATED (3454553565): Platform_System_Xbox360InviteFromInactiveControllerTitle	UNTRANSLATED (3454553565): Platform_System_Xbox360InviteFromInactiveControllerTitle	UNTRANSLATED (3454553565): Platform_System_Xbox360InviteFromInactiveControllerTitle	UNTRANSLATED (3454553565): Platform_System_Xbox360InviteFromInactiveControllerTitle	UNTRANSLATED (3454553565): Platform_System_Xbox360InviteFromInactiveControllerTitle	UNTRANSLATED (3454553565): Platform_System_Xbox360InviteFromInactiveControllerTitle	UNTRANSLATED (3454553565): Platform_System_Xbox360InviteFromInactiveControllerTitle	UNTRANSLATED (3454553565): Platform_System_Xbox360InviteFromInactiveControllerTitle	UNTRANSLATED (3454553565): Platform_System_Xbox360InviteFromInactiveControllerTitle	UNTRANSLATED (3454553565): Platform_System_Xbox360InviteFromInactiveControllerTitle	UNTRANSLATED (3454553565): Platform_System_Xbox360InviteFromInactiveControllerTitle
	Platform_System_Xbox360DLCDeviceEjectMessage	One or more items of downloadable content was removed. Returning to the title screen.	Un ou plusieurs éléments du contenu téléchargeable ont été supprimés. Vous allez être dirigé vers l'écran d'accueil.	Uno o più elementi del contenuto scaricabile sono stati rimossi. Ritorno alla schermata iniziale.	Es wurde mindestens ein Element der Inhalte zum Herunterladen entfernt. Du kehrst zum Startbildschirm zurück.	Uno o más elementos del contenido descargable han sido eliminados. Volviendo a la pantalla del título.	Один или несколько элементов загружаемого контента удалены. Переход на начальный экран.	Usunięto przynajmniej jeden element z zawartości do pobrania. Powrót do ekranu tytułowego.	1つ以上のダウンロードコンテンツが削除されました。タイトル画面に戻ります。	Um ou mais itens de conteúdo para baixar foram removidos. Retornando à tela inicial.	Se ha eliminado al menos uno de los objetos de contenido descargable. Volviendo a la pantalla del título.	Un ou plusieurs éléments du contenu téléchargeable ont été supprimés. Vous allez être dirigé vers l'écran d'accueil.	하나 혹은 그 이상의 다운로드 콘텐츠가 제거되었습니다. 타이틀 화면으로 돌아갑니다. 	下载内容已被删除。将返回标题画面。	下載內容已被刪除。將返回標題畫面。
	Platform_System_Xbox360DLCDeviceEjectTitle	UNTRANSLATED (2121056662): Platform_System_Xbox360DLCDeviceEjectTitle	UNTRANSLATED (2121056662): Platform_System_Xbox360DLCDeviceEjectTitle	UNTRANSLATED (2121056662): Platform_System_Xbox360DLCDeviceEjectTitle	UNTRANSLATED (2121056662): Platform_System_Xbox360DLCDeviceEjectTitle	UNTRANSLATED (2121056662): Platform_System_Xbox360DLCDeviceEjectTitle	UNTRANSLATED (2121056662): Platform_System_Xbox360DLCDeviceEjectTitle	UNTRANSLATED (2121056662): Platform_System_Xbox360DLCDeviceEjectTitle	UNTRANSLATED (2121056662): Platform_System_Xbox360DLCDeviceEjectTitle	UNTRANSLATED (2121056662): Platform_System_Xbox360DLCDeviceEjectTitle	UNTRANSLATED (2121056662): Platform_System_Xbox360DLCDeviceEjectTitle	UNTRANSLATED (2121056662): Platform_System_Xbox360DLCDeviceEjectTitle	UNTRANSLATED (2121056662): Platform_System_Xbox360DLCDeviceEjectTitle	UNTRANSLATED (2121056662): Platform_System_Xbox360DLCDeviceEjectTitle	UNTRANSLATED (2121056662): Platform_System_Xbox360DLCDeviceEjectTitle
