sub	key	English	French	Italian	German	Spanish	Russian	Polish	Japanese	Brazilian-Portuguese	Neutral-Spanish	French-Canadian	Korean	Chinese-Simple	Chinese-Traditional
	RAC_HUD_WarningWrongWay	WRONG WAY	MAUVAIS SENS	CONTROMANO	F. RICHTUNG	S. CONTRARIO	Н. НАПРАВЛЕНИЕ	ZŁY KIERUNEK	逆走	CONTRAMÃO	SENTIDO CONTRARIO	MAUVAIS SENS	반대 방향	方向错误	反方向
	RAC_HUD_DisqualifiedWrongWay	WRONG WAY	MAUVAIS SENS	CONTROMANO	FALSCHE RICHTUNG	SENTIDO CONTRARIO	НЕВЕРНОЕ НАПРАВЛЕНИЕ	ZŁY KIERUNEK	逆走	CONTRAMÃO	SENTIDO CONTRARIO	MAUVAIS SENS	반대 방향	方向错误	方向錯誤
	RAC_HUD_DisqualifiedCutTrack	CUT TRACK	PISTE COUPÉE	TAGLIO TRACCIATO	RENNSTRECKE VERLASSEN	ATAJO	СРЕЗ	ŚCINANIE ZAKRĘTÓW	ショートカット走行	CORTOU CAMINHO	ATAJO	PISTE COUPÉE	코스 밖 주행	偏离跑道	偏離跑道
	RAC_HUD_DisqualifiedHitOpponent	HIT OPPONENT	ACCROCHAGE AVEC CONCURRENT	AVVERSARIO URTATO	GEGNER GERAMMT	RIVAL GOLPEADO	УДАР ПО СОПЕРНИКУ	KOLIZJA Z PRZECIWNIKIEM	対戦相手と衝突	ACERTOU OPONENTE	RIVAL GOLPEADO	ACCROCHAGE AVEC CONCURRENT	대전 상대와 충돌	碰撞对手	碰撞對手
	RAC_HUD_Disqualified	DISQUALIFIED	DISQUALIFICATION	SQUALIFICATO	DISQUALIFIZIERT	DESCALIFICADO	ДИСКВАЛИФИКАЦИЯ	DYSKWALIFIKACJA	失格	DESCLASSIFICADO	DESCALIFICADO	DISQUALIFICATION	실격	取消资格	排位失格
	RAC_HUD_DisqualifiedFalseStart	FALSE START	FAUX DÉPART	FALSA PARTENZA	FEHLSTART	SALIDA EN FALSO	ФАЛЬСТАРТ	FALSTART	スタート失敗	QUEIMOU A LARGADA	SALIDA EN FALSO	FAUX DÉPART	부정 출발	抢跑	排位失格：搶跑
	RAC_HUD_NewFastestSector1	YOU JUST SET A NEW BEST SECTOR 1 TIME	VOUS BATTEZ LE RECORD DU SEGMENT 1	HAI STABILITO UN NUOVO RECORD NEL SETTORE 1	DU HAST EINE NEUE BESTZEIT FÜR SEKTOR 1 ERREICHT	ACABAS DE ESTABLECER EL MEJOR TIEMPO DEL SECTOR 1	ВЫ УСТАНОВИЛИ ЛУЧШЕЕ ВРЕМЯ В ПЕРВОМ СЕКТОРЕ	NAJLEPSZY CZAS 1. SEKTORA	セクター1のベストタイムを更新	VOCÊ ACABOU DE FAZER O MELHOR TEMPO NO SETOR 1	ACABAS DE ESTABLECER EL MEJOR TIEMPO DEL SECTOR 1	VOUS BATTEZ LE RECORD DU SEGMENT 1	섹터 1의 베스트 타임을 갱신!	你刷新了第 1区段的最快时间	你刷新了第 1區段的最快時間
	RAC_HUD_NewFastestSector2	YOU JUST SET A NEW BEST SECTOR 2 TIME	VOUS BATTEZ LE RECORD DU SEGMENT 2	HAI STABILITO UN NUOVO RECORD NEL SETTORE 2	DU HAST EINE NEUE BESTZEIT FÜR SEKTOR 2 ERREICHT	ACABAS DE ESTABLECER EL MEJOR TIEMPO DEL SECTOR 2	ВЫ УСТАНОВИЛИ ЛУЧШЕЕ ВРЕМЯ ВО ВТОРОМ СЕКТОРЕ	NAJLEPSZY CZAS 2. SEKTORA	セクター2のベストタイムを更新	VOCÊ ACABOU DE FAZER O MELHOR TEMPO NO SETOR 2	ACABAS DE ESTABLECER EL MEJOR TIEMPO DEL SECTOR 2	VOUS BATTEZ LE RECORD DU SEGMENT 2	섹터 2의 베스트 타임을 갱신!	你刷新了第 2区段的最快时间	你刷新了第 2區段的最快時間
	RAC_HUD_NewFastestSector3	YOU JUST SET A NEW BEST SECTOR 3 TIME	VOUS BATTEZ LE RECORD DU SEGMENT 3	HAI STABILITO UN NUOVO RECORD NEL SETTORE 3	DU HAST EINE NEUE BESTZEIT FÜR SEKTOR 3 ERREICHT	ACABAS DE ESTABLECER EL MEJOR TIEMPO DEL SECTOR 3	ВЫ УСТАНОВИЛИ ЛУЧШЕЕ ВРЕМЯ В ТРЕТЬЕМ СЕКТОРЕ	NAJLEPSZY CZAS 3. SEKTORA	セクター3のベストタイムを更新	VOCÊ ACABOU DE FAZER O MELHOR TEMPO NO SETOR 3	ACABAS DE ESTABLECER EL MEJOR TIEMPO DEL SECTOR 3	VOUS BATTEZ LE RECORD DU SEGMENT 3	섹터 3의 베스트 타임을 갱신!	你刷新了第 3区段的最快时间	你刷新了第 3區段的最快時間
	RAC_HUD_NewFastestLap	[NAME] JUST SET A NEW FASTEST LAP	[NAME] BAT LE RECORD DU TOUR	[NAME] HA STABILITO UN NUOVO GIRO RECORD	[NAME] HAT EINE NEUE SCHNELLSTE RUNDE GEFAHREN	[NAME] HA MARCADO UN NUEVO RÉCORD DE VUELTA	[NAME] ТОЛЬКО ЧТО ПОКАЗАЛ ЛУЧШИЙ КРУГ	[NAME] USTANAWIA NOWY REKORD OKRĄŻENIA	[NAME] が最速ラップを更新	[NAME] ACABOU DE FAZER A MELHOR VOLTA	[NAME] ESTABLECIÓ UN NUEVO RÉCORD DE VUELTA	[NAME] BAT LE RECORD DU TOUR	[NAME]이 랩 타임을 갱신	[NAME]刷新了最速单圈	[NAME]刷新了最速單圈
	RAC_HUD_QualifyingSessionOver	QUALIFYING SESSION OVER	FIN DES QUALIFICATIONS	FINE DELLA SESSIONE DI QUALIFICAZIONE	QUALIFYING-SITZUNG ZU ENDE	FIN DE SESIÓN DE CLASIFICACIÓN	КВАЛИФИКАЦИЯ ОКОНЧЕНА	SESJA KWALIFIKACYJNA ZAKOŃCZONA	予選セッション終了	TÉRMINO DA SESSÃO DE QUALIFICAÇÃO	CLASIFICATORIA FINALIZADA	FIN DES QUALIFICATIONS	예선 세션 종료	排位赛结束	排位賽結束
	RAC_HUD_PlayerControlCountdown	MANUAL CONTROL IN	CONTRÔLE MANUEL DANS	CONTROLLO MANUALE FRA	MANUELLE STEUERUNG IN	CONTROL MANUAL EN	РУЧНОЕ УПРАВЛЕНИЕ ЧЕРЕЗ	STEROWANIE MANUALNE ZA	マニュアル操作開始まで	CONTROLE MANUAL EM	CONTROL MANUAL EN	CONTRÔLE MANUEL DANS	수동 조작 개시까지	手动控制还需	手動控制還需
	RAC_HUD_PlayerInControl	MANUAL CONTROL	CONTRÔLE MANUEL	CONTROLLO MANUALE	MANUELLE STEUERUNG	CONTROL MANUAL	РУЧНОЕ УПРАВЛЕНИЕ	STEROWANIE MANUALNE	マニュアル操作中	CONTROLE MANUAL	CONTROL MANUAL	CONTRÔLE MANUEL	수동 조작 중	手动控制	手動控制
	RAC_HUD_AIInControl	AI IN CONTROL	CONTRÔLE PAR L'I.A.	IA AL CONTROLLO	KI HAT KONTROLLE	CONTROL DE IA	АВТОПИЛОТ	KONTROLUJE SI	AI操作中	IA NO CONTROLE	CONTROL DE IA	CONTRÔLE PAR L'I.A.	AI 조작 중	AI控制中	AI控制中
	RAC_HUD_DRIVINGAIDS	DRIVING AIDS	AIDES AU PILOTAGE	GUIDA ASSISTITA	FAHRHILFEN	AYUDA A LA CONDUCCIÓN	ПОМОЩЬ ПРИ ВОЖДЕНИИ	WSPOMAGANIE	ドライブ補助	AUXÍLIOS DE PILOTAGEM	AYUDA DE CONDUCCIÓN	AIDES AU PILOTAGE	드라이빙 보조	驾驶辅助系统	駕駛輔助系統
	RAC_HUD_Speed	SPEED	VITESSE	VELOCITÀ	GESCHWINDIGKEIT	VELOCIDAD	СКОРОСТЬ	PRĘDKOŚĆ	速度	VELOCIDADE	VELOCIDAD	VITESSE	속도	速度	速度
	RAC_HUD_kmh	KM/H	KM/H	KM/H	KM/H	KM/H	КМ/Ч	km/h	km/h	KM/H	KM/H	KM/H	KM/H	KM/H	KM/H
	RAC_HUD_rpm	RPM	TR/MIN	RPM	UPM	RPM	ОБ/МИН	RPM	rpm	RPM	RPM	TR/MIN	RPM	RPM	RPM
	RAC_HUD_Gear	GEAR	RAPPORT	MARCIA	GANG	MARCHA	ПЕРЕДАЧА	BIEG	ギア	MARCHA	MARCHA	RAPPORT	기어	档	檔
	RAC_HUD_km	KM	KM	KM	KM	KM	КМ	km	km	KM	KM	KM	KM/H	KM	KM
	RAC_HUD_NumberOfLaps	LAP	TOUR	GIRO	RUNDE	V.	КРУГ	O.	ラップ	VOLTA	VTA.	TOUR	랩	圈	圈
	RAC_HUD_Position	POSITION	POSITION	POSIZIONE	POSITION	POSICIÓN	ПОЗИЦИЯ	POZYCJA	順位	POSIÇÃO	POSICIÓN	POSITION	순위	顺位	順位
	RAC_HUD_DisqualificationNamed	DISQUALIFICATION: [NAME]	DISQUALIFICATION : [NAME]	SQUALIFICA: [NAME]	DISQUALIFIKATION: [NAME]	DESCALIFICADO: [NAME]	ДИСКВАЛИФИКАЦИЯ: [NAME]	DYSKWALIFIKACJA: [NAME]	失格： [NAME]	DESCLASSIFICAÇÃO: [NAME]	DESCALIFICADO: [NAME]	DISQUALIFICATION : [NAME]	실격 : [NAME]	取消资格：[NAME]	排位失格：[NAME]
	RAC_HUD_Retired	RETIRED	ABANDON	RITIRATO	AUFGEGEBEN	RETIRADO	ВЫБЫВАЕТ	ODPADA	リタイア	ABANDONOU	RETIRADO	ABANDON	리타이어	退赛	退賽
	RAC_HUD_RetiredNamed	RETIRED: [NAME]	ABANDON : [NAME]	RITIRATO: [NAME]	AUFGEGEBEN: [NAME]	RETIRADO: [NAME]	[NAME] ВЫБЫВАЕТ	ODPADA: [NAME]	リタイア： [NAME]	ABANDONOU: [NAME]	RETIRADO: [NAME]	ABANDON : [NAME]	리타이어 : [NAME]	退赛：[NAME]	退賽：[NAME]
	RAC_HUD_ClippingPointOK	CLIPPING POINT OK	POINT D'APEX OK	PUNTO DI CORDA OK	SCHEITELPUNKT OK	PUNTO DE CORTE DECENTE	НОРМАЛЬНЫЙ АПЕКС	POPRAWNY WIERZCHOŁEK ZAKRĘTU	まずまずのコーナリング	PONTO DE TANGÊNCIA OK	PUNTO DE CORTE DECENTE	POINT D'APEX OK	클리핑 포인트 OK	转弯还算不错	轉彎還算不錯
	RAC_HUD_ClippingPointGood	CLIPPING POINT GOOD	POINT D'APEX BON	PUNTO DI CORDA BUONO	SCHEITELPUNKT GUT	PUNTO DE CORTE BUENO	ХОРОШИЙ АПЕКС	DOBRY WIERZCHOŁEK ZAKRĘTU	ナイスコーナリング	PONTO DE TANGÊNCIA BOM	PUNTO DE CORTE BUENO	POINT D'APEX BON	클리핑 포인트 GOOD	转弯很漂亮	轉彎很漂亮
	RAC_HUD_ClippingPointExcellent	CLIPPING POINT EXCELLENT	POINT D'APEX EXCELLENT	PUNTO DI CORDA ECCELLENTE	SCHEITELPUNKT AUSGEZEICHNET	PUNTO DE CORTE EXCELENTE	ОТЛИЧНЫЙ АПЕКС	ZNAKOMITY WIERZCHOŁEK ZAKRĘTU	パーフェクトコーナリング	PONTO DE TANGÊNCIA EXCELENTE	PUNTO DE CORTE EXCELENTE	POINT D'APEX EXCELLENT	클리핑 포인트 EXCELLENT	完美的转弯	完美的轉彎
	RAC_HUD_Sector1Information	SECTOR 1 TIME: [TIME]	SEGMENT 1 : [TIME]	TEMPO SETTORE 1: [TIME]	ZEIT SEKTOR 1: [TIME]	TIEMPO SECTOR 1: [TIME]	ВРЕМЯ СЕКТОРА 1: [TIME]	CZAS 1 SEKTORA: [TIME]	セクター1タイム： [TIME]	TEMPO NO SETOR 1: [TIME]	TIEMPO SECTOR 1: [TIME]	SEGMENT 1 : [TIME]	섹터 1 타임 : [TIME]	第 1区段 时间：[TIME]	第 1區段時間：[TIME]
	RAC_HUD_Sector2Information	SECTOR 2 TIME: [TIME]	SEGMENT 2 : [TIME]	TEMPO SETTORE 2: [TIME]	ZEIT SEKTOR 2: [TIME]	TIEMPO SECTOR 2: [TIME]	ВРЕМЯ СЕКТОРА 2: [TIME]	CZAS 2 SEKTORA: [TIME]	セクター2タイム： [TIME]	TEMPO NO SETOR 2: [TIME]	TIEMPO SECTOR 2: [TIME]	SEGMENT 2 : [TIME]	섹터 2 타임 : [TIME]	第 2区段时间：[TIME]	第 2區段 時間：[TIME]
	RAC_HUD_Sector3Information	SECTOR 3 TIME: [TIME]	SEGMENT 3 : [TIME]	TEMPO SETTORE 3: [TIME]	ZEIT SEKTOR 3: [TIME]	TIEMPO SECTOR 3: [TIME]	ВРЕМЯ СЕКТОРА 3: [TIME]	CZAS 3 SEKTORA: [TIME]	セクター3タイム： [TIME]	TEMPO NO SETOR 3: [TIME]	TIEMPO SECTOR 3: [TIME]	SEGMENT 3 : [TIME]	섹터 3 타임 : [TIME]	第 3区段时间：[TIME]	第 3區段 時間：[TIME]
	RAC_HUD_PenaltyCutTrackSpeedLimited	CUT TRACK PENALTY: SPEED LIMITED	PÉNALITÉ - PISTE COUPÉE : VITESSE LIMITÉE	PEN. TAGLIO DEL TRACCIATO: RALLENTATO	STRECKE GESCHNITTEN: TEMPOLIMIT-STRAFE	SANCIÓN POR ACORTAR: VEL. LIM.	СРЕЗКА ТРАССЫ: СКОРОСТЬ ОГРАНИЧЕНА	KARA ZA ŚCINANIE ZAKRĘTÓW: OGR. PRĘDK.	ショートカット走行ペナルティ：速度制限	PEN. CORTAR CAMINHO: VEL. LIMITADA	PENALIZACIÓN POR ATAJO: VEL. LIM.	PÉNALITÉ - PISTE COUPÉE : VITESSE LIMITÉE	코스 밖 주행 페널티 : 속도 제한	抄近路惩罚：速度限制	抄近路懲罰：速度限制
	RAC_HUD_WarningCutTrack1st	CUT-TRACK #1 Lap time invalidated	PISTE COUPÉE #1 Temps invalidé	TAGLIO DEL TRACCIATO N°1 Tempo sul giro non valido	STRECKE GESCHNITTEN #1 Rundenzeit ungültig	CORTE n.º 1 Tiempo de vuelta anulado	СРЕЗКА ТРАССЫ #1 Время круга недействительно	ŚCINANIE ZAKRĘTÓW #1 Czas okrążenia został unieważniony	ショートカット走行1回目 ラップタイムは記録されません	CORTOU CAMINHO #1 Tempo da volta invalidado	ATAJO n.º 1 Tiempo de vuelta anulado	PISTE COUPÉE #1 Temps invalidé	코스 밖 주행 #1 랩 타임 무효	第一次抄近路 不记录单圈	第一次抄近路 不記錄單圈
	RAC_HUD_WarningCutTrack2nd	CUT-TRACK #2 Lap time invalidated	PISTE COUPÉE #2 Temps invalidé	TAGLIO DEL TRACCIATO N°2 Tempo sul giro non valido	STRECKE GESCHNITTEN #2 Rundenzeit ungültig	CORTE n.º 2 Tiempo de vuelta anulado	СРЕЗКА ТРАССЫ #2 Время круга недействительно	ŚCINANIE ZAKRĘTÓW #2 Czas okrążenia został unieważniony	ショートカット走行2回目 ラップタイムは記録されません	CORTOU CAMINHO #2 Tempo da volta invalidado	ATAJO n.º 2 Tiempo de vuelta anulado	PISTE COUPÉE #2 Temps invalidé	코스 밖 주행 #2 랩 타임 무효	第二次抄近路 不记录单圈	第二次抄近路 不記錄單圈
	RAC_HUD_WarningCutTrack3rd	CUT-TRACK #3 Lap time invalidated	PISTE COUPÉE #3 Temps invalidé	TAGLIO DEL TRACCIATO N°3 Tempo sul giro non valido	STRECKE GESCHNITTEN #3 Rundenzeit ungültig	CORTE n.º 3 Tiempo de vuelta anulado	СРЕЗКА ТРАССЫ #3 Время круга недействительно	ŚCINANIE ZAKRĘTÓW #3 Czas okrążenia został unieważniony	ショートカット走行3回目 ラップタイムは記録されません	CORTOU CAMINHO #3 Tempo da volta invalidado	ATAJO n.º 3 Tiempo de vuelta anulado	PISTE COUPÉE #3 Temps invalidé	코스 밖 주행 #3 랩 타임 무효	第三次抄近路 不记录单圈	第三次抄近路 不記錄單圈
	RAC_HUD_WarningCutTrack4th	CUT-TRACK #4 Lap time invalidated	PISTE COUPÉE #4 Temps invalidé	TAGLIO DEL TRACCIATO N°4 Tempo sul giro non valido	STRECKE GESCHNITTEN #4 Rundenzeit ungültig	CORTE n.º 4 Tiempo de vuelta anulado	СРЕЗКА ТРАССЫ #4 Время круга недействительно	ŚCINANIE ZAKRĘTÓW #4 Czas okrążenia został unieważniony	ショートカット走行4回目 ラップタイムは記録されません	CORTOU CAMINHO #4 Tempo da volta invalidado	ATAJO n.º 4 Tiempo de vuelta anulado	PISTE COUPÉE #4 Temps invalidé	코스 밖 주행 #4 랩 타임 무효	第四次抄近路 不记录单圈	第四次抄近路 不記錄單圈
	RAC_HUD_CurrentLapTime	CURRENT	ACTUEL	ATTUALE	AKTUELL	ACTUAL	ТЕКУЩЕЕ	AKTUAL.	現在	ATUAL	ACTUAL	ACTUEL	현재	目前	目前
	RAC_HUD_BestLapTime	BEST	MEILLEUR	MIGLIORE	BESTE	RÉCORD	ЛУЧШЕЕ	NAJLEPSZY	ベスト	MELHOR	MEJOR	MEILLEUR	베스트	最佳	最佳
	RAC_HUD_TargetTime	TARGET TIME	OBJECTIF TEMPS	TEMPO OBIETTIVO	ZIELZEIT	TIEMPO OBJETIVO	ЗАДАННОЕ ВРЕМЯ	CZAS DOCELOWY	目標タイム	OBJETIVO DE TEMPO	TIEMPO OBJETIVO	OBJECTIF TEMPS	목표 타임	目标时间	目標時間
	RAC_HUD_TimeRemaining	TIME	TEMPS	TEMPO	ZEIT	TIEMPO	ВРЕМЯ	CZAS	タイム	TEMPO	TIEMPO	TEMPS	타임	时间	時間
	RAC_HUD_MPH	MPH	MPH	MPH	MPH	MPH	МИЛЬ/Ч	MPH	mi/h	MPH	MPH	mi/h	MPH	MPH	MPH
	RAC_HUD_NextLevel	NEXT LEVEL	NIVEAU SUIVANT	LIVELLO SUCCESSIVO	NÄCHSTE STUFE	SIGUIENTE NIVEL	СЛЕДУЮЩИЙ УРОВЕНЬ	NASTĘPNY POZIOM	次のレベル	PRÓXIMO NÍVEL	SIGUIENTE NIVEL	NIVEAU SUIVANT	다음 레벨	下一等级	下一等級
	RAC_HUD_PressStartToBeginTest	PRESS START BUTTON TO PROCEED TO TEST	APPUYER SUR LA TOUCHE START POUR FAIRE L'ESSAI	PREMI IL TASTO START PER PROCEDERE AL TEST	START-TASTE DRÜCKEN, UM MIT TEST FORTZUFAHREN.	PULSA EL BOTÓN START PARA COMENZAR LA PRUEBA	НАЖМИТЕ КНОПКУ START ДЛЯ ПЕРЕХОДА К ТЕСТУ	NACIŚNIJ PRZYCISK START, ABY ROZPOCZĄĆ TEST	STARTボタンを押してテストを開始	PRESSIONE O BOTÃO INICIAR PARA IR AO TESTE	PRESIONA EL BOTÓN START PARA COMENZAR LA PRUEBA	APPUYER SUR LA TOUCHE START POUR FAIRE L'ESSAI	테스트를 계속하려면 START 버튼을 누르십시오	按START按钮进行测试	按START按鈕進行測試
	RAC_HUD_TrackMastering	TRACK MASTERING	MAÎTRISE DES PISTES	PADRONEGGIARE IL PERCORSO	TRACK MEISTERN	DOMINIO DEL CIRCUITO	ОСВОЕНИЕ ТРАССЫ	OPANOWANIE TORU	コースの達人	DOMÍNIO DAS PISTAS	DOMINIO DEL CIRCUITO	MAÎTRISE DES PISTES	트랙 마스터링	圈速达人	圈速達人
	RAC_HUD_ElimStayOutOfLast	ELIMINATOR: STAY OUT OF LAST	FACTEUR D'ÉLIMINATION : NE TERMINE PAS DERNIER	ELIMINAZIONE: EVITA L'ULTIMA POSIZIONE	ELIMINATION: WERDE NICHT LETZTER	ELIMINADOR: NO SEAS EL ÚLTIMO	ВЫБЫВАНИЕ: НЕ ЗАЙМИТЕ ПОСЛЕДНЕЕ МЕСТО	ELIMINACJA: NIE SPADNIJ NA OSTATNIE MIEJSCE	予選通過条件：最後尾にならないこと	ELIMINADOR: NÃO FIQUE EM ÚLTIMO	ELIMINADOR: NO SEAS EL ÚLTIMO	FACTEUR D'ÉLIMINATION : NE TERMINE PAS DERNIER	예선 통과 조건: 최하위를 피할 것	通过预赛条件：不要落到最后一名	通過預賽條件：不要落到最後一名
	RAC_HUD_GetReady	GET READY...	PRÊT...	PRONTI...	FERTIG ...	PREPARADOS...	ПРИГОТОВЬТЕСЬ...	PRZYGOTUJ SIĘ...	GET READY…	PREPARE-SE...	PREPARADOS...	PRÊT...	준비…	预备……	預備……
	RAC_HUD_RaceStartGo	GO!	PARTEZ !	VIA!	LOS!	¡YA!	СТАРТ!	START!	GO！	JÁ!	¡ya!	PARTEZ!	GO!	GO！	GO！
	RAC_HUD_RivalBeatRival	BEAT YOUR RIVAL TO THE FINISH LINE	FRANCHISSEZ LA LIGNE D'ARRIVÉE AVANT VOTRE RIVAL	TAGLIA IL TRAGUARDO PRIMA DEL TUO RIVALE	SCHLAGE DEINEN RIVALEN AM ZIEL!	LLEGA A LA META ANTES QUE TU RIVAL	ОПЕРЕДИТЕ СОПЕРНИКА НА ФИНИШЕ	ZAJMIJ NA MECIE WYŻSZE MIEJSCE OD RYWALA	ライバルより先にゴールしよう	ULTRAPASSE A LINHA DE CHEGADA ANTES DO SEU RIVAL	LLEGA A LA META ANTES QUE TU RIVAL	FRANCHIS LA LIGNE D'ARRIVÉE AVANT TON RIVAL	결승선까지 라이벌을 앞서나가라고. 	比对手先到终点吧	比對手先到終點吧
	RAC_HUD_RivalRivalInLead	YOUR RIVAL IS IN THE LEAD!	TON RIVAL EST EN TÊTE !	IL TUO RIVALE È AL COMANDO!	DEIN RIVALE LIEGT IN FÜHRUNG!	¡TU RIVAL VA POR DELANTE!	СОПЕРНИК ОБОГНАЛ ВАС!	RYWAL JEST NA PROWADZENIU!	ライバルがトップです！	O SEU RIVAL ESTÁ NA LIDERANÇA!	¡TU RIVAL ES EL LÍDER!	TON RIVAL EST EN TÊTE!	라이벌이 앞서나가고 있다!	对手领先了！	對手領先了！
	RAC_HUD_YourInTheLead	YOU'RE IN THE LEAD!	TU ES EN TÊTE !	SEI IN PRIMA POSIZIONE!	DU LIEGST IN FÜHRUNG!	¡VAS POR DELANTE!	ВЫ ЛИДИРУЕТЕ!	JESTEŚ NA PROWADZENIU!	あなたがトップです！	VOCÊ ESTÁ NA LIDERANÇA!	¡ERES EL LÍDER!	TU ES EN TÊTE!	앞서나가고 있다! 	你领先了！	你領先了！
	RAC_HUD_RivalTooFarBack	GREAT DRIVING, YOUR RIVAL WILL NEVER CATCH YOU NOW!	SUPER PILOTAGE, VOTRE RIVAL N'A PLUS AUCUNE CHANCE DE VOUS RATTRAPER !	OTTIMA PROVA, IL TUO RIVALE NON RIUSCIRÀ MAI A RAGGIUNGERTI!	GUT GEFAHREN. DEIN RIVALE WIRD DICH NUN NICHT MEHR EINHOLEN!	¡GRAN PILOTAJE, TU RIVAL NO TE VA A PILLAR NUNCA!	ОТЛИЧНО! ТЕПЕРЬ СОПЕРНИК ВАС НЕ ДОГОНИТ!	ŚWIETNA JAZDA, TWÓJ RYWAL NIE ZDOŁA CIĘ DOGONIĆ!	ナイスドライビング！ ライバルをぶっちぎり中！	BELA PILOTAGEM, O SEU RIVAL NÃO TEM COMO PEGAR VOCÊ!	¡QUÉ FORMA DE CONDUCIR! ¡TU RIVAL NO TE VA A ALCANZAR NUNCA!	SUPER PILOTAGE, TON RIVAL N'A PLUS AUCUNE CHANCE DE TE RATTRAPER!	훌륭한 드라이빙이야, 라이벌이 절대 따라잡지 못할 걸! 	开得漂亮！对手追不上的！	開得漂亮！對手追不上的！
	RAC_HUD_RivalTooFarAhead	YOUR RIVAL IS TOO FAR AHEAD	TON RIVAL EST TROP LOIN DEVANT	IL TUO RIVALE È TROPPO LONTANO	DEIN RIVALE IST ZU WEIT VORAUS	TU RIVAL TE SACA DEMASIADA VENTAJA	СОПЕРНИК СЛИШКОМ ДАЛЕКО ОТ ВАС	RYWAL JEST ZA DALEKO Z PRZODU	ライバルが大幅リード中！	O SEU RIVAL ESTÁ MUITO NA FRENTE	TU RIVAL TE SACA DEMASIADA VENTAJA	TON RIVAL EST TROP LOIN DEVANT	라이벌이 너무 멀리 떨어져 있다.	对手正大幅领先！	對手正大幅領先！
	RAC_HUD_Rival1stToLine	YOUR RIVAL BEAT YOU TO THE LINE	TON RIVAL A FRANCHI LA LIGNE AVANT TOI	IL TUO RIVALE TI HA BATTUTO SUL TRAGUARDO	DEIN RIVALE HAT DICH GESCHLAGEN	TU RIVAL HA LLEGADO ANTES A LA META	СОПЕРНИК ФИНИШИРОВАЛ РАНЬШЕ ВАС	RYWAL ZAJĄŁ WYŻSZE MIEJSCE	ライバルがゴールしました	O SEU RIVAL ULTRAPASSOU A LINHA DE CHEGADA PRIMEIRO	TU RIVAL LLEGÓ ANTES A LA META	TON RIVAL A FRANCHI LA LIGNE AVANT TOI	라이벌이 너를 앞서고 있군	对手到终点了	對手到終點了
	RAC_HUD_RivalYour1stToLine	YOU BEAT YOUR RIVAL TO THE LINE. GREAT DRIVING!	VOUS AVEZ FRANCHI L'ARRIVÉE AVANT VOTRE RIVAL. ÇA, C'EST DE LA CONDUITE !	HAI BATTUTO IL TUO RIVALE SUL TRAGUARDO. OTTIMA PROVA!	DU HAST DEINEN RIVALEN GESCHLAGEN. GUT GEFAHREN!	¡HAS LLEGADO A LA META ANTES QUE TU RIVAL, GRAN PILOTAJE!	ВЫ ФИНИШИРОВАЛИ РАНЬШЕ СОПЕРНИКА! ОТЛИЧНО!	ZAJMUJESZ WYŻSZE MIEJSCE OD RYWALA. ŚWIETNA JAZDA!	ライバルより先にゴール！ 素晴らしい走りです！	VOCÊ ULTRAPASSOU A LINHA DE CHEGADA ANTES DO SEU RIVAL. BELA PILOTAGEM!	¡LLEGASTE A LA META ANTES QUE TU RIVAL, ERES UN GRAN PILOTO!	TU AS FRANCHI L'ARRIVÉE AVANT TON RIVAL. ÇA, C'EST DE LA CONDUITE!	라이벌을 앞서고 있어. 좋아.	你比对手更早到达终点！真是精彩的驾驶！	你比對手更早到達終點！真是精彩的駕駛！
	RAC_HUD_HotLapGoal	BEAT THE TARGET TIMES	BEAT THE TARGET TIMES	BEAT THE TARGET TIMES	BEAT THE TARGET TIMES	BEAT THE TARGET TIMES	BEAT THE TARGET TIMES	BEAT THE TARGET TIMES	BEAT THE TARGET TIMES	BEAT THE TARGET TIMES	BEAT THE TARGET TIMES	BEAT THE TARGET TIMES	BEAT THE TARGET TIMES	BEAT THE TARGET TIMES	BEAT THE TARGET TIMES
	RAC_HUD_HotLap1star	YOU BEAT ONE TARGET, PUSH FOR THE NEXT ONE!	YOU BEAT ONE TARGET, PUSH FOR THE NEXT ONE!	YOU BEAT ONE TARGET, PUSH FOR THE NEXT ONE!	YOU BEAT ONE TARGET, PUSH FOR THE NEXT ONE!	YOU BEAT ONE TARGET, PUSH FOR THE NEXT ONE!	YOU BEAT ONE TARGET, PUSH FOR THE NEXT ONE!	YOU BEAT ONE TARGET, PUSH FOR THE NEXT ONE!	YOU BEAT ONE TARGET, PUSH FOR THE NEXT ONE!	YOU BEAT ONE TARGET, PUSH FOR THE NEXT ONE!	YOU BEAT ONE TARGET, PUSH FOR THE NEXT ONE!	YOU BEAT ONE TARGET, PUSH FOR THE NEXT ONE!	YOU BEAT ONE TARGET, PUSH FOR THE NEXT ONE!	YOU BEAT ONE TARGET, PUSH FOR THE NEXT ONE!	YOU BEAT ONE TARGET, PUSH FOR THE NEXT ONE!
	RAC_HUD_HotLap2stars	YOU BEAT TWO TARGETS, JUST ONE MORE TO KNOCK DOWN!	YOU BEAT TWO TARGETS, JUST ONE MORE TO KNOCK DOWN!	YOU BEAT TWO TARGETS, JUST ONE MORE TO KNOCK DOWN!	YOU BEAT TWO TARGETS, JUST ONE MORE TO KNOCK DOWN!	YOU BEAT TWO TARGETS, JUST ONE MORE TO KNOCK DOWN!	YOU BEAT TWO TARGETS, JUST ONE MORE TO KNOCK DOWN!	YOU BEAT TWO TARGETS, JUST ONE MORE TO KNOCK DOWN!	YOU BEAT TWO TARGETS, JUST ONE MORE TO KNOCK DOWN!	YOU BEAT TWO TARGETS, JUST ONE MORE TO KNOCK DOWN!	YOU BEAT TWO TARGETS, JUST ONE MORE TO KNOCK DOWN!	YOU BEAT TWO TARGETS, JUST ONE MORE TO KNOCK DOWN!	YOU BEAT TWO TARGETS, JUST ONE MORE TO KNOCK DOWN!	YOU BEAT TWO TARGETS, JUST ONE MORE TO KNOCK DOWN!	YOU BEAT TWO TARGETS, JUST ONE MORE TO KNOCK DOWN!
	RAC_HUD_HotLap3stars	YOU BEAT ALL THE TARGETS, GREAT DRIVING!	YOU BEAT ALL THE TARGETS, GREAT DRIVING!	YOU BEAT ALL THE TARGETS, GREAT DRIVING!	YOU BEAT ALL THE TARGETS, GREAT DRIVING!	YOU BEAT ALL THE TARGETS, GREAT DRIVING!	YOU BEAT ALL THE TARGETS, GREAT DRIVING!	YOU BEAT ALL THE TARGETS, GREAT DRIVING!	YOU BEAT ALL THE TARGETS, GREAT DRIVING!	YOU BEAT ALL THE TARGETS, GREAT DRIVING!	YOU BEAT ALL THE TARGETS, GREAT DRIVING!	YOU BEAT ALL THE TARGETS, GREAT DRIVING!	YOU BEAT ALL THE TARGETS, GREAT DRIVING!	YOU BEAT ALL THE TARGETS, GREAT DRIVING!	YOU BEAT ALL THE TARGETS, GREAT DRIVING!
	RAC_HUD_HotLapTooSlow	YOU DIDN'T MAKE THE MINIMUM LAP TIME	YOU DIDN'T MAKE THE MINIMUM LAP TIME	YOU DIDN'T MAKE THE MINIMUM LAP TIME	YOU DIDN'T MAKE THE MINIMUM LAP TIME	YOU DIDN'T MAKE THE MINIMUM LAP TIME	YOU DIDN'T MAKE THE MINIMUM LAP TIME	YOU DIDN'T MAKE THE MINIMUM LAP TIME	YOU DIDN'T MAKE THE MINIMUM LAP TIME	YOU DIDN'T MAKE THE MINIMUM LAP TIME	YOU DIDN'T MAKE THE MINIMUM LAP TIME	YOU DIDN'T MAKE THE MINIMUM LAP TIME	YOU DIDN'T MAKE THE MINIMUM LAP TIME	YOU DIDN'T MAKE THE MINIMUM LAP TIME	YOU DIDN'T MAKE THE MINIMUM LAP TIME
	RAC_HUD_ElimLastPlaceOut	LAST PLACE ELIMINATED!	LE DERNIER EST ÉLIMINÉ !	L'ULTIMO È STATO ELIMINATO!	LETZTER PLATZ AUSGESCHIEDEN!	¡ÚLTIMO LUGAR, ELIMINADO!	ПОСЛЕДНИЙ ВЫБЫЛ!	OSTATNIE MIEJSCE ODPADA!	最後尾が脱落！	ÚLTIMO LUGAR ELIMINADO!	¡ÚLTIMO LUGAR, ELIMINADO!	LE DERNIER EST ÉLIMINÉ!	최하위 제거! 	最后一名脱落！	最後一名脫落！
	RAC_HUD_YourInLast	YOU'RE IN LAST PLACE!	TU ES DERNIER !	SEI IN ULTIMA POSIZIONE!	DU BIST LETZTER!	¡HAS QUEDADO EL ÚLTIMO!	ВЫ НА ПОСЛЕДНЕМ МЕСТЕ!	ZAJMUJESZ OSTATNIE MIEJSCE!	あなたが最後尾です！	VOCÊ ESTÁ EM ÚLTIMO LUGAR!	¡QUEDASTE ÚLTIMO!	TU ES DERNIER!	최하위다! 	你是最后一名！	你是最後一名！
	RAC_HUD_ElimLastOneLeft	YOU'RE THE LAST ONE LEFT! GREAT DRIVING!	IL NE RESTE PLUS QUE TOI ! ÇA, C'EST DE LA CONDUITE !	SEI L'ULTIMO RIMASTO! OTTIMA PROVA!	DU BIST ALS EINZIGES ÜBRIG! GUT GEFAHREN!	¡ERES EL ÚNICO QUE QUEDA! ¡GRAN PILOTAJE!	ВЫ УДЕРЖАЛИСЬ НА ПЕРВОМ МЕСТЕ! ОТЛИЧНО!	ZOSTAJESZ TYLKO TY! ŚWIETNA JAZDA!	勝ち残りました！ 素晴らしい走りです！	SÓ SOBROU VOCÊ! ÓTIMA PILOTAGEM!	¡ERES EL ÚNICO QUE QUEDA! ¡ASÍ SE CONDUCE!	IL NE RESTE PLUS QUE TOI! ÇA, C'EST DE LA CONDUITE!	최후의 1인이군! 멋진 드라이빙이야! 	你赢到最后了！真是精彩的驾驶！	你贏到最後了！真是精彩的駕駛！
	RAC_HUD_ElimEliminated	YOU'VE BEEN ELIMINATED	TU AS ÉTÉ ÉLIMINÉ	SEI STATO ELIMINATO	DU BIST AUSGESCHIEDEN	TE HAN ELIMINADO	ВЫ ВЫБЫЛИ ИЗ ГОНКИ	WYELIMINOWANO	脱落しました	VOCÊ FOI ELIMINADO	TE HAN ELIMINADO	TU AS ÉTÉ ÉLIMINÉ	탈락하였습니다.	已脱落	已脫落
	RAC_HUD_Score	SCORE	SCORE	PUNTEGGIO	ZU SCHLAGENDES	PUNTUACIÓN	ОЧКИ	WYNIK	スコア	PONTUAÇÃO	PUNTUACIÓN	POINTAGE	스코어	分数	分數
	RAC_HUD_ToBeat	TO BEAT	A BATTRE	DA BATTERE	ERGEBNIS	A SUPERAR	ЦЕЛЬ	DO POBICIA	目標タイム	A BATER	A SUPERAR	A BATTRE	목표 타임	目标时间	目標時間
	RAC_HUD_TimeAttackFinalLap	Last Lap	Dernier tour	Ultimo giro	Letzte Runde	Última vuelta	Последний круг	Ostatnie okrążenie	最終ラップ	Última volta	Última vuelta	Dernier tour	최종 랩	最后一圈	最後一圈
	RAC_HUD_Youre25SecondsAhead	You're 2.5 seconds ahead	Tu as 2,5 secondes d'avance	Hai un vantaggio di 2.5 secondi	Du bist 2,5 Sekunden voraus	Vas 2,5 segundos por delante	Вы опережаете соперника на 2,5 секунды	Prowadzisz o 2,5 s	2.5秒リードしています	Você está 2,5 segundos à frente	Estás 2.5 segundos por delante	Tu as 2,5 secondes d'avance	2.5초 앞서있습니다.	领先2.5秒	領先2.5秒
	RAC_HUD_Youre25SecondsBehind	You're 2.5 seconds behind	Tu as 2,5 secondes de retard	Hai un ritardo di 2.5 secondi	Du liegst 2,5 Sekunden zurück	Vas 2,5 segundos por detrás	Вы отстаете от соперника на 2,5 секунды	Tracisz 2,5 s	2.5秒遅れています	Você está 2,5 segundos atrás	Estás 2.5 segundos por detrás	Tu as 2,5 secondes de retard	2.5초 뒤처져있습니다.	落后2.5秒	落後2.5秒
	RAC_HUD_DisqualifiedHitObject	HIT OBJECT	COLLISION OBJET	OGGETTO URTATO	OBJEKT GERAMMT	CHOQUE	СТОЛКНОВЕНИЕ	KOLIZJA Z PRZEDMIOTEM	オブジェクトと接触	ACERTOU OBJETO	CHOCASTE	COLLISION OBJET	오브젝트와 접촉	碰撞物体	碰撞物件
	RAC_HUD_DisqualifiedCauseScript	DISQUALIFIED	DISQUALIFICATION	SQUALIFICATO	DISQUALIFIZIERT	DESCALIFICADO	ДИСКВАЛИФИКАЦИЯ	DYSKWALIFIKACJA	失格	DESCLASSIFICADO	DESCALIFICADO	DISQUALIFICATION	실격	取消资格	排位失格
	RAC_HUD_DisqualifiedCauseScriptRemove	DISQUALIFIED	DISQUALIFICATION	SQUALIFICATO	DISQUALIFIZIERT	DESCALIFICADO	ДИСКВАЛИФИКАЦИЯ	DYSKWALIFIKACJA	失格	DESCLASSIFICADO	DESCALIFICADO	DISQUALIFICATION	실격	取消资格	排位失格
	RAC_HUD_Pts	Pts	Pts	P.ti	Pkt	Pts	Очки	Pkt.	PT	Pts	Pts	Pts	포인트	分	分
	RAC_HUD_LeaderboardFinished	Finished	Terminé	Finito	Im ziel	Finalizado	Финиширует	Ukończono	完走	Terminou	Terminada	Terminé	완주	已完成	已完成
	RAC_HUD_NewFastestLapPlayer	YOU JUST SET A NEW FASTEST LAP	VOUS BATTEZ LE RECORD DU TOUR	HAI REALIZZATO UN NUOVO GIRO VELOCE	DU BIST EINE NEUE SCHNELLSTE RUNDE GEFAHREN	ACABAS DE ESTABLECER UN NUEVO RÉCORD DE VUELTA	ВЫ УСТАНОВИЛИ НОВЫЙ РЕКОРД КРУГА	NOWY REKORD OKRĄŻENIA	最速ラップを記録	VOCÊ ACABOU DE FAZER A MELHOR VOLTA	ACABAS DE ESTABLECER UN NUEVO RÉCORD DE VUELTA	VOUS BATTEZ LE RECORD DU TOUR	최고속 랩 타임을 기록	你创下了最速单圈纪录	你創下了最速單圈紀錄
	RAC_HUD_HurryUp	Hurry Up	Vite !	Affrettati	Beeil dich!	¡Date prisa!	Быстрее	Szybciej!	急いでください	Mais rápido	¡Date prisa!	Vite!	서두르십시오	请加快速度	請加快速度
	RAC_HUD_STAROBJECTIVES	STAR OBJECTIVES	STAR OBJECTIVES	STAR OBJECTIVES	STAR OBJECTIVES	STAR OBJECTIVES	STAR OBJECTIVES	STAR OBJECTIVES	STAR OBJECTIVES	STAR OBJECTIVES	STAR OBJECTIVES	STAR OBJECTIVES	STAR OBJECTIVES	STAR OBJECTIVES	STAR OBJECTIVES
	RAC_HUD_TimeFormatMMSSHH	[MM]:[SS].[HH]	[MM]:[SS].[HH]	[MM]:[SS].[HH]	[MM]:[SS].[HH]	[MM]:[SS].[HH]	[MM]:[SS].[HH]	[MM]:[SS].[HH]	[MM]:[SS].[HH]	[MM]:[SS].[HH]	[MM]:[SS].[HH]	[MM]:[SS].[HH]	[MM]:[SS].[HH]	[MM]:[SS].[HH]	[MM]:[SS].[HH]
	RAC_HUD_TimeFormatMMSSTTT	[MM]:[SS].[TTT]	[MM]:[SS].[TTT]	[MM]:[SS].[TTT]	[MM]:[SS].[TTT]	[MM]:[SS].[TTT]	[MM]:[SS].[TTT]	[MM]:[SS].[TTT]	[MM]:[SS].[TTT]	[MM]:[SS].[TTT]	[MM]:[SS].[TTT]	[MM]:[SS].[TTT]	[MM]:[SS].[TTT]	[MM]:[SS].[TTT]	[MM]:[SS].[TTT]
	RAC_HUD_TimeFormatMMSS	[MM]:[SS]	[MM]:[SS]	[MM]:[SS]	[MM]:[SS]	[MM]:[SS]	[MM]:[SS]	[MM]:[SS]	[MM]:[SS]	[MM]:[SS]	[MM]:[SS]	[MM]:[SS]	[MM]:[SS]	[MM]:[SS]	[MM]:[SS]
	RAC_HUD_BADGEUNLOCKED	Badge Earned!	Badge gagné !	Emblema ottenuto!	Abzeichen gewonnen!	¡Medalla conseguida!	Получен значок!	Zdobywasz odznakę!	バッジを獲得！	Ganhou um emblema!	¡Medalla conseguida!	Badge gagné!	배지를 획득!	获得徽章！	獲得徽章！
	RAC_HUD_WarningCutTrackFinal	FINAL CUT-TRACK Lap time invalidated	PISTE COUPÉE FINAL Temps invalidé	TAGLIO DEL TRACCIATO FINALE Tempo sul giro non valido	ENDGÜLTIG STRECKE GESCHNITTEN Rundenzeit ungültig	ÚLTIMO AVISO: HAS ACORTADO Tiempo de vuelta anulado	ПОСЛЕДНЯЯ СРЕЗКА ТРАССЫ Время круга недействительно	ŚCINANIE ZAKRĘTÓW (OST.) Czas okrążenia został unieważniony	ショートカット走行最終警告 ラップタイムは記録されません	CORTOU CAMINHO FINAL Tempo da volta invalidado	ATAJO FINAL Tiempo de vuelta anulado	PISTE COUPÉE FINAL Temps invalidé	코스 밖 주행 파이널 랩 타임 무효	抄近路最后警告 不记录单圈	抄近路最後警告 不記錄單圈
	RAC_HUD_WarningCutTrackRepeat	CUT-TRACK Lap time invalidated	PISTE COUPÉE Temps invalidé	TAGLIO DEL TRACCIATO Tempo sul giro non valido	STRECKE GESCHNITTEN Rundenzeit ungültig	HAS ACORTADO Tiempo de vuelta anulado	СРЕЗКА ТРАССЫ Время круга недействительно	ŚCINANIE ZAKRĘTÓW Czas okrążenia został unieważniony	ショートカット走行 ラップタイムは記録されません	CORTOU CAMINHO Tempo da volta invalidado	ATAJO Tiempo de vuelta anulado	PISTE COUPÉE Temps invalidé	코스 밖 주행 랩 타임 무효	抄近路 不记录单圈	抄近路 不記錄單圈
	RAC_HUD_SPLITTIME	SPLIT	INTERMÉDIAIRE	INTERMEDIO	ZWISCHENZEIT	DIFERENCIA	ОТРЫВ	MIĘDZYCZAS	スプリット	PARCIAL	DIFERENCIA	INTERMÉDIAIRE	스플릿	分段	分段
	RAC_HUD_ThousandSeparator	UNTRANSLATED (3798328613): RAC_HUD_ThousandSeparator	UNTRANSLATED (3798328613): RAC_HUD_ThousandSeparator	UNTRANSLATED (3798328613): RAC_HUD_ThousandSeparator	UNTRANSLATED (3798328613): RAC_HUD_ThousandSeparator	UNTRANSLATED (3798328613): RAC_HUD_ThousandSeparator	UNTRANSLATED (3798328613): RAC_HUD_ThousandSeparator	UNTRANSLATED (3798328613): RAC_HUD_ThousandSeparator	UNTRANSLATED (3798328613): RAC_HUD_ThousandSeparator	UNTRANSLATED (3798328613): RAC_HUD_ThousandSeparator	UNTRANSLATED (3798328613): RAC_HUD_ThousandSeparator	UNTRANSLATED (3798328613): RAC_HUD_ThousandSeparator	UNTRANSLATED (3798328613): RAC_HUD_ThousandSeparator	UNTRANSLATED (3798328613): RAC_HUD_ThousandSeparator	UNTRANSLATED (3798328613): RAC_HUD_ThousandSeparator
	RAC_HUD_DecimalPoint	.	,	,	,	,	.	,	.	.	,	,	.	.	.
	RAC_HUD_PersonalBest	PERSONAL BEST	RECORD PERSONNEL	RECORD PERSONALE	PERSÖNLICHE BESTZEIT	RÉCORD PERSONAL	ЛИЧНЫЙ РЕКОРД	OSOBISTY REKORD	自己ベスト	RECORDE PESSOAL	RÉCORD PERSONAL	RECORD PERSONNEL	개인 베스트	个人最佳纪录	個人最佳紀錄
	RAC_HUD_PersonalBestNA	N/A	n.d.	N/D	-	N/D	Н/Д	nd.	なし	N/D	N/D	n.d.	없음	无	無
	RAC_HUD_ELIMINATION	ELIMINATION	ÉLIMINATION	ELIMINAZIONE	ELIMINIERUNG	ELIMINACIÓN	ВЫБЫВАНИЕ	ELIMINACJA	予選	ELIMINAÇÃO	ELIMINACIÓN	ÉLIMINATION	엘리미네이션	淘汰赛	排位賽
	RAC_HUD_IN	IN	DANS	IN	IN	EN	ЧЕРЕЗ	ZA	イン	DENTRO	EN	DANS	인	还有	還有
	RAC_HUD_TONEXT	TO NEXT	RESTANTS	AL PROSSIMO	ZUM NÄCHSTEN	HASTA SIGUIIENTE	ДО СЛЕД.	DO NASTĘPNEGO	次へ	PARA PRÓXIMO	RESTANTES	RESTANTS	다음으로	到下一个	到下一個
	RAC_HUD_CORNERS	CORNERS	VIRAGES	STERZATE	KURVEN	CURVAS	ПОВОРОТЫ	ZAKRĘTY	コーナー	CURVAS	CURVAS	VIRAGES	코너	弯道	彎道
	RAC_HUD_BESTLINE	BEST LINE	MEILLEURE TRAJECTOIRE	TRAIETTORIA OTTIMALE	IDEALLINIE	TRAZADA IDEAL	ТРАЕКТОРИЯ	OPTYMALNY TOR	ベストライン	MELHOR LINHA	TRAZADA IDEAL	MEILLEURE TRAJECTOIRE	베스트 라인	最佳路线	最佳路線
	RAC_HUD_PerfectShift	Perfect Shift!	Changement parfait !	Cambio perfetto!	Perfekt geschaltet!	¡Cambio perfecto!	Идеальное переключение!	Idealna zmiana biegu!	完璧なギアチェンジです!	Troca de marcha perfeita!	¡Cambio perfecto!	Changement parfait!	완벽한 시프트! 	完美的换档！	完美的換檔！
	RAC_HUD_PEAKGRIP	PEAK GRIP	SUPER MOTRICITÉ	MASSIMA TENUTA	MAXIMALER GRIP	ADHERENCIA MÁXIMA	ПИК СЦЕПЛЕНИЯ	SZCZYT PRZYCZEPNOŚCI	ピークグリップ	ADERÊNCIA MÁXIMA	ADHERENCIA MÁXIMA	SUPER MOTRICITÉ	피크 그립	最大抓地力	最大抓地力
	RAC_HUD_PEAK	PEAK	MAX.	PICCO	MAX.	MÁX.	ПИК	MAKS.	ピーク	MÁX.	MÁX.	MAX.	피크	最高	最高
	RAC_HUD_POS	POS	POS	POS	POS	POS.	ПОЗ.	POZ.	順位	POS	POSICIÓN	POS	POS	名次	名次
	RAC_HUD_DRIVER	DRIVER	PILOTE	PILOTA	FAHRER	PILOTO	ПИЛОТ	KIEROWCA	ドライバー	PILOTO	PILOTO	PILOTE	드라이버	车手	車手
	RAC_HUD_WaitingForRaceFinish	Waiting for all players to finish	Au moins un joueur n'a pas terminé	In attesa degli altri giocatori	Warten, bis alle Spieler im Ziel sind ...	Esperando a que terminen todos los jugadores	Ожидание финиша других игроков	Oczekiwanie na zakończenie przez pozostałych graczy	全プレイヤーがフィニッシュするのを待っています	Esperando todos os jogadores terminarem	Esperando a que terminen todos los jugadores	Au moins un joueur n'a pas terminé	모든 플레이어가 피니시하는 것을 기다리는 중입니다.	正在等待所有玩家完成	正在等待所有玩家完成
	RAC_HUD_lbft	lb/ft	lb/ft	lb/ft	lb/ft	lb/ft	фунт/фут	lb/ft	lb/ft	lb/ft	lb/ft	lb/pi	lb/ft	lb/ft	lb/ft
	RAC_HUD_PSI	PSI	PSI	PSI	PSI	PSI	PSI	PSI	psi	PSI	PSI	PSI	PSI	PSI	PSI
	RAC_HUD_Nm	Nm	Nm	Nm	Nm	Nm	Nm	Nm	Nm	Nm	Nm	Nm	Nm	Nm	Nm
	RAC_HUD_bar	bar	bar	bar	Bar	bar	бар	bar	bar	bar	bar	bar	bar	bar	bar
	RAC_HUD_c	c	c	c	c	c	c	c	c	c	c	c	c	c	c
	RAC_HUD_f	f	f	f	f	f	f	f	f	f	f	f	f	f	f
	RAC_HUD_hp	hp	ch	cv	PS	hp	л. с.	KM	hp	hp	cv	ch	hp	hp	hp
	RAC_HUD_cm	cm	cm	cm	cm	cm	см	cm	cm	cm	cm	cm	cm	cm	cm
	RAC_HUD_in2	in	po	in	in	in	"	in	in	pol	in	po	인치	in	in
	RAC_HUD_ElimFarAhead	YOU LEFT EVERYONE BEHIND! YOU WON!	TU AS LAISSÉ TOUT LE MONDE DERRIÈRE ! TU AS GAGNÉ !	TI SEI LASCIATO TUTTI ALLE SPALLE! HAI VINTO!	DU HAST ALLE ABGEHÄNGT! DU GEWINNST!	¡LOS HAS DEJADO ATRÁS A TODOS! ¡HAS GANADO!	ВЫ ОБОГНАЛИ ВСЕХ! ПОБЕДА!	ZOSTAWIASZ WSZYSTKICH W TYLE! WYGRYWASZ!	大差をつけて勝利！	VOCÊ DEIXOU TODOS PARA TRÁS! VOCÊ VENCEU!	¡DEJASTE A TODOS ATRÁS! ¡GANASTE!	TU AS LAISSÉ TOUT LE MONDE DERRIÈRE! TU AS GAGNÉ!	모두를 제쳤습니다! 우승입니다! 	你把所有人抛在后面了！你赢了！	你把所有人拋在後面了！你贏了！
	RAC_HUD_TORQUE	TORQUE	COUPLE	COPPIA	DREHMOMENT	PAR	КР. МОМЕНТ	MOM. OBROT.	トルク	TORQUE	PAR	COUPLE	토크	扭力	扭力
	RAC_HUD_Friction	Friction	Frottement	Attrito	Reibung	Fricción	Трение	Tarcie	摩擦	Fricção	Fricción	Frottement	마찰	摩擦力	摩擦力
	RAC_HUD_GForces	G Forces	Forces G	Forza di gravità	G-Kräfte	Fuerzas G	Перегрузки	Przeciążenia	重力加速度	Forças G	Fuerzas G	Forces G	G	G力	G力
	RAC_HUD_TireTempSuspension	Tyre Temp / Suspension	Temp. des pneus / Suspension	Temperatura gomme / Sospensioni	Reifentemperatur/Fahrwerk	Temperatura de neumático/Suspensión	Темп. шин / Подвеска	Temperatura opon / zawieszenia	タイヤ温度/サスペンション	Temp. do pneu / Suspensão	Temperatura de neumático/Suspensión	Temp. des pneus / Suspension	타이어 온도/서스펜션	车胎温度/悬挂系统	車胎溫度/懸吊系統
	RAC_HUD_OILPRESS	OIL PRESS	PRESS. HUILE	PRESSIONE OLIO	ÖLDRUCK	PRES. ACEITE	ДАВЛЕНИЕ МАСЛА	CIŚNIEN. OLEJU	油圧	PRESSÃO DO ÓLEO	PRES. ACEITE	PRESS. HUILE	유압	油压	油壓
	RAC_HUD_WATERTEMP	WATER TEMP	T° DE L'EAU	TEMPERATURA ACQUA	WASSERTEMP.	TEMP. AGUA	ТЕМПЕРАТУРА ВОДЫ	TEMP. WODY	水温	TEMP. DA ÁGUA	TEMP. AGUA	T° DE L'EAU	수온	水温	水溫
	RAC_HUD_GEARRATIO	GEAR RATIO	RAPP. BOÎTE	RAPPORTO TRASMISSIONE	ÜBERSETZUNG	REL. MARCHAS	СООТНОШЕНИЕ ПЕРЕДАЧ	PRZEŁOŻ. GŁ.	ギア比	RELAÇÃO DE MARCHAS	REL. MARCHAS	RAPP. BOÎTE	기어비	齿比	齒比
	RAC_HUD_GEARBOXRPM	GEARBOX RPM	TR/MIN TRAN.	RPM CAMBIO	GETRIEBE UPM	RPM CAMBIOS	КПП ОБ/МИН	OBR. SKRZYNI	ギアボックスRPM	RPM DA CAIXA DE CÂMBIO	RPM CAMBIOS	TR/MIN TRAN.	기어 박스 RPM	变速箱转速	變速箱轉速
	RAC_HUD_BUMPSTOP	BUMP STOP	BUTÉE	PARAURTI	FEDERWEGB.	TOPE AMORT.	ОТБОЙНИК	ODBÓJ ZAWIESZ.	バンプストップ	CASQUILHO	TOPE AMORT.	BUTÉE	범프 스톱	避震器缓冲垫	避震器緩衝墊
	RAC_HUD_TRAVEL	TRAVEL	COURSE	VIAGGIO	FEDERWEG	RECORRIDO	ХОД	SKOK	走行距離	CURSO	RECORRIDO	COURSE	트레블	行程	行程
	RAC_HUD_RIDEHEIGHT	RIDE HEIGHT	GARDE SOL	ALTEZZA	BODENFREIH.	ALTURA	КЛИРЕНС	PRZEŚWIT	車高	DISTÂNCIA DO SOLO	ALTURA DE MARCHA	GARDE SOL	차고	底盘高度	車身高度
	RAC_HUD_BRAKETEMP	BRAKE TEMP	TEMP. FREINS	TEMPERATURA FRENI	BREMSTEMP.	TEMP. FRENO	ТЕМПЕРАТУРА ТОРМОЗОВ	T. HAMULCÓW	ブレーキ温度	TEMP. DOS FREIOS	TEMP. FRENO	TEMP. FREINS	브레이크 온도	煞车温度	煞車溫度
	RAC_HUD_POWER	POWER	PUISSANCE	POTENZA	LEISTUNG	POTENCIA	МОЩНОСТЬ	MOC	馬力	POTÊNCIA	POTENCIA	PUISSANCE	출력	马力	馬力
	RAC_HUD_TIRETEMP	TYRE TEMP	T° PNEUS	TEMPERATURA GOMME	REIFENTEMP.	TEMP. NEUMÁTICO	ТЕМПЕРАТУРА ШИН	TEMP. OPON	タイヤ温度	TEMP. DO PNEU	TEMP. NEUMÁTICO	T° PNEUS	타이어 온도	车胎温度	車胎溫度
	RAC_HUD_DisqualifiedCauseCarUndrivable	ENGINE BLOWN	CASSE MOTEUR	MOTORE ESPLOSO	MOTORSCHADEN	ROTURA DE MOTOR	ДВИГАТЕЛЬ СГОРЕЛ	AWARIA SILNIKA	エンジン故障	MOTOR FUNDIDO	ROTURA DE MOTOR	MOTEUR SAUTÉ	엔진 블로우	引擎故障	引擎故障
	RAC_HUD_TERMINAL	TERMINAL	FINALE	ARRIVO	END-	TERMINAL	МАКСИМУМ	TERMINAL	終端	FINAL	TERMINAL	FINALE	종단	终端	極限
	RAC_HUD_TERMINALSPEED	TERMINAL SPEED	VITESSE FINALE	VELOCITÀ ALL'ARRIVO	ENDGESCHWINDIGKEIT	VELOCIDAD TERMINAL	МАКС. СКОРОСТЬ	PRĘDKOŚĆ KOŃCOWA	終端速度	VELOCIDADE FINAL	VELOCIDAD TERMINAL	VITESSE FINALE	종단 속도	终端速度	極限速度
	RAC_HUD_DriverXP	Driver XP	XP du pilote	PE pilota	Fahrererfahrung	XP de piloto	Опыт пилота	PD kierowcy	ドライバー経験値	XP de piloto	XP de piloto	XP du pilote	드라이버 경험치	车手经验值	車手經驗值
	RAC_HUD_TimeLeft	Time Left	Temps restant	Tempo rimasto	Restzeit	Tiempo restante	Осталось	Pozostało:	残り時間	Tempo restante	Tiempo restante	Temps restant	남은 시간	剩余时间	剩餘時間
	RAC_HUD_CountdownUntilReturnToL	Countdown until return to lobby	Compte à rebours avant retour au salon	Conto alla rovescia per il ritorno alla sala d'attesa	Countdown bis Rückkehr zur Lobby	Cuenta atrás para volver a la sala de espera	Отсчет до возврата в лобби	Odliczanie do powrotu do poczekalni	ロビーへ戻るまでの残り時間	Contagem regressiva até retornar ao lobby	Cuenta regresiva para volver a la sala	Compte à rebours avant retour au salon	로비로 돌아갈 때까지 남은 시간	倒计时返回大厅	倒計時返回大廳
	RAC_HUD_TOTAL	TOTAL	TOTAL	TOTALE	GESAMT	TOTAL	ВСЕГО	OGÓŁEM	合計	TOTAL	TOTAL	TOTAL	합계	总计	總計
	RAC_HUD_SESSIONBEST	SESSION BEST	RECORD DE LA SESSION	MIGLIORE DELLA SESSIONE	SITZUNG-BESTLEISTUNG	RÉCORD DE SESIÓN	РЕКОРД СЕССИИ	REKORD SESJI	セッションベスト	RECORDE DA SESSÃO	RÉCORD DE SESIÓN	RECORD DE LA SESSION	세션 베스트	赛程最佳	賽程最佳
	RAC_HUD_OvNFastCar	Overtake your slower opponent and win the race!	Dépassez votre adversaire plus lent et remportez la course !	Supera l'avversario più lento e vinci la gara!	Überhole deinen langsameren Kontrahenten und gewinne das Rennen!	¡Adelanta a tu rival más lento y gana la carrera!	Обгоните соперника и одержите победу в гонке!	Wyprzedź wolniejszego przeciwnika i wygraj zawody!	対戦相手を追い越してレースに勝利しよう！	Ultrapasse seu aponente mais lento e vença a corrida!	¡Adelanta a tu rival más lento y gana la carrera!	Dépasse ton adversaire plus lent et remporte la course!	느린 대전 상대를 제치고 우승을 차지하자! 	超越比你慢的对手赢得比赛！	超越比你慢的對手贏得比賽！
	RAC_HUD_OvNSlowCar	Cross the finish before your opponent overtakes you!	Franchis la ligne d'arrivée avant que l'adversaire ne te double !	Raggiungi il traguardo prima che l'avversario ti superi!	Überquere die Ziellinie, bevor dich dein Kontrahent überholt!	¡Cruza la meta antes de que te adelante tu rival!	Финишируйте раньше соперника!	Przekrocz linię mety, zanim wyprzedzi cię przeciwnik!	対戦相手に抜かれる前にゴールしよう！	Cruze a linha de chegada antes que o seu aponente ultrapasse você!	¡Cruza la meta antes de que te pase tu rival!	Franchis la ligne d'arrivée avant que l'adversaire ne te double!	대전 상대가 추월하기 전에 결승선을 통과하자! 	在你的对手超越你之前冲过终点！	在你的對手超越你之前衝過終點！
	RAC_HUD_WarningCutTrack1stMod	CUT-TRACK #1 Current & next lap times invalidated	PISTE COUPÉE #1 Temps invalidés pour ce tour et le suivant	TAGLIO DEL TRACCIATO N°1 Tempo sul giro attuale e sul prossimo annullati	STRECKE GESCHNITTEN #1 Aktuelle & nächste Rundenzeiten ungültig	CORTE n.º 1 Tiempos de vuelta actual y siguiente anulados	СРЕЗКА ТРАССЫ #1 Время текущего и следующего круга не зачтено	ŚCINANIE ZAKRĘTÓW #1 Akt. i nast. okrążenia zost. unieważnione	ショートカット走行1回目 現在と次のラップタイムは記録されません	CORTOU CAMINHO #1 Tempos da volta atual e da próxima invalidados	ATAJO n.º 1 Tiempos de vuelta actual y siguiente anulados	PISTE COUPÉE #1 Temps invalidés pour ce tour et le suivant	코스 밖 주행 #1 금번 및 다음 랩 타임 무효	第一次抄近路 将不记录目前与下圈的单圈	第一次抄近路 將不記錄目前與下圈的單圈
	RAC_HUD_WarningCutTrack2ndMod	CUT-TRACK #2 Current & next lap times invalidated	PISTE COUPÉE #2 Temps invalidés pour ce tour et le suivant	TAGLIO DEL TRACCIATO N°2 Tempo sul giro attuale e sul prossimo annullati	STRECKE GESCHNITTEN #2 Aktuelle & nächste Rundenzeiten ungültig	CORTE n.º 2 Tiempos de vuelta actual y siguiente anulados	СРЕЗКА ТРАССЫ #2 Время текущего и следующего круга не зачтено	ŚCINANIE ZAKRĘTÓW #2 Akt. i nast. okrążenia zost. unieważnione	ショートカット走行2回目 現在と次のラップタイムは記録されません	CORTOU CAMINHO #2 Tempos da volta atual e da próxima invalidados	ATAJO n.º 2 Tiempos de vuelta actual y siguiente anulados	PISTE COUPÉE #2 Temps invalidés pour ce tour et le suivant	코스 밖 주행 #2 금번 및 다음 랩 타임 무효	第二次抄近路 将不记录目前与下圈的单圈	第二次抄近路 將不記錄目前與下圈的單圈
	RAC_HUD_WarningCutTrack3rdMod	CUT-TRACK #3 Current & next lap times invalidated	PISTE COUPÉE #3 Temps invalidés pour ce tour et le suivant	TAGLIO DEL TRACCIATO N°3 Tempo sul giro attuale e sul prossimo annullati	STRECKE GESCHNITTEN #3 Aktuelle & nächste Rundenzeiten ungültig	CORTE n.º 3 Tiempos de vuelta actual y siguiente anulados	СРЕЗКА ТРАССЫ #3 Время текущего и следующего круга не зачтено	ŚCINANIE ZAKRĘTÓW #3 Akt. i nast. okrążenia zost. unieważnione	ショートカット走行3回目 現在と次のラップタイムは記録されません	CORTOU CAMINHO #3 Tempos da volta atual e da próxima invalidados	ATAJO n.º 3 Tiempos de vuelta actual y siguiente anulados	PISTE COUPÉE #3 Temps invalidés pour ce tour et le suivant	코스 밖 주행 #3 금번 및 다음 랩 타임 무효	第三次抄近路 将不记录目前与下圈的单圈	第三次抄近路 將不記錄目前與下圈的單圈
	RAC_HUD_WarningCutTrack4thMod	CUT-TRACK #4 Current & next lap times invalidated	PISTE COUPÉE #4 Temps invalidés pour ce tour et le suivant	TAGLIO DEL TRACCIATO N°4 Tempo sul giro attuale e sul prossimo annullati	STRECKE GESCHNITTEN #4 Aktuelle & nächste Rundenzeiten ungültig	CORTE n.º 4 Tiempos de vuelta actual y siguiente anulados	СРЕЗКА ТРАССЫ #4 Время текущего и следующего круга не зачтено	ŚCINANIE ZAKRĘTÓW #4 Akt. i nast. okrążenia zost. unieważnione	ショートカット走行4回目 現在と次のラップタイムは記録されません	CORTOU CAMINHO #4 Tempos da volta atual e da próxima invalidados	ATAJO n.º 4 Tiempos de vuelta actual y siguiente anulados	PISTE COUPÉE #4 Temps invalidés pour ce tour et le suivant	코스 밖 주행 #4 금번 및 다음 랩 타임 무효	第四次抄近路 将不记录目前与下圈的单圈	第四次抄近路 將不記錄目前與下圈的單圈
	RAC_HUD_WarningCutTrackFinalMod	FINAL CUT-TRACK Current & next lap times invalidated	PISTE COUPÉE FINAL Temps invalidés pour ce tour et le suivant	TAGLIO DEL TRACCIATO FINALE Tempo sul giro attuale e sul prossimo annullati	ENDGÜLTIG STRECKE GESCHNITTEN Aktuelle & nächste Rundenzeiten ungültig	ÚLTIMO AVISO: HAS ACORTADO Tiempos de vuelta actual y siguiente anulados	ПОСЛЕДНЯЯ СРЕЗКА ТРАССЫ Время текущего и следующего круга не зачтено	ŚCINANIE ZAKRĘTÓW (OST.) Akt. i nast. okrążenia zost. unieważnione	ショートカット走行最終警告 現在と次のラップタイムは記録されません	CORTOU CAMINHO FINAL Tempos da volta atual e da próxima invalidados	ATAJO FINAL Tiempos de vuelta actual y siguiente anulados	PISTE COUPÉE FINAL Temps invalidés pour ce tour et le suivant	코스 밖 주행 파이널 금번 및 다음 랩 타임 무효	抄近路最后警告 将不记录目前与下圈的单圈	抄近路最後警告 將不記錄目前與下圈的單圈
	RAC_HUD_WarningCutTrackRepeatMod	CUT-TRACK Current & next lap times invalidated	PISTE COUPÉE Temps invalidés pour ce tour et le suivant	TAGLIO DEL TRACCIATO Tempo sul giro attuale e sul prossimo annullati	STRECKE GESCHNITTEN Aktuelle & nächste Rundenzeiten ungültig	HAS ACORTADO Tiempos de vuelta actual y siguiente anulados	СРЕЗКА ТРАССЫ Время текущего и следующего круга не зачтено	ŚCINANIE ZAKRĘTÓW Akt. i nast. okrążenia zostaną unieważnione	ショートカット走行 現在と次のラップタイムは記録されません	CORTOU CAMINHO Tempos da volta atual e da próxima invalidados	ATAJO Tiempos de vuelta actual y siguiente anulados	PISTE COUPÉE Temps invalidés pour ce tour et le suivant	코스 밖 주행 금번 및 다음 랩 타임 무효	抄近路 将不记录目前与下圈的行走圈速	抄近路 將不記錄目前與下圈的行走圈速
	RAC_HUD_WarningImpact	CONTACT Lap Time invalidated	CONTACT Temps invalidé	CONTATTO Tempo sul giro non valido	ZUSAMMENSTOSS Rundenzeit ungültig	CONTACTO Tiempo de vuelta anulado	КОНТАКТ Время круга недействительно	KONTAKT Czas okrążenia został unieważniony	接触 ラップタイムは記録されません	CONTATO Tempo da volta invalidado	CONTACTO Tiempo de vuelta anulado	CONTACT Temps invalidé	접촉 랩 타임 무효	碰撞 不纪录单圈	碰撞 不記錄單圈
	RAC_HUD_WarningDriverAids	AI DRIVER Lap Records will not be recorded	PILOTE IA Les temps ne seront pas enregistrés	PILOTA IA Il record sul giro non verrà registrato	KI-FAHRER Rundenrekorde werden nicht erfasst	PILOTO DE IA No se registrarán los récords de vuelta	AI-УПРАВЛЕНИЕ Рекорды круга не будут сохранены	KIEROWCA SI Rekord okrąż. nie zostanie odnotowany	AIドライバー ラップタイムは記録されません	PILOTO AI Recordes da volta não serão gravados	PILOTO DE IA No se registrarán los récords de vuelta	PILOTE IA Les temps ne seront pas enregistrés	AI 드라이버 랩 시간이 기록되지 않습니다.	AI驾驶 不纪录单圈	AI駕駛 不記錄單圈
	RAC_HUD_Wait	Wait	N.D.	Attendi	-	N/D	Н/Д	ND.	待機	N/D	N/D	N.D.	대기	等待	等待
	RAC_HUD_TrialTimeRemaining	Trial version minutes remaining: [MM]	Minutes restantes pour les essais : [MM]	Minuti rimasti della versione di prova: [MM]	Verbleibende Minuten für Testversion: [MM]	Minutos restantes de la versión de prueba: [MM]	Пробная версия - осталось [MM] мин.	Czas do zakończenia wersji próbnej: [MM]	体験版の残り時間： [MM]	Minutos restantes na versão de avaliação: [MM]	Minutos restantes de la versión de prueba: [MM]	Minutes restantes pour les essais : [MM]	트라이얼 버전의 남은 시간 : [MM]	试玩版本剩余时间：[MM]	試玩版本剩餘時間：[MM]
	RAC_HUD_TimeFormatSSHH	[SS].[HH]	[SS].[HH]	[SS].[HH]	[SS].[HH]	[SS].[HH]	[SS].[HH]	[SS].[HH]	[SS].[HH]	[SS].[HH]	[SS].[HH]	[SS].[HH]	[SS].[HH]	[SS].[HH]	[SS].[HH]
	RAC_HUD_TimeFormatSSTTT	[SS].[TTT]	[SS].[TTT]	[SS].[TTT]	[SS].[TTT]	[SS].[TTT]	[SS].[TTT]	[SS].[TTT]	[SS].[TTT]	[SS].[TTT]	[SS].[TTT]	[SS].[TTT]	[SS].[TTT]	[SS].[TTT]	[SS].[TTT]
	RAC_HUD_FFBMeter	FFB Meter	Compteur FFB	Misuratore FFB	FFB Meter	Indicador de Force Feedback	Счетчик Force Feedback	Wskaźnik FFB	FFBメーター	Medidor FFB	Indicador del Force Feedback	Compteur FFB	FFB 미터	回馈力道表	力回饋表
	RAC_HUD_WarningCutP2PTrack1st	CUT-TRACK #1 Time invalidated	PISTE COUPÉE #1 Temps invalidé	TAGLIO DEL TRACCIATO N°1 Tempo non valido	STRECKE GESCHNITTEN #1 Zeit ungültig	CORTE N.º 1 Tiempo anulado	СРЕЗКА ТРАССЫ #1 Время недействительно	ŚCINANIE ZAKRĘTÓW #1 Czas okrążenia został unieważniony	ショートカット走行1回目 タイムは記録されません	CORTOU CAMINHO #1 Tempo invalidado	ATAJO N.º 1 Tiempo anulado	PISTE COUPÉE #1 Temps invalidé	코스 밖 주행 #1 타임 무효	第一次抄近路 不记录单圈	第一次抄近路 不記錄單圈
	RAC_HUD_WarningCutP2PTrack2nd	CUT-TRACK #2 Time invalidated	PISTE COUPÉE #2 Temps invalidé	TAGLIO DEL TRACCIATO N°2 Tempo non valido	STRECKE GESCHNITTEN #2 Zeit ungültig	CORTE N.º 2 Tiempo anulado	СРЕЗКА ТРАССЫ #2 Время недействительно	ŚCINANIE ZAKRĘTÓW #2 Czas okrążenia został unieważniony	ショートカット走行2回目 タイムは記録されません	CORTOU CAMINHO #2 Tempo invalidado	ATAJO N.º 2 Tiempo anulado	PISTE COUPÉE #2 Temps invalidé	코스 밖 주행 #2 타임 무효	第二次抄近路 不记录单圈	第二次抄近路 不記錄單圈
	RAC_HUD_WarningCutP2PTrack3rd	CUT-TRACK #3 Time invalidated	PISTE COUPÉE #3 Temps invalidé	TAGLIO DEL TRACCIATO N°3 Tempo non valido	STRECKE GESCHNITTEN #3 Zeit ungültig	CORTE N.º 3 Tiempo anulado	СРЕЗКА ТРАССЫ #3 Время недействительно	ŚCINANIE ZAKRĘTÓW #3 Czas okrążenia został unieważniony	ショートカット走行3回目 タイムは記録されません	CORTOU CAMINHO #3 Tempo invalidado	ATAJO N.º 3 Tiempo anulado	PISTE COUPÉE #3 Temps invalidé	코스 밖 주행 #3 타임 무효	第三次抄近路 不记录单圈	第三次抄近路 不記錄單圈
	RAC_HUD_WarningCutP2PTrack4th	CUT-TRACK #4 Time invalidated	PISTE COUPÉE #4 Temps invalidé	TAGLIO DEL TRACCIATO N°4 Tempo non valido	STRECKE GESCHNITTEN #4 Zeit ungültig	CORTE N.º 4 Tiempo anulado	СРЕЗКА ТРАССЫ #4 Время недействительно	ŚCINANIE ZAKRĘTÓW #4 Czas okrążenia został unieważniony	ショートカット走行4回目 タイムは記録されません	CORTOU CAMINHO #4 Tempo invalidado	ATAJO N.º 4 Tiempo anulado	PISTE COUPÉE #4 Temps invalidé	코스 밖 주행 #4 타임 무효	第四次抄近路 不记录单圈	第四次抄近路 不記錄單圈
	RAC_HUD_WarningCutP2PTrackFinal	FINAL CUT-TRACK Time invalidated	PISTE COUPÉE Temps invalidé	TAGLIO DEL TRACCIATO Tempo non valido	STRECKE GESCHNITTEN Zeit ungültig	ÚLTIMO CORTE Tiempo anulado	ПОСЛЕДНЯЯ СРЕЗКА ТРАССЫ Время недействительно	ŚCINANIE ZAKRĘTÓW (OST.) Czas okrążenia został unieważniony	ショートカット走行最終警告 タイムは記録されません	CORTOU CAMINHO FINAL Tempo invalidado	ATAJO FINAL Tiempo anulado	PISTE COUPÉE Temps invalidé	코스 밖 주행 파이널 타임 무효	抄近路最后警告 不记录单圈	抄近路最後警告 不記錄單圈
	RAC_HUD_WarningCutP2PTrackRepeat	CUT-TRACK Time invalidated	PISTE COUPÉE Temps invalidé	TAGLIO DEL TRACCIATO Tempo non valido	STRECKE GESCHNITTEN Zeit ungültig	HAS ACORTADO Tiempo anulado	СРЕЗКА ТРАССЫ Время недействительно	ŚCINANIE ZAKRĘTÓW Czas okrążenia został unieważniony	ショートカット走行警告 タイムは記録されません	CORTOU CAMINHO Tempo invalidado	ATAJO Tiempo anulado	PISTE COUPÉE Temps invalidé	코스 밖 주행 타임 무효	抄近路警告 不记录单圈	抄近路警告 不記錄單圈
	RAC_HUD_WarningCutP2PTrack1stMod	CUT-TRACK #1 Time invalidated	PISTE COUPÉE #1 Temps invalidé	TAGLIO DEL TRACCIATO N°1 Tempo non valido	STRECKE GESCHNITTEN #1 Zeit ungültig	CORTE N.º 1 Tiempo anulado	СРЕЗКА ТРАССЫ #1 Время недействительно	ŚCINANIE ZAKRĘTÓW #1 Czas okrążenia został unieważniony	ショートカット走行1回目 タイムは記録されません	CORTOU CAMINHO #1 Tempo invalidado	ATAJO N.º 1 Tiempo anulado	PISTE COUPÉE #1 Temps invalidé	코스 밖 주행 #1 타임 무효	第一次抄近路 不记录单圈	第一次抄近路 不記錄單圈
	RAC_HUD_WarningCutP2PTrack2ndMod	CUT-TRACK #2 Time invalidated	PISTE COUPÉE #2 Temps invalidé	TAGLIO DEL TRACCIATO N°2 Tempo non valido	STRECKE GESCHNITTEN #2 Zeit ungültig	CORTE N.º 2 Tiempo anulado	СРЕЗКА ТРАССЫ #2 Время недействительно	ŚCINANIE ZAKRĘTÓW #2 Czas okrążenia został unieważniony	ショートカット走行2回目 タイムは記録されません	CORTOU CAMINHO #2 Tempo invalidado	ATAJO N.º 2 Tiempo anulado	PISTE COUPÉE #2 Temps invalidé	코스 밖 주행 #2 타임 무효	第二次抄近路 不记录单圈	第二次抄近路 不記錄單圈
	RAC_HUD_WarningCutP2PTrack3rdMod	CUT-TRACK #3 Time invalidated	PISTE COUPÉE #3 Temps invalidé	TAGLIO DEL TRACCIATO N°3 Tempo non valido	STRECKE GESCHNITTEN #3 Zeit ungültig	CORTE N.º 3 Tiempo anulado	СРЕЗКА ТРАССЫ #3 Время недействительно	ŚCINANIE ZAKRĘTÓW #3 Czas okrążenia został unieważniony	ショートカット走行3回目 タイムは記録されません	CORTOU CAMINHO #3 Tempo invalidado	ATAJO N.º 3 Tiempo anulado	PISTE COUPÉE #3 Temps invalidé	코스 밖 주행 #3 타임 무효	第三次抄近路 不记录单圈	第三次抄近路 不記錄單圈
	RAC_HUD_WarningCutP2PTrack4thMod	CUT-TRACK #4 Time invalidated	PISTE COUPÉE #4 Temps invalidé	TAGLIO DEL TRACCIATO N°4 Tempo non valido	STRECKE GESCHNITTEN #4 Zeit ungültig	CORTE N.º 4 Tiempo anulado	СРЕЗКА ТРАССЫ #4 Время недействительно	ŚCINANIE ZAKRĘTÓW #4 Czas okrążenia został unieważniony	ショートカット走行4回目 タイムは記録されません	CORTOU CAMINHO #4 Tempo invalidado	ATAJO N.º 4 Tiempo anulado	PISTE COUPÉE #4 Temps invalidé	코스 밖 주행 #4 타임 무효	第四次抄近路 不记录单圈	第四次抄近路 不記錄單圈
	RAC_HUD_WarningCutP2PTrackFinalMod	CUT-TRACK Time invalidated	PISTE COUPÉE Temps invalidé	TAGLIO DEL TRACCIATO Tempo non valido	STRECKE GESCHNITTEN Zeit ungültig	ÚLTIMO CORTE Tiempo anulado	СРЕЗКА ТРАССЫ Время недействительно	ŚCINANIE ZAKRĘTÓW (OST.) Czas okrążenia został unieważniony	ショートカット走行警告 タイムは記録されません	CORTOU CAMINHO Tempo invalidado	ATAJO Tiempo anulado	PISTE COUPÉE Temps invalidé	코스 밖 주행 타임 무효	抄近路最后警告 不记录单圈	抄近路最後警告 不記錄單圈
	RAC_HUD_WarningCutP2PTrackRepeatMod	CUT-TRACK Time invalidated	PISTE COUPÉE Temps invalidé	TAGLIO DEL TRACCIATO Tempo non valido	STRECKE GESCHNITTEN Zeit ungültig	HAS ACORTADO Tiempo anulado	СРЕЗКА ТРАССЫ Время недействительно	ŚCINANIE ZAKRĘTÓW Czas okrążenia został unieważniony	ショートカット走行警告 タイムは記録されません	CORTOU CAMINHO Tempo invalidado	ATAJO Tiempo anulado	PISTE COUPÉE Temps invalidé	코스 밖 주행 타임 무효	抄近路警告 不记录单圈	抄近路警告 不記錄單圈
	RAC_HUD_FlagActiveInThisSection	Flag active in this section	Drapeau actif dans cette section	Bandiera attiva in questa sezione	Flagge aktiv in diesem Abschnitt	Bandera activa en esta sección	Активный флаг в этом секторе	W tym sektorze obowiązuje flaga	このセクションではフラッグが有効です	Bandeira ativa neste setor	Bandera activa en esta sección	Drapeau actif dans cette section	이 섹션은 깃발이 활성화됩니다	本区段旗帜有效	本區段旗幟有效
	RAC_HUD_WarningYellowOvertaking	Yellow Flag: Overtaking is not allowed	Drapeau jaune : Les dépassements ne sont pas autorisés	Bandiera gialla: vietato superare	Gelbe Flagge: Überholen nicht erlaubt	Bandera amarilla: prohibido adelantar	Желтый флаг: обгон запрещен	Żółta flaga: Wyprzedzanie jest zabronione	イエローフラッグ：追い越し禁止	Bandeira amarela: Ultrapassagens não são permitidas	Bandera amarilla: prohibido adelantar	Drapeau jaune : Les dépassements ne sont pas autorisés	황색기 : 추월 금지	黄旗：禁止超车	黃旗：禁止超車
	RAC_HUD_PenaltyDriveThrough	DRIVE-THROUGH PENALTY: ENTER PIT LANE	PÉNALITÉ DRIVE-THROUGH : RETOUR AUX STANDS	PENALITÀ DRIVE-THROUGH: ENTRA NELLA CORSIA DEI BOX	DURCHFAHRTSSTRAFE: BOXENGASSE BEFAHREN	SANCIONADO CON PASO POR BOXES: ENTRA AHORA	ШТРАФНОЙ ПРОЕЗД: ОТПРАВЛЯЙТЕСЬ НА ПИТ-ЛЕЙН	KARA PRZEJAZDU PRZEZ AL. SERW.: ZJEDŹ DO BOKSÓW	ドライブスルーのペナルティ：ピットインしてください	PENALIDADE DE DRIVE-THROUGH: ENTRE NOS BOXES	SANCIÓN «DRIVE-THROUGH»: PASA POR BOXES	PÉNALITÉ DRIVE-THROUGH : RETOUR AUX STANDS	드라이브 스루 페널티 : 피트인	穿越维修区惩罚：进入维修通道	穿越維修區懲罰：進入維修通道
	RAC_HUD_PenaltyStopGo	STOP-GO PENALTY: PIT NOW	PÉNALITÉ STOP AND GO : RETOUR AUX STANDS !	PENALITÀ STOP AND GO: ENTRA SUBITO AI BOX	STOP-AND-GO-STRAFE: BOXENSTOPP SOFORT	SANCIONADO: ENTRA Y DÉTENTE EN BOXES	ШТРАФ STOP&GO: ОТПРАВЛЯЙТЕСЬ В БОКСЫ	KARA PRZYMUSOWEGO POSTOJU: ZJEDŹ DO ALEI SERW.	ストップ&ゴーのペナルティ：ピットインしてください	PENALIDADE DE STOP-GO: ENTRE NOS BOXES AGORA	SANCIÓN «STOP-GO»: PASA POR BOXES Y PARA	PÉNALITÉ D'ARRÊT : RETOUR AUX STANDS!	스톱&고 페널티 : 피트인	停车惩罚：立刻进站	停車懲罰：立刻進站
	RAC_HUD_WarningIgnoringPenalty	Penalty disobeyed	Pénalité ignorée	Penalità trasgredita	Strafe missachtet	Penalización ignorada	Нарушение штрафа	Zignorowano karę	ペナルティ無視	Não obedeceu à penalidade	Sanción ignorada	Pénalité ignorée	페널티 위반	无视处罚	無視處罰
	RAC_HUD_PitIn	PIT IN	AUX STANDS	VAI AI BOX	IN DIE BOX	ENTRA	ПИТ-СТОП ЧЕРЕЗ	DO BOKSU	ピットイン	VÁ AO BOX	ENTRA	AUX STANDS	피트인	进站	進站
	RAC_HUD_QualifyingSessionOverFinalLap	QUALIFYING SESSION OVER : FINAL LAP	FIN DES QUALIFICATIONS : DERNIER TOUR	FINE DELLA SESSIONE DI QUALIFICAZIONE: ULTIMO GIRO	QUALIFYING-SITZUNG ZU ENDE: LETZTE RUNDE	FIN DE LA CLASIFICACIÓN: ÚLTIMA VUELTA	КВАЛИФИКАЦИЯ ЗАВЕРШЕНА: ПОСЛЕДНИЙ КРУГ	KONIEC SESJI KWALIFIKACYJNEJ: OSTATNIE OKRĄŻENIE	予選セッション終了：最終ラップ	TÉRMINO DA SESSÃO DE QUALIFICAÇÃO: ÚLTIMA VOLTA	CLASIFICATORIA FINALIZADA: VUELTA FINAL	FIN DES QUALIFICATIONS : DERNIER TOUR	예선 셰션 완료 : 마지막 랩	排位赛结束：最后一圈	排位賽結束：最後一圈
	RAC_HUD_TyresTempCold	WARMUP	CHAUFFER	RISCALDA	WARMUP	CALENTAMIENTO	ПРОГРЕВ	ROZGRZEWKA	ウォームアップ	AQUECER	CALENTAMIENTO	RÉCHAUFFEMENT	웜 업	暖胎圈	暖胎圈
	RAC_HUD_TyresTempNormal	GO	PRÊT	OK	OK	ADELANTE	ВПЕРЕД	JEDŹ	GO!	PRONTO	¡VAMOS!	PRÊT	GO!	出发	出發
	RAC_HUD_TyresTempHot	OVER	SURCHAUFFE	RAFFREDDA	HEISS	SOBRECAL.	ПЕРЕГРЕВ	POWYŻEJ	オーバーヒート	EXCESSIVO	SOBRECAL.	SURCHAUFFE	오버히트	结束	結束
	RAC_HUD_PITSCHEDULEUnscheduled	Unscheduled	Non prévu	Non previsto	Ungeplant	No previsto	Внеплановый	Na żądanie	予定なし	Imprevisto	No previsto	Non prévu	일정 없음	未预定的	未預定的
	RAC_HUD_PITSCHEDULEScheduled	Scheduled	Programmé	Programmato	Geplant	Programado	Плановый	Zaplan.	スケジュールあり	Programado	Programado	Prévu	일정 있음	预定的	預定的
	RAC_HUD_PITSCHEDULEDamage	Damage	Dégâts	Danni	Schaden	Daños	Повреждение	Uszkodzenie	ダメージ	Dano	Daño	Dégâts	손상	损伤	損傷
	RAC_HUD_PITSCHEDULEPenalty	Penalty	Pénalité	Penalità	Strafe	Sanción	Штраф	Kara	ペナルティ	Penalidade	Penalización	Pénalité	페널티	惩罚	懲罰
	RAC_HUD_PITSCHEDULETyres	Tyres	Pneus	Gomme	Reifen	Neumáticos	Шины	Opony	タイヤ	Pneus	Neumáticos	Pneus	타이어	轮胎	輪胎
	RAC_HUD_PITSCHEDULEFuel	Fuel	Carburant	Carburante	Treibstoff	Combustible	Топливо	Paliwo	燃料	Combustível	Combustible	Carburant	연료	燃油	燃油
	RAC_HUD_PITSCHEDULEMandatory	Mandatory	Obligatoire	Obbligatorio	Verpflicht.	Obligatorio	Обязательный	Wymagany	強制	Obrigatório	Obligatorio	Obligatoire	강제	强制	強制
	RAC_HUD_WarningMandatoryPitStop	Pit stop disobeyed	Non-respect du passage aux stands	Pit stop non rispettato	Boxenstopp missachtet	Parada en boxes ignorada	Пит-стоп не выполнен	Zignorowano zjazd do boksu	ピットストップ無視	Desobedeceu pit stop	Parada de boxes ignorada	Non-respect du passage aux stands	피트 스톱 위반	违反进站规定	違反進站規定
	RAC_HUD_WarningUnsportsmanlikeConduct	Unsportsmanlike Conduct	Conduite antisportive	Comportamento antisportivo	Unsportliches Verhalten	Conducta antideportiva	Неспортивное поведение	Niesportowe zachowanie	故意の悪質行為	Conduta antiesportiva	Conducta antideportiva	Conduite antisportive	스포츠맨십 위반 행위	行为违反运动精神	行為違反運動精神
	RAC_HUD_PitRequestOccupied	Pit box currently occupied.	Stand occupé pour le moment.	I box sono occupati.	Die Box ist zur Zeit belegt.	Boxes ocupados.	Боксы сейчас заняты.	Boks jest obecnie niedostępny.	ピットボックスは使用中です	Boxes ocupados no momento.	Boxes ocupados.	Stand occupé pour le moment.	피트 박스가 사용 중입니다.	维修区使用中	維修區使用中
	RAC_HUD_PitSpotOccupied	Pit box currently occupied	Stand occupé pour le moment.	I box sono occupati	Box zur Zeit belegt	Boxes ocupados	Боксы сейчас заняты	Boks jest obecnie niedostępny	ピットボックスは使用中です	Boxes ocupados no momento	Boxes ocupados	Stand occupé pour le moment.	피트 박스가 사용 중입니다.	维修区使用中	維修區使用中
	RAC_HUD_WarningOffTrack	Lap time invalidated by the Race Director	Temps au tour supprimé par le directeur de course	Tempo sul giro cancellato dal direttore di gara	Rundenzeit vom Rennleiter gelöscht	Tiempo de vuelta borrado por el director de carrera	Время круга аннулировано решением дирекции гонки	Czas okrąż. anulowany przez dyr. wyś.	ラップタイムは、レースディレクターによって削除されました	Tempo da volta apagado pelo diretor de prova	Tiempo de vuelta borrado por el director de carrera	Temps au tour supprimé par le directeur de course	레이스 디렉터가 랩 타임을 삭제함	你的单圈被赛事总监删除了	你的單圈被賽事總監刪除了
	RAC_HUD_WarningOffTrackMod	OFF-TRACK Current & next lap times invalidated	HORS PISTE Temps invalidés pour ce tour et le suivant	FUORI PISTA Tempo sul giro attuale e sul prossimo annullati	ABGEKOMMEN Aktuelle & nächste Rundenzeiten ungültig	FUERA DE PISTA Tiempos de vuelta actual y siguiente anulados	ВЫЕЗД ЗА ПРЕДЕЛЫ ТРАССЫ Время текущего и следующего круга не зачтено	POZA TOREM Akt. i nast. okrążenia zostaną unieważnione	コースアウト警告 現在と次のラップタイムは記録されません	FORA DA PISTA Tempos da volta atual e da próxima invalidados	FUERA DE PISTA Tiempos de vuelta actual y siguiente anulados	HORS PISTE Temps invalidés pour ce tour et le suivant	오프-트랙 금번 및 다음 랩 타임 무효 	脱离赛道警告 将不记录目前与下一圈的单圈	脫離賽道警告 將不記錄目前與下一圈的單圈
	RAC_HUD_WarningOffP2PTrack	OFF-TRACK Time invalidated	HORS PISTE Temps invalidé	FUORI PISTA Tempo sul giro non valido	ABGEKOMMEN Rundenzeit ungültig	FUERA DE PISTA Tiempo de vuelta anulado	ВЫЕЗД ЗА ПРЕДЕЛЫ ТРАССЫ Время круга недействительно	POZA TOREM Czas okrążenia został unieważniony	コースアウト警告 タイムは記録されません	FORA DA PISTA Tempo da volta invalidado	FUERA DE PISTA Tiempo de vuelta anulado	HORS PISTE Temps invalidé	오프-트랙 랩 타임 무효 	脱离赛道警告 将不记录时间	脫離賽道警告 將不記錄時間
	RAC_HUD_WarningOffP2PTrackMod	OFF-TRACK Current & next lap times invalidated	HORS PISTE Temps invalidés pour ce tour et le suivant	FUORI PISTA Tempo sul giro attuale e sul prossimo annullati	ABGEKOMMEN Aktuelle & nächste Rundenzeiten ungültig	FUERA DE PISTA Tiempos de vuelta actual y siguiente anulados	ВЫЕЗД ЗА ПРЕДЕЛЫ ТРАССЫ Время текущего и следующего круга не зачтено	POZA TOREM Akt. i nast. okrążenia zostaną unieważnione	コースアウト警告 現在と次のラップタイムは記録されません	FORA DA PISTA Tempos da volta atual e da próxima invalidados	FUERA DE PISTA Tiempos de vuelta actual y siguiente anulados	HORS PISTE Temps invalidés pour ce tour et le suivant	오프-트랙 금번 및 다음 랩 타임 무효	脱离赛道警告 将不记录目前与下一圈的单圈	脫離賽道警告 將不記錄目前與下一圈的單圈
	RAC_HUD_PenaltyExceededMaxLoadFactorText	Exceeded Max Load Factor	Facteur de charge max dépassé	Carico massimo superato	Maximale Traglast überschritten	Se ha excedido el factor de carga máximo	Превышен максимальный коэффициент нагрузки	Przekroczono współczynnik maks. obciążenia	最大負荷因子超過	Excedeu o fator de carga máxima	Se excedió el factor de carga máximo	Facteur de charge max dépassé	최대 로드 팩터를 초과	超过最大承载	超過最大承載
	RAC_HUD_PenaltyExceededMaximumEntrySpeedText	Exceeded Maximum Entry Speed	Vitesse d'entrée maximale dépassée	Velocità massima di ingresso superata	Maximale Eintrittsgeschwindigkeit überschritten	Se ha excedido la velocidad de entrada máxima	Превышена максимальная входная скорость	Przekroczono maks. prędkość wejścia	最大進入速度超過	Excedeu a velocidade máxima de entrada	Se excedió la velocidad de entrada máxima	Vitesse d'entrée maximale dépassée	최고 진입 속도 초과 	超过最大进入速度	超過最大進入速度
	RAC_HUD_PenaltySmokeViolationText	Smoke Violation	Smoke Violation	Smoke Violation	Smoke Violation	Smoke Violation	Smoke Violation	Smoke Violation	Smoke Violation	Smoke Violation	Smoke Violation	Smoke Violation	Smoke Violation	Smoke Violation	Smoke Violation
	RAC_HUD_PenaltyClimbingInTheGateText	Climbing In The Gate	Climbing In The Gate	Climbing In The Gate	Climbing In The Gate	Climbing In The Gate	Climbing In The Gate	Climbing In The Gate	Climbing In The Gate	Climbing In The Gate	Climbing In The Gate	Climbing In The Gate	Climbing In The Gate	Climbing In The Gate	Climbing In The Gate
	RAC_HUD_PenaltyCrossingTheSafetyLineText	Crossing The Safety Line	Ligne de sécurité dépassée	Attraversamento della linea di sicurezza	Überquerung der Sicherheitslinie	Cruzar la línea de seguridad	Пересечение линии безопасности	Przekroczenie linii bezpieczeństwa	セーフティライン通過	Cruzar a linha de segurança	WarningFormLapCollision	Ligne de sécurité dépassée	세이프티 라인을 넘었습니다	通过安全线	通過安全線
	RAC_HUD_kts	Kts	nds	nodi	kn	Kts	УЗ	w.	kt	Nós	Kts	nds	노츠	Kts	Kts
	RAC_HUD_Ft	FT	Pd	FT	ft	FT	ФУТ	FT	ft	FT	FT	Pd	피트	FT	FT
	RAC_HUD_M	M	M	M	m	M	М	M	m	M	M	M	미터	M	M
	RAC_HUD_Far	FAR!	LOIN !	LONTANO!	ABSEITS!	¡LEJOS!	ДАЛЕКО!	DALEKO!	離れすぎです！	LONGE!	¡LEJOS!	LOIN!	거리가 너무 멉니다! 	离的太远了！	太過遠離了！
	RAC_HUD_PenaltyTime	Current Total Penalty [MM]:[SS].[TTT]	Pénalité totale actuelle [MM]:[SS].[TTT]	Penalità totali: [MM]:[SS].[TTT]	Aktuelle Gesamtstrafe [MM]:[SS].[TTT]	Sanción total actual [MM]:[SS].[TTT]	Общий текущий штраф [MM]:[SS].[TTT]	Bieżąca całkowita kara [MM]:[SS].[TTT]	現在の累計ペナルティ [MM]:[SS].[TTT]	Penalidade total atual [MM]:[SS].[TTT]	Sanción total actual [MM]:[SS].[TTT]	Pénalité totale actuelle [MM]:[SS].[TTT]	현재 페널티 총합 [MM]:[SS].[TTT]  	目前累计惩罚 [MM]:[SS].[TTT]	目前累計懲罰 [MM]:[SS].[TTT]
	RAC_HUD_PenaltyTimeAdded	[MM]:[SS].[TTT] penalty given for exceeding track limits	[MM]:[SS].[TTT] de pénalité pour dépassement des limites	Penalità di [MM]:[SS].[TTT] per superamento limiti percorso	[MM]:[SS].[TTT] als Strafe für das Verlassen der Strecke	[MM]:[SS].[TTT] de sanción por salirse de la pista	Выход за пределы трассы, штраф: [MM]:[SS].[TTT]	[MM]:[SS].[TTT] – kara za przekroczenie limitów toru	コースの制限超過によるペナルティ [MM]:[SS].[TTT]	[MM]:[SS].[TTT] de pen. por exceder os limites de pista	[MM]:[SS].[TTT] de sanción por salirse de la pista	[MM]:[SS].[TTT] de pénalité pour dépassement des limites	트랙 리미트 침범으로 [MM]:[SS].[TTT]의 페널티가 부여됩니다.	超过赛道限制的惩罚 [MM]:[SS].[TTT]	超過賽道限制的懲罰 [MM]:[SS].[TTT]
	RAC_HUD_PenaltyTimeUser	[NAME] now has penalty time of [MM]:[SS].[TTT]	[NAME] a maintenant une pénalité de [MM]:[SS].[TTT]	Ora [NAME] ha [MM]:[SS].[TTT] di penalità	[NAME] hat nun eine Strafzeit von [MM]:[SS].[TTT]	[NAME] ya tiene un tiempo de sanción de [MM]:[SS].[TTT]	Пилот [NAME] набрал штрафов на [MM]:[SS].[TTT]	[NAME] ma karę czasową [MM]:[SS].[TTT]	[NAME] に [MM]:[SS].[TTT] のペナルティタイムが加算されています	[NAME] agora tem uma penalidade de [MM]:[SS].[TTT]	[NAME] ya tiene un tiempo de sanción de [MM]:[SS].[TTT]	[NAME] a maintenant une pénalité de [MM]:[SS].[TTT]	[NAME]이(가) [MM]:[SS].[TTT]의 페널티 타임을 받았습니다.	[NAME]加算[MM]:[SS].[TTT]的惩罚时间	[NAME]加算[MM]:[SS].[TTT]的懲罰時間
	RAC_HUD_WR	WR	RM	WR	WR	RM	МР	RŚ	世界	RM	RM	RM	세계 기록	世界纪录	世界紀錄
	RAC_HUD_PR	PR	JR	PR	SR	RJ	ЛР	RŻ	自己	RJ	RJ	JR	플레이어 기록	个人记录	自己紀錄
	RAC_HUD_PenaltyCompulsoryNavlineTooEarly	Joker lap taken too early.	Tour joker pris trop tôt.	Giro jolly effettuato troppo presto.	Jokerrunde zu früh genommen.	Vuelta comodín demasiado pronto.	Преждевременный въезд на джокер-круг.	Okrążenie jokera pokonane za wcześnie.	ジョーカーラップが早すぎます。	Deu a volta curinga muito cedo.	Vuelta comodín demasiado pronto.	Joker lap pris trop tôt.	조커 랩을 너무 일찍 통과했습니다. 	太早通过小丑圈	太早通過小丑圈
	RAC_HUD_PenaltyCompulsoryNavlineMissed	Skipped Joker lap.	Tour joker oublié.	Giro jolly non effettuato.	Jokerrunde übersprungen.	Vuelta comodín omitida.	Джокер-круг пропущен.	Pominięto okrążenie jokera.	ジョーカーラップが計測されていません。	Pulou a volta curinga.	Vuelta comodín omitida.	Joker lap oublié.	조커 랩을 건너뛰었습니다. 	跳过小丑圈。	跳過小丑圈。
	RAC_HUD_WarningFormLapBrokeSpeedLimit	REDUCE SPEED!	RÉDUISEZ VOTRE VITESSE !	RIDURRE LA VELOCITÀ!	TEMPO VERRINGERN!	¡REDUCE LA VELOCIDAD!	СБАВЬТЕ СКОРОСТЬ!	ZREDUKUJ PRĘDKOŚĆ!	速度を落とせ！	REDUZA A VELOCIDADE!	¡REDUCE LA VELOCIDAD!	RÉDUISEZ VOTRE VITESSE!	속력을 줄이십시오!	超过规定速度，请减速！	超過規定速度，請減速！
	RAC_HUD_WarningFormLapCollision	WarningFormLapCollision	WarningFormLapCollision	WarningFormLapCollision	WarningFormLapCollision	WarningFormLapCollision	WarningFormLapCollision	WarningFormLapCollision	WarningFormLapCollision	WarningFormLapCollision	WarningFormLapCollision	WarningFormLapCollision	WarningFormLapCollision	WarningFormLapCollision	WarningFormLapCollision
	RAC_HUD_WarningFormLapGatheringDistance	GET CLOSER TO YOUR LEAD!	RAPPROCHEZ-VOUS DU LEADER !	AVVICINATI A CHI CONDUCE!	KÄMPFE DICH NÄHER AN DIE SPITZE!	¡ACÉRCATE MÁS AL LÍDER!	ДЕРЖИТЕСЬ БЛИЖЕ К ЛИДЕРУ!	ZBLIŻ SIĘ DO LIDERA!	先頭との差を縮めろ！	APROXIME-SE DA SUA LIDERANÇA!	¡ACÉRCATE MÁS AL LÍDER!	RAPPROCHEZ-VOUS DU MENEUR!	리드에게 다가가십시오!	追上领先玩家！	追上領先玩家！
	RAC_HUD_WarningFormLapPositionChange	RETURN TO POSITION [INT]!	RETOURNEZ À LA POSITION [INT] !	TORNA IN POSIZIONE [INT]!	ZURÜCK ZU POSITION [INT]!	¡VUELVE A LA POSICIÓN [INT]!	ВЕРНИТЕСЬ НА ПОЗИЦИЮ [INT]!	WRÓĆ NA POZYCJĘ [INT]!	[INT] 位に復帰せよ！	RETORNE À POSIÇÃO [INT]!	¡VUELVE A LA POSICIÓN [INT]!	RETOURNEZ À LA POSITION [INT]!	[INT]위로 복귀하라!	返回起跑顺位 [INT]!	返回起跑順位 [INT]!
	RAC_HUD_PenaltyAssessing	Currently under review for exceeding track limits	Dépassement des limites en examen	Sotto investigazione per il superamento dei limiti del percorso	Verlassen der Strecke wird untersucht.	En investigación por salir de la pista	На рассмотрении за нарушение границ трассы	Podlega kontroli z powodu przekroczenia limitów toru	コース制限超過の確認中	No momento sob análise por exceder os limites de pista	En investigación por salir de la pista	Dépassement des limites en examen	트랙 리미트 침범으로 검토 중입니다.	正在确认赛事限制	正在確認賽事限制
	RAC_HUD_PenaltyWarningTrackLimits1	1st warning for exceeding track limits	1er avertissement pour sortie des limites du circuit	1° avvertimento per aver oltrepassato i limiti	Erste Warnung für das Verlassen der Strecke.	1er aviso por salir de la pista	1-е предупреждение за нарушение границ трассы	1. ostrzeżenie za przekroczenie limitów toru	コース制限超過の警告1回目	1º aviso por exceder os limites de pista	1.º aviso por salir de la pista	1er avertissement pour sortie des limites du circuit	트랙 리미트 침범으로 첫 번째 경고입니다.	第一次超过赛事限制警告	第一次超過賽事限制警告
	RAC_HUD_PenaltyWarningTrackLimits2	2nd warning for exceeding track limits	2e avertissement pour sortie des limites du circuit	2° avvertimento per aver oltrepassato i limiti	Zweite Warnung für das Verlassen der Strecke.	2.º aviso por salir de la pista	2-е предупреждение за нарушение границ трассы	2. ostrzeżenie za przekroczenie limitów toru	コース制限超過の警告2回目	2º aviso por exceder os limites de pista	2.º aviso por salir de la pista	2e avertissement pour sortie des limites du circuit	트랙 리미트 침범으로 두번째 경고입니다.	第二次超过赛事限制警告	第二次超過賽事限制警告
	RAC_HUD_PenaltyAssessingOK	No penalty awarded for exceeding track limits	Aucune pénalité infligée pour sortie des limites du circuit	Non è stata inflitta nessuna penalità per aver oltrepassato i limiti del percorso	Keine Strafe für das Verlassen der Strecke.	No hay sanción por salir de la pista	Штрафы за нарушение границ трассы отсутствуют	Nie nałożono kary za przekroczenie limitów toru	コース制限超過のペナルティはありません	Sem penalidade por exceder os limites de pista	No hay sanción por salir de la pista	Aucune pénalité infligée pour sortie des limites du circuit	트랙 리미트 침범에 의한 페널티는 없습니다. 	没有超过赛事限制的惩罚	沒有超過賽事限制的懲罰
	RAC_HUD_PenaltyWarningFinal	Final warning for exceeding track limits	Dernier avertissement pour sortie des limites du circuit	Ultimo avvertimento per aver oltrepassato i limiti del percorso	Letzte Warnung für das Verlassen der Strecke.	Último aviso por salir de la pista	Последнее предупреждение за нарушение границ трассы	Ostateczne ostrzeżenie za przekroczenie limitów toru	コース制限超過の最終警告	Aviso final por exceder os limites de pista	Último aviso por salir de la pista	Dernier avertissement pour sortie des limites du circuit	트랙 리미트 침범으로 마지막 경고입니다. 	超过赛事限制最后警告	超過賽事限制最後警告
	RAC_HUD_PenaltyWarningDriveThrough	Drive-through penalty given for exceeding track limits	Pénalité de drive-through infligée pour sortie des limites du circuit	Drive-through per aver oltrepassato i limiti del percorso	Durchfahrtstrafe für das Verlassen der Strecke.	Sancionado con paso por boxes por superar los límites de la pista	Штрафной проезд по пит-лейн за нарушение границ трассы	Nałożono karę przejazdu przez boksy za przekroczenie limitów toru	コースの制限超過によりドライブスルーのペナルティ	Penalidade de drive-through por exceder os limites de pista	Sanción «Drive-through» por salir de los límites de la pista	Pénalité de drive-through infligée pour sortie des limites du circuit	제한 속도 초과로 드라이브 스루 페널티가 부여됩니다.	由于超过赛事限制，判罚 通过维修区	由於超過賽事限制，判罰 通過維修區
	RAC_HUD_PenaltyPitExitCrossedWhiteLine	[INT] grid place penalty for unsafe crossing of pit exit lines	[INT] de pénalité pour franchissement dangereux de ligne de sortie des stands	[INT] retrocessione sulla griglia per aver attraversato le linee in uscita dai box	Versetzung um [INT] Startplätze für das unsichere Überfahren der Boxenbegrenzung.	Sanción de [INT] puestos en la parrilla por cruzar las líneas de salida de boxes de forma peligrosa	Штраф [INT] поз.  на старте за пересечение белой линии на выезде с пит-лейн	[INT] miejsce startowe – kara za niebezpieczne przekroczenie linii wyjazdu z boksów	ピットの出口ラインでの危険な横断により、グリッド順位 [INT] 位のペナルティ	Penalidade de [INT] lugar no grid: cruzou perigosamente a linha dos boxes	Sanción de [INT] puestos en la parrilla por cruzar las líneas de salida de boxes de forma peligrosa	[v:[INT]|s:$v place|p:$v places] de pénalité pour franchissement dangereux de ligne de sortie des stands	안전하지 않은 피트 아웃으로 [INT] 그리드 강등 페널티입니다. 	由于在维修站出口线上进行危险穿越， 判罚起跑顺位[INT]的惩罚	由於在維修站出口線上進行危險穿越， 判罰起跑順位[INT]的懲罰
	RAC_HUD_PenaltyWarningDQImminent	Danger of disqualification for exceeding track limits Exceeding track limits once more will result in disqualification	Danger de disqualification pour sortie des limites du circuit ! Toute prochaine sortie se soldera par une disqualification	Rischio di squalifica per aver oltrepassato i limiti del percorso Squalifica al prossimo superamento dei limiti	Gefahr der Disqualifizierung für das Verlassen der Strecke Wenn du die Strecke noch einmal verlässt, wirst du disqualifiziert.	Peligro de descalificación por salir de la pista Si vuelves a salir de la pista, te descalificarán	За нарушение границ трассы возможна дисквалификация Повторное нарушение границ трассы приведет к дисквалификации	Ryzyko dyskwalifikacji za przekroczenie limitów toru Ponowne wykroczenie poskutkuje dyskwalifikacją	コースの制限超過による失格の警告 次にコースの制限を超過すると、失格となります	Perigo de desclassificação por exceder limites de pista Exceder os limites de pista mais de uma vez resultará em desclassificação	Peligro de descalificación por salir de la pista Si vuelves a salir de la pista, te descalificarán	Danger de disqualification pour sortie des limites du circuit! Toute prochaine sortie se soldera par une disqualification	트랙 리미트 침범으로 실격 위험이 있습니다.  한 번 더 트랙 리미트를 침범하면 실격됩니다. 	警告，再超过赛事限制将会被取消资格 下次超过赛事限制时，将会被取消资格	警告，再超過賽事限制將會排位失格 下次超過賽事限制時，將會排位失格
	RAC_HUD_PenaltyDriveThroughUser	[NAME] has received a drive-through penalty	[NAME] a reçu une pénalité de drive-through par les stands	[NAME] dovrà effettuare un drive-through	[NAME] hat eine Durchfahrtsstrafe erhalten.	[NAME] ha sido sancionado con un paso por boxes	Пилот [NAME] получил штраф: проезд по пит-лейн	[NAME] otrzymuje karę przejazdu przez boksy	[NAME] がドライブスルーのペナルティを受けました	[NAME] recebeu uma penalidade de drive-through	A [NAME] le pusieron una sanción «Drive-through»	[NAME] a reçu une pénalité de drive-through par les stands	[NAME]이(가) 드라이브 스루 페널티를 받았습니다.	[NAME]遭判罚通过维修区	[NAME]遭判罰通過維修區
	RAC_HUD_PenaltyGridPlaceUser	[NAME] has received a [INT] grid place penalty	[NAME] a reçu une pénalité de [INT] places sur la grille de départ	[NAME] verrà retrocesso di [INT] posizioni sulla griglia	[NAME] wurde zur Strafe um [INT] Plätze in der Startaufstellung versetzt.	[NAME] ha sido sancionado con [INT] puestos en la parrilla	Пилот [NAME] получил штраф: [INT] поз. на стартовой решетке	[NAME] otrzymuje karę – [INT] miejsce startowe	[NAME] がグリッド順位 [INT] 位のペナルティを受けました	[NAME] recebeu uma penalidade de [INT] lugar no grid	[NAME] fue sancionado con [INT] puestos en la parrilla	[NAME] a reçu une pénalité de [INT] places sur la grille de départ	[NAME]이(가) [INT] 그리드 강등 페널티를 받았습니다.	[NAME]遭判罚起跑顺位[INT]	[NAME]遭判罰起跑順位[INT]
	RAC_HUD_PenaltyStopGoUser	[NAME] has received a stop-go penalty	[NAME] a reçu une pénalité d'arrêt aux stands	[NAME] dovrà effettuare uno stop and go	[NAME] hat eine Standstrafe erhalten.	[NAME] ha sido sancionado con una parada en boxes	Пилот [NAME] получил штраф: проезд по пит-лейн с остановкой Stop&Go	[NAME] otrzymuje karę przymusowego postoju	[NAME] がストップ&ゴーのペナルティを受けました	[NAME] recebeu uma penalidade de stop-go	A [NAME] le pusieron una sanción «Stop-go»	[NAME] a reçu une pénalité d'arrêt aux stands	[NAME]이(가) 스톱 앤 고 페널티를 받았습니다.	[NAME]遭判罚停十秒	[NAME]遭判罰停十秒
	RAC_HUD_PenaltySlowDown	Slow down to avoid being given a penalty by Race Control	Ralentissez pour éviter que le Commissaire de course ne vous pénalise	Rallenta per evitare una penalità dai giudici di gara	Bremse ab, um eine Strafe durch die Rennaufsicht zu vermeiden.	Aminora para que Control de Carrera no te sancione	Снизьте скорость во избежание штрафа от дирекции гонки	Zwolnij, aby uniknąć nałożenia kary przez dyrekcję zawodów	減速してレースオフィシャルからのペナルティを回避しよう	Reduza para evitar receber uma penalidade pelo controle de prova	Frena para que el Control de carrera no te sancione	Ralentissez pour éviter que le Commissaire de course ne vous pénalise	관제실로부터 페널티를 받지 않으려면 감속하십시오. 	减速来避免遭赛事监控判罚	減速來避免遭賽事監控判罰
	RAC_HUD_PenaltyPitExitWarning	Warning for unsafe crossing of pit exit lines	Avertissement pour franchissement dangereux de ligne de sortie des stands	Avvertimento per aver attraversato le linee in uscita dai box	Warnung wegen unsicheren Überfahrens der Boxenbegrenzung.	Aviso por cruzar las líneas de salida de boxes de forma peligrosa	Предупреждение за пересечение линии на выезде с пит-лейн	Ostrzeżenie za niebezpieczne przekroczenie linii wyjazdu z boksów	ピットの出口ラインでの危険な横断の警告	Aviso por cruzar perigosamente a linha de saída dos boxes	Aviso por cruzar las líneas de salida de boxes de forma peligrosa	Avertissement pour franchissement dangereux de ligne de sortie des stands	안전하지 않은 피트 아웃 경고입니다. 	警告，在维修站出口进行危险穿越	警告，在維修站出口進行危險穿越
	RAC_HUD_PenaltyLargeTimePenalty	Extra time penalty given due to excessive cutting	Pénalité de temps supplémentaire donnée pour détour	Penalità aggiuntiva per aver tagliato il tracciato	Zeitstrafe für übermäßiges Kurvenschneiden.	Sanción de tiempo por exceder reiteradamente límites de pista	Штрафное время за нарушение границ трассы	Nałożono karę dodatkowego czasu za nadmierne ścinanie	ショートカット多用による追加タイムペナルティ	Penalidade de tempo extra por cortar excessivamente	Penalización de tiempo añadido por tomar atajos en exceso	Pénalité de temps supplémentaire donnée pour détour	지나친 트랙 커팅으로 추가 타임 페널티가 주어집니다. 	由于多次抄近道而被判罚追加时间	由於多次抄近道而被判罰追加時間
	RAC_HUD_ContactWarning	Race Director: Contact warning	directeur de course : Alerte contact	Dir. di gara: avv. collisione	Rennleiter: Kontaktwarnung	Director de carrera: aviso por contacto	Предупреждение за контакт	Dyrektor wyścigu: ostrzeżenie za kolizję	レースディレクター：接触警告	Diretor de prova: aviso de contato	Director de carrera: aviso por contacto	Directeur de course : alerte contact	레이스 디렉터 : 접촉 경고	赛事总监：碰撞警告	賽事總監：碰撞警告
	RAC_HUD_PenaltyOvertakingDriveThrough	Drive-through penalty given for an illegal overtake	Pénalité de drive-through pour dépassement interdit	Drive-through per aver superato in violazione delle regole	Durchfahrtsstrafe für unzulässiges Überholen.	Sancionado con un paso por boxes por adelantamiento ilegal	Назначен штрафной проезд по пит-лейн за обгон с нарушением	Nałożono karę przejazdu przez boksy za nieprzepisowe wyprzedzanie	禁止された追い越しによりドライブスルーのペナルティを受けました	Penalidade de drive-through por ultrapassagem ilegal	Sanción «Drive-through» por un adelantamiento ilegal	Pénalité de drive-through pour dépassement interdit	잘못된 추월로 드라이브 스루 페널티가 주어집니다. 	由于超车违例而被判罚 通过维修区	由於超車違例而被判罰通過維修區
	RAC_HUD_PenaltyGiveBackPositions	Race control: [SS] seconds to return to race position [INT]	Commissaire de course : [SS] secondes pour reprendre la position [INT]	Giudici di gara: [SS] secondi per tornare in posizione [INT]	Rennleitung: [SS] Sekunden für die Rückkehr zur Rennposition [INT]	Control de carrera: [SS] seg. para volver a posición [INT]	Дирекция гонки: вернитесь на позицию [INT]. Осталось [SS] сек.	Dyrekcja zawodów: [SS] s na powrót na [INT] pozycję wyścigową	レースオフィシャル：あと [SS] 秒以内に [INT] 位に順位を下げてください	Controle de prova: [SS] segundos para retornar à posição de corrida [INT]	Control de carrera: [SS] segundos para volver a la posición de carrera [INT]	Commissaire de course : [SS] secondes pour reprendre la position [INT]	관제실 : [SS]초 안에 [INT]위로 돌아가시오. 	赛事监控：再过[SS]秒后回到第[INT]名	賽事監控：再過[SS]秒後回到第[INT]名
	RAC_HUD_PenalisedFormLapBrokeSpeedLimit	Penalty for exceeding speed limit	Pénalité drive-through / disqualifié / excès de vitesse	Drive-through / Squalificato: troppo veloce	Durchfahrtsstrafe wegen Tempoüberschreitg.	Te han sancionado con un paso por boxes/te han descalificado por superar el límite de velocidad	Штраф: Drive-through / дисквалифиция за превышение скорости	Kara przejazdu przez boksy/ Usunięto za nadmierną prędkość	制限速度超過によりドライブスルーのペナルティ/失格を受けました	Penalidade/desclassificado por limite de velocidade	Sancionado/desc. por superar el límite de velocidad	Pénalité drive-through / disqualifié / excès de vitesse	드라이브 스루 페널티를 받았습니다. / 제한 속도 초과로 실격입니다.	由于超过限制速度，遭判罚通过维修区	由於超過限制速度，遭判罰通過維修區
	RAC_HUD_PenalisedFormLapCollision	Penalty for contact with another vehicle	Pénalité drive-through / disqualifié / collision	Drive-through / Squalificato: collisione	Durchfahrtsstrafe wegen einer Kollision	Te han sancionado con un paso por boxes/te han descalificado por chocar	Штраф: Drive-through / дисквалифиция за столкновение	Kara przejazdu przez boksy/ Usunięto za kolizję	衝突によりドライブスルーのペナルティ/失格を受けました	Penalidade/desclassificado por colisão	Sancionado/desc. por chocar	Pénalité drive-through / disqualifié / collision	드라이브 스루 페널티를 받았습니다. / 충돌로 실격입니다.	由于冲撞，遭判罚进站惩罚/取消资格	由於衝撞，遭判罰通過維修區/排位失格
	RAC_HUD_PenalisedFormLapChangePosition	Penalty for passing before start	Pénalité drive-through / disqualifié / chang. de place	Drive-through / Squalificato: posizione variata	Durchfahrtsstrafe wegen eines Positionswechsels	Te han sancionado con un paso por boxes/te han descalificado por cambiar de posición	Штраф: Drive-through / дисквалифиция за смену позиции	Kara przejazdu przez boksy/ Usunięto za zmianę poz.	順位の入れ替えでドライブスルーのペナルティを受けました。	Penalidade/desclassificado por trocar de posição	Sancionado/desc. por cambiar de posición	Pénalité drive-through / disqualifié / chang. de place	드라이브 스루 페널티를 받았습니다. / 포지션 변경으로 실격입니다.	由于变换排位，遭判罚进站惩罚/取消资格	由於變換排位，遭判罰通過維修區/排位失格
	RAC_HUD_PenalisedFormLapGatherDistance	Penalty for going too slow	Pénalité drive-through / disqualifié / vitesse insuffisante	Drive-through / Squalificato: troppo lento	Durchfahrtsstrafe wegen zu langsamen Fahrens	Te han sancionado con un paso por boxes/te han descalificado por conducir demasiado despacio	Штраф: Drive-through / дисквалифиция за медленную езду	Kara przejazdu przez boksy/ Usunięto za niską prędkość	低速走行によりドライブスルーのペナルティ/失格を受けました	Penalidade/desclassificado por ir muito devagar	Sancionado/desc. por conducir demasiado despacio	Pénalité drive-through / disqualifié / vitesse insuffisante	드라이브 스루 페널티를 받았습니다/느린 주행으로 실격입니다	由于低速行驶，遭判罚进站惩罚/取消资格	由於低速行駛，遭判罰通過維修區/排位失格
	RAC_HUD_WarningDrivingStandards	Race Director warning for driving standards	Mise en garde pour normes de pilotage	Avvertimento del direttore di gara per il pilotaggio	Verletzung der Rennstandards	Aviso del director de carrera por la normativa de pilotaje	Предупреждение за опасное вождение	Ostrzeżenie dyrektora wyścigu za standardy jazdy	ドライビング基準へのレースディレクターの警告	O diretor apagou o tempo da volta	Aviso por la normativa de conducción	Mise en garde pour normes de pilotage	레이스 디렉터로부터 드라이빙 기준 문제로 경고입니다. 	赛事总监向你发出驾驶基准警告	賽事總監向你發出駕駛基準警告
	RAC_HUD_RaceComplete	RACE COMPLETE	COURSE TERMINEE	UNTRANSLATED (3800803962): RAC_HUD_RaceComplete	RENNEN ABGESCHLOSSEN	UNTRANSLATED (3800803962): RAC_HUD_RaceComplete	UNTRANSLATED (3800803962): RAC_HUD_RaceComplete	UNTRANSLATED (3800803962): RAC_HUD_RaceComplete	UNTRANSLATED (3800803962): RAC_HUD_RaceComplete	CORRIDA COMPLETADA	CARRERA COMPLETADA	UNTRANSLATED (3800803962): RAC_HUD_RaceComplete	UNTRANSLATED (3800803962): RAC_HUD_RaceComplete	UNTRANSLATED (3800803962): RAC_HUD_RaceComplete	UNTRANSLATED (3800803962): RAC_HUD_RaceComplete
	RAC_HUD_PracticeComplete	Practice complete	Essais terminés	Prove completate	Beendet in:	Termina en:	Завершение	Koniec za:	フリー走行終了	Concluído	Completada en:	Essais terminés	연습 주행 종료	自由练习结束	自由練習結束
	RAC_HUD_QualifyingComplete	Qualifying complete	Qualifications terminées	Qualifiche completate	Beendet in:	Termina en:	Завершение	Koniec za:	予選終了	Concluído	Completada en:	Qualifications terminées	예선 종료	排位赛结束	排位賽結束
	RAC_HUD_PracticeSessionOver	PRACTICE SESSION OVER	ESSAIS TERMINÉS	FINE DELLA SESSIONE DI PROVE	TRAININGSSITZUNG BEENDET	SESIÓN DE PRÁCTICA TERMINADA	СВОБОДНЫЕ ЗАЕЗДЫ ЗАВЕРШЕНЫ	SESJA TRENINGOWA UKOŃCZONA	フリー走行セッション終了	SESSÃO DE TREINO CONCLUÍDA	SESIÓN DE PRÁCTICA TERMINADA	ESSAIS TERMINÉS	연습 세션 종료	自由练习结束	自由練習結束
	RAC_HUD_PracticeSessionOverFinalLap	PRACTICE SESSION OVER : FINAL LAP	ESSAIS TERMINÉS : DERNIER TOUR	FINE DELLA SESSIONE DI PROVE: ULTIMO GIRO	TRAININGSSITZUNG BEENDET: LETZTE RUNDE	SESIÓN DE PRÁCTICA TERMINADA: VUELTA FINAL	СВОБОДНЫЕ ЗАЕЗДЫ ЗАВЕРШЕНЫ: ПОСЛЕДНИЙ КРУГ	SESJA TRENINGOWA UKOŃCZONA: OSTATNIE OKRĄŻENIE	フリー走行セッション完了：最終ラップ	SESSÃO DE TREINO: ÚLTIMA VOLTA	SESIÓN DE PRÁCTICA TERMINADA: ÚLTIMA VUELTA	ESSAIS TERMINÉS : DERNIER TOUR	연습 세션 종료 : 파이널 랩	自由练习结束：最后一圈	自由練習結束：最後一圈
	RAC_HUD_CurrentLap	Current Lap	Tour en cours	Giro attuale	Aktuelle Runde	Vuelta actual	Текущий круг	Bieżące okrążenie	現在のラップ	Volta atual	Vuelta actual	Tour en cours	현재 랩	目前圈数	目前圈數
	RAC_HUD_CurrentLapCap	CURRENT LAP	TOUR EN COURS	GIRO ATTUALE	AKTUELLE RUNDE	VUELTA ACTUAL	ТЕКУЩИЙ КРУГ	BIEŻĄCE OKRĄŻENIE	現在のラップ	VOLTA ATUAL	VUELTA ACTUAL	TOUR EN COURS	현재 랩	目前圈数	目前圈數
	RAC_HUD_FastestLap	Fastest Lap	Meilleur tour	Giro più veloce	Schnellste Runde	Vuelta rápida	Лучший круг	Najszybsze okrążenie	最速ラップ	Volta mais rápida	Récord de vuelta	Meilleur tour	최고속 랩	最速单圈	最速單圈
	RAC_HUD_MyBest	Personal Best	Record personnel	Record personale	Persönliche Bestzeit	Récord personal	Личный рекорд	Osobisty rekord	自己ベスト	Recorde pessoal	Récord personal	Record personnel	개인 베스트	个人最佳	個人最佳
	RAC_HUD_WarningMaintainPitSpeed	Keep speed limits!	Respectez la limite de vitesse !	Rispetta i limiti di velocità!	Tempolimits einhalten!	¡Respeta el límite de velocidad!	Соблюдайте лимит cкорости!	Uważaj na limit prędkości!	制限速度を守ってください！	Fique no limite de velocidade!	¡Respeta el límite de velocidad!	Respectez la limite de vitesse!	제한 속도를 지키세요!	遵守速度限制！	遵守速度限制！
	RAC_HUD_InfoMaintianPitSpeed	Keep pit to pit speed limits - engage speed limiter!	Respectez la limite de vitesse dans les stands, activez le limiteur de vitesse !	Rispetta i limiti di velocità nei box, attiva il limitatore!	Boxen-Tempolimit in der Box einhalten – Tempolimiter aktivieren!	No superes el límite de velocidad en boxes. ¡Activa el limitador de velocidad!	Соблюдайте скоростной режим на пит-лейн - включите ограничитель!	Zachowaj prędkość w boksach – wł. limiter prędkości w boksach!	ピット間の制限速度を守る - スピードリミッター始動しよう！	Fique no limite de velocidade entre boxes - ative o limitador de velocidade!	No superes el límite de velocidad en boxes. ¡Activa el limitador de velocidad!	Respectez la limite de vitesse dans les stands, activez le limiteur de vitesse!	피트 간의 제한 속도를 준수하십시오 - 속도제한장치를 작동하십시오! 	在维修站间保持速度限制 - 启动限速器！	在維修站間保持速度限制 - 啟動限速器！
	RAC_HUD_PenaltyPitSpeeding	Penalised for speeding in Pit lane!	Pénalité pour excès de vitesse dans les stands !	Penalizzato per eccesso di velocità nella corsia dei box!	Strafe für Überschreitung des Tempolimits in der Box!	¡Penalización por exceso de velocidad en boxes!	Штраф за превышение скорости на пит-лейн!	Ukarano za nadmierną prędkość w boksach!	ピットレーンでの速度違反によりペナルティが科せられました！	Penalizado por acelerar nos boxes!	¡Sancionado por exceso de velocidad en boxes!	Pénalité pour excès de vitesse dans les stands!	피트 레인에서의 과속으로 페널티입니다. 	由于在维修通道高速行驶而被判罚！	由於在維修通道高速行駛而被判罰！
	RAC_HUD_InactivityTimerMessage	Retiring due to inactivity [SS]	Abandon pour cause d'inactivité [SS]	Ritiro per inattività [SS]	Aufgabe wegen Inaktivität [SS]	Retirado por inactividad [SS]	Выбывание в связи с неактивностью [SS]	Opuszczanie z braku aktywności [SS]	[SS] 秒間の無操作のためリタイア	Abandonando por inatividade [SS]	Retirado por inactividad [SS]	Abandon pour cause d'inactivité [SS]	[SS] 초간 조작이 없었으므로 리타이어	由于[SS]秒内无进行操作，遭到淘汰	由於[SS]秒內無進行操作，遭到淘汰
	RAC_HUD_WarningInsufficientProgress	Retiring - Insufficient progress [SS]	Abandon - Progression insuffisante [SS]	Ritiro, progressi insufficienti [SS]	Aufgabe – Nicht genügend Fortschritte [SS]	Retirado: progreso insuficiente [SS]	Выбывание - недостаточный путь [SS]	Opuszczanie – niewystarczający postęp [SS]	リタイア - [SS] 秒間の無操作	Abandonando - progresso insuficiente [SS]	Retirado: progreso insuficiente [SS]	Abandon - Progression insuffisante [SS]	리타이어 - [SS] 초간 조작이 없었음	淘汰 - [SS]秒内无进行操作	淘汰 - [SS]秒內無進行操作
	RAC_HUD_PenaltyPitLaneDrivenIntoForbiddenArea	Penalised for driving into forbidden pit area	Pénalité pour avoir roulé dans une zone interdite des stands	Penalità per guida in zona vietata dei box	Strafe für Befahren des gesperrten Boxengasse	Sancionado por entrar en una zona prohibida de boxes	Штраф за въезд в запрещенную зону	Ukarano za wjechanie do zakazanej strefy boksów	ピット内の禁止エリア走行によりペナルティが科せられました	Penalizado por dirigir em área proibida dos boxes	Sancionado por entrar en una zona prohibida de boxes	Pénalité pour avoir roulé dans une zone interdite des stands	금지된 피트 에어리어에서의 드라이빙으로 페널티	由于进入维修站内禁止行驶区域而被判罚！	由於進入維修站內禁止行駛區域而被判罰！
	RAC_HUD_InfoFormLapEnding	Formation lap is about to finish!	Le tour de formation est presque terminé !	Il giro di formazione sta per finire!	Einführungsrunde endet bald!	¡La vuelta de formación va a terminar!	Прогревочный круг почти завершен!	Zbliża się koniec okrążenia formującego!	フォーメーションラップがもうすぐ終了します！	Volta de formação prestes a terminar!	¡La vuelta de formación va a terminar!	Le tour de formation est presque terminé!	포메이션 랩이 곧 끝납니다! 	暖胎圈马上要结束了！	暖胎圈馬上要結束了！
	RAC_HUD_DelayedPitCrewWork	Delayed Pit crew work!	Retard pour cause de travail aux stands !	Intervento della squadra ai box rimandato!	Boxencrew-Arbeit verzögert!	¡Equipo de trabajo en boxes con retraso!	Задержка работы механиков!	Opóźniona praca ekipy serwisowej!	ピットクルーの作業が遅れます！	Equipe de box atrasada!	¡Equipo de trabajo en boxes con retraso!	Retard pour cause de travail aux stands!	피트 워크가 지연되고 있습니다!	技师团队作业延迟了！	技師團隊作業延遲了！
	RAC_HUD_FormLapInfo	Maintain your grid position!	Maintenez votre position sur la grille !	Mantieni la tua posizione sulla griglia!	Startposition beibehalten!	¡Mantén tu posición en la parrilla!	Сохраняйте позицию на стартовой решетке!	Utrzymuj pozycję startową!	グリッド順位を維持しよう！	Mantenha sua posição no grid!	¡Mantén tu posición en la parrilla!	Maintenez votre position sur la grille!	그리드 포지션을 유지하십시오! 	维持起跑顺位！	維持起跑順位！
	RAC_HUD_TakeJokerLap	Take Joker Lap	Prenez le tour joker	Effettua il giro jolly	Jokerrunde nehmen	Haz la vuelta de comodín	Пройдите джокер-круг	Przejedź okrążenie jokera	ジョーカーラップです	Faça a volta curinga	Haz la vuelta comodín	Prenez le tour joker	조커 랩입니다.	进入小丑圈	進入小丑圈
	RAC_HUD_VehicleResetNotPossible	Vehicle reset not possible, the vehicle speed is too high.	Impossible de réinitialiser le véhicule, vitesse trop élevée.	Impossibile ripristinare l'auto, velocità troppo elevata.	Fahrzeug kann nicht zurückgesetzt werden, die Geschwindigkeit ist zu hoch.	No es posible recolocar el vehículo porque va a mucha velocidad.	Сброс автомобиля невозможен из-за слишком высокой скорости	Zresetowanie pojazdu niemożliwe z powodu zbyt dużej prędkości.	車両のスピードが速すぎるため、リセットできません。	Impossível redefinir o veículo, a velocidade é muito alta.	No es posible restablecer el vehículo porque va a mucha velocidad.	Impossible de réinitialiser le véhicule, vitesse trop élevée.	차량 리셋이 불가능합니다, 차량의 속도가 너무 빠릅니다.	不可重置车辆，车辆速度过高。	不可重置車輛，車輛速度過高。
	RAC_HUD_VehicleResetFailed	Vehicle cannot be reset, due to being still on grid.	Véhicule impossible à réinitialiser car il est toujours sur la grille.	L'auto è ferma sulla griglia e non può essere ripristinata.	Fahrzeug kann nicht zurückgesetzt werden, noch in der Startaufstellung.	No es posible recolocar el vehículo porque sigue en la parrilla.	Сброс автомобиля невозможен, так как вы все еще на стартовой решетке	Pojazd nie może być zresetowany, ponieważ wciąż jest na polu startowym.	グリッド上にいるため、車両をリセットできません。	O veículo não pode ser redefinido, já que ainda está no grid.	No es posible restablecer el vehículo porque sigue en la parrilla.	Véhicule impossible à réinitialiser car il est toujours sur la grille.	차량 리셋이 불가능합니다, 아직 그리드 위에 있습니다.	由于尚在赛道上，车辆无法重置。	由於尚在賽道上，車輛無法重置。
	RAC_HUD_VehicleResetFailedOthers	Vehicle cannot be reset, due to other participants being too close.	Le véhicule ne peut être réinitialisé car d'autres concurrents sont trop près.	Gli altri piloti sono troppo vicini e l'auto non può essere ripristinata.	Fahrzeug kann nicht zurückgesetzt werden, andere Wagen sind zu nah.	Imposible restablecer el vehículo porque hay otros participantes cerca.	Сброс автомобиля невозможен: рядом другие игроки.	Nie można zresetować pojazdu w pobliżu innych uczestników.	他の参加者が近くにいるため、車両をリセットできません。	Impossível redefinir, já que outros participantes estão próximos.	Imposible restablecer el vehículo porque hay otros participantes cerca.	Le véhicule ne peut être réinitialisé car d'autres concurrents sont trop près.	차량 리셋이 불가능합니다, 다른 참가자들이 너무 가까이 있습니다. 	由于太靠近其他参与者，车辆无法重置。	由於太靠近其他參與者，車輛無法重置。
	RAC_HUD_VehicleResetFailedDefault	Vehicle cannot be reset at this moment.	Impossible de réinitialiser le véhicule pour le moment.	Impossibile ripristinare l'auto in questo momento.	Fahrzeug kann momentan nicht zurückgesetzt werden.	No es posible recolocar el vehículo en este momento.	В данный момент сброс автомобиля невозможен	Pojazd nie może być teraz zresetowany.	今は車両をリセットできません。	O veículo não pode ser redefinido neste momento.	No es posible restablecer el vehículo en este momento.	Impossible de réinitialiser le véhicule pour le moment.	지금은 차량 리셋이 불가능합니다. 	目前无法重置车辆。	目前無法重置車輛。
	RAC_HUD_GridPlaceShort	+[INT] Pos	Pos +[INT]	+[INT] Pos	+[INT] Pos	+[INT] pos.	+[INT] поз.	+[INT] poz.	[INT] 位降格	+[INT] pos	+[INT] pos.	Pos +[INT]	+[INT] Pos	+[INT]位	+[INT]位
	RAC_HUD_DisqualifiedShort	DQ	DQ	DQ	DQ	DC	ДСКВ	DYSKW.	失格	DC	DC	DQ	실격	取消资格	排位失格
	RAC_HUD_DriveThroughShort	DT	DT	DT	DT	PS	ШТРАФ	PRZEJ.	ドライブスルー	DT	PS	DT	드라이브 스루	判罚过站	判罰過站
	RAC_HUD_TimePenaltyShort	+[INT] Sec	+[INT] s	+[INT] sec	+[INT] Sek	+[INT] s	+[INT] с	+[INT] s	+[INT] 秒	+[INT] seg	+[INT] s	+[INT] s	+[INT]초	+[INT]秒	+[INT]秒
	RAC_HUD_PenaltyInsufficientProgress	Penalised for insufficient progress	Pénalité pour progression insuffisante	Penalizzato per progressi insufficienti	Strafe wegen mangelnden Fortschritts	Penalización por progreso insuficiente	Штраф за недостаточный путь	Ukarano za niewystarczający postęp	無操作によりペナルティ	Penalizado por progresso insuficiente	Penalización por progreso insuficiente	Pénalité pour progression insuffisante	불충분한 진행으로 페널티	因进度不足受罚	因進度不足受罰
	RAC_HUD_FinishCooldownLap	Cooldown lap active. Skip via pause menu.	Tour de refroidissement actif. Passer via le menu pause.	Giro di raffreddamento attivo. Salta dal menu di pausa	Auslaufrunde aktiv. Überspringen über das Pausenmenü.	Vuelta de Honor activa. Omítela en el menú de pausa.	Круг возвращения в боксы. Пропустите через меню паузы.	Okrążenie rozjazdowe aktywne. Pomiń w menu pauzy.	クールダウンラップ中です。ポーズメニューでスキップ可能	Volta de resfriamento ativa. Pule no menu de pausa.	Vuelta tranquila activa. Omítela en el menú de pausa.	Tour de refroidissement actif. Passer via le menu pause.	쿨다운 랩 활성화. 일시 정지 메뉴에서 건너뛰십시오. 	启动冷胎圈。自暂停菜单跳过。	啟動冷胎圈。自暫停選單跳過。
	RAC_HUD_FormationLap	FORMATION LAP	TOUR DE FORMATION	GIRO DI FORMAZIONE	EINFÜHRUNGSRUNDE	VUELTA DE FORMACIÓN	ПРОГРЕВОЧНЫЙ КРУГ	OKRĄŻENIE FORMUJĄCE	フォーメーションラップ	VOLTA DE FORMAÇÃO	VUELTA DE FORMACIÓN	TOUR DE FORMATION	포메이션 랩	暖胎圈	暖胎圈
	RAC_HUD_RollingStart	ROLLING START	DÉPART LANCÉ	PARTENZA LANCIATA	FLIEGENDER START	SALIDA LANZADA	СТАРТ С ХОДА	LOTNY START	ローリングスタート	LARGADA EM MOVIMENTO	SALIDA LANZADA	DÉPART LANCÉ	롤링 스타트	动态起跑	動態起跑
	RAC_HUD_DriveInfoPosition	MAINTIAN POSITION:	MAINTENIR POSITION :	MANTIENI LA POSIZIONE:	POSITION BEIBEHALTEN:	MANTENER POSICIÓN:	УДЕРЖИВАЙТЕ ПОЗИЦИЮ:	UTRZYMAJ POZYCJĘ:	順位を維持：	MANTENHA A POSIÇÃO:	MANTENER POSICIÓN:	MAINTENIR POSITION :	순위 유지:	保持顺位：	保持順位：
	RAC_HUD_DriveInfoSpeedLimit	SPEED LIMIT	LIMITE DE VITESSE	LIMITE DI VELOCITÀ	TEMPOLIMIT	LÍMITE DE VELOCIDAD:	ЛИМИТ СКОРОСТИ	LIMIT PRĘDKOŚCI	制限速度	LIMITE DE VELOCIDADE	LÍMITE DE VELOCIDAD:	LIMITE DE VITESSE	속도 제한	限速	速限
	RAC_HUD_TimeRemainingSec	TIME REMAINING [INT] SEC	TEMPS RESTANT [INT] SEC	TEMPO RESIDUO [INT] SEC	VERBLEIBENDE ZEIT [INT] SEK	TIEMPO RESTANTE [INT] SEG.	ОСТАЛОСЬ [INT] СЕК.	POZOSTAŁY CZAS [INT] S	残り時間 [INT] 秒	TEMPO RESTANTE [INT] SEG	TIEMPO RESTANTE [INT] SEG.	TEMPS RESTANT [INT] SEC	남은 시간 [INT] 초	剩余时间 [INT]秒	剩餘時間 [INT]秒
	RAC_HUD_Active	ACTIVE	ACTIF	ATTIVA	AKTIV	ACTIVADO	АКТИВНО	AKTYWNE	アクティブ	ATIVO	ACTIVADO	ACTIVE	활성화	启用	啟用
	RAC_HUD_ManualControl	MANUAL CONTROL	CONTRÔLE MANUEL	CONTROLLO MANUALE	MANUELLE STEUERUNG	CONTROL MANUAL	РУЧНОЕ УПРАВЛЕНИЕ	STEROWANIE MANUALNE	マニュアル操作中	CONTROLE MANUAL	CONTROL MANUAL	CONTRÔLE MANUEL	수동 조작	手动操控	手動操控
	RAC_HUD_BeginsInIntSeconds	BEGINS IN: [INT] SECONDS	DÉBUT DANS : [INT] SECONDE(S)	INIZIA TRA: [INT] SECONDI	BEGINNT IN: [INT] SEKUNDEN	COMIENZA EN: [INT] SEGUNDO(S)	НАЧАЛО ЧЕРЕЗ [INT] СЕК.	POCZĄTEK ZA: [INT] S	開始まで： [INT] 秒	INICIA EM: [INT] SEGUNDOS	COMIENZA EN: [INT] SEGUNDOS	COMMENCE DANS : [INT] SECONDES	시작: [INT] 초 후	开始于： [INT] 秒	開始於： [INT] 秒
	RAC_HUD_PrepareForRaceStart	PREPARE FOR RACE START	PRÉPAREZ-VOUS AU DÉPART	PREPARATI PER L'INIZIO DELLA GARA	BEREIT MACHEN FÜR RENNSTART	PREPÁRATE PARA LA SALIDA	ПРИГОТОВЬТЕСЬ К СТАРТУ	PRZYGOTUJ SIĘ DO STARTU	スタートに備えよ	PREPARE-SE PARA O INÍCIO DA CORRIDA	PREPÁRATE PARA EL INICIO DE LA CARRERA	PRÉPAREZ-VOUS AU DÉPART	레이스 시작 준비	赛车开始准备	賽車開始準備
	RAC_HUD_TimeFormatHHMMSS	[HH]:[MM]:[SS]	[HH]:[MM]:[SS]	[HH]:[MM]:[SS]	[HH]:[MM]:[SS]	[HH]:[MM]:[SS]	[HH]:[MM]:[SS]	[HH]:[MM]:[SS]	[HH]:[MM]:[SS]	[HH]:[MM]:[SS]	[HH]:[MM]:[SS]	[HH]:[MM]:[SS]	[HH]:[MM]:[SS]	[HH]：[MM]：[SS]	[HH]：[MM]：[SS]
	RAC_HUD_SectorSplitTimesMessages	SPLIT TIMES	TEMPS INTERMEDIAIRES	UNTRANSLATED (3888005979): RAC_HUD_SectorSplitTimesMessages	SEKTORZEITEN	UNTRANSLATED (3888005979): RAC_HUD_SectorSplitTimesMessages	UNTRANSLATED (3888005979): RAC_HUD_SectorSplitTimesMessages	UNTRANSLATED (3888005979): RAC_HUD_SectorSplitTimesMessages	UNTRANSLATED (3888005979): RAC_HUD_SectorSplitTimesMessages	PARCIAIS	TIEMPO DEL SECTOR	UNTRANSLATED (3888005979): RAC_HUD_SectorSplitTimesMessages	UNTRANSLATED (3888005979): RAC_HUD_SectorSplitTimesMessages	UNTRANSLATED (3888005979): RAC_HUD_SectorSplitTimesMessages	UNTRANSLATED (3888005979): RAC_HUD_SectorSplitTimesMessages
	RAC_HUD_SplitTimeToFastestLap	Fastest lap	Meilleur tour	Giro più veloce	Schnellste Runde	Vuelta rápida	Лучший круг	Najszybsze okrążenie	最速ラップ	Volta mais rápida	Vuelta rápida	Meilleur tour	최고속 랩	最速单圈	最速單圈
	RAC_HUD_SplitTimeToPreviousLap	Previous lap	Tour précédent	Giro precedente	Vorherige Runde	Vuelta anterior	Предыдущий круг	Poprzednie okrążenie	直前ラップ	Volta anterior	Vuelta anterior	Tour précédent	이전 랩	前一圈	前一圈
	RAC_HUD_SplitTimeToPotential	Potential Lap	Tour potentiel	Tempo stimato	Potenzielle Runde	Vuelta potencial	Потенциальный круг	Spodziewane okrążenie	予想タイム	Volta em potencial	Vuelta potencial	Tour potentiel	예상 랩	潜力圈	潛力圈
	RAC_HUD_SplitTimesNotYetAvail	Split times not yet available for mode	Temps intermédiaires non disponibles pour ce mode	Tempi di metà giro non ancora disponibili per la modalità	Zwischenzeiten für Modus noch nicht verfügbar	Los tiempos parciales no están disponibles en este modo.	Отрыв в данном режиме не отображается	Międzyczasy nie są jeszcze dostępne dla trybu	このモードでは、まだスプリットタイムを利用できません	Parciais ainda não disponíveis para o modo	Los tiempos parciales no están disponibles en este modo.	Temps intermédiaires non disponibles pour ce mode	이 모드에서는 스플릿 타임 사용 불가	分段时间尚未适用于模式	分段時間尚未適用於模式
	RAC_HUD_PenaltyCompulsoryNavlineRepeated	Joker lap taken more than once.	Tour joker pris plus d'une fois.	Giro jolly effettuato più di una volta.	Alternativroute mehr als einmal genommen.	Vuelta comodín realizada más de una vez.	Многократный проезд по джокер-кругу.	Okrążenie jokera pokonane więcej niż raz.	ジョーカーラップを2回以上走行。	Deu mais de uma volta curinga.	Vuelta comodín realizada más de una vez.	Tour joker pris plus d'une fois.	한 번 이상 조커 랩을 돌았습니다. 	行驶一次以上小丑圈。	行駛一次以上小丑圈。
	RAC_HUD_EnteringPitLane	ENTERING PIT LANE	ENTRÉE DANS LES STANDS	INGRESSO NELLA CORSIA DEI BOX	EINFAHRT IN BOXENGASSE	ENTRANDO EN BOXES	ВЪЕЗД НА ПИТ-ЛЕЙН	WJAZD DO BOKSU	ピットイン中	ENTRANDO DOS BOXES	ENTRANDO A BOXES	ENTRÉE DANS LES STANDS	피트 레인 진입	进入维修通道	進入維修通道
	RAC_HUD_DrivingInPitLane	DRIVING IN PIT LANE	CONDUITE DANS LES STANDS	NELLA CORSIA DEI BOX	FÄHRT IN DER BOXENGASSE	LLEGANDO A BOXES	ДВИЖЕНИЕ ПО ПИТ-ЛЕЙН	JAZDA W BOKSIE	ピットレーンを走行中	PILOTANDO NOS BOXES	CONDUCIENDO EN BOXES	CONDUITE DANS LES STANDS	피트 레인 주행	驶入维修通道	駛入維修通道
	RAC_HUD_ReduceSpeed	REDUCE SPEED!	RÉDUISEZ VOTRE VITESSE !	RIDURRE LA VELOCITÀ!	TEMPO VERRINGERN!	¡REDUCE LA VELOCIDAD!	СБАВЬТЕ СКОРОСТЬ!	ZREDUKUJ PRĘDKOŚĆ!	減速せよ！	REDUZA A VELOCIDADE!	¡REDUCE LA VELOCIDAD!	RÉDUISEZ VOTRE VITESSE!	속도를 줄이시오!	减速！	減速！
	RAC_HUD_PitStopTime	PIT STOP TIME	ARRÊT AUX STANDS	PIT STOP	BOXENSTOPP	T. DE PARADA	ВРЕМЯ	CZAS W BOKSIE	ピットストップタイム	T. EM BOXES	PARADAS EN BOXES	T. AUX STANDS	피트 스톱	停站时间	停站時間
	RAC_HUD_SpeedLimit	SPEED LIMIT	LIMITE	LIMITE	TEMPOLIMIT	LÍMITE	ЛИМИТ	LIMIT	制限速度	LIMITE	LÍMITE	LIMITE	속도 제한	速限	速限
	RAC_HUD_RemainUnderSpeedLimi	REMAIN UNDER SPEED LIMIT	RESTER SOUS LA LIMITE DE VITESSE	RISPETTA I LIMITI DI VELOCITÀ	UNTER DEM TEMPOLIMIT BLEIBEN	RESPETA EL LÍMITE DE VELOCIDAD	НЕ ПРЕВЫШАЙТЕ СКОРОСТЬ	UWAŻAJ NA LIMIT PRĘDKOŚCI	制限速度を守れ	NÃO ULTRAPASSE O LIMITE DE VELOCIDADE	NO SUPERES EL LÍMITE DE VELOCIDAD	RESTER SOUS LA LIMITE DE VITESSE	속도 제한 유지	保持低于速限	保持低於速限
	RAC_HUD_InPitBox	IN PIT BOX	DANS LE BOX DES STANDS	AI BOX	IN DER BOX	EN BOXES	В БОКСАХ	W BOKSIE	ピットボックス内	NOS BOXES	EN BOXES	DANS LE BOX DES STANDS	피트 박스 안	进入维修站	進入維修站
	RAC_HUD_ExitingPitLane	EXITING PIT LANE	SORTIE DES STANDS	USCITA DALLA CORSIA DEI BOX	AUSFAHRT AUS BOXENGASSE	SALIENDO DE BOXES	ВЫЕЗД С ПИТ-ЛЕЙН	WYJAZD Z BOKSU	ピットアウト中	SAINDO DOS BOXES	SALIENDO DE BOXES	SORTIE DES STANDS	피트 레인 진출	离开维修通道	離開維修通道
	RAC_HUD_TimeFormatSST	[SS].[T]	[SS].[T]	[SS].[T]	[SS].[T]	[SS].[T]	[SS].[T]	[SS].[T]	[SS].[T]	[SS].[T]	[SS].[T]	[SS].[T]	[SS].[T]	[SS].[T]	[SS].[T]
	RAC_HUD_TimeFormatMMSST	[MM]:[SS].[T] 	[MM]:[SS].[T] 	[MM]:[SS].[T] 	[MM]:[SS].[T] 	[MM]:[SS].[T] 	[MM]:[SS].[T] 	[MM]:[SS].[T]	[MM]:[SS].[T] 	[MM]:[SS].[T] 	[MM]:[SS].[T] 	[MM]:[SS].[T] 	[MM]:[SS].[T]	[MM]：[SS]。[T] 	[MM]：[SS]。[T] 
	RAC_HUD_CooldownLapActive	Cooldown lap active	Tour de refroidissement actif	Giro di raffreddamento attivo	Auslaufrunde aktiv	Vuelta de Honor activa	Круг возвращения	Trwa okrążenie rozjazdowe	クールダウンラップ中です	Volta de resfriamento ativa	Vuelta tranquila activa	Tour de refroidissement actif	쿨다운 랩 활성화	启动冷胎圈	啟動冷胎圈
	RAC_HUD_SkipFromThePauseMenu	Skip from the Pause menu	Passer via le menu pause	Salta dal menu di pausa	Aus Pausenmenü überspringen	Omítela desde el menú de pausa	Пропуск через меню паузы	Można pominąć z menu pauzy	ポーズメニューでスキップ可能	Pule no menu de pausa	Omitir en menú de pausa	Passer via le menu pause	일시 정지 메뉴에서 건너뛰기	自暂停菜单跳过	自暫停選單跳過
	RAC_HUD_HitOffboundArea	Driving in offbound area	Conduite hors-limite	Stai guidando in un'area vietata	Fährt in Gelände	Saliendo de pista	Выезд за пределы трассы	Jedziesz poza terenem wyścigu	禁止エリアを走行中	Pilotando em área fora dos limites	Conduciendo fuera de la pista	Conduite hors-limite	오프바운드 구역에서 드라이브	驶入禁区	駛入禁區
	RAC_HUD_PitSpeedGridPenalty	Grid penalty for speeding in Pit lane!	Pénalité de grille pour excès de vitesse dans les stands !	Retrocessione sulla griglia per eccesso di velocità nella corsia dei box!	Startplatzierungsstrafe für Überschreitung des Tempolimits in der Box!	¡Penalización de parrilla por exceso de velocidad en boxes!	Штрафная позиция на старте за превышение скорости на пит-лейн!	Kara pozycji startowej za nadmierną prędkość w boksach!	ピットレーンでの速度違反によりグリッドペナルティが科せられました！	Penalidade no grid por acelerar nos boxes!	¡Sanción de parrilla por exceso de velocidad en boxes!	Pénalité de grille pour excès de vitesse dans les stands!	피트 레인에서의 과속으로 그리드 페널티!	因在维修通道超速受到起步罚退！	因在維修通道超速受到起步罰退！
	RAC_HUD_PitSpeedTimePenalty	Time penalty for speeding in Pit lane!	Pénalité de temps pour excès de vitesse dans les stands !	Penalità di tempo per eccesso di velocità nella corsia dei box!	Zeitstrafe für Überschreitung des Tempolimits in der Box!	¡Penalización de tiempo por exceso de velocidad en boxes!	Штрафное время за превышение скорости на пит-лейн!	Kara czasowa za nadmierną prędkość w boksach!	ピットレーンでの速度違反によりタイムペナルティが科せられました！	Penalidade de tempo por acelerar nos boxes!	¡Penalización de tiempo por exceso de velocidad en boxes!	Pénalité de temps pour excès de vitesse dans les stands!	피트 레인에서의 과속으로 타임 페널티!	因在维修通道超速受到加时处罚！	因在維修通道超速受到加時處罰！
	RAC_HUD_SessionBestSmall	Session Best	Meilleur de la session	Migliore della sessione	Sitzungsbestleistung	Récord de sesión	Рекорд сессии	Rekord sesji	セッションベスト	Recorde da sessão	Récord de sesión	Meilleur de la session	세션 베스트	比赛最佳	比賽最佳
	RAC_HUD_PreviousLap	Previous Lap	Tour précédent	Giro precedente	Vorherige Runde	Vuelta anterior	Предыдущий круг	Poprzednie okrążenie	前ラップ	Volta anterior	Vuelta anterior	Tour précédent	이전 랩	前一圈	前一圈
	RAC_HUD_MyPotential	My Potential	Mon potentiel	Il mio tempo stimato	Mein Potenzial	Tiempo potencial	Потенциально	Mój potencjał	マイポテンシャル	Meu potencial	Mi potencial	Mon potentiel	내 포텐셜	我的潜力	我的潛力
	RAC_HUD_PitLimiterEngaged	Pit limiter engaged	Limiteur de vitesse activé	Limitatore dei box attivato	Boxen-Limiter aktiviert	Limitador de velocidad activado	Включен ограничитель скорости	Włączony limiter w boksie	ピット速度制限中	Limitador de veloc. nos boxes ativado	Limitador en boxes activado	Limiteur de vitesse stands activé	피트 속도 제한 중	维修站限制启动	維修站限制啟動
	RAC_HUD_PenalisedFormLapEnteringPitlane	Disqualified for breaking formation	Vous êtes disqualifié car vous n'avez pas respecté la formation	Squalificato: sei uscito dalla formazione	DSQ wegen Ausbruch aus der Formation	Has sido descalificado por romper la formación	Вы дисквалифицированы за нарушение стартового порядка	Usunięto za przełamanie formacji	フォーメーション離脱により失格になりました	Você foi desqualificado por sair da posição.	Fuiste descalificado por romper la formación	Vous êtes disqualifié car vous n'avez pas respecté la formation	포메이션 이탈로 인해 실격했습니다.	由于违反暖胎圈的规则，被取消资格	由於違反暖胎圈的規則，被判排位失格
	RAC_HUD_SubtitleWithQuotes	"[SUBTITLE]"	"[SUBTITLE]"	"[SUBTITLE]"	"[SUBTITLE]"	"[SUBTITLE]"	"[SUBTITLE]"	"[SUBTITLE]"	「[SUBTITLE]」	"[SUBTITLE]"	«[SUBTITLE]»	« [SUBTITLE] »	"[SUBTITLE]"	「[SUBTITLE]」	「[SUBTITLE]」
	RAC_HUD_WorldRecord	World Record	Record du monde	Record mondiale	Weltrekord	Récord global	Мировой рекорд	Rekord świata	世界記録	Recorde mundial	Récord global	Record du monde	세계 기록	世界纪录	世界紀錄
	RAC_HUD_BestLapDelta	Best Lap Delta	Diff. meilleur tour	Differenza miglior giro	Beste Runde	Diferencia de la mejor vuelta	Дельта	Najl. okrąż. Delta	ベストラップとの差	Delta Melhor Volta	Diferencia de la mejor vuelta	Différence meilleur tour	베스트 랩과의 차이	最速单圈偏差	最速單圈偏差
	RAC_HUD_WarningCompulsoryNavlineInvalid	Joker Lap Invalid  Exceeding Track Limits	Tout joker invalide  Sortie des limites du circuit	Giro jolly non valido  Superati i limiti del percorso	Jokerrunde ungültig  Strecke verlassen	Vuelta comodín no válida  Límites de pista rebasados	Недействительный джокер-круг  Выезд за пределы трассы	Okr. jokera nieprawidłowe  Przekroczono granice toru	ジョーカーラップが無効です  コース制限を超過しました	Volta curinga inválida.  Excedendo limites de pista.	Vuelta comodín no válida  Superando los límites de la pista	Tout joker invalide  Sortie des limites du circuit	조커 랩이 무효입니다.  코스 제한을 초과했습니다.	不记录小丑圈 超过赛道限制	不記錄小丑圈 超過賽道限制
	RAC_HUD_SevereDamage	Severe Damage	Dégâts critiques	Danno grave	Schwerer Schaden	Daño grave	Значительное повреждение	Poważne uszkodzenia	深刻なダメージ	Dano grave	Daños graves	Dégâts critiques	심한 손상	严重损害	嚴重損害
	RAC_HUD_TerminalDamage	TERMINAL DAMAGE	DÉGÂTS EXTRÊMES	DANNI IRREPARABILI	TOTALSCHADEN	DAÑOS TERMINALES	КРИТИЧЕСКОЕ ПОВРЕЖДЕНИЕ	KRYTYCZNE USZKODZENIE	走行不能ダメージ	DANO FINAL	DAÑOS TERMINALES	DÉGÂTS EXTRÊMES	완파	致命损伤	致命損傷
	RAC_HUD_PitstopComplete	Pitstop complete.	Arrêt aux stands effectué.	Sosta ai box completata.	Boxenstopp abgeschlossen.	Parada en boxes completada.	Пит-стоп завершен.	Zjazd do boksu zakończony.	ピットストップ完了。	Pit stop concluído.	Parada en boxes completada.	Arrêt aux stands effectué.	피트 스톱 완료.	进站完成。	進站完成。
	RAC_HUD_WarningLapDeletedDueToPreviousSector	Lap time invalidated due to previous sector	Temps supprimé en raison du résultat du secteur précédent.	Tempo sul giro cancellato a causa del settore precedente	Rundenzeit gelöscht aufgrund von vorherigem Sektor	Tiempo de vuelta eliminado por el sector anterior.	Время круга удалено из-за поведения на предыдущем секторе	Czas okrążenia anulowany przez poprzedni sektor	前のセクターが原因でラップタイムが削除されました	Tempo da volta apagado devido ao setor anterior.	Tiempo de vuelta eliminado por el sector anterior.	Temps supprimé en raison du résultat du secteur précédent.	전 섹터로 인한 현 랩 타임 삭제	因为之前的区段，将删除单圈	因為之前的區段，將刪除單圈
	RAC_HUD_WarningCurrentAndNextLapDeleted	Current and next lap times will be invalidated	Le temps actuel et les suivants seront supprimés.	I tempi di questo e del prossimo giro saranno invalidati	Aktuelle und nächste Rundenzeit werden gelöscht	Se eliminarán datos de vuelta actual y siguiente.	Время текущего и следующего кругов будет удалено	Obecny i kolejne czasy okrążenia zostaną usunięte	現在のラップタイムと次のラップタイムは削除されます	O tempo dessa volta e da próxima inválidos	Se eliminarán datos de vuelta actual y siguiente.	Le temps actuel et les suivants seront supprimés.	현 랩 타임과 다음 랩 타임은 삭제됩니다.	目前与下圈的单圈即将被删除	目前與下圈的單圈即將被刪除
	RAC_HUD_DQFormationLapEarlyCross	Crossing the Start line before the race start.	Dépassement de la ligne de départ avant le début de la course.	Attraversamento della linea di partenza prima dell'inizio della gara.	Überqueren der Startlinie vor Rennstart.	Cruzar la línea de salida antes de que comience la carrera.	Пересечение линии старта до начала гонки.	Przekroczenie linii startu przed rozpoczęciem wyścigu.	レース開始前にスタートラインを通過。	Cruzar a linha de partida antes do início da corrida.	Cruzar la línea de salida antes de que comience la carrera.	Dépassement de la ligne de départ avant le début de la course.	출발선을 시작 전에 넘음. 	在比赛开始前穿过起跑线。	在比賽開始前穿過起跑線。
	RAC_HUD_DQFormationLapIncorrectGridPosition	Incorrect grid position.	Position incorrecte sur la grille.	Posizione errata sulla griglia.	Falsche Startposition.	Posición incorrecta en la parrilla.	Неверная позиция на старте.	Nieprawidłowa pozycja startowa.	間違ったグリッド順位	Posição no grid incorreta.	Posición incorrecta en la parrilla.	Position incorrecte sur la grille.	잘못된 그리드 위치. 	起跑顺位不正确。	起跑順位不正確。
	RAC_HUD_Kw	kW	kW	kW	kW	kW	кВт	kW	kW	kW	kW	kW	kW	kW	kW
	RAC_HUD_TrackLimitsWarning	TRACK LIMITS WARNING	AVERTISSEMENT : LIMITES DU CIRCUIT	UNTRANSLATED (2690782221): RAC_HUD_TrackLimitsWarning	VERWARNUNG: STRECKE VERLASSEN	UNTRANSLATED (2690782221): RAC_HUD_TrackLimitsWarning	UNTRANSLATED (2690782221): RAC_HUD_TrackLimitsWarning	UNTRANSLATED (2690782221): RAC_HUD_TrackLimitsWarning	UNTRANSLATED (2690782221): RAC_HUD_TrackLimitsWarning	VIOLAÇÃO DE LIMITE DE PISTA	ADVERTENCIA DE LÍMITES DE PISTA	UNTRANSLATED (2690782221): RAC_HUD_TrackLimitsWarning	UNTRANSLATED (2690782221): RAC_HUD_TrackLimitsWarning	UNTRANSLATED (2690782221): RAC_HUD_TrackLimitsWarning	UNTRANSLATED (2690782221): RAC_HUD_TrackLimitsWarning
	RAC_HUD_MandatoryPitWindowOpen	MANDATORY PIT WINDOW OPEN	FENÊTRE D’ARRÊT AU STAND OBLIGATOIRE OUVERTE	UNTRANSLATED (3393131379): RAC_HUD_MandatoryPitWindowOpen	PFLICHTBOXENSTOPPFENSTER OFFEN	ABIERTA LA VENTANA DE PIT OBLIGADA	UNTRANSLATED (3393131379): RAC_HUD_MandatoryPitWindowOpen	UNTRANSLATED (3393131379): RAC_HUD_MandatoryPitWindowOpen	UNTRANSLATED (3393131379): RAC_HUD_MandatoryPitWindowOpen	JANELA DO PIT OBRIGATÓRIO ABERTA	ABIERTA LA VENTANA DE PIT OBLIGADA	UNTRANSLATED (3393131379): RAC_HUD_MandatoryPitWindowOpen	UNTRANSLATED (3393131379): RAC_HUD_MandatoryPitWindowOpen	UNTRANSLATED (3393131379): RAC_HUD_MandatoryPitWindowOpen	UNTRANSLATED (3393131379): RAC_HUD_MandatoryPitWindowOpen
	RAC_HUD_Seconds	SECONDS	SECONDES	SECONDI	SEKUNDEN	SEGUNDO(S)	СЕК.	S	秒	SEGUNDOS	SEGUNDOS	SECONDES	시작: [INT] 초 후	开始于： [INT] 秒	開始於： [INT] 秒
	RAC_HUD_MotecERSModeOff	OFF	OFF	OFF	OFF	OFF	OFF	OFF	OFF	OFF	OFF	OFF	OFF	OFF	OFF
	RAC_HUD_MotecERSModeBuild	BUILD	BUILD	BUILD	BUILD	BUILD	BUILD	BUILD	BUILD	BUILD	BUILD	BUILD	BUILD	BUILD	BUILD
	RAC_HUD_MotecERSModeBalanced	BALANCED	BALANCED	BALANCED	BALANCED	BALANCED	BALANCED	BALANCED	BALANCED	BALANCED	BALANCED	BALANCED	BALANCED	BALANCED	BALANCED
	RAC_HUD_MotecERSModeAttack	HIGH	HIGH	HIGH	HIGH	HIGH	HIGH	HIGH	HIGH	HIGH	HIGH	HIGH	HIGH	HIGH	HIGH
	RAC_HUD_MotecERSModeQual	MAX	MAX	MAX	MAX	MAX	MAX	MAX	MAX	MAX	MAX	MAX	MAX	MAX	MAX
	RAC_HUD_Maintain	MAINTAIN	MAINTENIR	MANTIENI	BEIBEHALTEN	MANTENER	ПОЗИЦИЯ	UTRZYMAJ	メンテナンス	MANTER	MANTENER	MAINTENIR	유지	维护	維護
	RAC_HUD_MapModeStatic	Static	Statique	UNTRANSLATED (2166677839): RAC_HUD_MapModeStatic	Statisch	UNTRANSLATED (2166677839): RAC_HUD_MapModeStatic	UNTRANSLATED (2166677839): RAC_HUD_MapModeStatic	UNTRANSLATED (2166677839): RAC_HUD_MapModeStatic	UNTRANSLATED (2166677839): RAC_HUD_MapModeStatic	Estático	Estático	UNTRANSLATED (2166677839): RAC_HUD_MapModeStatic	UNTRANSLATED (2166677839): RAC_HUD_MapModeStatic	UNTRANSLATED (2166677839): RAC_HUD_MapModeStatic	UNTRANSLATED (2166677839): RAC_HUD_MapModeStatic
	RAC_HUD_MapModeDynamic	Dynamic	Dynamique	UNTRANSLATED (2908215601): RAC_HUD_MapModeDynamic	Dynamisch	UNTRANSLATED (2908215601): RAC_HUD_MapModeDynamic	UNTRANSLATED (2908215601): RAC_HUD_MapModeDynamic	UNTRANSLATED (2908215601): RAC_HUD_MapModeDynamic	UNTRANSLATED (2908215601): RAC_HUD_MapModeDynamic	Dinâmico	Dinámico	UNTRANSLATED (2908215601): RAC_HUD_MapModeDynamic	UNTRANSLATED (2908215601): RAC_HUD_MapModeDynamic	UNTRANSLATED (2908215601): RAC_HUD_MapModeDynamic	UNTRANSLATED (2908215601): RAC_HUD_MapModeDynamic
	RAC_HUD_SecondsLower	Seconds	Secondes	Secondi	Sekunden	Segundo(S)	Сек.	S	秒	Segundos	Segundos	Secondes	시작: [INT] 초 후	开始于： [INT] 秒	開始於： [INT] 秒
	RAC_HUD_BarUpper	BAR	BAR	BAR	BAR	BAR	BAR	BAR	BAR	BAR	BAR	BAR	BAR	BAR	BAR
	RAC_HUD_DegreesC	°C	°C	°C	°C	°C	°C	°C	°C	°C	°C	°C	°C	°C	°C
	RAC_HUD_BumpStopUpperShort	BUMP	COMPRESSION	UNTRANSLATED (1582804101): RAC_HUD_BumpStopUpperShort	ANSCHLAG	UNTRANSLATED (1582804101): RAC_HUD_BumpStopUpperShort	UNTRANSLATED (1582804101): RAC_HUD_BumpStopUpperShort	UNTRANSLATED (1582804101): RAC_HUD_BumpStopUpperShort	UNTRANSLATED (1582804101): RAC_HUD_BumpStopUpperShort	TOQUE	BUMP	UNTRANSLATED (1582804101): RAC_HUD_BumpStopUpperShort	UNTRANSLATED (1582804101): RAC_HUD_BumpStopUpperShort	UNTRANSLATED (1582804101): RAC_HUD_BumpStopUpperShort	UNTRANSLATED (1582804101): RAC_HUD_BumpStopUpperShort
	RAC_HUD_VehicleResetNotPossibleMP	Vehicle reset is disabled by the host	La réinitialisation du véhicule est désactivée par l’hôte	UNTRANSLATED (1004074905): RAC_HUD_VehicleResetNotPossibleMP	Fahrzeugreset ist vom Host deaktiviert	UNTRANSLATED (1004074905): RAC_HUD_VehicleResetNotPossibleMP	UNTRANSLATED (1004074905): RAC_HUD_VehicleResetNotPossibleMP	UNTRANSLATED (1004074905): RAC_HUD_VehicleResetNotPossibleMP	UNTRANSLATED (1004074905): RAC_HUD_VehicleResetNotPossibleMP	Reset do veículo está desabilitado pelo host	Resetear vehículo esta deshabilitado por el Host	UNTRANSLATED (1004074905): RAC_HUD_VehicleResetNotPossibleMP	UNTRANSLATED (1004074905): RAC_HUD_VehicleResetNotPossibleMP	UNTRANSLATED (1004074905): RAC_HUD_VehicleResetNotPossibleMP	UNTRANSLATED (1004074905): RAC_HUD_VehicleResetNotPossibleMP
	RAC_HUD_VehicleResetAvailabl	Vehicle reset available in [SECONDS]s	UNTRANSLATED (350166688): RAC_HUD_VehicleResetAvailabl	UNTRANSLATED (350166688): RAC_HUD_VehicleResetAvailabl	Fahrzeugreset in [SECONDS]s verfügbar	Reseteo de vehículo disponible en [SECONDS]s	UNTRANSLATED (350166688): RAC_HUD_VehicleResetAvailabl	UNTRANSLATED (350166688): RAC_HUD_VehicleResetAvailabl	UNTRANSLATED (350166688): RAC_HUD_VehicleResetAvailabl	Reset do Veículo disponível em [SECONDS]s	Reseteo de vehículo disponible en [SECONDS]s	Réinitialisation du véhicule disponible dans [SECONDS]s	UNTRANSLATED (350166688): RAC_HUD_VehicleResetAvailabl	UNTRANSLATED (350166688): RAC_HUD_VehicleResetAvailabl	UNTRANSLATED (350166688): RAC_HUD_VehicleResetAvailabl
	RAC_HUD_Next	NEXT	SUIVANT	PROSSIMO	WEITER	SIGUIENTE	ДАЛЕЕ	DALEJ	次へ	PRÓXIMO	SIGUIENTE	SUIVANT	다음	继续	繼續
	RAC_HUD_mins	mins	mins	min	min.	min	Мин.	Min	分	min.	min	min	분	分钟	分鐘
	RAC_HUD_ServeYourDTThisLap	Serve your drive-through penalty this lap or be disqualified	Effectuez votre pénalité de drive-through ce tour-ci ou vous serez disqualifié	UNTRANSLATED (3968652396): RAC_HUD_ServeYourDTThisLap	Drive-Through-Strafe diese Runde absitzen oder disqualifiziert werden	UNTRANSLATED (3968652396): RAC_HUD_ServeYourDTThisLap	UNTRANSLATED (3968652396): RAC_HUD_ServeYourDTThisLap	UNTRANSLATED (3968652396): RAC_HUD_ServeYourDTThisLap	UNTRANSLATED (3968652396): RAC_HUD_ServeYourDTThisLap	Cumpra a sua penalidade de drive-through esta volta ou será desclassificado	Cumple tu penalización de drive-through esta vuelta o serás descalificado	UNTRANSLATED (3968652396): RAC_HUD_ServeYourDTThisLap	UNTRANSLATED (3968652396): RAC_HUD_ServeYourDTThisLap	UNTRANSLATED (3968652396): RAC_HUD_ServeYourDTThisLap	UNTRANSLATED (3968652396): RAC_HUD_ServeYourDTThisLap
	RAC_HUD_XLapsToServeDT	You have [NUMLAPS] lap(s) left to serve your drive-through penalty	Il vous reste [NUMLAPS] tour(s) pour effectuer votre pénalité de drive-through	UNTRANSLATED (366221003): RAC_HUD_XLapsToServeDT	Du hast noch [NUMLAPS] Runde(n) Zeit, um deine Drive-Through-Strafe abzusitzen	UNTRANSLATED (366221003): RAC_HUD_XLapsToServeDT	UNTRANSLATED (366221003): RAC_HUD_XLapsToServeDT	UNTRANSLATED (366221003): RAC_HUD_XLapsToServeDT	UNTRANSLATED (366221003): RAC_HUD_XLapsToServeDT	Você tem [NUMLAPS] volta(s) restante(s) para cumprir sua penalidade de drive-through	Te quedan [NUMLAPS] vuelta(s) para cumplir tu penalización de drive-through	UNTRANSLATED (366221003): RAC_HUD_XLapsToServeDT	UNTRANSLATED (366221003): RAC_HUD_XLapsToServeDT	UNTRANSLATED (366221003): RAC_HUD_XLapsToServeDT	UNTRANSLATED (366221003): RAC_HUD_XLapsToServeDT
	RAC_HUD_XLapsAfterGreenForDT	You will have [NUMLAPS] lap(s) left to serve your drive-through penalty after the green flag	Il vous restera [NUMLAPS] tour(s) pour effectuer votre pénalité de drive-through après le drapeau vert	UNTRANSLATED (745469215): RAC_HUD_XLapsAfterGreenForDT	Du hast nach der grünen Flagge noch [NUMLAPS] Runde(n) Zeit, um deine Drive-Through-Strafe abzusitzen	UNTRANSLATED (745469215): RAC_HUD_XLapsAfterGreenForDT	UNTRANSLATED (745469215): RAC_HUD_XLapsAfterGreenForDT	UNTRANSLATED (745469215): RAC_HUD_XLapsAfterGreenForDT	UNTRANSLATED (745469215): RAC_HUD_XLapsAfterGreenForDT	Você terá [NUMLAPS] volta(s) restante(s) para cumprir sua penalidade de drive-through após a bandeira verde	Te quedarán [NUMLAPS] vuelta(s) para cumplir tu penalización de drive-through después de la bandera verde	UNTRANSLATED (745469215): RAC_HUD_XLapsAfterGreenForDT	UNTRANSLATED (745469215): RAC_HUD_XLapsAfterGreenForDT	UNTRANSLATED (745469215): RAC_HUD_XLapsAfterGreenForDT	UNTRANSLATED (745469215): RAC_HUD_XLapsAfterGreenForDT
	RAC_HUD_ExitClosed	EXIT CLOSED	Sortie Fermée	UNTRANSLATED (3615791237): RAC_HUD_ExitClosed	GESCHLOSSEN	UNTRANSLATED (3615791237): RAC_HUD_ExitClosed	UNTRANSLATED (3615791237): RAC_HUD_ExitClosed	UNTRANSLATED (3615791237): RAC_HUD_ExitClosed	UNTRANSLATED (3615791237): RAC_HUD_ExitClosed	SAÍDA FECHADA	SALIDA CERRADA	UNTRANSLATED (3615791237): RAC_HUD_ExitClosed	UNTRANSLATED (3615791237): RAC_HUD_ExitClosed	UNTRANSLATED (3615791237): RAC_HUD_ExitClosed	UNTRANSLATED (3615791237): RAC_HUD_ExitClosed
	RAC_HUD_ExitOpen	EXIT OPEN	Sortie Ouverte	UNTRANSLATED (2302717425): RAC_HUD_ExitOpen	OFFEN	UNTRANSLATED (2302717425): RAC_HUD_ExitOpen	UNTRANSLATED (2302717425): RAC_HUD_ExitOpen	UNTRANSLATED (2302717425): RAC_HUD_ExitOpen	UNTRANSLATED (2302717425): RAC_HUD_ExitOpen	SAÍDA ABERTA	SALIDA ABIERTA	UNTRANSLATED (2302717425): RAC_HUD_ExitOpen	UNTRANSLATED (2302717425): RAC_HUD_ExitOpen	UNTRANSLATED (2302717425): RAC_HUD_ExitOpen	UNTRANSLATED (2302717425): RAC_HUD_ExitOpen
	RAC_HUD_StopTime	STOP TIME	Temps d'arrêt	UNTRANSLATED (79157669): RAC_HUD_StopTime	STOPP-ZEIT	UNTRANSLATED (79157669): RAC_HUD_StopTime	UNTRANSLATED (79157669): RAC_HUD_StopTime	UNTRANSLATED (79157669): RAC_HUD_StopTime	UNTRANSLATED (79157669): RAC_HUD_StopTime	TEMPO DE PARADA	TIEMPO DE PARADA	UNTRANSLATED (79157669): RAC_HUD_StopTime	UNTRANSLATED (79157669): RAC_HUD_StopTime	UNTRANSLATED (79157669): RAC_HUD_StopTime	UNTRANSLATED (79157669): RAC_HUD_StopTime
	RAC_HUD_ServicingVehicle	SERVICING VEHICLE	 Intervention sur la voiture	UNTRANSLATED (11720566): RAC_HUD_ServicingVehicle	FAHRZEUG IN BEARBEITUNG	UNTRANSLATED (11720566): RAC_HUD_ServicingVehicle	UNTRANSLATED (11720566): RAC_HUD_ServicingVehicle	UNTRANSLATED (11720566): RAC_HUD_ServicingVehicle	UNTRANSLATED (11720566): RAC_HUD_ServicingVehicle	ATENDENDO VEÍCULO	ASISTENCIA VEHÍCULO	UNTRANSLATED (11720566): RAC_HUD_ServicingVehicle	UNTRANSLATED (11720566): RAC_HUD_ServicingVehicle	UNTRANSLATED (11720566): RAC_HUD_ServicingVehicle	UNTRANSLATED (11720566): RAC_HUD_ServicingVehicle
	RAC_Controls_Steering	STEERING	DIRECTION	UNTRANSLATED (3374175713): RAC_Controls_Steering	LENKUNG	UNTRANSLATED (3374175713): RAC_Controls_Steering	UNTRANSLATED (3374175713): RAC_Controls_Steering	UNTRANSLATED (3374175713): RAC_Controls_Steering	UNTRANSLATED (3374175713): RAC_Controls_Steering	DIREÇÃO	DIRECCIÓN	UNTRANSLATED (3374175713): RAC_Controls_Steering	UNTRANSLATED (3374175713): RAC_Controls_Steering	UNTRANSLATED (3374175713): RAC_Controls_Steering	UNTRANSLATED (3374175713): RAC_Controls_Steering
	RAC_Controls_Throttle	THROTTLE	ACCELERATEUR	UNTRANSLATED (612632667): RAC_Controls_Throttle	GAS	UNTRANSLATED (612632667): RAC_Controls_Throttle	UNTRANSLATED (612632667): RAC_Controls_Throttle	UNTRANSLATED (612632667): RAC_Controls_Throttle	UNTRANSLATED (612632667): RAC_Controls_Throttle	ACELERADOR	ACELERADOR	UNTRANSLATED (612632667): RAC_Controls_Throttle	UNTRANSLATED (612632667): RAC_Controls_Throttle	UNTRANSLATED (612632667): RAC_Controls_Throttle	UNTRANSLATED (612632667): RAC_Controls_Throttle
	RAC_Controls_Brake	BRAKE	FREINS	UNTRANSLATED (1835705772): RAC_Controls_Brake	BREMSE	UNTRANSLATED (1835705772): RAC_Controls_Brake	UNTRANSLATED (1835705772): RAC_Controls_Brake	UNTRANSLATED (1835705772): RAC_Controls_Brake	UNTRANSLATED (1835705772): RAC_Controls_Brake	FREIO	FRENO	UNTRANSLATED (1835705772): RAC_Controls_Brake	UNTRANSLATED (1835705772): RAC_Controls_Brake	UNTRANSLATED (1835705772): RAC_Controls_Brake	UNTRANSLATED (1835705772): RAC_Controls_Brake
	RAC_Controls_GearUp	GEAR UP	MONTER LA VITESSE	UNTRANSLATED (3992686372): RAC_Controls_GearUp	HOCHSCHALTEN	UNTRANSLATED (3992686372): RAC_Controls_GearUp	UNTRANSLATED (3992686372): RAC_Controls_GearUp	UNTRANSLATED (3992686372): RAC_Controls_GearUp	UNTRANSLATED (3992686372): RAC_Controls_GearUp	SUBIR MARCHA	SUBIR MARCHA	UNTRANSLATED (3992686372): RAC_Controls_GearUp	UNTRANSLATED (3992686372): RAC_Controls_GearUp	UNTRANSLATED (3992686372): RAC_Controls_GearUp	UNTRANSLATED (3992686372): RAC_Controls_GearUp
	RAC_Controls_GearDown	GEAR DOWN	DESCENDRE LA VITESSE	UNTRANSLATED (2174011955): RAC_Controls_GearDown	HERUNTERSCHALTEN	UNTRANSLATED (2174011955): RAC_Controls_GearDown	UNTRANSLATED (2174011955): RAC_Controls_GearDown	UNTRANSLATED (2174011955): RAC_Controls_GearDown	UNTRANSLATED (2174011955): RAC_Controls_GearDown	DESCER MARCHA	BAJAR MARCHA	UNTRANSLATED (2174011955): RAC_Controls_GearDown	UNTRANSLATED (2174011955): RAC_Controls_GearDown	UNTRANSLATED (2174011955): RAC_Controls_GearDown	UNTRANSLATED (2174011955): RAC_Controls_GearDown
	RAC_Controls_Clutch	CLUTCH	EMBRAYAGE	UNTRANSLATED (438780882): RAC_Controls_Clutch	KUPPLUNG	UNTRANSLATED (438780882): RAC_Controls_Clutch	UNTRANSLATED (438780882): RAC_Controls_Clutch	UNTRANSLATED (438780882): RAC_Controls_Clutch	UNTRANSLATED (438780882): RAC_Controls_Clutch	EMBREAGEM	EMBRAGUE	UNTRANSLATED (438780882): RAC_Controls_Clutch	UNTRANSLATED (438780882): RAC_Controls_Clutch	UNTRANSLATED (438780882): RAC_Controls_Clutch	UNTRANSLATED (438780882): RAC_Controls_Clutch
	RAC_Controls_Pause	PAUSE	PAUSE	UNTRANSLATED (3080004567): RAC_Controls_Pause	PAUSE	UNTRANSLATED (3080004567): RAC_Controls_Pause	UNTRANSLATED (3080004567): RAC_Controls_Pause	UNTRANSLATED (3080004567): RAC_Controls_Pause	UNTRANSLATED (3080004567): RAC_Controls_Pause	PAUSA	PAUSA	UNTRANSLATED (3080004567): RAC_Controls_Pause	UNTRANSLATED (3080004567): RAC_Controls_Pause	UNTRANSLATED (3080004567): RAC_Controls_Pause	UNTRANSLATED (3080004567): RAC_Controls_Pause
	RAC_Controls_ResetCar	RESET CAR	REMISE A ZERO DE LA VOITURE	UNTRANSLATED (881710924): RAC_Controls_ResetCar	FAHRZEUG ZURÜCKSETZEN	UNTRANSLATED (881710924): RAC_Controls_ResetCar	UNTRANSLATED (881710924): RAC_Controls_ResetCar	UNTRANSLATED (881710924): RAC_Controls_ResetCar	UNTRANSLATED (881710924): RAC_Controls_ResetCar	RESETAR CARRO	REINICIAR AUTO	UNTRANSLATED (881710924): RAC_Controls_ResetCar	UNTRANSLATED (881710924): RAC_Controls_ResetCar	UNTRANSLATED (881710924): RAC_Controls_ResetCar	UNTRANSLATED (881710924): RAC_Controls_ResetCar
	RAC_Controls_LookLeft	LOOK LEFT	REGARDER A GAUCHE	UNTRANSLATED (4208618585): RAC_Controls_LookLeft	NACH LINKS SEHEN	UNTRANSLATED (4208618585): RAC_Controls_LookLeft	UNTRANSLATED (4208618585): RAC_Controls_LookLeft	UNTRANSLATED (4208618585): RAC_Controls_LookLeft	UNTRANSLATED (4208618585): RAC_Controls_LookLeft	OLHAR PARA ESQUERDA	MIRAR IZQUIERDA	UNTRANSLATED (4208618585): RAC_Controls_LookLeft	UNTRANSLATED (4208618585): RAC_Controls_LookLeft	UNTRANSLATED (4208618585): RAC_Controls_LookLeft	UNTRANSLATED (4208618585): RAC_Controls_LookLeft
	RAC_Controls_LookRight	LOOK RIGHT	REGARDER A DROITE	UNTRANSLATED (1082324449): RAC_Controls_LookRight	NACH RECHTS SEHEN	UNTRANSLATED (1082324449): RAC_Controls_LookRight	UNTRANSLATED (1082324449): RAC_Controls_LookRight	UNTRANSLATED (1082324449): RAC_Controls_LookRight	UNTRANSLATED (1082324449): RAC_Controls_LookRight	OLHAR PARA DIREITA	MIRAR DERECHA	UNTRANSLATED (1082324449): RAC_Controls_LookRight	UNTRANSLATED (1082324449): RAC_Controls_LookRight	UNTRANSLATED (1082324449): RAC_Controls_LookRight	UNTRANSLATED (1082324449): RAC_Controls_LookRight
	RAC_Controls_Gear1	GEAR 1	VITESSE 1	UNTRANSLATED (3473784068): RAC_Controls_Gear1	1. GANG	UNTRANSLATED (3473784068): RAC_Controls_Gear1	UNTRANSLATED (3473784068): RAC_Controls_Gear1	UNTRANSLATED (3473784068): RAC_Controls_Gear1	UNTRANSLATED (3473784068): RAC_Controls_Gear1	MARCHA 1	1RA MARCHA	UNTRANSLATED (3473784068): RAC_Controls_Gear1	UNTRANSLATED (3473784068): RAC_Controls_Gear1	UNTRANSLATED (3473784068): RAC_Controls_Gear1	UNTRANSLATED (3473784068): RAC_Controls_Gear1
	RAC_Controls_Gear2	GEAR 2	VITESSE 2	UNTRANSLATED (4203135980): RAC_Controls_Gear2	2. GANG	UNTRANSLATED (4203135980): RAC_Controls_Gear2	UNTRANSLATED (4203135980): RAC_Controls_Gear2	UNTRANSLATED (4203135980): RAC_Controls_Gear2	UNTRANSLATED (4203135980): RAC_Controls_Gear2	MARCHA 2	2DA MARCHA	UNTRANSLATED (4203135980): RAC_Controls_Gear2	UNTRANSLATED (4203135980): RAC_Controls_Gear2	UNTRANSLATED (4203135980): RAC_Controls_Gear2	UNTRANSLATED (4203135980): RAC_Controls_Gear2
	RAC_Controls_Gear3	GEAR 3	VITESSE 3	UNTRANSLATED (1806200497): RAC_Controls_Gear3	3. GANG	UNTRANSLATED (1806200497): RAC_Controls_Gear3	UNTRANSLATED (1806200497): RAC_Controls_Gear3	UNTRANSLATED (1806200497): RAC_Controls_Gear3	UNTRANSLATED (1806200497): RAC_Controls_Gear3	MARCHA 3	3RA MARCHA	UNTRANSLATED (1806200497): RAC_Controls_Gear3	UNTRANSLATED (1806200497): RAC_Controls_Gear3	UNTRANSLATED (1806200497): RAC_Controls_Gear3	UNTRANSLATED (1806200497): RAC_Controls_Gear3
	RAC_Controls_Gear4	GEAR 4	VITESSE 4	UNTRANSLATED (226547729): RAC_Controls_Gear4	4. GANG	UNTRANSLATED (226547729): RAC_Controls_Gear4	UNTRANSLATED (226547729): RAC_Controls_Gear4	UNTRANSLATED (226547729): RAC_Controls_Gear4	UNTRANSLATED (226547729): RAC_Controls_Gear4	MARCHA 4	4TA MARCHA	UNTRANSLATED (226547729): RAC_Controls_Gear4	UNTRANSLATED (226547729): RAC_Controls_Gear4	UNTRANSLATED (226547729): RAC_Controls_Gear4	UNTRANSLATED (226547729): RAC_Controls_Gear4
	RAC_Controls_Gear5	GEAR 5	VITESSE 5	UNTRANSLATED (2843530585): RAC_Controls_Gear5	5. GANG	UNTRANSLATED (2843530585): RAC_Controls_Gear5	UNTRANSLATED (2843530585): RAC_Controls_Gear5	UNTRANSLATED (2843530585): RAC_Controls_Gear5	UNTRANSLATED (2843530585): RAC_Controls_Gear5	MARCHA 5	5TA MARCHA	UNTRANSLATED (2843530585): RAC_Controls_Gear5	UNTRANSLATED (2843530585): RAC_Controls_Gear5	UNTRANSLATED (2843530585): RAC_Controls_Gear5	UNTRANSLATED (2843530585): RAC_Controls_Gear5
	RAC_Controls_Gear6	GEAR 6	VITESSE 6	UNTRANSLATED (1835591184): RAC_Controls_Gear6	6. GANG	UNTRANSLATED (1835591184): RAC_Controls_Gear6	UNTRANSLATED (1835591184): RAC_Controls_Gear6	UNTRANSLATED (1835591184): RAC_Controls_Gear6	UNTRANSLATED (1835591184): RAC_Controls_Gear6	MARCHA 6	6TA MARCHA	UNTRANSLATED (1835591184): RAC_Controls_Gear6	UNTRANSLATED (1835591184): RAC_Controls_Gear6	UNTRANSLATED (1835591184): RAC_Controls_Gear6	UNTRANSLATED (1835591184): RAC_Controls_Gear6
	RAC_Controls_Gear7	GEAR 7	VITESSE 7	UNTRANSLATED (2647861585): RAC_Controls_Gear7	7. GANG	UNTRANSLATED (2647861585): RAC_Controls_Gear7	UNTRANSLATED (2647861585): RAC_Controls_Gear7	UNTRANSLATED (2647861585): RAC_Controls_Gear7	UNTRANSLATED (2647861585): RAC_Controls_Gear7	MARCHA 7	7MA MARCHA	UNTRANSLATED (2647861585): RAC_Controls_Gear7	UNTRANSLATED (2647861585): RAC_Controls_Gear7	UNTRANSLATED (2647861585): RAC_Controls_Gear7	UNTRANSLATED (2647861585): RAC_Controls_Gear7
	RAC_Controls_ReverseGear	REVERSE GEAR	MARCHE ARRIERE	UNTRANSLATED (3616741945): RAC_Controls_ReverseGear	RÜCKWÄRTSGANG	UNTRANSLATED (3616741945): RAC_Controls_ReverseGear	UNTRANSLATED (3616741945): RAC_Controls_ReverseGear	UNTRANSLATED (3616741945): RAC_Controls_ReverseGear	UNTRANSLATED (3616741945): RAC_Controls_ReverseGear	RÉ	REVERSA	UNTRANSLATED (3616741945): RAC_Controls_ReverseGear	UNTRANSLATED (3616741945): RAC_Controls_ReverseGear	UNTRANSLATED (3616741945): RAC_Controls_ReverseGear	UNTRANSLATED (3616741945): RAC_Controls_ReverseGear
	RAC_Controls_Handbrake	HANDBRAKE	FREIN A MAIN	UNTRANSLATED (766554451): RAC_Controls_Handbrake	HANDBREMSE	UNTRANSLATED (766554451): RAC_Controls_Handbrake	UNTRANSLATED (766554451): RAC_Controls_Handbrake	UNTRANSLATED (766554451): RAC_Controls_Handbrake	UNTRANSLATED (766554451): RAC_Controls_Handbrake	FREIO-DE-MÃO	FRENO DE MANO	UNTRANSLATED (766554451): RAC_Controls_Handbrake	UNTRANSLATED (766554451): RAC_Controls_Handbrake	UNTRANSLATED (766554451): RAC_Controls_Handbrake	UNTRANSLATED (766554451): RAC_Controls_Handbrake
	RAC_Controls_CycleHUDMode	Cycle HUD Display	Changer d'affichage ATH	Scorri schermo HUD	HUD-Anzeige umschalten	UNTRANSLATED (2956208772): RAC_Controls_CycleHUDMode	UNTRANSLATED (2956208772): RAC_Controls_CycleHUDMode	UNTRANSLATED (2956208772): RAC_Controls_CycleHUDMode	UNTRANSLATED (2956208772): RAC_Controls_CycleHUDMode	Alternar exibição de HUD	Cambiar tipo de HUD	UNTRANSLATED (2956208772): RAC_Controls_CycleHUDMode	UNTRANSLATED (2956208772): RAC_Controls_CycleHUDMode	UNTRANSLATED (2956208772): RAC_Controls_CycleHUDMode	UNTRANSLATED (2956208772): RAC_Controls_CycleHUDMode
	RAC_Controls_Nitrous	NITROUS	NITRO	UNTRANSLATED (667268282): RAC_Controls_Nitrous	LACHGASEINSPRITZUNG	UNTRANSLATED (667268282): RAC_Controls_Nitrous	UNTRANSLATED (667268282): RAC_Controls_Nitrous	UNTRANSLATED (667268282): RAC_Controls_Nitrous	UNTRANSLATED (667268282): RAC_Controls_Nitrous	NITROSO	NITRO	UNTRANSLATED (667268282): RAC_Controls_Nitrous	UNTRANSLATED (667268282): RAC_Controls_Nitrous	UNTRANSLATED (667268282): RAC_Controls_Nitrous	UNTRANSLATED (667268282): RAC_Controls_Nitrous
	RAC_Controls_DrivingAids	DRIVING ASSISTS ALLOWED	AIDES DE CONDUITE AUTORISEES	UNTRANSLATED (4254056349): RAC_Controls_DrivingAids	FAHRHILFEN ERLAUBEN	UNTRANSLATED (4254056349): RAC_Controls_DrivingAids	UNTRANSLATED (4254056349): RAC_Controls_DrivingAids	UNTRANSLATED (4254056349): RAC_Controls_DrivingAids	UNTRANSLATED (4254056349): RAC_Controls_DrivingAids	AJUDAS PERMITIDAS	ASISTENCIAS DE CONDUCCIÓN PERMITIDAS	UNTRANSLATED (4254056349): RAC_Controls_DrivingAids	UNTRANSLATED (4254056349): RAC_Controls_DrivingAids	UNTRANSLATED (4254056349): RAC_Controls_DrivingAids	UNTRANSLATED (4254056349): RAC_Controls_DrivingAids
	RAC_Controls_Camera	CAMERA	CAMERA	UNTRANSLATED (374497825): RAC_Controls_Camera	KAMERA	UNTRANSLATED (374497825): RAC_Controls_Camera	UNTRANSLATED (374497825): RAC_Controls_Camera	UNTRANSLATED (374497825): RAC_Controls_Camera	UNTRANSLATED (374497825): RAC_Controls_Camera	CAMERA	CÁMARA	UNTRANSLATED (374497825): RAC_Controls_Camera	UNTRANSLATED (374497825): RAC_Controls_Camera	UNTRANSLATED (374497825): RAC_Controls_Camera	UNTRANSLATED (374497825): RAC_Controls_Camera
	RAC_Controls_LookBack	LOOK BACK	REGARDER DERRIERE	UNTRANSLATED (188208940): RAC_Controls_LookBack	NACH HINTEN SEHEN	UNTRANSLATED (188208940): RAC_Controls_LookBack	UNTRANSLATED (188208940): RAC_Controls_LookBack	UNTRANSLATED (188208940): RAC_Controls_LookBack	UNTRANSLATED (188208940): RAC_Controls_LookBack	OLHAR PARA TRÁS	MIRAR DETRÁS	UNTRANSLATED (188208940): RAC_Controls_LookBack	UNTRANSLATED (188208940): RAC_Controls_LookBack	UNTRANSLATED (188208940): RAC_Controls_LookBack	UNTRANSLATED (188208940): RAC_Controls_LookBack
	RAC_Controls_FreeLook	FREE LOOK	VUE LIBRE	UNTRANSLATED (286937341): RAC_Controls_FreeLook	FREIE SICHT	UNTRANSLATED (286937341): RAC_Controls_FreeLook	UNTRANSLATED (286937341): RAC_Controls_FreeLook	UNTRANSLATED (286937341): RAC_Controls_FreeLook	UNTRANSLATED (286937341): RAC_Controls_FreeLook	VISÃO LIVRE	VISTA LIBRE	UNTRANSLATED (286937341): RAC_Controls_FreeLook	UNTRANSLATED (286937341): RAC_Controls_FreeLook	UNTRANSLATED (286937341): RAC_Controls_FreeLook	UNTRANSLATED (286937341): RAC_Controls_FreeLook
	RAC_Controls_PDAMode	TELEMETRY MODE	MODE TELEMETRIE	UNTRANSLATED (3894320011): RAC_Controls_PDAMode	TELEMETRIE MODUS	UNTRANSLATED (3894320011): RAC_Controls_PDAMode	UNTRANSLATED (3894320011): RAC_Controls_PDAMode	UNTRANSLATED (3894320011): RAC_Controls_PDAMode	UNTRANSLATED (3894320011): RAC_Controls_PDAMode	MODO TELEMETRIA	MODO TELEMETRÍA	UNTRANSLATED (3894320011): RAC_Controls_PDAMode	UNTRANSLATED (3894320011): RAC_Controls_PDAMode	UNTRANSLATED (3894320011): RAC_Controls_PDAMode	UNTRANSLATED (3894320011): RAC_Controls_PDAMode
	RAC_Controls_TractionControl	Traction Control	Controle de traction	UNTRANSLATED (3665576007): RAC_Controls_TractionControl	Traktionskontrolle	UNTRANSLATED (3665576007): RAC_Controls_TractionControl	UNTRANSLATED (3665576007): RAC_Controls_TractionControl	UNTRANSLATED (3665576007): RAC_Controls_TractionControl	UNTRANSLATED (3665576007): RAC_Controls_TractionControl	Controle de tração	Control de tracción	UNTRANSLATED (3665576007): RAC_Controls_TractionControl	UNTRANSLATED (3665576007): RAC_Controls_TractionControl	UNTRANSLATED (3665576007): RAC_Controls_TractionControl	UNTRANSLATED (3665576007): RAC_Controls_TractionControl
	RAC_Controls_StabilityControl	Stability Control	Contrôle de stabilite	UNTRANSLATED (1749362096): RAC_Controls_StabilityControl	Stabilitätskontrolle	UNTRANSLATED (1749362096): RAC_Controls_StabilityControl	UNTRANSLATED (1749362096): RAC_Controls_StabilityControl	UNTRANSLATED (1749362096): RAC_Controls_StabilityControl	UNTRANSLATED (1749362096): RAC_Controls_StabilityControl	Controle de estabilidade	Control de estabilidad	UNTRANSLATED (1749362096): RAC_Controls_StabilityControl	UNTRANSLATED (1749362096): RAC_Controls_StabilityControl	UNTRANSLATED (1749362096): RAC_Controls_StabilityControl	UNTRANSLATED (1749362096): RAC_Controls_StabilityControl
	RAC_Controls_ABS	Anti-Lock Brakes	Anti-blocage des roues (ABS)	ABS	Antiblockiersystem	ABS	АБС	ABS	ABS	Freios ABS	Frenos antibloqueo	Anti-blocage des roues (ABS)	ABS	ABS	ABS
	RAC_Controls_AutoSteer	Steering Assist	Assistance à la direction	Sterzata assistita	Lenkhilfe	UNTRANSLATED (3859903891): RAC_Controls_AutoSteer	UNTRANSLATED (3859903891): RAC_Controls_AutoSteer	UNTRANSLATED (3859903891): RAC_Controls_AutoSteer	UNTRANSLATED (3859903891): RAC_Controls_AutoSteer	Assistente de direção	Ayuda de dirección	UNTRANSLATED (3859903891): RAC_Controls_AutoSteer	UNTRANSLATED (3859903891): RAC_Controls_AutoSteer	UNTRANSLATED (3859903891): RAC_Controls_AutoSteer	UNTRANSLATED (3859903891): RAC_Controls_AutoSteer
	RAC_Controls_AutoBrake	Braking Assist	Freinage assisté	Frenata assistita	Bremsassistent	UNTRANSLATED (3269631105): RAC_Controls_AutoBrake	UNTRANSLATED (3269631105): RAC_Controls_AutoBrake	UNTRANSLATED (3269631105): RAC_Controls_AutoBrake	UNTRANSLATED (3269631105): RAC_Controls_AutoBrake	Assistente de freio	Ayuda en frenado	UNTRANSLATED (3269631105): RAC_Controls_AutoBrake	UNTRANSLATED (3269631105): RAC_Controls_AutoBrake	UNTRANSLATED (3269631105): RAC_Controls_AutoBrake	UNTRANSLATED (3269631105): RAC_Controls_AutoBrake
	RAC_Controls_AutoGears	Automatic Gears	Vitesses auto	UNTRANSLATED (2893203368): RAC_Controls_AutoGears	Automatikgetriebe	UNTRANSLATED (2893203368): RAC_Controls_AutoGears	UNTRANSLATED (2893203368): RAC_Controls_AutoGears	UNTRANSLATED (2893203368): RAC_Controls_AutoGears	UNTRANSLATED (2893203368): RAC_Controls_AutoGears	Câmbio automático	Marchas automaticas	UNTRANSLATED (2893203368): RAC_Controls_AutoGears	UNTRANSLATED (2893203368): RAC_Controls_AutoGears	UNTRANSLATED (2893203368): RAC_Controls_AutoGears	UNTRANSLATED (2893203368): RAC_Controls_AutoGears
	RAC_Controls_AutoClutch	Automatic Clutch	Embrayage automatique	Frizione automatica	Automatische Kupplung	UNTRANSLATED (2677140341): RAC_Controls_AutoClutch	UNTRANSLATED (2677140341): RAC_Controls_AutoClutch	UNTRANSLATED (2677140341): RAC_Controls_AutoClutch	UNTRANSLATED (2677140341): RAC_Controls_AutoClutch	Embreagem automática	Embrague automático	UNTRANSLATED (2677140341): RAC_Controls_AutoClutch	UNTRANSLATED (2677140341): RAC_Controls_AutoClutch	UNTRANSLATED (2677140341): RAC_Controls_AutoClutch	UNTRANSLATED (2677140341): RAC_Controls_AutoClutch
	RAC_Controls_TractionControlOff	TRACTION CONTROL: OFF	CONTROLE DE TRACTION: OFF	UNTRANSLATED (1462619447): RAC_Controls_TractionControlOff	TRAKTIONSKONTROLLE: AUS	UNTRANSLATED (1462619447): RAC_Controls_TractionControlOff	UNTRANSLATED (1462619447): RAC_Controls_TractionControlOff	UNTRANSLATED (1462619447): RAC_Controls_TractionControlOff	UNTRANSLATED (1462619447): RAC_Controls_TractionControlOff	CONTROLE DE TRAÇÃO: DESLIGADO	CONTROL DE TRACCIÓN: APAGADO	UNTRANSLATED (1462619447): RAC_Controls_TractionControlOff	UNTRANSLATED (1462619447): RAC_Controls_TractionControlOff	UNTRANSLATED (1462619447): RAC_Controls_TractionControlOff	UNTRANSLATED (1462619447): RAC_Controls_TractionControlOff
	RAC_Controls_TractionControlLow	TRACTION CONTROL: LOW	CONTROLE DE TRACTION: BAS	UNTRANSLATED (3231876939): RAC_Controls_TractionControlLow	TRAKTIONSKONTROLLE: NIEDRIG	UNTRANSLATED (3231876939): RAC_Controls_TractionControlLow	UNTRANSLATED (3231876939): RAC_Controls_TractionControlLow	UNTRANSLATED (3231876939): RAC_Controls_TractionControlLow	UNTRANSLATED (3231876939): RAC_Controls_TractionControlLow	CONTROLE DE TRAÇÃO: BAIXO	CONTROL DE TRACCIÓN: BAJO	UNTRANSLATED (3231876939): RAC_Controls_TractionControlLow	UNTRANSLATED (3231876939): RAC_Controls_TractionControlLow	UNTRANSLATED (3231876939): RAC_Controls_TractionControlLow	UNTRANSLATED (3231876939): RAC_Controls_TractionControlLow
	RAC_Controls_TractionControlHigh	TRACTION CONTROL: HIGH	CONTROLE DE TRACTION: HAUT	UNTRANSLATED (619843904): RAC_Controls_TractionControlHigh	TRAKTIONSKONTROLLE: HOCH	UNTRANSLATED (619843904): RAC_Controls_TractionControlHigh	UNTRANSLATED (619843904): RAC_Controls_TractionControlHigh	UNTRANSLATED (619843904): RAC_Controls_TractionControlHigh	UNTRANSLATED (619843904): RAC_Controls_TractionControlHigh	CONTROLE DE TRAÇÃO: ALTO	CONTROL DE TRACCIÓN: ALTO	UNTRANSLATED (619843904): RAC_Controls_TractionControlHigh	UNTRANSLATED (619843904): RAC_Controls_TractionControlHigh	UNTRANSLATED (619843904): RAC_Controls_TractionControlHigh	UNTRANSLATED (619843904): RAC_Controls_TractionControlHigh
	RAC_Controls_SteeringLeft	STEER LEFT	TOURNER A GAUCHE	UNTRANSLATED (3564305397): RAC_Controls_SteeringLeft	LINKS LENKEN	UNTRANSLATED (3564305397): RAC_Controls_SteeringLeft	UNTRANSLATED (3564305397): RAC_Controls_SteeringLeft	UNTRANSLATED (3564305397): RAC_Controls_SteeringLeft	UNTRANSLATED (3564305397): RAC_Controls_SteeringLeft	VIRAR PARA ESQUERDA	GIRAR A LA IZQUIERDA	UNTRANSLATED (3564305397): RAC_Controls_SteeringLeft	UNTRANSLATED (3564305397): RAC_Controls_SteeringLeft	UNTRANSLATED (3564305397): RAC_Controls_SteeringLeft	UNTRANSLATED (3564305397): RAC_Controls_SteeringLeft
	RAC_Controls_SteeringRight	STEER RIGHT	TOURNER A DROITE	UNTRANSLATED (1504398641): RAC_Controls_SteeringRight	RECHTS LENKEN	UNTRANSLATED (1504398641): RAC_Controls_SteeringRight	UNTRANSLATED (1504398641): RAC_Controls_SteeringRight	UNTRANSLATED (1504398641): RAC_Controls_SteeringRight	UNTRANSLATED (1504398641): RAC_Controls_SteeringRight	VIRAR PARA DIREITA	GIRAR A LA DERECHA	UNTRANSLATED (1504398641): RAC_Controls_SteeringRight	UNTRANSLATED (1504398641): RAC_Controls_SteeringRight	UNTRANSLATED (1504398641): RAC_Controls_SteeringRight	UNTRANSLATED (1504398641): RAC_Controls_SteeringRight
	RAC_Controls_BrakeReverse	Brake	Freins	UNTRANSLATED (1804286777): RAC_Controls_BrakeReverse	Bremse	UNTRANSLATED (1804286777): RAC_Controls_BrakeReverse	UNTRANSLATED (1804286777): RAC_Controls_BrakeReverse	UNTRANSLATED (1804286777): RAC_Controls_BrakeReverse	UNTRANSLATED (1804286777): RAC_Controls_BrakeReverse	Freio	Freno	Freins	UNTRANSLATED (1804286777): RAC_Controls_BrakeReverse	UNTRANSLATED (1804286777): RAC_Controls_BrakeReverse	UNTRANSLATED (1804286777): RAC_Controls_BrakeReverse
	RAC_Controls_OpponentNames	OPPONENT NAMES	NOMS DES ADVERSAIRES	UNTRANSLATED (1034181115): RAC_Controls_OpponentNames	GEGNERNAMEN	UNTRANSLATED (1034181115): RAC_Controls_OpponentNames	UNTRANSLATED (1034181115): RAC_Controls_OpponentNames	UNTRANSLATED (1034181115): RAC_Controls_OpponentNames	UNTRANSLATED (1034181115): RAC_Controls_OpponentNames	NOME DOS OPONENTS	NOMBRE DE LOS OPONENTES	UNTRANSLATED (1034181115): RAC_Controls_OpponentNames	UNTRANSLATED (1034181115): RAC_Controls_OpponentNames	UNTRANSLATED (1034181115): RAC_Controls_OpponentNames	UNTRANSLATED (1034181115): RAC_Controls_OpponentNames
	RAC_Controls_Gears	GEARS	VITESSES	UNTRANSLATED (78356012): RAC_Controls_Gears	GÄNGE	UNTRANSLATED (78356012): RAC_Controls_Gears	UNTRANSLATED (78356012): RAC_Controls_Gears	UNTRANSLATED (78356012): RAC_Controls_Gears	UNTRANSLATED (78356012): RAC_Controls_Gears	MARCHAS	MARCHAS	UNTRANSLATED (78356012): RAC_Controls_Gears	UNTRANSLATED (78356012): RAC_Controls_Gears	UNTRANSLATED (78356012): RAC_Controls_Gears	UNTRANSLATED (78356012): RAC_Controls_Gears
	RAC_Controls_CycleMotecLCD	Cycle Motec LCD	Cycles affichage Motec	UNTRANSLATED (1237107062): RAC_Controls_CycleMotecLCD	Motec LCD umschalten	UNTRANSLATED (1237107062): RAC_Controls_CycleMotecLCD	UNTRANSLATED (1237107062): RAC_Controls_CycleMotecLCD	UNTRANSLATED (1237107062): RAC_Controls_CycleMotecLCD	UNTRANSLATED (1237107062): RAC_Controls_CycleMotecLCD	Mudar LCD Motec	Cambiar LCD Motec	UNTRANSLATED (1237107062): RAC_Controls_CycleMotecLCD	UNTRANSLATED (1237107062): RAC_Controls_CycleMotecLCD	UNTRANSLATED (1237107062): RAC_Controls_CycleMotecLCD	UNTRANSLATED (1237107062): RAC_Controls_CycleMotecLCD
	RAC_Controls_TractionControlOn	TRACTION CONTROL: ON	CONTROLE DE TRACTION: ON	UNTRANSLATED (3962621753): RAC_Controls_TractionControlOn	TRAKTIONSKONTROLLE: AN	UNTRANSLATED (3962621753): RAC_Controls_TractionControlOn	UNTRANSLATED (3962621753): RAC_Controls_TractionControlOn	UNTRANSLATED (3962621753): RAC_Controls_TractionControlOn	UNTRANSLATED (3962621753): RAC_Controls_TractionControlOn	CONTROLE DE TRAÇÃO: LIGADO	CONTROL DE TRACCIÓN: ENCENDIDO	UNTRANSLATED (3962621753): RAC_Controls_TractionControlOn	UNTRANSLATED (3962621753): RAC_Controls_TractionControlOn	UNTRANSLATED (3962621753): RAC_Controls_TractionControlOn	UNTRANSLATED (3962621753): RAC_Controls_TractionControlOn
	RAC_Controls_IncreaseBrakeBias	Brake Bias Forward	Repartition de freinage vers l'avant	UNTRANSLATED (3277188891): RAC_Controls_IncreaseBrakeBias	Bremsbalance nach vorne	UNTRANSLATED (3277188891): RAC_Controls_IncreaseBrakeBias	UNTRANSLATED (3277188891): RAC_Controls_IncreaseBrakeBias	UNTRANSLATED (3277188891): RAC_Controls_IncreaseBrakeBias	UNTRANSLATED (3277188891): RAC_Controls_IncreaseBrakeBias	Distr. Freio para frente	Balance de frenado hacia adelante	UNTRANSLATED (3277188891): RAC_Controls_IncreaseBrakeBias	UNTRANSLATED (3277188891): RAC_Controls_IncreaseBrakeBias	UNTRANSLATED (3277188891): RAC_Controls_IncreaseBrakeBias	UNTRANSLATED (3277188891): RAC_Controls_IncreaseBrakeBias
	RAC_Controls_DecreaseBrakeBias	Brake Bias Rearward	Repartition de freinage vers l'arriere	UNTRANSLATED (2631503996): RAC_Controls_DecreaseBrakeBias	Bremsbalance nach hinten	UNTRANSLATED (2631503996): RAC_Controls_DecreaseBrakeBias	UNTRANSLATED (2631503996): RAC_Controls_DecreaseBrakeBias	UNTRANSLATED (2631503996): RAC_Controls_DecreaseBrakeBias	UNTRANSLATED (2631503996): RAC_Controls_DecreaseBrakeBias	Distr. freio para trás	Balance de frenado hacia atrás	UNTRANSLATED (2631503996): RAC_Controls_DecreaseBrakeBias	UNTRANSLATED (2631503996): RAC_Controls_DecreaseBrakeBias	UNTRANSLATED (2631503996): RAC_Controls_DecreaseBrakeBias	UNTRANSLATED (2631503996): RAC_Controls_DecreaseBrakeBias
	RAC_Controls_DecreaseFrontAntiRollBa	Front Anti-roll Bar Decrease	Diminuer la barre anti-roulis avant	UNTRANSLATED (1759058242): RAC_Controls_DecreaseFrontAntiRollBa	Front Stabilisator weicher	UNTRANSLATED (1759058242): RAC_Controls_DecreaseFrontAntiRollBa	UNTRANSLATED (1759058242): RAC_Controls_DecreaseFrontAntiRollBa	UNTRANSLATED (1759058242): RAC_Controls_DecreaseFrontAntiRollBa	UNTRANSLATED (1759058242): RAC_Controls_DecreaseFrontAntiRollBa	Diminuir barra dianteira	Disminuir barra anti-roll frontal	UNTRANSLATED (1759058242): RAC_Controls_DecreaseFrontAntiRollBa	UNTRANSLATED (1759058242): RAC_Controls_DecreaseFrontAntiRollBa	UNTRANSLATED (1759058242): RAC_Controls_DecreaseFrontAntiRollBa	UNTRANSLATED (1759058242): RAC_Controls_DecreaseFrontAntiRollBa
	RAC_Controls_IncreaseFrontAntiRollBa	Front Anti-roll Bar Increase	Augmenter la barre anti-roulis avant	UNTRANSLATED (2550273950): RAC_Controls_IncreaseFrontAntiRollBa	Front Stabilisatoren härter	UNTRANSLATED (2550273950): RAC_Controls_IncreaseFrontAntiRollBa	UNTRANSLATED (2550273950): RAC_Controls_IncreaseFrontAntiRollBa	UNTRANSLATED (2550273950): RAC_Controls_IncreaseFrontAntiRollBa	UNTRANSLATED (2550273950): RAC_Controls_IncreaseFrontAntiRollBa	Aumentar barra dianteira	Aumentar barra anti-roll frontal	UNTRANSLATED (2550273950): RAC_Controls_IncreaseFrontAntiRollBa	UNTRANSLATED (2550273950): RAC_Controls_IncreaseFrontAntiRollBa	UNTRANSLATED (2550273950): RAC_Controls_IncreaseFrontAntiRollBa	UNTRANSLATED (2550273950): RAC_Controls_IncreaseFrontAntiRollBa
	RAC_Controls_DecreaseRearAntiRollBar	Rear Anti-roll Bar Decrease	Diminuer la barre anti-roulis arriere	UNTRANSLATED (1152157924): RAC_Controls_DecreaseRearAntiRollBar	Heck Stabilisator weicher	UNTRANSLATED (1152157924): RAC_Controls_DecreaseRearAntiRollBar	UNTRANSLATED (1152157924): RAC_Controls_DecreaseRearAntiRollBar	UNTRANSLATED (1152157924): RAC_Controls_DecreaseRearAntiRollBar	UNTRANSLATED (1152157924): RAC_Controls_DecreaseRearAntiRollBar	Diminuir barra traseira	Disminuir barra anti-roll trasera	UNTRANSLATED (1152157924): RAC_Controls_DecreaseRearAntiRollBar	UNTRANSLATED (1152157924): RAC_Controls_DecreaseRearAntiRollBar	UNTRANSLATED (1152157924): RAC_Controls_DecreaseRearAntiRollBar	UNTRANSLATED (1152157924): RAC_Controls_DecreaseRearAntiRollBar
	RAC_Controls_IncreaseRearAntiRollBar	Rear Anti-roll Bar Increase	Augmenter la barre anti-roulis arriere	UNTRANSLATED (1863957436): RAC_Controls_IncreaseRearAntiRollBar	Heck Stabilisatoren härter	UNTRANSLATED (1863957436): RAC_Controls_IncreaseRearAntiRollBar	UNTRANSLATED (1863957436): RAC_Controls_IncreaseRearAntiRollBar	UNTRANSLATED (1863957436): RAC_Controls_IncreaseRearAntiRollBar	UNTRANSLATED (1863957436): RAC_Controls_IncreaseRearAntiRollBar	Aumentar barra traseira	Aumentar barra anti-roll trasera	UNTRANSLATED (1863957436): RAC_Controls_IncreaseRearAntiRollBar	UNTRANSLATED (1863957436): RAC_Controls_IncreaseRearAntiRollBar	UNTRANSLATED (1863957436): RAC_Controls_IncreaseRearAntiRollBar	UNTRANSLATED (1863957436): RAC_Controls_IncreaseRearAntiRollBar
	RAC_Controls_Ignition	Ignition	Allumage	UNTRANSLATED (129570363): RAC_Controls_Ignition	Zündung	UNTRANSLATED (129570363): RAC_Controls_Ignition	UNTRANSLATED (129570363): RAC_Controls_Ignition	UNTRANSLATED (129570363): RAC_Controls_Ignition	UNTRANSLATED (129570363): RAC_Controls_Ignition	Ignição	Ignición	UNTRANSLATED (129570363): RAC_Controls_Ignition	UNTRANSLATED (129570363): RAC_Controls_Ignition	UNTRANSLATED (129570363): RAC_Controls_Ignition	UNTRANSLATED (129570363): RAC_Controls_Ignition
	RAC_Controls_StartEngine	START ENGINE	DEMARRAGE MOTEUR	UNTRANSLATED (590971395): RAC_Controls_StartEngine	MOTOR STARTEN	UNTRANSLATED (590971395): RAC_Controls_StartEngine	UNTRANSLATED (590971395): RAC_Controls_StartEngine	UNTRANSLATED (590971395): RAC_Controls_StartEngine	UNTRANSLATED (590971395): RAC_Controls_StartEngine	LIGAR MOTOR	ENCENDER MOTOR	UNTRANSLATED (590971395): RAC_Controls_StartEngine	UNTRANSLATED (590971395): RAC_Controls_StartEngine	UNTRANSLATED (590971395): RAC_Controls_StartEngine	UNTRANSLATED (590971395): RAC_Controls_StartEngine
	RAC_Controls_PitSpeedLimiter	Pit Speed Limiter	Limiteur de vitesse	UNTRANSLATED (462874540): RAC_Controls_PitSpeedLimiter	Boxen-Tempolimiter	UNTRANSLATED (462874540): RAC_Controls_PitSpeedLimiter	UNTRANSLATED (462874540): RAC_Controls_PitSpeedLimiter	UNTRANSLATED (462874540): RAC_Controls_PitSpeedLimiter	UNTRANSLATED (462874540): RAC_Controls_PitSpeedLimiter	Limitador de velocidade	Limitador de velocidad	UNTRANSLATED (462874540): RAC_Controls_PitSpeedLimiter	UNTRANSLATED (462874540): RAC_Controls_PitSpeedLimiter	UNTRANSLATED (462874540): RAC_Controls_PitSpeedLimiter	UNTRANSLATED (462874540): RAC_Controls_PitSpeedLimiter
	RAC_Controls_ResetVRToCentre	Center VR Headset	Centrer le casque VR	UNTRANSLATED (992107800): RAC_Controls_ResetVRToCentre	VR Headset Zentrieren	UNTRANSLATED (992107800): RAC_Controls_ResetVRToCentre	UNTRANSLATED (992107800): RAC_Controls_ResetVRToCentre	UNTRANSLATED (992107800): RAC_Controls_ResetVRToCentre	UNTRANSLATED (992107800): RAC_Controls_ResetVRToCentre	Centralizar VR	Centrar el visor RV	UNTRANSLATED (992107800): RAC_Controls_ResetVRToCentre	UNTRANSLATED (992107800): RAC_Controls_ResetVRToCentre	UNTRANSLATED (992107800): RAC_Controls_ResetVRToCentre	UNTRANSLATED (992107800): RAC_Controls_ResetVRToCentre
	RAC_Controls_RequestPitStop	REQUEST PITSTOP	DEMANDER UN ARRET AUX STANDS	UNTRANSLATED (1929663657): RAC_Controls_RequestPitStop	BOXENSTOPP ANFRAGEN	UNTRANSLATED (1929663657): RAC_Controls_RequestPitStop	UNTRANSLATED (1929663657): RAC_Controls_RequestPitStop	UNTRANSLATED (1929663657): RAC_Controls_RequestPitStop	UNTRANSLATED (1929663657): RAC_Controls_RequestPitStop	SOLICITAR PITSTOP	PEDIR PARADA	UNTRANSLATED (1929663657): RAC_Controls_RequestPitStop	UNTRANSLATED (1929663657): RAC_Controls_RequestPitStop	UNTRANSLATED (1929663657): RAC_Controls_RequestPitStop	UNTRANSLATED (1929663657): RAC_Controls_RequestPitStop
	RAC_Controls_SteeringAssist	STEERING ASSIST	AIDE A LA DIRECTION	UNTRANSLATED (2013712091): RAC_Controls_SteeringAssist	LENKHILFE	UNTRANSLATED (2013712091): RAC_Controls_SteeringAssist	UNTRANSLATED (2013712091): RAC_Controls_SteeringAssist	UNTRANSLATED (2013712091): RAC_Controls_SteeringAssist	UNTRANSLATED (2013712091): RAC_Controls_SteeringAssist	AJUDA DE DIREÇÃO	ASISTENCIA DE DIRECCIÓN	UNTRANSLATED (2013712091): RAC_Controls_SteeringAssist	UNTRANSLATED (2013712091): RAC_Controls_SteeringAssist	UNTRANSLATED (2013712091): RAC_Controls_SteeringAssist	UNTRANSLATED (2013712091): RAC_Controls_SteeringAssist
	RAC_Controls_AntiLockBrakes	ANTI-LOCK BRAKES	ANTI-BLOCAGE DE FREINS	UNTRANSLATED (2728887189): RAC_Controls_AntiLockBrakes	ANTIBLOCKIERSYSTEM	UNTRANSLATED (2728887189): RAC_Controls_AntiLockBrakes	UNTRANSLATED (2728887189): RAC_Controls_AntiLockBrakes	UNTRANSLATED (2728887189): RAC_Controls_AntiLockBrakes	UNTRANSLATED (2728887189): RAC_Controls_AntiLockBrakes	FREIO ABS	ANTIBLOQUEO DE FRENOS	UNTRANSLATED (2728887189): RAC_Controls_AntiLockBrakes	UNTRANSLATED (2728887189): RAC_Controls_AntiLockBrakes	UNTRANSLATED (2728887189): RAC_Controls_AntiLockBrakes	UNTRANSLATED (2728887189): RAC_Controls_AntiLockBrakes
	RAC_Controls_AutomaticClutch	AUTOMATIC CLUTCH	EMBRAYAGE AUTOMATIQUE	UNTRANSLATED (1733184029): RAC_Controls_AutomaticClutch	AUTOMATISCHE KUPPLUNG	UNTRANSLATED (1733184029): RAC_Controls_AutomaticClutch	UNTRANSLATED (1733184029): RAC_Controls_AutomaticClutch	UNTRANSLATED (1733184029): RAC_Controls_AutomaticClutch	UNTRANSLATED (1733184029): RAC_Controls_AutomaticClutch	EMBREAGEM AUTOMÁTICA	EMBRAGUE AUTOMÁTICO	UNTRANSLATED (1733184029): RAC_Controls_AutomaticClutch	UNTRANSLATED (1733184029): RAC_Controls_AutomaticClutch	UNTRANSLATED (1733184029): RAC_Controls_AutomaticClutch	UNTRANSLATED (1733184029): RAC_Controls_AutomaticClutch
	RAC_Controls_BrakingAssist	BRAKING ASSIST	ASSISTANCE AU FREINAGE	UNTRANSLATED (2294165545): RAC_Controls_BrakingAssist	BREMSHILFE	UNTRANSLATED (2294165545): RAC_Controls_BrakingAssist	UNTRANSLATED (2294165545): RAC_Controls_BrakingAssist	UNTRANSLATED (2294165545): RAC_Controls_BrakingAssist	UNTRANSLATED (2294165545): RAC_Controls_BrakingAssist	AJUDA DE FREIO	ASISTENCIA DE FRENADO	UNTRANSLATED (2294165545): RAC_Controls_BrakingAssist	UNTRANSLATED (2294165545): RAC_Controls_BrakingAssist	UNTRANSLATED (2294165545): RAC_Controls_BrakingAssist	UNTRANSLATED (2294165545): RAC_Controls_BrakingAssist
	RAC_Controls_ToggleHUDDials	Cycle Telemetry HUD Mode	Changer le mode de telemetrie HUD	UNTRANSLATED (1777727173): RAC_Controls_ToggleHUDDials	Telemetrie HUD umschalten	UNTRANSLATED (1777727173): RAC_Controls_ToggleHUDDials	UNTRANSLATED (1777727173): RAC_Controls_ToggleHUDDials	UNTRANSLATED (1777727173): RAC_Controls_ToggleHUDDials	UNTRANSLATED (1777727173): RAC_Controls_ToggleHUDDials	Rodizio do HUD em modo telemetria	Ciclo de telemetría modo HUD	UNTRANSLATED (1777727173): RAC_Controls_ToggleHUDDials	UNTRANSLATED (1777727173): RAC_Controls_ToggleHUDDials	UNTRANSLATED (1777727173): RAC_Controls_ToggleHUDDials	UNTRANSLATED (1777727173): RAC_Controls_ToggleHUDDials
	RAC_Controls_IncreaseFuelMapping	Fuel Mapping Increase	Augmenter la richesse moteur	UNTRANSLATED (434444204): RAC_Controls_IncreaseFuelMapping	Kraftstoffmapping erhöhen	UNTRANSLATED (434444204): RAC_Controls_IncreaseFuelMapping	UNTRANSLATED (434444204): RAC_Controls_IncreaseFuelMapping	UNTRANSLATED (434444204): RAC_Controls_IncreaseFuelMapping	UNTRANSLATED (434444204): RAC_Controls_IncreaseFuelMapping	Aumentar mapa de combústivel	Aumentar mapa de combustible	UNTRANSLATED (434444204): RAC_Controls_IncreaseFuelMapping	UNTRANSLATED (434444204): RAC_Controls_IncreaseFuelMapping	UNTRANSLATED (434444204): RAC_Controls_IncreaseFuelMapping	UNTRANSLATED (434444204): RAC_Controls_IncreaseFuelMapping
	RAC_Controls_DecreaseFuelMapping	Fuel Mapping Decrease	Diminuer la richesse moteur	UNTRANSLATED (1072757508): RAC_Controls_DecreaseFuelMapping	Kraftstoffmapping verringern	UNTRANSLATED (1072757508): RAC_Controls_DecreaseFuelMapping	UNTRANSLATED (1072757508): RAC_Controls_DecreaseFuelMapping	UNTRANSLATED (1072757508): RAC_Controls_DecreaseFuelMapping	UNTRANSLATED (1072757508): RAC_Controls_DecreaseFuelMapping	Diminuir mapa de combústivel	Disminuir mapa de combustible	UNTRANSLATED (1072757508): RAC_Controls_DecreaseFuelMapping	UNTRANSLATED (1072757508): RAC_Controls_DecreaseFuelMapping	UNTRANSLATED (1072757508): RAC_Controls_DecreaseFuelMapping	UNTRANSLATED (1072757508): RAC_Controls_DecreaseFuelMapping
	RAC_Controls_IncreaseWeightJacker	Weight Jacker Increase	Augmenter la hauteur de caisse	UNTRANSLATED (66056213): RAC_Controls_IncreaseWeightJacker	Gewichtsverstellung erhöhen	UNTRANSLATED (66056213): RAC_Controls_IncreaseWeightJacker	UNTRANSLATED (66056213): RAC_Controls_IncreaseWeightJacker	UNTRANSLATED (66056213): RAC_Controls_IncreaseWeightJacker	UNTRANSLATED (66056213): RAC_Controls_IncreaseWeightJacker	Aumentar jacker de peso	Aumentar weight jacker	UNTRANSLATED (66056213): RAC_Controls_IncreaseWeightJacker	UNTRANSLATED (66056213): RAC_Controls_IncreaseWeightJacker	UNTRANSLATED (66056213): RAC_Controls_IncreaseWeightJacker	UNTRANSLATED (66056213): RAC_Controls_IncreaseWeightJacker
	RAC_Controls_DecreaseWeightJacker	Weight Jacker Decrease	Diminuer la hauteur de caisse	UNTRANSLATED (1796432054): RAC_Controls_DecreaseWeightJacker	Gewichtsverstellung verringern	UNTRANSLATED (1796432054): RAC_Controls_DecreaseWeightJacker	UNTRANSLATED (1796432054): RAC_Controls_DecreaseWeightJacker	UNTRANSLATED (1796432054): RAC_Controls_DecreaseWeightJacker	UNTRANSLATED (1796432054): RAC_Controls_DecreaseWeightJacker	Diminuir jacker de peso	Disminuir weight jacker	UNTRANSLATED (1796432054): RAC_Controls_DecreaseWeightJacker	UNTRANSLATED (1796432054): RAC_Controls_DecreaseWeightJacker	UNTRANSLATED (1796432054): RAC_Controls_DecreaseWeightJacker	UNTRANSLATED (1796432054): RAC_Controls_DecreaseWeightJacker
	RAC_Controls_IncreaseTurboBoost	INCREASE TURBO BOOST	AUGMENTER LE BOOST DU TURBO	UNTRANSLATED (2636776831): RAC_Controls_IncreaseTurboBoost	LADEDRUCK ERHÖHEN	UNTRANSLATED (2636776831): RAC_Controls_IncreaseTurboBoost	UNTRANSLATED (2636776831): RAC_Controls_IncreaseTurboBoost	UNTRANSLATED (2636776831): RAC_Controls_IncreaseTurboBoost	UNTRANSLATED (2636776831): RAC_Controls_IncreaseTurboBoost	AUMENTAR PRESSÃO DO TURBO	AUMENTAR PRESIÓN DEL TURBO	UNTRANSLATED (2636776831): RAC_Controls_IncreaseTurboBoost	UNTRANSLATED (2636776831): RAC_Controls_IncreaseTurboBoost	UNTRANSLATED (2636776831): RAC_Controls_IncreaseTurboBoost	UNTRANSLATED (2636776831): RAC_Controls_IncreaseTurboBoost
	RAC_Controls_DecreaseTurboBoost	DECREASE TURBO BOOST	DIMINUER LE BOOST DU TURBO	UNTRANSLATED (2626507754): RAC_Controls_DecreaseTurboBoost	LADEDRUCK VERRINGERN	UNTRANSLATED (2626507754): RAC_Controls_DecreaseTurboBoost	UNTRANSLATED (2626507754): RAC_Controls_DecreaseTurboBoost	UNTRANSLATED (2626507754): RAC_Controls_DecreaseTurboBoost	UNTRANSLATED (2626507754): RAC_Controls_DecreaseTurboBoost	DIMINUIR PRESSÃO DO TURBO	DISMINUIR PRESIÓN DEL TURBO	UNTRANSLATED (2626507754): RAC_Controls_DecreaseTurboBoost	UNTRANSLATED (2626507754): RAC_Controls_DecreaseTurboBoost	UNTRANSLATED (2626507754): RAC_Controls_DecreaseTurboBoost	UNTRANSLATED (2626507754): RAC_Controls_DecreaseTurboBoost
	RAC_Controls_IncreaseABSStrength	INCREASE ABS STRENGTH	AUGMENTER LA PUISSANCE DE L'ABS	UNTRANSLATED (761714209): RAC_Controls_IncreaseABSStrength	ANTIBLOCKIERSYSTEM ERHÖHEN	UNTRANSLATED (761714209): RAC_Controls_IncreaseABSStrength	UNTRANSLATED (761714209): RAC_Controls_IncreaseABSStrength	UNTRANSLATED (761714209): RAC_Controls_IncreaseABSStrength	UNTRANSLATED (761714209): RAC_Controls_IncreaseABSStrength	AUMENTAR ABS	AUMENTAR LA FUERZA DEL ABS	UNTRANSLATED (761714209): RAC_Controls_IncreaseABSStrength	UNTRANSLATED (761714209): RAC_Controls_IncreaseABSStrength	UNTRANSLATED (761714209): RAC_Controls_IncreaseABSStrength	UNTRANSLATED (761714209): RAC_Controls_IncreaseABSStrength
	RAC_Controls_DecreaseABSStrength	DECREASE ABS STRENGTH	DIMINUER LA PUISSANCE DE L'ABS	UNTRANSLATED (2638275185): RAC_Controls_DecreaseABSStrength	ANTIBLOCKIERSYSTEM VERRINGERN	UNTRANSLATED (2638275185): RAC_Controls_DecreaseABSStrength	UNTRANSLATED (2638275185): RAC_Controls_DecreaseABSStrength	UNTRANSLATED (2638275185): RAC_Controls_DecreaseABSStrength	UNTRANSLATED (2638275185): RAC_Controls_DecreaseABSStrength	DIMINUIR ABS	REDUCIR LA FUERZA DEL ABS	UNTRANSLATED (2638275185): RAC_Controls_DecreaseABSStrength	UNTRANSLATED (2638275185): RAC_Controls_DecreaseABSStrength	UNTRANSLATED (2638275185): RAC_Controls_DecreaseABSStrength	UNTRANSLATED (2638275185): RAC_Controls_DecreaseABSStrength
	RAC_Controls_IncreaseFFBVolume	INCREASE FFB VOLUME	AUGMENTER L'INTENSITE DU FFB	UNTRANSLATED (678688370): RAC_Controls_IncreaseFFBVolume	FFB VOLUMEN ERHÖHEN	UNTRANSLATED (678688370): RAC_Controls_IncreaseFFBVolume	UNTRANSLATED (678688370): RAC_Controls_IncreaseFFBVolume	UNTRANSLATED (678688370): RAC_Controls_IncreaseFFBVolume	UNTRANSLATED (678688370): RAC_Controls_IncreaseFFBVolume	AUMENTAR VOLUME FFB	AUMENTAR EL VOLUMEN DEL FFB	UNTRANSLATED (678688370): RAC_Controls_IncreaseFFBVolume	UNTRANSLATED (678688370): RAC_Controls_IncreaseFFBVolume	UNTRANSLATED (678688370): RAC_Controls_IncreaseFFBVolume	UNTRANSLATED (678688370): RAC_Controls_IncreaseFFBVolume
	RAC_Controls_DecreaseFFBVolume	DECREASE FFB VOLUME	DIMINUER L'INTENSITE DU FFB	UNTRANSLATED (2200302346): RAC_Controls_DecreaseFFBVolume	FFB VOLUMEN VERRINGERN	UNTRANSLATED (2200302346): RAC_Controls_DecreaseFFBVolume	UNTRANSLATED (2200302346): RAC_Controls_DecreaseFFBVolume	UNTRANSLATED (2200302346): RAC_Controls_DecreaseFFBVolume	UNTRANSLATED (2200302346): RAC_Controls_DecreaseFFBVolume	DIMINUIR VOLUME FFB	REDUCIR EL VOLUMEN DEL FFB	UNTRANSLATED (2200302346): RAC_Controls_DecreaseFFBVolume	UNTRANSLATED (2200302346): RAC_Controls_DecreaseFFBVolume	UNTRANSLATED (2200302346): RAC_Controls_DecreaseFFBVolume	UNTRANSLATED (2200302346): RAC_Controls_DecreaseFFBVolume
	RAC_Controls_IncreaseFFBTone	INCREASE FFB TONE	AUGMENTER TON DU FFB	UNTRANSLATED (2873546171): RAC_Controls_IncreaseFFBTone	FFB TONE ERHÖHEN	UNTRANSLATED (2873546171): RAC_Controls_IncreaseFFBTone	UNTRANSLATED (2873546171): RAC_Controls_IncreaseFFBTone	UNTRANSLATED (2873546171): RAC_Controls_IncreaseFFBTone	UNTRANSLATED (2873546171): RAC_Controls_IncreaseFFBTone	AUMENTAR TOM FFB	AUMENTAR EL TONO DEL FFB	UNTRANSLATED (2873546171): RAC_Controls_IncreaseFFBTone	UNTRANSLATED (2873546171): RAC_Controls_IncreaseFFBTone	UNTRANSLATED (2873546171): RAC_Controls_IncreaseFFBTone	UNTRANSLATED (2873546171): RAC_Controls_IncreaseFFBTone
	RAC_Controls_DecreaseFFBTone	DECREASE FFB TONE	DIMINUER TON DU FFB	UNTRANSLATED (4067408638): RAC_Controls_DecreaseFFBTone	FFB TONE VERRINGERN	UNTRANSLATED (4067408638): RAC_Controls_DecreaseFFBTone	UNTRANSLATED (4067408638): RAC_Controls_DecreaseFFBTone	UNTRANSLATED (4067408638): RAC_Controls_DecreaseFFBTone	UNTRANSLATED (4067408638): RAC_Controls_DecreaseFFBTone	DIMINUIR TOM FFB	REDUCIR EL TONO DEL FFB	UNTRANSLATED (4067408638): RAC_Controls_DecreaseFFBTone	UNTRANSLATED (4067408638): RAC_Controls_DecreaseFFBTone	UNTRANSLATED (4067408638): RAC_Controls_DecreaseFFBTone	UNTRANSLATED (4067408638): RAC_Controls_DecreaseFFBTone
	RAC_Controls_PitLimiterOn	PIT LIMITER ON	LIMITEUR DE VITESSE ACTIVÉ	UNTRANSLATED (127075826): RAC_Controls_PitLimiterOn	BOXEN-TEMPOLIMITER AN	UNTRANSLATED (127075826): RAC_Controls_PitLimiterOn	UNTRANSLATED (127075826): RAC_Controls_PitLimiterOn	UNTRANSLATED (127075826): RAC_Controls_PitLimiterOn	UNTRANSLATED (127075826): RAC_Controls_PitLimiterOn	LIMITADOR LIGADO	LIMITADOR DE VELOCIDAD ENCENDIDO	UNTRANSLATED (127075826): RAC_Controls_PitLimiterOn	UNTRANSLATED (127075826): RAC_Controls_PitLimiterOn	UNTRANSLATED (127075826): RAC_Controls_PitLimiterOn	UNTRANSLATED (127075826): RAC_Controls_PitLimiterOn
	RAC_Controls_PitSpeedLimiterOff	PIT LIMITER OFF	LIMITEUR DE VITESSE DÉSACTIVÉ	UNTRANSLATED (3960201672): RAC_Controls_PitSpeedLimiterOff	BOXEN-TEMPOLIMITER AUS	UNTRANSLATED (3960201672): RAC_Controls_PitSpeedLimiterOff	UNTRANSLATED (3960201672): RAC_Controls_PitSpeedLimiterOff	UNTRANSLATED (3960201672): RAC_Controls_PitSpeedLimiterOff	UNTRANSLATED (3960201672): RAC_Controls_PitSpeedLimiterOff	LIMITADOR DESLIGADO	LIMITADOR DE VELOCIDAD APAGADO	UNTRANSLATED (3960201672): RAC_Controls_PitSpeedLimiterOff	UNTRANSLATED (3960201672): RAC_Controls_PitSpeedLimiterOff	UNTRANSLATED (3960201672): RAC_Controls_PitSpeedLimiterOff	UNTRANSLATED (3960201672): RAC_Controls_PitSpeedLimiterOff
	RAC_Controls_CycleCamForward	Next Replay Camera	Replay camera suivant	UNTRANSLATED (1785338101): RAC_Controls_CycleCamForward	Nächste Wiederholungskamera	UNTRANSLATED (1785338101): RAC_Controls_CycleCamForward	UNTRANSLATED (1785338101): RAC_Controls_CycleCamForward	UNTRANSLATED (1785338101): RAC_Controls_CycleCamForward	UNTRANSLATED (1785338101): RAC_Controls_CycleCamForward	Camera de replay seguinte	Siguiente cámara de repetición	UNTRANSLATED (1785338101): RAC_Controls_CycleCamForward	UNTRANSLATED (1785338101): RAC_Controls_CycleCamForward	UNTRANSLATED (1785338101): RAC_Controls_CycleCamForward	UNTRANSLATED (1785338101): RAC_Controls_CycleCamForward
	RAC_Controls_CycleCamBack	Previous Replay Camera	Replay camera precedent	UNTRANSLATED (1100912937): RAC_Controls_CycleCamBack	Vorherige Wiederholungskamera	UNTRANSLATED (1100912937): RAC_Controls_CycleCamBack	UNTRANSLATED (1100912937): RAC_Controls_CycleCamBack	UNTRANSLATED (1100912937): RAC_Controls_CycleCamBack	UNTRANSLATED (1100912937): RAC_Controls_CycleCamBack	Camera de replay anterior	Anterior cámara de repetición	UNTRANSLATED (1100912937): RAC_Controls_CycleCamBack	UNTRANSLATED (1100912937): RAC_Controls_CycleCamBack	UNTRANSLATED (1100912937): RAC_Controls_CycleCamBack	UNTRANSLATED (1100912937): RAC_Controls_CycleCamBack
	RAC_Controls_VehicleFFBGainIncrease	Vehicle FFB Gain Increase	Augmentation du gain du FFB	UNTRANSLATED (1203805206): RAC_Controls_VehicleFFBGainIncrease	Fahrzeugabhängigen FFB Gain erhöhen	UNTRANSLATED (1203805206): RAC_Controls_VehicleFFBGainIncrease	UNTRANSLATED (1203805206): RAC_Controls_VehicleFFBGainIncrease	UNTRANSLATED (1203805206): RAC_Controls_VehicleFFBGainIncrease	UNTRANSLATED (1203805206): RAC_Controls_VehicleFFBGainIncrease	Aumentar força FFB do veiculo	Aumento de ganancia FFB del vehículo	UNTRANSLATED (1203805206): RAC_Controls_VehicleFFBGainIncrease	UNTRANSLATED (1203805206): RAC_Controls_VehicleFFBGainIncrease	UNTRANSLATED (1203805206): RAC_Controls_VehicleFFBGainIncrease	UNTRANSLATED (1203805206): RAC_Controls_VehicleFFBGainIncrease
	RAC_Controls_VehicleFFBGainDecrease	Vehicle FFB Gain Decrease	Diminution du gain du FFB	UNTRANSLATED (853541626): RAC_Controls_VehicleFFBGainDecrease	Fahrzeugabhängigen FFB Gain verringern	UNTRANSLATED (853541626): RAC_Controls_VehicleFFBGainDecrease	UNTRANSLATED (853541626): RAC_Controls_VehicleFFBGainDecrease	UNTRANSLATED (853541626): RAC_Controls_VehicleFFBGainDecrease	UNTRANSLATED (853541626): RAC_Controls_VehicleFFBGainDecrease	Diminuir força FFB do veiculo	Disminución de ganancia FFB del vehículo	UNTRANSLATED (853541626): RAC_Controls_VehicleFFBGainDecrease	UNTRANSLATED (853541626): RAC_Controls_VehicleFFBGainDecrease	UNTRANSLATED (853541626): RAC_Controls_VehicleFFBGainDecrease	UNTRANSLATED (853541626): RAC_Controls_VehicleFFBGainDecrease
	RAC_Controls_Gear8	GEAR 8	VITESSE 8	UNTRANSLATED (3488567566): RAC_Controls_Gear8	8. GANG	UNTRANSLATED (3488567566): RAC_Controls_Gear8	UNTRANSLATED (3488567566): RAC_Controls_Gear8	UNTRANSLATED (3488567566): RAC_Controls_Gear8	UNTRANSLATED (3488567566): RAC_Controls_Gear8	MARCHA 8	MARCHA 8	UNTRANSLATED (3488567566): RAC_Controls_Gear8	UNTRANSLATED (3488567566): RAC_Controls_Gear8	UNTRANSLATED (3488567566): RAC_Controls_Gear8	UNTRANSLATED (3488567566): RAC_Controls_Gear8
	RAC_Controls_OnboardTractionControlIncrease	Onboard TC Increase	Augmentation du TC a bord	UNTRANSLATED (1495503921): RAC_Controls_OnboardTractionControlIncrease	Onboard TK erhöhen	UNTRANSLATED (1495503921): RAC_Controls_OnboardTractionControlIncrease	UNTRANSLATED (1495503921): RAC_Controls_OnboardTractionControlIncrease	UNTRANSLATED (1495503921): RAC_Controls_OnboardTractionControlIncrease	UNTRANSLATED (1495503921): RAC_Controls_OnboardTractionControlIncrease	Aumentar CT onboard	Incrementar CT abordo	UNTRANSLATED (1495503921): RAC_Controls_OnboardTractionControlIncrease	UNTRANSLATED (1495503921): RAC_Controls_OnboardTractionControlIncrease	UNTRANSLATED (1495503921): RAC_Controls_OnboardTractionControlIncrease	UNTRANSLATED (1495503921): RAC_Controls_OnboardTractionControlIncrease
	RAC_Controls_OnboardTractionControlDecrease	Onboard TC Decrease	Diminution du TC a bord	UNTRANSLATED (3018211754): RAC_Controls_OnboardTractionControlDecrease	Onboard TK verringern	UNTRANSLATED (3018211754): RAC_Controls_OnboardTractionControlDecrease	UNTRANSLATED (3018211754): RAC_Controls_OnboardTractionControlDecrease	UNTRANSLATED (3018211754): RAC_Controls_OnboardTractionControlDecrease	UNTRANSLATED (3018211754): RAC_Controls_OnboardTractionControlDecrease	Diminuir CT onboard	Decrementar CT abordo	UNTRANSLATED (3018211754): RAC_Controls_OnboardTractionControlDecrease	UNTRANSLATED (3018211754): RAC_Controls_OnboardTractionControlDecrease	UNTRANSLATED (3018211754): RAC_Controls_OnboardTractionControlDecrease	UNTRANSLATED (3018211754): RAC_Controls_OnboardTractionControlDecrease
	RAC_Controls_OnboardABSDecrease	Onboard ABS Decrease	Diminution de l'ABS a bord	UNTRANSLATED (3517615110): RAC_Controls_OnboardABSDecrease	Onboard ABS verringern	UNTRANSLATED (3517615110): RAC_Controls_OnboardABSDecrease	UNTRANSLATED (3517615110): RAC_Controls_OnboardABSDecrease	UNTRANSLATED (3517615110): RAC_Controls_OnboardABSDecrease	UNTRANSLATED (3517615110): RAC_Controls_OnboardABSDecrease	Diminuir ABS onboard	Decrementar ABS abordo	UNTRANSLATED (3517615110): RAC_Controls_OnboardABSDecrease	UNTRANSLATED (3517615110): RAC_Controls_OnboardABSDecrease	UNTRANSLATED (3517615110): RAC_Controls_OnboardABSDecrease	UNTRANSLATED (3517615110): RAC_Controls_OnboardABSDecrease
	RAC_Controls_OnboardABSIncrease	Onboard ABS Increase	Augmentation de l'ABS a bord	UNTRANSLATED (362458091): RAC_Controls_OnboardABSIncrease	Onboard ABS erhöhen	UNTRANSLATED (362458091): RAC_Controls_OnboardABSIncrease	UNTRANSLATED (362458091): RAC_Controls_OnboardABSIncrease	UNTRANSLATED (362458091): RAC_Controls_OnboardABSIncrease	UNTRANSLATED (362458091): RAC_Controls_OnboardABSIncrease	Aumentar ABS onboard	Incrementar ABS abordo	UNTRANSLATED (362458091): RAC_Controls_OnboardABSIncrease	UNTRANSLATED (362458091): RAC_Controls_OnboardABSIncrease	UNTRANSLATED (362458091): RAC_Controls_OnboardABSIncrease	UNTRANSLATED (362458091): RAC_Controls_OnboardABSIncrease
	RAC_Controls_IcmCycle	Cycle ICM	Cycle ICM	UNTRANSLATED (1963007684): RAC_Controls_IcmCycle	ICM umschalten	UNTRANSLATED (1963007684): RAC_Controls_IcmCycle	UNTRANSLATED (1963007684): RAC_Controls_IcmCycle	UNTRANSLATED (1963007684): RAC_Controls_IcmCycle	UNTRANSLATED (1963007684): RAC_Controls_IcmCycle	Ciclo ICM	ICM Ciclo	UNTRANSLATED (1963007684): RAC_Controls_IcmCycle	UNTRANSLATED (1963007684): RAC_Controls_IcmCycle	UNTRANSLATED (1963007684): RAC_Controls_IcmCycle	UNTRANSLATED (1963007684): RAC_Controls_IcmCycle
	RAC_Controls_ErsModeDecrease	ERS Mode Decrease	Baisse de l'ERS	UNTRANSLATED (1827511591): RAC_Controls_ErsModeDecrease	ERS Modus verringern	UNTRANSLATED (1827511591): RAC_Controls_ErsModeDecrease	UNTRANSLATED (1827511591): RAC_Controls_ErsModeDecrease	UNTRANSLATED (1827511591): RAC_Controls_ErsModeDecrease	UNTRANSLATED (1827511591): RAC_Controls_ErsModeDecrease	Diminuir modo ERS	Disminuir modo ERS	UNTRANSLATED (1827511591): RAC_Controls_ErsModeDecrease	UNTRANSLATED (1827511591): RAC_Controls_ErsModeDecrease	UNTRANSLATED (1827511591): RAC_Controls_ErsModeDecrease	UNTRANSLATED (1827511591): RAC_Controls_ErsModeDecrease
	RAC_Controls_ErsModeIncrease	ERS Mode Increase	Hausse de l'ERS	UNTRANSLATED (3505405415): RAC_Controls_ErsModeIncrease	ERS Modus erhöhen	UNTRANSLATED (3505405415): RAC_Controls_ErsModeIncrease	UNTRANSLATED (3505405415): RAC_Controls_ErsModeIncrease	UNTRANSLATED (3505405415): RAC_Controls_ErsModeIncrease	UNTRANSLATED (3505405415): RAC_Controls_ErsModeIncrease	Aumentar modo ERS	Aumentar modo ERS	UNTRANSLATED (3505405415): RAC_Controls_ErsModeIncrease	UNTRANSLATED (3505405415): RAC_Controls_ErsModeIncrease	UNTRANSLATED (3505405415): RAC_Controls_ErsModeIncrease	UNTRANSLATED (3505405415): RAC_Controls_ErsModeIncrease
	RAC_Controls_ErsModeOvertake	ERS MODE OVERTAKE	DEPASSEMENT DE L'ERS	UNTRANSLATED (1546732274): RAC_Controls_ErsModeOvertake	ERS MODUS ÜBERHOLEN	UNTRANSLATED (1546732274): RAC_Controls_ErsModeOvertake	UNTRANSLATED (1546732274): RAC_Controls_ErsModeOvertake	UNTRANSLATED (1546732274): RAC_Controls_ErsModeOvertake	UNTRANSLATED (1546732274): RAC_Controls_ErsModeOvertake	MODO ERS PARA ULTRAPASSAGEM	MODO ERS ADELANTAMIENTO	UNTRANSLATED (1546732274): RAC_Controls_ErsModeOvertake	UNTRANSLATED (1546732274): RAC_Controls_ErsModeOvertake	UNTRANSLATED (1546732274): RAC_Controls_ErsModeOvertake	UNTRANSLATED (1546732274): RAC_Controls_ErsModeOvertake
	RAC_Controls_ResetSeatPosition	Reset Seat Position	Remettre a zero la position du siege	UNTRANSLATED (2872862827): RAC_Controls_ResetSeatPosition	Sitzposition zurücksetzen	UNTRANSLATED (2872862827): RAC_Controls_ResetSeatPosition	UNTRANSLATED (2872862827): RAC_Controls_ResetSeatPosition	UNTRANSLATED (2872862827): RAC_Controls_ResetSeatPosition	UNTRANSLATED (2872862827): RAC_Controls_ResetSeatPosition	Redefinir posição do assento	Resetear posición del asiento	UNTRANSLATED (2872862827): RAC_Controls_ResetSeatPosition	UNTRANSLATED (2872862827): RAC_Controls_ResetSeatPosition	UNTRANSLATED (2872862827): RAC_Controls_ResetSeatPosition	UNTRANSLATED (2872862827): RAC_Controls_ResetSeatPosition
	RAC_Controls_OnboardAutoshiftOff	ONBOARD AUTOSHIFT: OFF	VITESSES AUTO: OFF	UNTRANSLATED (2093717764): RAC_Controls_OnboardAutoshiftOff	ONBOARD SCHALTAUTOMATIK: AUS	UNTRANSLATED (2093717764): RAC_Controls_OnboardAutoshiftOff	UNTRANSLATED (2093717764): RAC_Controls_OnboardAutoshiftOff	UNTRANSLATED (2093717764): RAC_Controls_OnboardAutoshiftOff	UNTRANSLATED (2093717764): RAC_Controls_OnboardAutoshiftOff	CÂMBIO AUTOMÁTICO ONBOARD: DESLIGADO	CAMBIO AUTOMÁTICO ABORDO: APAGADO	UNTRANSLATED (2093717764): RAC_Controls_OnboardAutoshiftOff	UNTRANSLATED (2093717764): RAC_Controls_OnboardAutoshiftOff	UNTRANSLATED (2093717764): RAC_Controls_OnboardAutoshiftOff	UNTRANSLATED (2093717764): RAC_Controls_OnboardAutoshiftOff
	RAC_Controls_OnboardAutoshiftUpOnly	ONBOARD AUTOSHIFT: UP ONLY	VITESSES AUTO: MONTEE SEULEMENT	UNTRANSLATED (3636138587): RAC_Controls_OnboardAutoshiftUpOnly	ONBOARD SCHALTAUTOMATIK: HOCHSCHALTEN	UNTRANSLATED (3636138587): RAC_Controls_OnboardAutoshiftUpOnly	UNTRANSLATED (3636138587): RAC_Controls_OnboardAutoshiftUpOnly	UNTRANSLATED (3636138587): RAC_Controls_OnboardAutoshiftUpOnly	UNTRANSLATED (3636138587): RAC_Controls_OnboardAutoshiftUpOnly	CÂMBIO AUTOMÁTICO ONBOARD: SUBIR APENAS	CAMBIO AUTOMÁTICO ABORDO: SOLO SUBIR	UNTRANSLATED (3636138587): RAC_Controls_OnboardAutoshiftUpOnly	UNTRANSLATED (3636138587): RAC_Controls_OnboardAutoshiftUpOnly	UNTRANSLATED (3636138587): RAC_Controls_OnboardAutoshiftUpOnly	UNTRANSLATED (3636138587): RAC_Controls_OnboardAutoshiftUpOnly
	RAC_Controls_OnboardAutoshiftDownOnly	ONBOARD AUTOSHIFT: DOWN ONLY	VITESSES AUTO: DESCENTE SEULEMENT	UNTRANSLATED (1702352859): RAC_Controls_OnboardAutoshiftDownOnly	ONBOARD SCHALTAUTOMATIK: RUNTERSCHALTEN	UNTRANSLATED (1702352859): RAC_Controls_OnboardAutoshiftDownOnly	UNTRANSLATED (1702352859): RAC_Controls_OnboardAutoshiftDownOnly	UNTRANSLATED (1702352859): RAC_Controls_OnboardAutoshiftDownOnly	UNTRANSLATED (1702352859): RAC_Controls_OnboardAutoshiftDownOnly	CÂMBIO AUTOMÁTICO ONBOARD: DESCER APENAS	CAMBIO AUTOMÁTICO ABORDO: SOLO BAJAR	UNTRANSLATED (1702352859): RAC_Controls_OnboardAutoshiftDownOnly	UNTRANSLATED (1702352859): RAC_Controls_OnboardAutoshiftDownOnly	UNTRANSLATED (1702352859): RAC_Controls_OnboardAutoshiftDownOnly	UNTRANSLATED (1702352859): RAC_Controls_OnboardAutoshiftDownOnly
	RAC_Controls_OnboardAutoshiftFull	ONBOARD AUTOSHIFT: FULL	VITESSES AUTO: COMPLET	UNTRANSLATED (2606752754): RAC_Controls_OnboardAutoshiftFull	ONBOARD SCHALTAUTOMATIK: VOLLAUTOMATISCH	UNTRANSLATED (2606752754): RAC_Controls_OnboardAutoshiftFull	UNTRANSLATED (2606752754): RAC_Controls_OnboardAutoshiftFull	UNTRANSLATED (2606752754): RAC_Controls_OnboardAutoshiftFull	UNTRANSLATED (2606752754): RAC_Controls_OnboardAutoshiftFull	CÂMBIO AUTOMÁTICO ONBOARD: COMPLETO	CAMBIO AUTOMÁTICO ABORDO: COMPLETO	UNTRANSLATED (2606752754): RAC_Controls_OnboardAutoshiftFull	UNTRANSLATED (2606752754): RAC_Controls_OnboardAutoshiftFull	UNTRANSLATED (2606752754): RAC_Controls_OnboardAutoshiftFull	UNTRANSLATED (2606752754): RAC_Controls_OnboardAutoshiftFull
	RAC_Controls_ActiveSuspensionReactionSpeed	ACTIVE SUSPENSION REACTION SPEED	ACTIVE SUSPENSION REACTION SPEED	ACTIVE SUSPENSION REACTION SPEED	ACTIVE SUSPENSION REACTION SPEED	ACTIVE SUSPENSION REACTION SPEED	ACTIVE SUSPENSION REACTION SPEED	ACTIVE SUSPENSION REACTION SPEED	ACTIVE SUSPENSION REACTION SPEED	ACTIVE SUSPENSION REACTION SPEED	ACTIVE SUSPENSION REACTION SPEED	ACTIVE SUSPENSION REACTION SPEED	ACTIVE SUSPENSION REACTION SPEED	ACTIVE SUSPENSION REACTION SPEED	ACTIVE SUSPENSION REACTION SPEED
	RAC_Controls_ActiveSuspensionDamping	ACTIVE SUSPENSION DAMPING	ACTIVE SUSPENSION DAMPING	ACTIVE SUSPENSION DAMPING	ACTIVE SUSPENSION DAMPING	ACTIVE SUSPENSION DAMPING	ACTIVE SUSPENSION DAMPING	ACTIVE SUSPENSION DAMPING	ACTIVE SUSPENSION DAMPING	ACTIVE SUSPENSION DAMPING	ACTIVE SUSPENSION DAMPING	ACTIVE SUSPENSION DAMPING	ACTIVE SUSPENSION DAMPING	ACTIVE SUSPENSION DAMPING	ACTIVE SUSPENSION DAMPING
	RAC_Controls_LaunchControl	Launch Control	Launch Control	UNTRANSLATED (2035552671): RAC_Controls_LaunchControl	Launch Control	UNTRANSLATED (2035552671): RAC_Controls_LaunchControl	UNTRANSLATED (2035552671): RAC_Controls_LaunchControl	UNTRANSLATED (2035552671): RAC_Controls_LaunchControl	UNTRANSLATED (2035552671): RAC_Controls_LaunchControl	Controle de largada	Control de salida	Launch Control	UNTRANSLATED (2035552671): RAC_Controls_LaunchControl	UNTRANSLATED (2035552671): RAC_Controls_LaunchControl	UNTRANSLATED (2035552671): RAC_Controls_LaunchControl
	RAC_Controls_IncreaseActiveSuspensionReactionSpeed	Active Suspension Reaction Speed Increase	Augmente la vitesse de reaction de la suspension active	UNTRANSLATED (2660273348): RAC_Controls_IncreaseActiveSuspensionReactionSpeed	Aktive Aufhängungsreaktion erhohen	UNTRANSLATED (2660273348): RAC_Controls_IncreaseActiveSuspensionReactionSpeed	UNTRANSLATED (2660273348): RAC_Controls_IncreaseActiveSuspensionReactionSpeed	UNTRANSLATED (2660273348): RAC_Controls_IncreaseActiveSuspensionReactionSpeed	UNTRANSLATED (2660273348): RAC_Controls_IncreaseActiveSuspensionReactionSpeed	Aumentar velocidade da reação da suspensão ativa	Incrementar vel. de reac. de la suspension	UNTRANSLATED (2660273348): RAC_Controls_IncreaseActiveSuspensionReactionSpeed	UNTRANSLATED (2660273348): RAC_Controls_IncreaseActiveSuspensionReactionSpeed	UNTRANSLATED (2660273348): RAC_Controls_IncreaseActiveSuspensionReactionSpeed	UNTRANSLATED (2660273348): RAC_Controls_IncreaseActiveSuspensionReactionSpeed
	RAC_Controls_DecreaseActiveSuspensionReactionSpeed	Active Suspension Reaction Speed Decrease	Diminue la vitesse de reaction de la suspension active	UNTRANSLATED (490742335): RAC_Controls_DecreaseActiveSuspensionReactionSpeed	Aktive Afhängungsreaktion verringern	UNTRANSLATED (490742335): RAC_Controls_DecreaseActiveSuspensionReactionSpeed	UNTRANSLATED (490742335): RAC_Controls_DecreaseActiveSuspensionReactionSpeed	UNTRANSLATED (490742335): RAC_Controls_DecreaseActiveSuspensionReactionSpeed	UNTRANSLATED (490742335): RAC_Controls_DecreaseActiveSuspensionReactionSpeed	Diminuir velocidade da reação da suspensão ativa	Decrementar vel. de reac. de la suspension	UNTRANSLATED (490742335): RAC_Controls_DecreaseActiveSuspensionReactionSpeed	UNTRANSLATED (490742335): RAC_Controls_DecreaseActiveSuspensionReactionSpeed	UNTRANSLATED (490742335): RAC_Controls_DecreaseActiveSuspensionReactionSpeed	UNTRANSLATED (490742335): RAC_Controls_DecreaseActiveSuspensionReactionSpeed
	RAC_Controls_DecreaseActiveSuspensionDamping	Active Suspension Damping Decrease	Diminue l'amortissement de la suspension active	UNTRANSLATED (2188400083): RAC_Controls_DecreaseActiveSuspensionDamping	Aktive Aufhängungsdämpfung verringern	UNTRANSLATED (2188400083): RAC_Controls_DecreaseActiveSuspensionDamping	UNTRANSLATED (2188400083): RAC_Controls_DecreaseActiveSuspensionDamping	UNTRANSLATED (2188400083): RAC_Controls_DecreaseActiveSuspensionDamping	UNTRANSLATED (2188400083): RAC_Controls_DecreaseActiveSuspensionDamping	Diminuir amortecimento da suspensão ativa	Decrementar amortiguación de la susp.	UNTRANSLATED (2188400083): RAC_Controls_DecreaseActiveSuspensionDamping	UNTRANSLATED (2188400083): RAC_Controls_DecreaseActiveSuspensionDamping	UNTRANSLATED (2188400083): RAC_Controls_DecreaseActiveSuspensionDamping	UNTRANSLATED (2188400083): RAC_Controls_DecreaseActiveSuspensionDamping
	RAC_Controls_IncreaseActiveSuspensionDamping	Active Suspension Damping Increase	Augmente l'amortissement de la suspension active	UNTRANSLATED (174103144): RAC_Controls_IncreaseActiveSuspensionDamping	Aktive Aufhängungsdämpfung erhöhen	UNTRANSLATED (174103144): RAC_Controls_IncreaseActiveSuspensionDamping	UNTRANSLATED (174103144): RAC_Controls_IncreaseActiveSuspensionDamping	UNTRANSLATED (174103144): RAC_Controls_IncreaseActiveSuspensionDamping	UNTRANSLATED (174103144): RAC_Controls_IncreaseActiveSuspensionDamping	Aumentar amortecimento da suspensão ativa	Incrementar amortiguación de la susp.	UNTRANSLATED (174103144): RAC_Controls_IncreaseActiveSuspensionDamping	UNTRANSLATED (174103144): RAC_Controls_IncreaseActiveSuspensionDamping	UNTRANSLATED (174103144): RAC_Controls_IncreaseActiveSuspensionDamping	UNTRANSLATED (174103144): RAC_Controls_IncreaseActiveSuspensionDamping
	RAC_Controls_OnboardAutoshiftModeIncrease	Onboard Autoshift Mode Increase	Augmentation du mode vitesses auto	UNTRANSLATED (183359912): RAC_Controls_OnboardAutoshiftModeIncrease	Onboard Schaltautomatik erhöhen	UNTRANSLATED (183359912): RAC_Controls_OnboardAutoshiftModeIncrease	UNTRANSLATED (183359912): RAC_Controls_OnboardAutoshiftModeIncrease	UNTRANSLATED (183359912): RAC_Controls_OnboardAutoshiftModeIncrease	UNTRANSLATED (183359912): RAC_Controls_OnboardAutoshiftModeIncrease	Aumentar câmbio automático onboard	Modo de cambio automático abordo: incrementar	UNTRANSLATED (183359912): RAC_Controls_OnboardAutoshiftModeIncrease	UNTRANSLATED (183359912): RAC_Controls_OnboardAutoshiftModeIncrease	UNTRANSLATED (183359912): RAC_Controls_OnboardAutoshiftModeIncrease	UNTRANSLATED (183359912): RAC_Controls_OnboardAutoshiftModeIncrease
	RAC_Controls_OnboardAutoshiftModeDecrease	Onboard Autoshift Mode Decrease	Baisse du mode vitesses auto	UNTRANSLATED (2413162606): RAC_Controls_OnboardAutoshiftModeDecrease	Onboard Schaltautomatik verringern	UNTRANSLATED (2413162606): RAC_Controls_OnboardAutoshiftModeDecrease	UNTRANSLATED (2413162606): RAC_Controls_OnboardAutoshiftModeDecrease	UNTRANSLATED (2413162606): RAC_Controls_OnboardAutoshiftModeDecrease	UNTRANSLATED (2413162606): RAC_Controls_OnboardAutoshiftModeDecrease	Diminuir câmbio automático onboard	Modo de cambio automático abordo: decrementar	UNTRANSLATED (2413162606): RAC_Controls_OnboardAutoshiftModeDecrease	UNTRANSLATED (2413162606): RAC_Controls_OnboardAutoshiftModeDecrease	UNTRANSLATED (2413162606): RAC_Controls_OnboardAutoshiftModeDecrease	UNTRANSLATED (2413162606): RAC_Controls_OnboardAutoshiftModeDecrease
	RAC_Controls_HighBeam	High Beam Headlights	Feux de route	UNTRANSLATED (2856682323): RAC_Controls_HighBeam	Fernlicht	Luces largas	UNTRANSLATED (2856682323): RAC_Controls_HighBeam	UNTRANSLATED (2856682323): RAC_Controls_HighBeam	UNTRANSLATED (2856682323): RAC_Controls_HighBeam	Faróis altos	Luces largas	UNTRANSLATED (2856682323): RAC_Controls_HighBeam	UNTRANSLATED (2856682323): RAC_Controls_HighBeam	UNTRANSLATED (2856682323): RAC_Controls_HighBeam	UNTRANSLATED (2856682323): RAC_Controls_HighBeam
	RAC_Controls_OnboardDiffCoastIncrease	DIFF COAST INCREASE	DIFF COAST INCREASE	UNTRANSLATED (280011441): RAC_Controls_OnboardDiffCoastIncrease	DIFF COAST INCREASE	UNTRANSLATED (280011441): RAC_Controls_OnboardDiffCoastIncrease	UNTRANSLATED (280011441): RAC_Controls_OnboardDiffCoastIncrease	UNTRANSLATED (280011441): RAC_Controls_OnboardDiffCoastIncrease	UNTRANSLATED (280011441): RAC_Controls_OnboardDiffCoastIncrease	Aumento no Diferencial de Desaceleração	DIFF COAST INCREASE	UNTRANSLATED (280011441): RAC_Controls_OnboardDiffCoastIncrease	UNTRANSLATED (280011441): RAC_Controls_OnboardDiffCoastIncrease	UNTRANSLATED (280011441): RAC_Controls_OnboardDiffCoastIncrease	UNTRANSLATED (280011441): RAC_Controls_OnboardDiffCoastIncrease
	RAC_Controls_OnboardDiffCoastDecrease	DIFF COAST DECREASE	DIFF COAST DECREASE	UNTRANSLATED (354802302): RAC_Controls_OnboardDiffCoastDecrease	DIFF COAST DECREASE	UNTRANSLATED (354802302): RAC_Controls_OnboardDiffCoastDecrease	UNTRANSLATED (354802302): RAC_Controls_OnboardDiffCoastDecrease	UNTRANSLATED (354802302): RAC_Controls_OnboardDiffCoastDecrease	UNTRANSLATED (354802302): RAC_Controls_OnboardDiffCoastDecrease	Diminuição no Diferencial de Desaceleração	DIFF COAST DECREASE	UNTRANSLATED (354802302): RAC_Controls_OnboardDiffCoastDecrease	UNTRANSLATED (354802302): RAC_Controls_OnboardDiffCoastDecrease	UNTRANSLATED (354802302): RAC_Controls_OnboardDiffCoastDecrease	UNTRANSLATED (354802302): RAC_Controls_OnboardDiffCoastDecrease
	RAC_Controls_OnboardDiffPowerDecrease	DIFF POWER DECREASE	DIFF POWER DECREASE	UNTRANSLATED (2704499094): RAC_Controls_OnboardDiffPowerDecrease	DIFF POWER DECREASE	UNTRANSLATED (2704499094): RAC_Controls_OnboardDiffPowerDecrease	UNTRANSLATED (2704499094): RAC_Controls_OnboardDiffPowerDecrease	UNTRANSLATED (2704499094): RAC_Controls_OnboardDiffPowerDecrease	UNTRANSLATED (2704499094): RAC_Controls_OnboardDiffPowerDecrease	Aumento no Diferencial de Potência	DIFF POWER DECREASE	UNTRANSLATED (2704499094): RAC_Controls_OnboardDiffPowerDecrease	UNTRANSLATED (2704499094): RAC_Controls_OnboardDiffPowerDecrease	UNTRANSLATED (2704499094): RAC_Controls_OnboardDiffPowerDecrease	UNTRANSLATED (2704499094): RAC_Controls_OnboardDiffPowerDecrease
	RAC_Controls_OnboardDiffPowerIncrease	DIFF POWER INCREASE	DIFF POWER INCREASE	UNTRANSLATED (1098460646): RAC_Controls_OnboardDiffPowerIncrease	DIFF POWER INCREASE	UNTRANSLATED (1098460646): RAC_Controls_OnboardDiffPowerIncrease	UNTRANSLATED (1098460646): RAC_Controls_OnboardDiffPowerIncrease	UNTRANSLATED (1098460646): RAC_Controls_OnboardDiffPowerIncrease	UNTRANSLATED (1098460646): RAC_Controls_OnboardDiffPowerIncrease	Diminuição no Diferencial de Potência	DIFF POWER INCREASE	UNTRANSLATED (1098460646): RAC_Controls_OnboardDiffPowerIncrease	UNTRANSLATED (1098460646): RAC_Controls_OnboardDiffPowerIncrease	UNTRANSLATED (1098460646): RAC_Controls_OnboardDiffPowerIncrease	UNTRANSLATED (1098460646): RAC_Controls_OnboardDiffPowerIncrease
	RAC_Controls_OnboardDiffPreloadDecrease	DIFF PRELOAD DECREASE	DIFF PRELOAD DECREASE	UNTRANSLATED (1998576606): RAC_Controls_OnboardDiffPreloadDecrease	DIFF PRELOAD DECREASE	UNTRANSLATED (1998576606): RAC_Controls_OnboardDiffPreloadDecrease	UNTRANSLATED (1998576606): RAC_Controls_OnboardDiffPreloadDecrease	UNTRANSLATED (1998576606): RAC_Controls_OnboardDiffPreloadDecrease	UNTRANSLATED (1998576606): RAC_Controls_OnboardDiffPreloadDecrease	Diminuição na Pré-Carga do Diferencial	DIFF PRELOAD DECREASE	UNTRANSLATED (1998576606): RAC_Controls_OnboardDiffPreloadDecrease	UNTRANSLATED (1998576606): RAC_Controls_OnboardDiffPreloadDecrease	UNTRANSLATED (1998576606): RAC_Controls_OnboardDiffPreloadDecrease	UNTRANSLATED (1998576606): RAC_Controls_OnboardDiffPreloadDecrease
	RAC_Controls_OnboardDiffPreloadIncrease	DIFF PRELOAD INCREASE	DIFF PRELOAD INCREASE	UNTRANSLATED (1006989575): RAC_Controls_OnboardDiffPreloadIncrease	DIFF PRELOAD INCREASE	UNTRANSLATED (1006989575): RAC_Controls_OnboardDiffPreloadIncrease	UNTRANSLATED (1006989575): RAC_Controls_OnboardDiffPreloadIncrease	UNTRANSLATED (1006989575): RAC_Controls_OnboardDiffPreloadIncrease	UNTRANSLATED (1006989575): RAC_Controls_OnboardDiffPreloadIncrease	Aumento na Pré-Carga do Diferencial	DIFF PRELOAD INCREASE	UNTRANSLATED (1006989575): RAC_Controls_OnboardDiffPreloadIncrease	UNTRANSLATED (1006989575): RAC_Controls_OnboardDiffPreloadIncrease	UNTRANSLATED (1006989575): RAC_Controls_OnboardDiffPreloadIncrease	UNTRANSLATED (1006989575): RAC_Controls_OnboardDiffPreloadIncrease
	RAC_UI_Pause	Pause	Pause	Pausa:	Pause:	Pausa	Пауза	Pauza	一時停止	Pausar	Pausa	Pause	일시 정지	暂停	暫停
	RAC_UI_1st	1st	1er %	1°	1.	1.°	1	1.	1位	1º	1.º	1er	1위	第1	第1
	RAC_UI_2nd	2nd	2e	2°	2.	2.º	2	2.	2位	2º	2.º	2e	2위	第2	第2
	RAC_UI_3rd	3rd	3e	3°	3.	3.º	3	3.	3位	3º	3.º	3e	3위	第3	第3
	RAC_UI_4th	4th	4e	4°	4.	4.º	4	4.	4位	4º	4.º	4e	4위	第4	第4
	RAC_UI_5th	5th	5e	5°	5.	5.º	5	5.	5位	5º	5.º	5e	5위	第5	第5
	RAC_UI_6th	6th	6e	6°	6.	6.º	6	6.	6位	6º	6.º	6e	6위	第6	第6
	RAC_UI_7th	7th	7e	7°	7.	7.º	7	7.	7位	7º	7.º	7e	7위	第7	第7
	RAC_UI_8th	Gear 8	Vitesse 8	UNTRANSLATED (272492673): RAC_UI_8th	8. Gang	UNTRANSLATED (272492673): RAC_UI_8th	8	8.	UNTRANSLATED (272492673): RAC_UI_8th	Marcha 8	Marcha 8	Vitesse 8	UNTRANSLATED (272492673): RAC_UI_8th	UNTRANSLATED (272492673): RAC_UI_8th	UNTRANSLATED (272492673): RAC_UI_8th
	RAC_UI_9th	9th	9e	9°	9.	9.º	9	9.	9位	9º	9.º	9e	9위	第9	第9
	RAC_UI_10th	10th	10e	10°	10.	10.º	10	10.	10位	10º	10.º	10e	10위	第10	第10
	RAC_UI_11th	11th	11e	11°	11.	11.º	11	11.	11位	11º	11.º	11e	11위	第11	第11
	RAC_UI_12th	12th	12e	12°	12.	12.º	12	12.	12位	12º	12.º	12e	12위	第12	第12
	RAC_UI_13th	13th	13e	13°	13.	13.º	13	13.	13位	13º	13.º	13e	13위	第13	第13
	RAC_UI_14th	14th	14e	14°	14.	14.º	14	14.	14位	14º	14.º	14e	14위	第14	第14
	RAC_UI_15th	15th	15e	15°	15.	15.º	15	15.	15位	15º	15.º	15e	15위	第15	第15
	RAC_UI_16th	16th	16e	16°	16.	16.º	16	16.	16位	16º	16.º	16e	16위	第16	第16
	RAC_UI_17th	17th	17e	17°	17.	17.º	17	17.	17位	17º	17.º	17e	17위	第17	第17
	RAC_UI_18th	18th	18e	18°	18.	18.º	18	18.	18位	18º	18.º	18e	18위	第18	第18
	RAC_UI_19th	19th	19e	19°	19.	19.º	19	19.	19位	19º	19.º	19e	19위	第19	第19
	RAC_UI_20th	20th	20e	20°	20.	20.º	20	20.	20位	20º	20.º	20e	20위	第20	第20
	RAC_UI_21st	21st	21e	21°	21.	21.º	21	21.	21位	21º	21.º	21e	21위	第21	第21
	RAC_UI_22nd	22nd	22e	22°	22.	22.º	22	22.	22位	22º	22.º	22e	22위	第22	第22
	RAC_UI_23rd	23rd	23e	23°	23.	23.º	23	23.	23位	23º	23.º	23e	23위	第23	第23
	RAC_UI_24th	24th	24e	24°	24.	24.º	24	24.	24位	24º	24.º	24e	24위	第24	第24
	RAC_UI_25th	25th	25e	25°	25.	25.º	25	25.	25位	25º	25.º	25e	25위	第25	第25
	RAC_UI_26th	26th	26e	26°	26.	26.º	26	26.	26位	26º	26.º	26e	26위	第26	第26
	RAC_UI_27th	27th	27e	27°	27.	27.º	27	27.	27位	27º	27.º	27e	27위	第27	第27
	RAC_UI_28th	28th	28e	28°	28.	28.º	28	28.	28位	28º	28.º	28e	28위	第28	第28
	RAC_UI_29th	29th	29e	29°	29.	29.º	29	29.	29位	29º	29.º	29e	29위	第29	第29
	RAC_UI_30th	30th	30e	30°	30.	30.º	30	30.	30位	30º	30.º	30e	30위	第30	第30
	RAC_UI_OK	OK	OK	OK	OK	Aceptar	ОК	OK	OK	OK	Aceptar	OK	확인	确定	確定
	RAC_UI_Cancel	Cancel	Annuler	Annulla	Abbrechen	Cancelar	Отмена	Anuluj	キャンセル	Cancelar	Cancelar	Annuler	취소	取消	取消
	RAC_UI_YesLower	Yes	Oui	UNTRANSLATED (1693634539): RAC_UI_YesLower	Ja	UNTRANSLATED (1693634539): RAC_UI_YesLower	UNTRANSLATED (1693634539): RAC_UI_YesLower	UNTRANSLATED (1693634539): RAC_UI_YesLower	UNTRANSLATED (1693634539): RAC_UI_YesLower	Sim	Si	UNTRANSLATED (1693634539): RAC_UI_YesLower	UNTRANSLATED (1693634539): RAC_UI_YesLower	UNTRANSLATED (1693634539): RAC_UI_YesLower	UNTRANSLATED (1693634539): RAC_UI_YesLower
	RAC_UI_No	NO	NON	UNTRANSLATED (3310817654): RAC_UI_No	NEIN	UNTRANSLATED (3310817654): RAC_UI_No	UNTRANSLATED (3310817654): RAC_UI_No	UNTRANSLATED (3310817654): RAC_UI_No	UNTRANSLATED (3310817654): RAC_UI_No	NÃO	NO	UNTRANSLATED (3310817654): RAC_UI_No	UNTRANSLATED (3310817654): RAC_UI_No	UNTRANSLATED (3310817654): RAC_UI_No	UNTRANSLATED (3310817654): RAC_UI_No
	RAC_UI_Gears	Gears	Vitesses	Marce	Gänge	Marchas	Передачи	Biegi	ギア	Marchas	Marchas	Vitesses	기어	档位	檔位
	RAC_UI_NoneFound	none found	aucun résultat	Nessuno trovato	Nichts gefunden	no se encuentra ninguno	не найдено	nikogo nie znaleziono	見つかりません	nenhum encontrado	ninguno encontrado	aucun résultat	찾지 못했습니다.	未找到	未找到
	RAC_UI_None	None	Aucun	Nessuno	Kein	Ninguno	Отключены	Brak	なし	Nenhum	Ninguna	Aucun	없음	无	無
	RAC_UI_ON	On	On	UNTRANSLATED (931385316): RAC_UI_ON	An	UNTRANSLATED (931385316): RAC_UI_ON	UNTRANSLATED (931385316): RAC_UI_ON	UNTRANSLATED (931385316): RAC_UI_ON	UNTRANSLATED (931385316): RAC_UI_ON	Ligado	Encendido	UNTRANSLATED (931385316): RAC_UI_ON	UNTRANSLATED (931385316): RAC_UI_ON	UNTRANSLATED (931385316): RAC_UI_ON	UNTRANSLATED (931385316): RAC_UI_ON
	RAC_UI_OFF	Off	Off	UNTRANSLATED (639519485): RAC_UI_OFF	Aus	UNTRANSLATED (639519485): RAC_UI_OFF	UNTRANSLATED (639519485): RAC_UI_OFF	UNTRANSLATED (639519485): RAC_UI_OFF	UNTRANSLATED (639519485): RAC_UI_OFF	Desligado	Apagado	UNTRANSLATED (639519485): RAC_UI_OFF	UNTRANSLATED (639519485): RAC_UI_OFF	UNTRANSLATED (639519485): RAC_UI_OFF	UNTRANSLATED (639519485): RAC_UI_OFF
	RAC_UI_LeaderboardNA	N/A	n.d.	N/D	-	N/D	Н/Д	nd.	なし	N/D	N/D	n.d.	없음	无	無
	RAC_UI_Steering	Steering	Direction	Sterzata	Lenkung	Control de dirección	Руление	Skręcanie	ステアリング	Direção	Control de dirección	Direction	스티어링	转向	轉向
	RAC_UI_Throttle	Throttle	Accélérateur	Acceleratore	Schub	Acelerador	Газ	Gaz	アクセル	Acelerador	Acelerar	Accélérateur	스로틀	油门	油門
	RAC_UI_GearUp	Gear Up	Vitesse supérieure	Marcia su	Hochschalten	Subir marcha	Передача вверх	Wyższy bieg	シフトアップ	Subir a marcha	Subir marcha	Vitesse supérieure	시프트 업	升档	升檔
	RAC_UI_LookBack	Look Back	Regarder derrière	Guarda indietro	Blick zurück:	Mirar hacia atrás	Посмотреть назад	Spojrzenie za siebie	後ろを見る	Olhar para trás	Mirar atrás	Voir derrière	뒤를 본다	看后	看後
	RAC_UI_Handbrake	Extra Brake	Frein supplémentaire	UNTRANSLATED (3865009789): RAC_UI_Handbrake	Extra Bremse	UNTRANSLATED (3865009789): RAC_UI_Handbrake	UNTRANSLATED (3865009789): RAC_UI_Handbrake	UNTRANSLATED (3865009789): RAC_UI_Handbrake	UNTRANSLATED (3865009789): RAC_UI_Handbrake	Freio Extra	Freno Extra	UNTRANSLATED (3865009789): RAC_UI_Handbrake	UNTRANSLATED (3865009789): RAC_UI_Handbrake	UNTRANSLATED (3865009789): RAC_UI_Handbrake	UNTRANSLATED (3865009789): RAC_UI_Handbrake
	RAC_UI_FreeLook	Free Look	Vue libre	Visuale libera	Freie Sicht	Vista libre	Свободный обзор	Kamera dowolna	自由視点	Olhar livremente	Vista libre	Vue libre	자유 시점	自由视角	自由視角
	RAC_UI_GearDown	GEAR DOWN	RETROGRADAGE	UNTRANSLATED (2196605326): RAC_UI_GearDown	RUNTERSCHALTEN	UNTRANSLATED (2196605326): RAC_UI_GearDown	UNTRANSLATED (2196605326): RAC_UI_GearDown	UNTRANSLATED (2196605326): RAC_UI_GearDown	UNTRANSLATED (2196605326): RAC_UI_GearDown	REDUZIR MARCHA	BAJAR MARCHA	UNTRANSLATED (2196605326): RAC_UI_GearDown	UNTRANSLATED (2196605326): RAC_UI_GearDown	UNTRANSLATED (2196605326): RAC_UI_GearDown	UNTRANSLATED (2196605326): RAC_UI_GearDown
	RAC_UI_SteeringLeft	Steer Left	Tourne a gauche	UNTRANSLATED (806671409): RAC_UI_SteeringLeft	Links Lenken	UNTRANSLATED (806671409): RAC_UI_SteeringLeft	UNTRANSLATED (806671409): RAC_UI_SteeringLeft	UNTRANSLATED (806671409): RAC_UI_SteeringLeft	UNTRANSLATED (806671409): RAC_UI_SteeringLeft	Virando a esquerda	Girar a la izquierda 	Tourne a gauche	UNTRANSLATED (806671409): RAC_UI_SteeringLeft	UNTRANSLATED (806671409): RAC_UI_SteeringLeft	UNTRANSLATED (806671409): RAC_UI_SteeringLeft
	RAC_UI_SteeringRight	Steer Right	Tourne a droite	UNTRANSLATED (3323319277): RAC_UI_SteeringRight	Rechts lenken	UNTRANSLATED (3323319277): RAC_UI_SteeringRight	UNTRANSLATED (3323319277): RAC_UI_SteeringRight	UNTRANSLATED (3323319277): RAC_UI_SteeringRight	UNTRANSLATED (3323319277): RAC_UI_SteeringRight	Virando a direita	Girar a la derecha	Tourne a droite	UNTRANSLATED (3323319277): RAC_UI_SteeringRight	UNTRANSLATED (3323319277): RAC_UI_SteeringRight	UNTRANSLATED (3323319277): RAC_UI_SteeringRight
	RAC_UI_ChangeView	Change View	Changer de vue	Cambia visuale	Sicht wechseln	Cambiar de vista	Смена ракурса	Zmiana widoku	視点変更	Trocar visualização	Cambiar de vista	Changer de vue	시점 변경	变更视点	變更視點
	RAC_UI_EnterText	Enter Text	Saisie du texte	Inserisci testo	Text eingeben	Introducir texto	Введите текст	Wpisz tekst	テキスト入力	Digitar texto	Escribir texto	Saisie du texte	텍스트 입력	输入文字	輸入文字
	RAC_UI_AllClasses	All Classes	Toutes les catégories	Tutte le classi	Alle Klassen	Todas las clases	Все классы	Wszystkie klasy	すべてのクラス	Todas as classes	Todas las clases	Toutes les catégories	모든 클래스	所有级别	所有級別
	RAC_UI_Combo	COMBO!	COMBO !	COMBO!	COMBO!	¡COMBO!	КОМБО!	KOMBINACJA!	コンボ！	COMBO!	COMBO	COMBO!	콤보!	连击！	連擊！
	RAC_UI_SYN	SYNCING	SYNCHRONISATION EN COURS	SINCRONIZZAZIONE	SYNCHRONISIERT	SINCRONIZANDO	СИНХРОНИЗАЦИЯ	SYNCHRONIZACJA	同期中	SINCRONIZANDO	SINCRONIZANDO	SYNCHRONISATION EN COURS	동기 중	同步中	同步中
	RAC_UI_In2	In-Game Chat Box	Boite de dialogue en jeu	UNTRANSLATED (3584692239): RAC_UI_In2	Chatbox im spiel	UNTRANSLATED (3584692239): RAC_UI_In2	UNTRANSLATED (3584692239): RAC_UI_In2	UNTRANSLATED (3584692239): RAC_UI_In2	UNTRANSLATED (3584692239): RAC_UI_In2	Janela do chat in-game	Recuadro de diálogo	UNTRANSLATED (3584692239): RAC_UI_In2	UNTRANSLATED (3584692239): RAC_UI_In2	UNTRANSLATED (3584692239): RAC_UI_In2	UNTRANSLATED (3584692239): RAC_UI_In2
	RAC_UI_Headlights	Headlights	Phares	Fari	Scheinwerfer	Faros	Фары	Światła przednie	ヘッドライト	Faróis	Faros	Phares	헤드라이트	车头灯	車頭燈
	RAC_UI_Win5	Windscreen Wipers	Essuie-glaces	Tergicristalli	Scheibenwischer	Limpiaparabrisas	Стеклоочистители	Wycieraczki	ワイパー	Limpador de para-brisa	Limpiaparabrisas	Essuie-glaces pare-brise	와이퍼	雨刷	雨刷
	RAC_UI_KERS	Boost	Boost	UNTRANSLATED (1090577222): RAC_UI_KERS	Boost	UNTRANSLATED (1090577222): RAC_UI_KERS	UNTRANSLATED (1090577222): RAC_UI_KERS	UNTRANSLATED (1090577222): RAC_UI_KERS	UNTRANSLATED (1090577222): RAC_UI_KERS	Boost	Boost	UNTRANSLATED (1090577222): RAC_UI_KERS	UNTRANSLATED (1090577222): RAC_UI_KERS	UNTRANSLATED (1090577222): RAC_UI_KERS	UNTRANSLATED (1090577222): RAC_UI_KERS
	RAC_UI_DRS	DRS	DRS	DRS	DRS	DRS	DRS	DRS	DRS	DRS	DRS	DRS	DRS	减少空气阻力系统 (DRS)	減少空氣阻力系統 (DRS)
	RAC_UI_Sea2	Seat Forward	Avancer le siège	Sposta sedile in avanti	Sitz nach vorne	Asiento hacia adelante	Сиденье вперед	Fotel do przodu	シートを前へ	Banco para frente	Adelantar asiento	Avancer le siège	시트를 앞으로	座位向前	座位向前
	RAC_UI_Sea3	Seat Backward	Reculer le siège	Sposta sedile indietro	Sitz nach hinten	Asiento hacia atrás	Сиденье назад	Fotel do tyłu	シートを後ろへ	Banco para trás	Retrasar asiento	Reculer le siège	시트를 뒤로	座位向后	座位向後
	RAC_UI_Sea4	Seat Up	Réhausser le siège	Sposta sedile su	Sitz hoch	Asiento hacia arriba	Поднять сиденье	Fotel w górę	シートを上へ	Banco para cima	Levantar asiento	Réhausser le siège	시트를 위로	座位向上	座位向上
	RAC_UI_Sea5	Seat Down	Abaisser le siège	Sposta sedile giù	Sitz runter	Asiento hacia abajo	Опустить сиденье	Fotel w dół	シートを下へ	Banco para baixo	Bajar asiento	Abaisser le siège	시트를 아래로	座位向下	座位向下
	RAC_UI_Inc3	View Angle Increase	Augmenter le champ de vision	Aumenta l'angolo della visuale:	Blickwinkel vergrößern	Aumentar el ángulo de visión:	Увеличить угол обзора	Zwiększ kąt widzenia	視野角を広くする	Aumentar ângulo de visualização	Aumentar ángulo de vista	Aug. l'angle de visualisation	시야각을 넓게 한다	增加可视角度	增加可視角度
	RAC_UI_Dec03	View Angle Decrease	Diminuer le champ de vision	Riduci l'angolo della visuale	Blickwinkel verringern	Reducir ángulo de vista	Уменьшить угол обзора	Zmniejsz kąt widzenia	視野角を狭くする	Diminuir ângulo de visualização	Reducir ángulo de vista	Réduire l'angle de visualisation	시야각을 좁게 한다	减少可视角度	減少可視角度
	RAC_UI_Cyc2	Cycle Lap Time Delta	Changement de mode du chronomètre	Scorri info giro	Rundenzeit-Delta umschalten	Cambiar detalles de vueltas	Переключить данные круга	Przełącz dane okrążenia	ラップ情報を切り替える 	Trocar delta do tempo de volta	Ciclo Delta del tiempo de vuelta	Changement de mode du chronomètre	랩 정보를 전환	切换赛道资讯	切換賽道資訊
	RAC_UI_Sea7	Seat Angle Up	Augmenter l'angle du siège	Sposta angolo sedile su	Sitzwinkel erhöhen	Ángulo del asiento hacia arriba	Увеличить угол сиденья	Podnieś kąt fotela	シート角度を上げる	Ângulo do banco para cima	Ángulo del asiento hacia arriba	Augmenter angle du siège	시트 각도를 높인다	座椅角度向上	座椅角度向上
	RAC_UI_Sea8	Seat Angle Down	Diminuer l'angle du siège	Sposta angolo sedile giù	Sitzwinkel verringern	Ángulo del asiento hacia abajo	Уменьшить угол сиденья	Obniż kąt fotela	シート角度を下げる	Ângulo do banco para baixo	Ángulo del asiento hacia abajo	Diminuer angle du siège	시트 각도를 낮춘다	座椅角度向下	座椅角度向下
	RAC_UI_Imperial	Imperial	Impérial	Imperiali	Imperial	Imperial	Британские	Imperialne	ヤード・ポンド法	Imperial	Imperial	Impérial	야드/파운드법	英制	英制
	RAC_UI_Metric	Metric	Métrique	Metriche	Metrisch	Métrico	Метрические	Metryczne	メートル法	Métrico	Métrico	Métrique	미터법	公制	公制
	RAC_UI_EnterPassword	Enter Password...	Saisir mot de passe...	Inserisci la password...	Passwort eingeben ...	Introduce una contraseña...	Введите пароль...	Wprowadź hasło...	パスワードを入力してください…	Digitar senha...	Introduce una contraseña...	Saisir mot de passe...	비밀번호를 입력해주세요.	请输入密码……	請輸入密碼……
	RAC_UI_Full	Full	Complet	Completo	Voll	Completo	Полный	Pełny	フル	Cheio	Completo	Complet	풀	全开	全開
	RAC_UI_High	High	Haut	Alta	Hoch	Alto	Высоко	Wysoki	高	Alto	Alta	Haut	하이	高	高
	RAC_UI_Low	Low	Bas	Bassa	Niedrig	Bajo	Низко	Niski	低	Baixo	Baja	Bas	로우	低	低
	RAC_UI_Medium	Medium	Moyen	Media	Mittel	Medio	Средне	Średni	中	Médio	Medio	Moyen	미디엄	中等	中等
	RAC_UI_Minimal	Minimal	Minimal	Minimo	Minimal	Mínimo	Мин.	Minimalny	最少	Mínimo	Mínimo	Minimal	미니멈	极简	極簡
	RAC_UI_Ultra	Ultra	Ultra	Ultra	Ultra	Ultra	Ультра	Ultra	ウルトラ	Ultra	Ultra	Ultra	울트라	极高	極高
	RAC_UI_Max	Max	Maxi	Max	Max	Máx.	Макс.	Maks.	最大	Máx	Máx.	Maxi	맥스	最大	最大
	RAC_UI_FlyingOffTheCourse	Flying off the course, turn back!	Sortie du parcours, reviens !	Stai lasciando il percorso, torna indietro!	Du verlässt die Strecke. Kehr um!	¡Te estás saliendo del trazado, da la vuelta!	Отклонение от маршрута, вернитесь обратно!	Opuszczasz trasę, zawróć!	コースアウト。戻ってください！	Saindo da pista, volte!	¡Te estás saliendo del trazado, da la vuelta!	Sortie du parcours, reviens!	코스를 벗어나고 있습니다, 돌아가십시오!	脱离赛道，快返回！	脫離賽道，快返回！
	RAC_UI_LiveEditMessagesFormat	[LIVEMESSAGE] [LIVERESULT]	[LIVEMESSAGE] [LIVERESULT]	[LIVEMESSAGE] [LIVERESULT]	[LIVEMESSAGE] [LIVERESULT]	[LIVEMESSAGE] [LIVERESULT]	[LIVEMESSAGE] [LIVERESULT]	[LIVEMESSAGE] [LIVERESULT]	[LIVEMESSAGE] [LIVERESULT]	[LIVEMESSAGE] [LIVERESULT]	[LIVEMESSAGE] [LIVERESULT]	[LIVEMESSAGE] [LIVERESULT]	[LIVEMESSAGE] [LIVERESULT]	[LIVEMESSAGE] [LIVERESULT]	[LIVEMESSAGE] [LIVERESULT]
	RAC_UI_ReverseGear	R	R	R	R	R	R	R	R	R	R	R	R	R	R
	RAC_UI_NeutralGear	N	N	N	N	N	N	N	N	N	N	N	N	N	N
	RAC_UI_ONUPPER	ON	OUI	SÌ	AN	Sí	ВКЛ	WŁ.	オン	LIGADO	Sí	OUI	온	ON	ON
	RAC_UI_OFFUPPER	OFF	NON	NO	AUS	No	ОТКЛ	WYŁ.	オフ	DESLIGADO	No	NON	오프	OFF	OFF
	RAC_UI_SomeGhostsFailedToLoad	Some ghosts failed to load. The race will continue without them.	Impossible de charger certains fantômes. La course se poursuivra sans eux.	Non è stato possibile caricare tutti i fantasmi. La gara continuerà senza di loro.	Einige Ghost-Daten konnten nicht geladen werden. Das Rennen wird ohne sie fortgesetzt.	No se han podido cargar algunos fantasmas. La carrera continuará sin ellos.	Не удалось загрузить некоторые призраки. Гонка продолжится без них.	Nie udało się wczytać niektórych duchów. Wyścig będzie kontynuowany bez ich udziału.	一部のゴーストをロードできませんでした。読み込めなかったゴーストなしでレースを続行します。	Alguns fantasmas não foram carregados. A corrida vai continuar sem eles.	No se pudieron cargar algunos fantasmas. La carrera continuará sin ellos.	Certains fantômes n'ont pu être chargés. La course se poursuivra sans eux.	일부 고스트를 불러오지 못했습니다. 이 고스트들을 제외하고 레이스가 진행됩니다.	部分幽灵读取失败，比赛将继续进行。	部分幽靈讀取失敗，比賽將繼續進行。
	RAC_UI_Ghost	Ghost	Fantôme	Fantasma	Ghost	Fantasma	Призрак	Duch	ゴースト	Fantasma	Fantasma	Fantôme	고스트	幽灵	幽靈
	RAC_UI_GhostDetailDate	Recorded on:	Enregistré le :	Registrato:	Aufgezeichnet am:	Grabado el:	Записано:	Nagrano:	録画日：	Gravado em:	Grabado el:	Enregistré le :	녹화일 : 	录影日期：	錄影日期：
	RAC_UI_GhostDetailLaptime	Lap time:	Temps du tour :	Tempo sul giro:	Rundenzeit:	Tiempo de vuelta:	Время круга:	Czas okrążenia:	ラップタイム：	Tempo da volta:	Tiempo de vuelta:	Temps du tour :	랩 타임 : 	单圈：	單圈：
	RAC_UI_GhostDetailTrack	Track:	Circuit :	Tracciato:	Strecke:	Circuito:	Трасса:	Tor:	コース：	Pista:	Circuito:	Circuit :	코스 : 	赛道：	賽道：
	RAC_UI_GhostDetailVehicle	Car:	Voiture :	Auto:	Wagen:	Coche:	Авто:	Auto:	マシン：	Carro:	Auto:	Voiture :	차량 : 	车辆：	車輛：
	RAC_UI_BestInSession	Best In Session	Record de la session	Migliore della sessione	Beste in Sitzung	Récord de sesión	Лучший в сессии	Najlepszy w sesji	セッションベスト	Melhor da sessão	Récord de sesión	Record de la session	세션 베스트	赛程最佳	賽程最佳
	RAC_UI_TooFarFinalWarning	Warning : Leaving course area!	Attention : Vous quittez le parcours !	Attenzione: stai lasciando il percorso!	Vorsicht: Verlassen der Strecke!	¡Atención: estás saliendo de la zona del circuito!	Внимание: отклонение от маршрута!	Ostrzeżenie: opuszczanie obszaru trasy!	警告：コースアウト！	Aviso: saindo da área da pista!	¡Atención: estás saliendo de la zona del circuito!	Attention! Tu quittes le parcours.	경고 : 코스 이탈! 	警告：偏离赛道！	警告：偏離賽道！
	RAC_UI_TheGhostFailedToLoad	The ghost failed to load. The race will continue without it.	Impossible de charger le fantôme. La course se poursuivra sans lui.	Non è stato possibile caricare il fantasma. La gara continuerà senza di esso.	Der Ghost konnte nicht geladen werden. Das Rennen wird ohne ihn fortgesetzt.	No se ha podido cargar el fantasma. La carrera continuará sin él.	Не удалось загрузить призрака. Гонка продолжится без него.	Nie udało się wczytać ducha. Wyścig będzie kontynuowany bez jego udziału.	ゴーストをロードできませんでした。ゴーストなしでレースを続行します。	O fantasma não foi carregado. A corrida vai continuar sem ele.	No se pudo cargar el fantasma. La carrera continuará sin él.	Le fantôme ne s'est pas chargé. La course continuera sans lui.	고스트를 불러오지 못했습니다. 고스트 없이 레이스가 진행됩니다.	幽灵读取失败。 比赛将继续进行。	幽靈讀取失敗。 比賽將繼續進行。
	RAC_UI_AUTHENTIC	Authentic	Réaliste	Autentico	Authentisch	Auténtico	Достоверно	Realizm	リアル	Autêntico	Auténtico	Authentique	어센틱	真实	真實
	RAC_UI_RankU	U	U	U	U	U	U	U	U	U	U	U	U	U	U
	RAC_UI_RankE	E	E	E	E	E	E	E	E	E	E	E	E	E	E
	RAC_UI_RankF	F	F	F	F	F	F	F	F	F	F	F	F	F	F
	RAC_UI_RankD	D	D	D	D	D	D	D	D	D	D	D	D	D	D
	RAC_UI_RankC	C	C	C	C	C	C	C	C	C	C	C	C	C	C
	RAC_UI_RankB	B	B	B	B	B	B	B	B	B	B	B	B	B	B
	RAC_UI_RankA	A	A	A	A	A	A	A	A	A	A	A	A	A	A
	RAC_UI_RankS	S	S	S	S	S	S	S	S	S	S	S	S	S	S
	RAC_UI_LicenceRookie	Rookie	Bleu	Principiante	Anfänger	Novato	Новичок	Rookie	ルーキー	Novato	Novato	Rookie	루키	入门	入門
	RAC_UI_LicenceAmateur	Amateur	Amateur	Amatoriale	Amateur	Aficionado	Любитель	Amator	アマチュア	Amador	Aficionado	Amateur	아마추어	新手	新手
	RAC_UI_LicenceSemiPro	Semi Pro	Semi Pro	Semi Pro	Halbprofi	Semiprofesional	Полупрофи	Półzawodowa	セミプロ	Semiprofissional	Semiprofesional	Semi Pro	세미프로	半职业	半職業
	RAC_UI_LicencePro	Pro	Pro	Pro	Profi	Profesional	Профи	Zawodowa	プロ	Pro	Profesional	Pro	프로	职业	職業
	RAC_UI_LicenceVeteran	Veteran	Vétéran	Veterano	Veteran	Veterano	Ветеран	Weteran	ベテラン	Veterano	Veterano	Vétéran	베테랑	专家	專家
	RAC_UI_RankWithAvgFin	[RANKSTR][INT]	[RANKSTR][INT]	[RANKSTR][INT]	[RANKSTR][INT]	[RANKSTR][INT]	[RANKSTR][INT]	[RANKSTR][INT]	[RANKSTR][INT]	[RANKSTR][INT]	[RANKSTR][INT]	[RANKSTR][INT]	[RANKSTR][INT]	[RANKSTR][INT]	[RANKSTR][INT]
	RAC_UI_ALWAYS	Always	Toujours	Sempre	Immer	Siempre	Всегда	Zawsze	常時	Sempre	Siempre	Toujours	얼웨이즈	随时	隨時
	RAC_UI_IcmActivate	In-Car Management	Gestion en voiture	Gestione dall'auto	Wagenverwaltung (ICM)	Activar ICM	Активировать КМН	Włącz ICM	ICM始動	Gerenciamento do carro	Gestión interna del auto	Activer ICM	차량 관리 메뉴 활성화	ICM启动	ICM啟動
	RAC_UI_IcmUp	ICM Up	ICM haut	GSV su	ICM oben	ICM arriba	КМН Вверх	ICM w górę	ICMを上へ	ICM - Cima	ICM arriba	ICM haut	차량 관리 메뉴  위	ICM向上	ICM向上
	RAC_UI_IcmDown	ICM Down	ICM bas	GSV giù	ICM unten	ICM abajo	КМН Вниз	ICM w dół	ICMを下へ	ICM - Baixo	ICM abajo	ICM bas	차량 관리 메뉴 아래	ICM向下	ICM向下
	RAC_UI_IcmLeft	ICM Left	ICM gauche	GSV sinistra	ICM links	ICM izquierda	КМН Влево	ICM w lewo	ICMを左へ	ICM - Esquerda	ICM izquierda	ICM gauche	차량 관리 메뉴  좌	ICM向左	ICM向左
	RAC_UI_IcmRight	ICM Right	ICM droite	GSV destra	ICM rechts	ICM derecha	КМН Вправо	ICM w prawo	ICMを右へ	ICM - Direita	ICM derecha	ICM droite	차량 관리 메뉴  우	ICM向右	ICM向右
	RAC_UI_Default	Default	Par défaut	Predefinito	Standard	Predeterminado	По умолчанию	Domyślne	デフォルト	Padrão	Por defecto	Par défaut	초기 설정	预设	預設
	RAC_UI_Edited	Edited	Modifié	Modificato	Bearbeitet	Modificado	Изменено	Edytowane	編集済み	Editado	Modificado	Modifié	수정	已编辑	已編輯
	RAC_UI_Once	Once	Une fois	Una volta	Einmal	Una vez	Один раз	Raz	1回	Uma vez	Una vez	Une fois	1회	一次	一次
	RAC_UI_Deg	deg	deg	grd	Grad	grad	гр.	st.	度	grau	gr.	deg	도	度数	度數
	RAC_UI_LiveEditSCMessagesFormat	[LIVEMESSAGE] [LIVERESULT] ( [LIVERESULT2] )	[LIVEMESSAGE] [LIVERESULT] ( [LIVERESULT2] )	[LIVEMESSAGE] [LIVERESULT] ( [LIVERESULT2] )	[LIVEMESSAGE] [LIVERESULT] ( [LIVERESULT2] )	[LIVEMESSAGE] [LIVERESULT] ( [LIVERESULT2] )	[LIVEMESSAGE] [LIVERESULT] ( [LIVERESULT2] )	[LIVEMESSAGE] [LIVERESULT] ( [LIVERESULT2] )	[LIVEMESSAGE] [LIVERESULT] ( [LIVERESULT2] )	[LIVEMESSAGE] [LIVERESULT] ( [LIVERESULT2] )	[LIVEMESSAGE] [LIVERESULT] ( [LIVERESULT2] )	[LIVEMESSAGE] [LIVERESULT] ( [LIVERESULT2] )	[LIVEMESSAGE] [LIVERESULT] ( [LIVERESULT2] )	[LIVEMESSAGE] [LIVERESULT] ( [LIVERESULT2] )	[LIVEMESSAGE] [LIVERESULT] ( [LIVERESULT2] )
	RAC_UI_FuelLapsFormatMessage	[FUEL]  ([LAPS] [LAPSSTRING])	[FUEL]  ([LAPS] [LAPSSTRING])	[FUEL]  ([LAPS] [LAPSSTRING])	[FUEL]  ([LAPS] [LAPSSTRING])	[FUEL]  ([LAPS] [LAPSSTRING])	[FUEL]  ([LAPS] [LAPSSTRING])	[FUEL]  ([LAPS] [LAPSSTRING])	[FUEL]  ([LAPS] [LAPSSTRING])	[FUEL]  ([LAPS] [LAPSSTRING])	[FUEL]  ([LAPS] [LAPSSTRING])	[FUEL]  ([LAPS] [LAPSSTRING])	[FUEL]  ([LAPS] [LAPSSTRING])	[FUEL]  ([LAPS] [LAPSSTRING])	[FUEL]  ([LAPS] [LAPSSTRING])
	RAC_UI_NoLower	No	Non	UNTRANSLATED (929300253): RAC_UI_NoLower	Nein	UNTRANSLATED (929300253): RAC_UI_NoLower	UNTRANSLATED (929300253): RAC_UI_NoLower	UNTRANSLATED (929300253): RAC_UI_NoLower	UNTRANSLATED (929300253): RAC_UI_NoLower	Não	No	UNTRANSLATED (929300253): RAC_UI_NoLower	UNTRANSLATED (929300253): RAC_UI_NoLower	UNTRANSLATED (929300253): RAC_UI_NoLower	UNTRANSLATED (929300253): RAC_UI_NoLower
	RAC_UI_Yes	YES	OUI	SÌ	JA	SÍ	ДА	TAK	はい	SIM	SÍ	UNTRANSLATED (1493517587): RAC_UI_Yes	예	是	是
	RAC_UI_TrackMapMode	Track Map Mode	Type de carte	UNTRANSLATED (2656995534): RAC_UI_TrackMapMode	Streckenkartenmodus	UNTRANSLATED (2656995534): RAC_UI_TrackMapMode	UNTRANSLATED (2656995534): RAC_UI_TrackMapMode	UNTRANSLATED (2656995534): RAC_UI_TrackMapMode	UNTRANSLATED (2656995534): RAC_UI_TrackMapMode	Modo do Mapa de Pista	Modo Mapa de Pista	UNTRANSLATED (2656995534): RAC_UI_TrackMapMode	UNTRANSLATED (2656995534): RAC_UI_TrackMapMode	UNTRANSLATED (2656995534): RAC_UI_TrackMapMode	UNTRANSLATED (2656995534): RAC_UI_TrackMapMode
	RAC_UI_GearTypeSpeed	Speed	Vitesse	Velocità	Gang	Vel.	- ступ.,	biegowa:	速度	Velocidade	Velocidad	UNTRANSLATED (2484636228): RAC_UI_GearTypeSpeed	단	档	檔
	RAC_UI_GearTypeSequential	Sequential	Séquentielle	Sequenziale	Sequenziell	Secuenc.	секвентальная	sekwencyjna	シーケンシャル	Sequencial	Secuencial	UNTRANSLATED (3209139457): RAC_UI_GearTypeSequential	시퀀셜	序列式排档杆	序列式排檔桿
	RAC_UI_GearTypeHPattern	H-Pattern	En H	Cambio ad H	H-Schaltung	Cambio en H	механическая	układ H	H型	Padrão H	Disposición en H	UNTRANSLATED (3762668896): RAC_UI_GearTypeHPattern	H-패턴	H 型排档杆	H 型排檔桿
	RAC_UI_Tc	TC	CT	CT	TK	CT	АПС	TC	TC	CT	CT	CT	TC	TC	TC
	RAC_UI_Sc	SC	CS	CS	SP	CE	СКУ	SC	SC	CE	ESP	UNTRANSLATED (4185465802): RAC_UI_Sc	SC	SC	SC
	RAC_UI_ABS	ABS	ABS	ABS	ABS	ABS	АБС	ABS	ABS	ABS	ABS	UNTRANSLATED (3517836700): RAC_UI_ABS	ABS	制动防抱死系统	防鎖死煞車系統
	RAC_UI_ParcFerme	Parc Ferme	Parc Ferme	Parc Ferme	Parc Ferme	Parc Ferme	Parc Ferme	Parc Ferme	Parc Ferme	Parc Ferme	Parc Ferme	Parc Ferme	Parc Ferme	Parc Ferme	Parc Ferme
	RAC_UI_PrivateShootoutQual	Private shootout qualifying with a single hotlap	Qualifications shootout privées avec un seul tour chrono	UNTRANSLATED (3478803395): RAC_UI_PrivateShootoutQual	Privates Shootout-Qualifying mit einer einzelnen Hotlap	UNTRANSLATED (3478803395): RAC_UI_PrivateShootoutQual	UNTRANSLATED (3478803395): RAC_UI_PrivateShootoutQual	UNTRANSLATED (3478803395): RAC_UI_PrivateShootoutQual	UNTRANSLATED (3478803395): RAC_UI_PrivateShootoutQual	Qualificação shootout privada com uma única volta rápida	Clasificación shootout privada con una sola vuelta rápida	UNTRANSLATED (3478803395): RAC_UI_PrivateShootoutQual	UNTRANSLATED (3478803395): RAC_UI_PrivateShootoutQual	UNTRANSLATED (3478803395): RAC_UI_PrivateShootoutQual	UNTRANSLATED (3478803395): RAC_UI_PrivateShootoutQual
	RAC_UI_ShootoutQual	Shootout qualifying with a single hotlap	Qualifications shootout avec un seul tour chrono	UNTRANSLATED (933597225): RAC_UI_ShootoutQual	Shootout-Qualifying mit einer einzelnen Hotlap	Qualificação shootout com uma única volta rápida	UNTRANSLATED (933597225): RAC_UI_ShootoutQual	UNTRANSLATED (933597225): RAC_UI_ShootoutQual	UNTRANSLATED (933597225): RAC_UI_ShootoutQual	Qualificação shootout com uma única volta rápida	Clasificación shootout con una sola vuelta rápida	UNTRANSLATED (933597225): RAC_UI_ShootoutQual	UNTRANSLATED (933597225): RAC_UI_ShootoutQual	UNTRANSLATED (933597225): RAC_UI_ShootoutQual	UNTRANSLATED (933597225): RAC_UI_ShootoutQual
	RAC_UI_OpenSession	Open Session	Session ouverte	UNTRANSLATED (1933605203): RAC_UI_OpenSession	Offene Session	UNTRANSLATED (1933605203): RAC_UI_OpenSession	UNTRANSLATED (1933605203): RAC_UI_OpenSession	UNTRANSLATED (1933605203): RAC_UI_OpenSession	UNTRANSLATED (1933605203): RAC_UI_OpenSession	Sessão aberta	Sesión abierta	UNTRANSLATED (1933605203): RAC_UI_OpenSession	UNTRANSLATED (1933605203): RAC_UI_OpenSession	UNTRANSLATED (1933605203): RAC_UI_OpenSession	UNTRANSLATED (1933605203): RAC_UI_OpenSession
	RAC_UI_NumlapsLapLimitInOut	[NUMLAPS] lap limit including in/out laps	Limite de [NUMLAPS] tour(s) incluant les tours d'entrée/sortie	UNTRANSLATED (1840021600): RAC_UI_NumlapsLapLimitInOut	[NUMLAPS] Rundenlimit inklusive In-/Out-Laps	UNTRANSLATED (1840021600): RAC_UI_NumlapsLapLimitInOut	UNTRANSLATED (1840021600): RAC_UI_NumlapsLapLimitInOut	UNTRANSLATED (1840021600): RAC_UI_NumlapsLapLimitInOut	UNTRANSLATED (1840021600): RAC_UI_NumlapsLapLimitInOut	Limite de [NUMLAPS] volta(s) incluindo as voltas de entrada/saída	Límite de [NUMLAPS] vuelta(s) incluyendo vueltas de entrada/salida	UNTRANSLATED (1840021600): RAC_UI_NumlapsLapLimitInOut	UNTRANSLATED (1840021600): RAC_UI_NumlapsLapLimitInOut	UNTRANSLATED (1840021600): RAC_UI_NumlapsLapLimitInOut	UNTRANSLATED (1840021600): RAC_UI_NumlapsLapLimitInOut
	RAC_UI_Unlimited	Unlimited	Illimité	UNTRANSLATED (793709294): RAC_UI_Unlimited	Unbegrenzt	UNTRANSLATED (793709294): RAC_UI_Unlimited	UNTRANSLATED (793709294): RAC_UI_Unlimited	UNTRANSLATED (793709294): RAC_UI_Unlimited	UNTRANSLATED (793709294): RAC_UI_Unlimited	Ilimitado	Ilimitado	UNTRANSLATED (793709294): RAC_UI_Unlimited	UNTRANSLATED (793709294): RAC_UI_Unlimited	UNTRANSLATED (793709294): RAC_UI_Unlimited	UNTRANSLATED (793709294): RAC_UI_Unlimited
	RAC_UI_SetupOpen	Setup Open	Configuration ouverte	UNTRANSLATED (715689041): RAC_UI_SetupOpen	Setup offen	UNTRANSLATED (715689041): RAC_UI_SetupOpen	UNTRANSLATED (715689041): RAC_UI_SetupOpen	UNTRANSLATED (715689041): RAC_UI_SetupOpen	UNTRANSLATED (715689041): RAC_UI_SetupOpen	Setup aberto	Reglaje abierto	UNTRANSLATED (715689041): RAC_UI_SetupOpen	UNTRANSLATED (715689041): RAC_UI_SetupOpen	UNTRANSLATED (715689041): RAC_UI_SetupOpen	UNTRANSLATED (715689041): RAC_UI_SetupOpen
	RAC_UI_SetupClosed	Setup Closed	Configuration fermée	UNTRANSLATED (3693474811): RAC_UI_SetupClosed	Setup geschlossen	UNTRANSLATED (3693474811): RAC_UI_SetupClosed	UNTRANSLATED (3693474811): RAC_UI_SetupClosed	UNTRANSLATED (3693474811): RAC_UI_SetupClosed	UNTRANSLATED (3693474811): RAC_UI_SetupClosed	Setup fechado	Reglaje cerrado	UNTRANSLATED (3693474811): RAC_UI_SetupClosed	UNTRANSLATED (3693474811): RAC_UI_SetupClosed	UNTRANSLATED (3693474811): RAC_UI_SetupClosed	UNTRANSLATED (3693474811): RAC_UI_SetupClosed
	RAC_UI_LapsRemaining	Laps Remaining	Tours restants	UNTRANSLATED (241319686): RAC_UI_LapsRemaining	Verbleibende Runden	UNTRANSLATED (241319686): RAC_UI_LapsRemaining	UNTRANSLATED (241319686): RAC_UI_LapsRemaining	UNTRANSLATED (241319686): RAC_UI_LapsRemaining	UNTRANSLATED (241319686): RAC_UI_LapsRemaining	Voltas restantes	Vueltas restantes	UNTRANSLATED (241319686): RAC_UI_LapsRemaining	UNTRANSLATED (241319686): RAC_UI_LapsRemaining	UNTRANSLATED (241319686): RAC_UI_LapsRemaining	UNTRANSLATED (241319686): RAC_UI_LapsRemaining
	RAC_UI_RunsRemaining	Runs Remaining	Runs restants	UNTRANSLATED (4289407695): RAC_UI_RunsRemaining	Verbleibende Runs	UNTRANSLATED (4289407695): RAC_UI_RunsRemaining	UNTRANSLATED (4289407695): RAC_UI_RunsRemaining	UNTRANSLATED (4289407695): RAC_UI_RunsRemaining	UNTRANSLATED (4289407695): RAC_UI_RunsRemaining	Stints restantes	Tandas restantes	UNTRANSLATED (4289407695): RAC_UI_RunsRemaining	UNTRANSLATED (4289407695): RAC_UI_RunsRemaining	UNTRANSLATED (4289407695): RAC_UI_RunsRemaining	UNTRANSLATED (4289407695): RAC_UI_RunsRemaining
	RAC_UI_MaxLapsRun	Max Laps/Run	Tours max./run	UNTRANSLATED (3401792356): RAC_UI_MaxLapsRun	Max. Runden/Run	UNTRANSLATED (3401792356): RAC_UI_MaxLapsRun	UNTRANSLATED (3401792356): RAC_UI_MaxLapsRun	UNTRANSLATED (3401792356): RAC_UI_MaxLapsRun	UNTRANSLATED (3401792356): RAC_UI_MaxLapsRun	Voltas máx./stint	Vueltas máx./tanda	UNTRANSLATED (3401792356): RAC_UI_MaxLapsRun	UNTRANSLATED (3401792356): RAC_UI_MaxLapsRun	UNTRANSLATED (3401792356): RAC_UI_MaxLapsRun	UNTRANSLATED (3401792356): RAC_UI_MaxLapsRun
	RAC_RaceFlag_Green	Green Flag	Drapeau Vert	UNTRANSLATED (221764068): RAC_RaceFlag_Green	Grüne Flagge	UNTRANSLATED (221764068): RAC_RaceFlag_Green	UNTRANSLATED (221764068): RAC_RaceFlag_Green	UNTRANSLATED (221764068): RAC_RaceFlag_Green	UNTRANSLATED (221764068): RAC_RaceFlag_Green	BANDEIRA VERDE	Bandera Verde	UNTRANSLATED (221764068): RAC_RaceFlag_Green	UNTRANSLATED (221764068): RAC_RaceFlag_Green	UNTRANSLATED (221764068): RAC_RaceFlag_Green	UNTRANSLATED (221764068): RAC_RaceFlag_Green
	RAC_RaceFlag_Blue	Blue Flag	Drapeau Bleu	UNTRANSLATED (969077066): RAC_RaceFlag_Blue	Blaue Flagge	UNTRANSLATED (969077066): RAC_RaceFlag_Blue	UNTRANSLATED (969077066): RAC_RaceFlag_Blue	UNTRANSLATED (969077066): RAC_RaceFlag_Blue	UNTRANSLATED (969077066): RAC_RaceFlag_Blue	BANDEIRA AZUL	Bandera Azul	UNTRANSLATED (969077066): RAC_RaceFlag_Blue	UNTRANSLATED (969077066): RAC_RaceFlag_Blue	UNTRANSLATED (969077066): RAC_RaceFlag_Blue	UNTRANSLATED (969077066): RAC_RaceFlag_Blue
	RAC_RaceFlag_WhiteSlowCar	Slow Car	Voiture lente devant	Auto lenta	Langsamer Wagen	Presencia de coche lento	Медленная машина	Wolny samochód	低速車両	Carro lento à frente	Presencia de auto lento	Voiture lente devant	저속 차량	慢车	慢車
	RAC_RaceFlag_WhiteFinalLap	Final Lap	Dernier tour	Ultimo giro	Letzte Runde	Vuelta final	Последний круг	Ostatnie okrążenie	最終ラップ	Última volta	Última vuelta	Dernier tour	최종 랩	最后一圈	最後一圈
	RAC_RaceFlag_Red	Red Flag	Drapeau Rouge	UNTRANSLATED (1510030241): RAC_RaceFlag_Red	Rote Flagge	UNTRANSLATED (1510030241): RAC_RaceFlag_Red	UNTRANSLATED (1510030241): RAC_RaceFlag_Red	UNTRANSLATED (1510030241): RAC_RaceFlag_Red	UNTRANSLATED (1510030241): RAC_RaceFlag_Red	BANDEIRA VERMELHA	Bandera Roja	UNTRANSLATED (1510030241): RAC_RaceFlag_Red	UNTRANSLATED (1510030241): RAC_RaceFlag_Red	UNTRANSLATED (1510030241): RAC_RaceFlag_Red	UNTRANSLATED (1510030241): RAC_RaceFlag_Red
	RAC_RaceFlag_Yellow	Yellow Flag	Drapeau Jaune	UNTRANSLATED (2039788524): RAC_RaceFlag_Yellow	Gelbe Flagge	UNTRANSLATED (2039788524): RAC_RaceFlag_Yellow	UNTRANSLATED (2039788524): RAC_RaceFlag_Yellow	UNTRANSLATED (2039788524): RAC_RaceFlag_Yellow	UNTRANSLATED (2039788524): RAC_RaceFlag_Yellow	BANDEIRA AMARELA	Bandera Amarilla	UNTRANSLATED (2039788524): RAC_RaceFlag_Yellow	UNTRANSLATED (2039788524): RAC_RaceFlag_Yellow	UNTRANSLATED (2039788524): RAC_RaceFlag_Yellow	UNTRANSLATED (2039788524): RAC_RaceFlag_Yellow
	RAC_RaceFlag_YellowDouble	Double Yellow Flag	Double Drapeau Jaune	UNTRANSLATED (1261477222): RAC_RaceFlag_YellowDouble	Doppel-gelbe Flagge	UNTRANSLATED (1261477222): RAC_RaceFlag_YellowDouble	UNTRANSLATED (1261477222): RAC_RaceFlag_YellowDouble	UNTRANSLATED (1261477222): RAC_RaceFlag_YellowDouble	UNTRANSLATED (1261477222): RAC_RaceFlag_YellowDouble	DUPLA BANDEIRA AMARELA	Doble Bandera Amarilla	UNTRANSLATED (1261477222): RAC_RaceFlag_YellowDouble	UNTRANSLATED (1261477222): RAC_RaceFlag_YellowDouble	UNTRANSLATED (1261477222): RAC_RaceFlag_YellowDouble	UNTRANSLATED (1261477222): RAC_RaceFlag_YellowDouble
	RAC_RaceFlag_BlackWhiteDiagona	Unsportsmanlike Conduct	Conduite antisportive	Condotta antisportiva	Unsportliches Verhalten	Conducta antideportiva	Неспортивное поведение	Niesportowe zachowanie	故意の悪質行為	Conduta antiesportiva	Conducta antideportiva	Conduite antisportive	스포츠맨십 위반 행위	违反运动精神行为	違反運動精神行為
	RAC_RaceFlag_BlackOrangeCircle	Mechanical Fault	Panne mécanique	Problema meccanico	Mechanischer Fehler	Problema mecánico	Механическая неисправность	Usterka mechaniczna	マシントラブル	Falha mecânica	Problema mecánico	Panne mécanique	기술적 문제	机械故障	機械故障
	RAC_RaceFlag_Black	Return To Pits	Retour aux stands	Ritorna ai box	Zurück zur Box	Volver a boxes	Вернуться в боксы	Powrót do boksu	ピットに戻る	Voltar aos boxes	Volver a boxes	Retour aux stands	피트로 돌아가기	返回维修区	返回維修區
	RAC_RaceFlag_Chequered	Race Over	Course Terminée	UNTRANSLATED (957447964): RAC_RaceFlag_Chequered	RENNEN ABGESCHLOSSEN	UNTRANSLATED (957447964): RAC_RaceFlag_Chequered	UNTRANSLATED (957447964): RAC_RaceFlag_Chequered	UNTRANSLATED (957447964): RAC_RaceFlag_Chequered	UNTRANSLATED (957447964): RAC_RaceFlag_Chequered	CORRIDA FINALIZADA	Carrera Finalizada	UNTRANSLATED (957447964): RAC_RaceFlag_Chequered	UNTRANSLATED (957447964): RAC_RaceFlag_Chequered	UNTRANSLATED (957447964): RAC_RaceFlag_Chequered	UNTRANSLATED (957447964): RAC_RaceFlag_Chequered
	RAC_ERSModes_Auto	Auto	Auto	UNTRANSLATED (571635671): RAC_ERSModes_Auto	Auto	Auto	UNTRANSLATED (571635671): RAC_ERSModes_Auto	UNTRANSLATED (571635671): RAC_ERSModes_Auto	UNTRANSLATED (571635671): RAC_ERSModes_Auto	Auto	Auto	UNTRANSLATED (571635671): RAC_ERSModes_Auto	UNTRANSLATED (571635671): RAC_ERSModes_Auto	UNTRANSLATED (571635671): RAC_ERSModes_Auto	UNTRANSLATED (571635671): RAC_ERSModes_Auto
	RAC_ERSModes_Off	Off	Off	UNTRANSLATED (768955196): RAC_ERSModes_Off	Aus	Apagado	UNTRANSLATED (768955196): RAC_ERSModes_Off	UNTRANSLATED (768955196): RAC_ERSModes_Off	UNTRANSLATED (768955196): RAC_ERSModes_Off	Desligado	Apagado	UNTRANSLATED (768955196): RAC_ERSModes_Off	UNTRANSLATED (768955196): RAC_ERSModes_Off	UNTRANSLATED (768955196): RAC_ERSModes_Off	UNTRANSLATED (768955196): RAC_ERSModes_Off
	RAC_ERSModes_Build	Build	Charge	UNTRANSLATED (1412238021): RAC_ERSModes_Build	Laden	Comedido	UNTRANSLATED (1412238021): RAC_ERSModes_Build	UNTRANSLATED (1412238021): RAC_ERSModes_Build	UNTRANSLATED (1412238021): RAC_ERSModes_Build	Carregamento	Comedido	UNTRANSLATED (1412238021): RAC_ERSModes_Build	UNTRANSLATED (1412238021): RAC_ERSModes_Build	UNTRANSLATED (1412238021): RAC_ERSModes_Build	UNTRANSLATED (1412238021): RAC_ERSModes_Build
	RAC_ERSModes_Balanced	Balanced	Equilibré	UNTRANSLATED (130957725): RAC_ERSModes_Balanced	Ausgeglichen	Equilibrado	UNTRANSLATED (130957725): RAC_ERSModes_Balanced	UNTRANSLATED (130957725): RAC_ERSModes_Balanced	UNTRANSLATED (130957725): RAC_ERSModes_Balanced	Balanceado	Equilibrado	UNTRANSLATED (130957725): RAC_ERSModes_Balanced	UNTRANSLATED (130957725): RAC_ERSModes_Balanced	UNTRANSLATED (130957725): RAC_ERSModes_Balanced	UNTRANSLATED (130957725): RAC_ERSModes_Balanced
	RAC_ERSModes_Attack	High	Haut	UNTRANSLATED (705464439): RAC_ERSModes_Attack	Hoch	Agresivo	UNTRANSLATED (705464439): RAC_ERSModes_Attack	UNTRANSLATED (705464439): RAC_ERSModes_Attack	UNTRANSLATED (705464439): RAC_ERSModes_Attack	Alto	Alto	UNTRANSLATED (705464439): RAC_ERSModes_Attack	UNTRANSLATED (705464439): RAC_ERSModes_Attack	UNTRANSLATED (705464439): RAC_ERSModes_Attack	UNTRANSLATED (705464439): RAC_ERSModes_Attack
	RAC_ERSModes_Qualify	Max	Maxi	UNTRANSLATED (49804744): RAC_ERSModes_Qualify	Max	Máx	UNTRANSLATED (49804744): RAC_ERSModes_Qualify	UNTRANSLATED (49804744): RAC_ERSModes_Qualify	UNTRANSLATED (49804744): RAC_ERSModes_Qualify	Máx	Calificación	UNTRANSLATED (49804744): RAC_ERSModes_Qualify	UNTRANSLATED (49804744): RAC_ERSModes_Qualify	UNTRANSLATED (49804744): RAC_ERSModes_Qualify	UNTRANSLATED (49804744): RAC_ERSModes_Qualify
	RAC_ERSModes_ErsMode	ERS Mode	Mode ERS	UNTRANSLATED (589664010): RAC_ERSModes_ErsMode	ERS Modus	Modo ERS	UNTRANSLATED (589664010): RAC_ERSModes_ErsMode	UNTRANSLATED (589664010): RAC_ERSModes_ErsMode	UNTRANSLATED (589664010): RAC_ERSModes_ErsMode	Modo ERS	Modo ERS	UNTRANSLATED (589664010): RAC_ERSModes_ErsMode	UNTRANSLATED (589664010): RAC_ERSModes_ErsMode	UNTRANSLATED (589664010): RAC_ERSModes_ErsMode	UNTRANSLATED (589664010): RAC_ERSModes_ErsMode
	RAC_ERSModes_ErsModeUpper	ERS MODE	MODE ERS	UNTRANSLATED (3777385639): RAC_ERSModes_ErsModeUpper	ERS Modus	MODO ERS	UNTRANSLATED (3777385639): RAC_ERSModes_ErsModeUpper	UNTRANSLATED (3777385639): RAC_ERSModes_ErsModeUpper	UNTRANSLATED (3777385639): RAC_ERSModes_ErsModeUpper	MODO ERS	MODO ERS	UNTRANSLATED (3777385639): RAC_ERSModes_ErsModeUpper	UNTRANSLATED (3777385639): RAC_ERSModes_ErsModeUpper	UNTRANSLATED (3777385639): RAC_ERSModes_ErsModeUpper	UNTRANSLATED (3777385639): RAC_ERSModes_ErsModeUpper
	RAC_ERSModes_AttackUpper	HIGH	HAUT	UNTRANSLATED (2784036411): RAC_ERSModes_AttackUpper	HOCH	ALTA	UNTRANSLATED (2784036411): RAC_ERSModes_AttackUpper	UNTRANSLATED (2784036411): RAC_ERSModes_AttackUpper	UNTRANSLATED (2784036411): RAC_ERSModes_AttackUpper	ALTO	ALTA	UNTRANSLATED (2784036411): RAC_ERSModes_AttackUpper	UNTRANSLATED (2784036411): RAC_ERSModes_AttackUpper	UNTRANSLATED (2784036411): RAC_ERSModes_AttackUpper	UNTRANSLATED (2784036411): RAC_ERSModes_AttackUpper
	RAC_ERSModes_AutoUpper	AUTO	AUTO	UNTRANSLATED (530686983): RAC_ERSModes_AutoUpper	AUTO	AUTO	UNTRANSLATED (530686983): RAC_ERSModes_AutoUpper	UNTRANSLATED (530686983): RAC_ERSModes_AutoUpper	UNTRANSLATED (530686983): RAC_ERSModes_AutoUpper	AUTO	AUTO	AUTO	UNTRANSLATED (530686983): RAC_ERSModes_AutoUpper	UNTRANSLATED (530686983): RAC_ERSModes_AutoUpper	UNTRANSLATED (530686983): RAC_ERSModes_AutoUpper
	RAC_ERSModes_BalancedUpper	BALANCED	EQUILIBRÉ	UNTRANSLATED (2303266147): RAC_ERSModes_BalancedUpper	AUSGEGLICHEN	EQUILIBRADO	UNTRANSLATED (2303266147): RAC_ERSModes_BalancedUpper	UNTRANSLATED (2303266147): RAC_ERSModes_BalancedUpper	UNTRANSLATED (2303266147): RAC_ERSModes_BalancedUpper	BALANCEADO	EQUILIBRADO	UNTRANSLATED (2303266147): RAC_ERSModes_BalancedUpper	UNTRANSLATED (2303266147): RAC_ERSModes_BalancedUpper	UNTRANSLATED (2303266147): RAC_ERSModes_BalancedUpper	UNTRANSLATED (2303266147): RAC_ERSModes_BalancedUpper
	RAC_ERSModes_BuildUpper	BUILD	CHARGE	UNTRANSLATED (1811160508): RAC_ERSModes_BuildUpper	LADEN	COMEDIDO	UNTRANSLATED (1811160508): RAC_ERSModes_BuildUpper	UNTRANSLATED (1811160508): RAC_ERSModes_BuildUpper	UNTRANSLATED (1811160508): RAC_ERSModes_BuildUpper	CARREGAMENTO	COMEDIDO	UNTRANSLATED (1811160508): RAC_ERSModes_BuildUpper	UNTRANSLATED (1811160508): RAC_ERSModes_BuildUpper	UNTRANSLATED (1811160508): RAC_ERSModes_BuildUpper	UNTRANSLATED (1811160508): RAC_ERSModes_BuildUpper
	RAC_ERSModes_OffUpper	OFF	OFF	UNTRANSLATED (490829629): RAC_ERSModes_OffUpper	AUS	APAGADO	UNTRANSLATED (490829629): RAC_ERSModes_OffUpper	UNTRANSLATED (490829629): RAC_ERSModes_OffUpper	UNTRANSLATED (490829629): RAC_ERSModes_OffUpper	DESLIGADO	APAGADO	UNTRANSLATED (490829629): RAC_ERSModes_OffUpper	UNTRANSLATED (490829629): RAC_ERSModes_OffUpper	UNTRANSLATED (490829629): RAC_ERSModes_OffUpper	UNTRANSLATED (490829629): RAC_ERSModes_OffUpper
	RAC_ERSModes_QualifyUpper	MAX	MAXI	UNTRANSLATED (2013699683): RAC_ERSModes_QualifyUpper	MAX	 MÁX	UNTRANSLATED (2013699683): RAC_ERSModes_QualifyUpper	UNTRANSLATED (2013699683): RAC_ERSModes_QualifyUpper	UNTRANSLATED (2013699683): RAC_ERSModes_QualifyUpper	 MÁX	CALIFICACIÓN	UNTRANSLATED (2013699683): RAC_ERSModes_QualifyUpper	UNTRANSLATED (2013699683): RAC_ERSModes_QualifyUpper	UNTRANSLATED (2013699683): RAC_ERSModes_QualifyUpper	UNTRANSLATED (2013699683): RAC_ERSModes_QualifyUpper
	RAC_FullCourseYellow_SafetyCar	SAFETY CAR	VOITURE DE SECURITE	UNTRANSLATED (4033653081): RAC_FullCourseYellow_SafetyCar	SAFETY CAR	UNTRANSLATED (4033653081): RAC_FullCourseYellow_SafetyCar	UNTRANSLATED (4033653081): RAC_FullCourseYellow_SafetyCar	UNTRANSLATED (4033653081): RAC_FullCourseYellow_SafetyCar	UNTRANSLATED (4033653081): RAC_FullCourseYellow_SafetyCar	SAFETY CAR	COCHE DE SEGURIDAD	UNTRANSLATED (4033653081): RAC_FullCourseYellow_SafetyCar	UNTRANSLATED (4033653081): RAC_FullCourseYellow_SafetyCar	UNTRANSLATED (4033653081): RAC_FullCourseYellow_SafetyCar	UNTRANSLATED (4033653081): RAC_FullCourseYellow_SafetyCar
	RAC_FullCourseYellow_FullCourseYellow	FULL COURSE YELLOW	DRAPEAU JAUNE SUR TOUT LE CIRCUIT	UNTRANSLATED (3338589685): RAC_FullCourseYellow_FullCourseYellow	GANZE STRECKE GELB	UNTRANSLATED (3338589685): RAC_FullCourseYellow_FullCourseYellow	UNTRANSLATED (3338589685): RAC_FullCourseYellow_FullCourseYellow	UNTRANSLATED (3338589685): RAC_FullCourseYellow_FullCourseYellow	UNTRANSLATED (3338589685): RAC_FullCourseYellow_FullCourseYellow	BANDEIRA AMARELA EM TODO CIRCUITO	BANDERA AMARILLA EN TODA LA PISTA	UNTRANSLATED (3338589685): RAC_FullCourseYellow_FullCourseYellow	UNTRANSLATED (3338589685): RAC_FullCourseYellow_FullCourseYellow	UNTRANSLATED (3338589685): RAC_FullCourseYellow_FullCourseYellow	UNTRANSLATED (3338589685): RAC_FullCourseYellow_FullCourseYellow
	RAC_FullCourseYellow_VirtualSafetyCar	VIRTUAL SAFETY CAR	VOITURE DE SECURITE VIRTUELLE	UNTRANSLATED (833545388): RAC_FullCourseYellow_VirtualSafetyCar	VIRTUAL SAFETY CAR	UNTRANSLATED (833545388): RAC_FullCourseYellow_VirtualSafetyCar	UNTRANSLATED (833545388): RAC_FullCourseYellow_VirtualSafetyCar	UNTRANSLATED (833545388): RAC_FullCourseYellow_VirtualSafetyCar	UNTRANSLATED (833545388): RAC_FullCourseYellow_VirtualSafetyCar	SAFETY CAR VIRTUAL	COCHE DE SEGURIDAD VIRTUAL	UNTRANSLATED (833545388): RAC_FullCourseYellow_VirtualSafetyCar	UNTRANSLATED (833545388): RAC_FullCourseYellow_VirtualSafetyCar	UNTRANSLATED (833545388): RAC_FullCourseYellow_VirtualSafetyCar	UNTRANSLATED (833545388): RAC_FullCourseYellow_VirtualSafetyCar
	RAC_FullCourseYellow_PitClosed	PIT CLOSED	STANDS FERMES	UNTRANSLATED (3169460980): RAC_FullCourseYellow_PitClosed	BOX GESCHLOSSEN	UNTRANSLATED (3169460980): RAC_FullCourseYellow_PitClosed	UNTRANSLATED (3169460980): RAC_FullCourseYellow_PitClosed	UNTRANSLATED (3169460980): RAC_FullCourseYellow_PitClosed	UNTRANSLATED (3169460980): RAC_FullCourseYellow_PitClosed	BOX FECHADO	PIT CERRADO	UNTRANSLATED (3169460980): RAC_FullCourseYellow_PitClosed	UNTRANSLATED (3169460980): RAC_FullCourseYellow_PitClosed	UNTRANSLATED (3169460980): RAC_FullCourseYellow_PitClosed	UNTRANSLATED (3169460980): RAC_FullCourseYellow_PitClosed
	RAC_FullCourseYellow_PitExitClosed	PIT EXIT CLOSED	SORTIE DES STANDS FERMEE	UNTRANSLATED (923059376): RAC_FullCourseYellow_PitExitClosed	BOXENAUSFAHRT GESCHLOSSEN	UNTRANSLATED (923059376): RAC_FullCourseYellow_PitExitClosed	UNTRANSLATED (923059376): RAC_FullCourseYellow_PitExitClosed	UNTRANSLATED (923059376): RAC_FullCourseYellow_PitExitClosed	UNTRANSLATED (923059376): RAC_FullCourseYellow_PitExitClosed	SAIDA DO BOX FECHADA	SALIDA DEL PIT CERRADA	UNTRANSLATED (923059376): RAC_FullCourseYellow_PitExitClosed	UNTRANSLATED (923059376): RAC_FullCourseYellow_PitExitClosed	UNTRANSLATED (923059376): RAC_FullCourseYellow_PitExitClosed	UNTRANSLATED (923059376): RAC_FullCourseYellow_PitExitClosed
	RAC_FullCourseYellow_ThoseOnTheLeadLapMayPit	THOSE ON THE LEAD LAP MAY NOW PIT	LES PILOTES NON RETARDATAIRES DOIVENT ALLER AUX STANDS	UNTRANSLATED (3888571412): RAC_FullCourseYellow_ThoseOnTheLeadLapMayPit	BOXENSTOPP FÜR FAHRER IN DER FÜHRUNGSRUNDE ERLAUBT	UNTRANSLATED (3888571412): RAC_FullCourseYellow_ThoseOnTheLeadLapMayPit	UNTRANSLATED (3888571412): RAC_FullCourseYellow_ThoseOnTheLeadLapMayPit	UNTRANSLATED (3888571412): RAC_FullCourseYellow_ThoseOnTheLeadLapMayPit	UNTRANSLATED (3888571412): RAC_FullCourseYellow_ThoseOnTheLeadLapMayPit	AQUELES NA VOLTA DO LIDER PODEM IR PARA OS BOXES	QUIENES NO ESTEN DOBLADOS PUEDEN IR A PIT	UNTRANSLATED (3888571412): RAC_FullCourseYellow_ThoseOnTheLeadLapMayPit	UNTRANSLATED (3888571412): RAC_FullCourseYellow_ThoseOnTheLeadLapMayPit	UNTRANSLATED (3888571412): RAC_FullCourseYellow_ThoseOnTheLeadLapMayPit	UNTRANSLATED (3888571412): RAC_FullCourseYellow_ThoseOnTheLeadLapMayPit
	RAC_FullCourseYellow_PitOpen	PIT OPEN	STANDS OUVERTS	UNTRANSLATED (1101877219): RAC_FullCourseYellow_PitOpen	BOX OFFEN	UNTRANSLATED (1101877219): RAC_FullCourseYellow_PitOpen	UNTRANSLATED (1101877219): RAC_FullCourseYellow_PitOpen	UNTRANSLATED (1101877219): RAC_FullCourseYellow_PitOpen	UNTRANSLATED (1101877219): RAC_FullCourseYellow_PitOpen	BOX ABERTO	PIT ABIERTO	UNTRANSLATED (1101877219): RAC_FullCourseYellow_PitOpen	UNTRANSLATED (1101877219): RAC_FullCourseYellow_PitOpen	UNTRANSLATED (1101877219): RAC_FullCourseYellow_PitOpen	UNTRANSLATED (1101877219): RAC_FullCourseYellow_PitOpen
	RAC_FullCourseYellow_LappedCarsMayNowOvertake	LAPPED CARS MAY NOW OVERTAKE	LES RETARDATAIRES DEVRAIENT DOUBLER MNT	UNTRANSLATED (2618813197): RAC_FullCourseYellow_LappedCarsMayNowOvertake	ÜBERRUNDETE FAHRZEUGE DÜRFEN NUN ÜBERHOLEN	UNTRANSLATED (2618813197): RAC_FullCourseYellow_LappedCarsMayNowOvertake	UNTRANSLATED (2618813197): RAC_FullCourseYellow_LappedCarsMayNowOvertake	UNTRANSLATED (2618813197): RAC_FullCourseYellow_LappedCarsMayNowOvertake	UNTRANSLATED (2618813197): RAC_FullCourseYellow_LappedCarsMayNowOvertake	RETARTARIOS AGORA PODEM ULTRAPASSAR	COCHES DOBLADOS PUEDEN AHORA ADELANTAR	UNTRANSLATED (2618813197): RAC_FullCourseYellow_LappedCarsMayNowOvertake	UNTRANSLATED (2618813197): RAC_FullCourseYellow_LappedCarsMayNowOvertake	UNTRANSLATED (2618813197): RAC_FullCourseYellow_LappedCarsMayNowOvertake	UNTRANSLATED (2618813197): RAC_FullCourseYellow_LappedCarsMayNowOvertake
	RAC_FullCourseYellow_RacingResumesAtEndOfLap	RACING WILL RESUME AT THE END OF THIS LAP	LA COURSE VA REPARTIR A LA FIN DE CE TOUR	UNTRANSLATED (769788666): RAC_FullCourseYellow_RacingResumesAtEndOfLap	RENNEN WIRD FORTGESETZT AM ENDE DIESER RUNDE	LA CARRERA SE RELANZARA AL FINAL DE ESTA VUELTA	UNTRANSLATED (769788666): RAC_FullCourseYellow_RacingResumesAtEndOfLap	UNTRANSLATED (769788666): RAC_FullCourseYellow_RacingResumesAtEndOfLap	UNTRANSLATED (769788666): RAC_FullCourseYellow_RacingResumesAtEndOfLap	CORRIDA SERÁ REINICIADA AO FINAL DESTA VOLTA	LA CARRERA SE RELANZARA AL FINAL DE ESTA VUELTA	UNTRANSLATED (769788666): RAC_FullCourseYellow_RacingResumesAtEndOfLap	UNTRANSLATED (769788666): RAC_FullCourseYellow_RacingResumesAtEndOfLap	UNTRANSLATED (769788666): RAC_FullCourseYellow_RacingResumesAtEndOfLap	UNTRANSLATED (769788666): RAC_FullCourseYellow_RacingResumesAtEndOfLap
	RAC_FullCourseYellow_Overtakes	OVERTAKES	DEPASSEMENTS	UNTRANSLATED (3695024317): RAC_FullCourseYellow_Overtakes	ILLEGAL ÜBERHOLT	UNTRANSLATED (3695024317): RAC_FullCourseYellow_Overtakes	UNTRANSLATED (3695024317): RAC_FullCourseYellow_Overtakes	UNTRANSLATED (3695024317): RAC_FullCourseYellow_Overtakes	UNTRANSLATED (3695024317): RAC_FullCourseYellow_Overtakes	ULTRAPASSAGENS	ADELANTAMIENTOS	UNTRANSLATED (3695024317): RAC_FullCourseYellow_Overtakes	UNTRANSLATED (3695024317): RAC_FullCourseYellow_Overtakes	UNTRANSLATED (3695024317): RAC_FullCourseYellow_Overtakes	UNTRANSLATED (3695024317): RAC_FullCourseYellow_Overtakes
	RAC_FullCourseYellow_GiveBackPosition	SLOW DOWN AND GIVE THE POSITION BACK	RALENTISSEZ ET RENDEZ LA POSITION	UNTRANSLATED (1402263610): RAC_FullCourseYellow_GiveBackPosition	LANGSAMER WERDEN UND POSITION ZURÜCKGEBEN	UNTRANSLATED (1402263610): RAC_FullCourseYellow_GiveBackPosition	UNTRANSLATED (1402263610): RAC_FullCourseYellow_GiveBackPosition	UNTRANSLATED (1402263610): RAC_FullCourseYellow_GiveBackPosition	UNTRANSLATED (1402263610): RAC_FullCourseYellow_GiveBackPosition	DIMINUA E DEVOLVA A POSIÇÃO	RELENTIZA Y DEVUELVE LA POSICIÓN	UNTRANSLATED (1402263610): RAC_FullCourseYellow_GiveBackPosition	UNTRANSLATED (1402263610): RAC_FullCourseYellow_GiveBackPosition	UNTRANSLATED (1402263610): RAC_FullCourseYellow_GiveBackPosition	UNTRANSLATED (1402263610): RAC_FullCourseYellow_GiveBackPosition
	RAC_FullCourseYellow_SpeedUpYouAreTooSlow	SPEED UP, YOU ARE TOO SLOW	ACCELEREZ, VOUS ETES TROP LENT	UNTRANSLATED (3886470084): RAC_FullCourseYellow_SpeedUpYouAreTooSlow	SCHNELLER WERDEN, DU BIST ZU LANGSAM	UNTRANSLATED (3886470084): RAC_FullCourseYellow_SpeedUpYouAreTooSlow	UNTRANSLATED (3886470084): RAC_FullCourseYellow_SpeedUpYouAreTooSlow	UNTRANSLATED (3886470084): RAC_FullCourseYellow_SpeedUpYouAreTooSlow	UNTRANSLATED (3886470084): RAC_FullCourseYellow_SpeedUpYouAreTooSlow	ACELERE, INDO MUITO DEVAGAR	ACELERA, VAS DEMASIADO LENTO	UNTRANSLATED (3886470084): RAC_FullCourseYellow_SpeedUpYouAreTooSlow	UNTRANSLATED (3886470084): RAC_FullCourseYellow_SpeedUpYouAreTooSlow	UNTRANSLATED (3886470084): RAC_FullCourseYellow_SpeedUpYouAreTooSlow	UNTRANSLATED (3886470084): RAC_FullCourseYellow_SpeedUpYouAreTooSlow
	RAC_FullCourseYellow_CautionDoNotOvertake	CAUTION, DO NOT OVERTAKE	ATTENTION, NE DEPASSEZ PAS	UNTRANSLATED (634692896): RAC_FullCourseYellow_CautionDoNotOvertake	ACHTUNG, NICHT ÜBERHOLEN	UNTRANSLATED (634692896): RAC_FullCourseYellow_CautionDoNotOvertake	UNTRANSLATED (634692896): RAC_FullCourseYellow_CautionDoNotOvertake	UNTRANSLATED (634692896): RAC_FullCourseYellow_CautionDoNotOvertake	UNTRANSLATED (634692896): RAC_FullCourseYellow_CautionDoNotOvertake	CUIDADO, NÃO ULTRAPASSE	PRECAUCIÓN, NO ADELANTES	UNTRANSLATED (634692896): RAC_FullCourseYellow_CautionDoNotOvertake	UNTRANSLATED (634692896): RAC_FullCourseYellow_CautionDoNotOvertake	UNTRANSLATED (634692896): RAC_FullCourseYellow_CautionDoNotOvertake	UNTRANSLATED (634692896): RAC_FullCourseYellow_CautionDoNotOvertake
	RAC_FullCourseYellow_OvertakeTheSlowCar	OVERTAKE THE SLOW CAR AHEAD	DEPASSEZ LA VOITURE PLUS LENTE QUI EST DEVANT	UNTRANSLATED (3820633697): RAC_FullCourseYellow_OvertakeTheSlowCar	ÜBERHOLE DAS LANGSAME FAHRZEUG VOR DIR	UNTRANSLATED (3820633697): RAC_FullCourseYellow_OvertakeTheSlowCar	UNTRANSLATED (3820633697): RAC_FullCourseYellow_OvertakeTheSlowCar	UNTRANSLATED (3820633697): RAC_FullCourseYellow_OvertakeTheSlowCar	UNTRANSLATED (3820633697): RAC_FullCourseYellow_OvertakeTheSlowCar	ULTRAPASSE O CARRO LENTO A FRENTE	ADELANTA AL COCHE LENTO DE DELANTE	UNTRANSLATED (3820633697): RAC_FullCourseYellow_OvertakeTheSlowCar	UNTRANSLATED (3820633697): RAC_FullCourseYellow_OvertakeTheSlowCar	UNTRANSLATED (3820633697): RAC_FullCourseYellow_OvertakeTheSlowCar	UNTRANSLATED (3820633697): RAC_FullCourseYellow_OvertakeTheSlowCar
	RAC_FullCourseYellow_PitEntryWasClosed	PIT ENTRY WAS CLOSED	L'ENTREE DES STANDS ETAIT FERMEE	UNTRANSLATED (875904978): RAC_FullCourseYellow_PitEntryWasClosed	BOX WAR GESCHLOSSEN	UNTRANSLATED (875904978): RAC_FullCourseYellow_PitEntryWasClosed	UNTRANSLATED (875904978): RAC_FullCourseYellow_PitEntryWasClosed	UNTRANSLATED (875904978): RAC_FullCourseYellow_PitEntryWasClosed	UNTRANSLATED (875904978): RAC_FullCourseYellow_PitEntryWasClosed	ENTRADA DO BOX ESTAVA FECHADA	LA ENTRADA AL PIT FUE CERRADA	UNTRANSLATED (875904978): RAC_FullCourseYellow_PitEntryWasClosed	UNTRANSLATED (875904978): RAC_FullCourseYellow_PitEntryWasClosed	UNTRANSLATED (875904978): RAC_FullCourseYellow_PitEntryWasClosed	UNTRANSLATED (875904978): RAC_FullCourseYellow_PitEntryWasClosed
	RAC_FullCourseYellow_PitEntryWasClosedToLapped	PIT ENTRY WAS CLOSED TO LAPPED CARS	L'ENTREE DES STANDS ETAIT FERMEE POUR LES RETARDATAIRES	UNTRANSLATED (965427589): RAC_FullCourseYellow_PitEntryWasClosedToLapped	BOX WAR GESCHLOSSEN FÜR ÜBERRUNDETE FAHRZEUGE	UNTRANSLATED (965427589): RAC_FullCourseYellow_PitEntryWasClosedToLapped	UNTRANSLATED (965427589): RAC_FullCourseYellow_PitEntryWasClosedToLapped	UNTRANSLATED (965427589): RAC_FullCourseYellow_PitEntryWasClosedToLapped	UNTRANSLATED (965427589): RAC_FullCourseYellow_PitEntryWasClosedToLapped	ENTRADA DO BOX ESTAVA FECHADA PARA RETARTÁRIOS	LA ENTRADA AL PIT FUE CERRADA A LOS DOBLADOS	UNTRANSLATED (965427589): RAC_FullCourseYellow_PitEntryWasClosedToLapped	UNTRANSLATED (965427589): RAC_FullCourseYellow_PitEntryWasClosedToLapped	UNTRANSLATED (965427589): RAC_FullCourseYellow_PitEntryWasClosedToLapped	UNTRANSLATED (965427589): RAC_FullCourseYellow_PitEntryWasClosedToLapped
	RAC_FullCourseYellow_PitExitWasClosed	PIT EXIT WAS CLOSED	LA SORTIE DES STANDS ETAIT FERMEE	UNTRANSLATED (1742687992): RAC_FullCourseYellow_PitExitWasClosed	BOXENAUSFAHRT WAR GESCHLOSSEN	UNTRANSLATED (1742687992): RAC_FullCourseYellow_PitExitWasClosed	UNTRANSLATED (1742687992): RAC_FullCourseYellow_PitExitWasClosed	UNTRANSLATED (1742687992): RAC_FullCourseYellow_PitExitWasClosed	UNTRANSLATED (1742687992): RAC_FullCourseYellow_PitExitWasClosed	SAÍDA DO BOX ESTAVA FECHADA	LA SALIDA DEL PIT FUE CERRADA	UNTRANSLATED (1742687992): RAC_FullCourseYellow_PitExitWasClosed	UNTRANSLATED (1742687992): RAC_FullCourseYellow_PitExitWasClosed	UNTRANSLATED (1742687992): RAC_FullCourseYellow_PitExitWasClosed	UNTRANSLATED (1742687992): RAC_FullCourseYellow_PitExitWasClosed
	RAC_FullCourseYellow_YouCanPushNow	YOU CAN PUSH NOW	VOUS POUVEZ ATTAQUER MAINTENANT	UNTRANSLATED (2489257050): RAC_FullCourseYellow_YouCanPushNow	DU KANNST JETZT PUSHEN	UNTRANSLATED (2489257050): RAC_FullCourseYellow_YouCanPushNow	UNTRANSLATED (2489257050): RAC_FullCourseYellow_YouCanPushNow	UNTRANSLATED (2489257050): RAC_FullCourseYellow_YouCanPushNow	UNTRANSLATED (2489257050): RAC_FullCourseYellow_YouCanPushNow	VOCÊ PODE ACELERAR AGORA 	AHORA PUEDES EMPUJAR	UNTRANSLATED (2489257050): RAC_FullCourseYellow_YouCanPushNow	UNTRANSLATED (2489257050): RAC_FullCourseYellow_YouCanPushNow	UNTRANSLATED (2489257050): RAC_FullCourseYellow_YouCanPushNow	UNTRANSLATED (2489257050): RAC_FullCourseYellow_YouCanPushNow
	RAC_FullCourseYellow_OvertakeTheSafetyCar	OVERTAKE THE SAFETY CAR AHEAD	DEPASSEZ LA SAFETY CAR QUI EST DEVANT	UNTRANSLATED (152278430): RAC_FullCourseYellow_OvertakeTheSafetyCar	SAFETY CAR ÜBERHOLEN	UNTRANSLATED (152278430): RAC_FullCourseYellow_OvertakeTheSafetyCar	UNTRANSLATED (152278430): RAC_FullCourseYellow_OvertakeTheSafetyCar	UNTRANSLATED (152278430): RAC_FullCourseYellow_OvertakeTheSafetyCar	UNTRANSLATED (152278430): RAC_FullCourseYellow_OvertakeTheSafetyCar	ULTRAPASSE O SAFETY CAR A FRENTE	ADELANTA AL COCHE DE SEGURIDAD	UNTRANSLATED (152278430): RAC_FullCourseYellow_OvertakeTheSafetyCar	UNTRANSLATED (152278430): RAC_FullCourseYellow_OvertakeTheSafetyCar	UNTRANSLATED (152278430): RAC_FullCourseYellow_OvertakeTheSafetyCar	UNTRANSLATED (152278430): RAC_FullCourseYellow_OvertakeTheSafetyCar
	RAC_FullCourseYellow_SlowDownAndLetTheSafetyCarPass	SLOW DOWN AND LET THE SAFETY CAR PASS	RALENTISSEZ ET LAISSEZ LA SAFETY CAR PASSER DEVANT	UNTRANSLATED (692300577): RAC_FullCourseYellow_SlowDownAndLetTheSafetyCarPass	SAFETY CAR PASSIEREN LASSEN	UNTRANSLATED (692300577): RAC_FullCourseYellow_SlowDownAndLetTheSafetyCarPass	UNTRANSLATED (692300577): RAC_FullCourseYellow_SlowDownAndLetTheSafetyCarPass	UNTRANSLATED (692300577): RAC_FullCourseYellow_SlowDownAndLetTheSafetyCarPass	UNTRANSLATED (692300577): RAC_FullCourseYellow_SlowDownAndLetTheSafetyCarPass	DIMINUA E DEIXA O SAFETY CAR PASSAR	AFLOJA Y PERMITE AL COCHE DE SEGURIDAD PASAR	UNTRANSLATED (692300577): RAC_FullCourseYellow_SlowDownAndLetTheSafetyCarPass	UNTRANSLATED (692300577): RAC_FullCourseYellow_SlowDownAndLetTheSafetyCarPass	UNTRANSLATED (692300577): RAC_FullCourseYellow_SlowDownAndLetTheSafetyCarPass	UNTRANSLATED (692300577): RAC_FullCourseYellow_SlowDownAndLetTheSafetyCarPass
	RAC_FullCourseYellow_OvertakingTheSafetyCarIsNotAllowed	Overtaking the safety car is not allowed	Depasser la safety car n'est pas autorisé	UNTRANSLATED (2135472974): RAC_FullCourseYellow_OvertakingTheSafetyCarIsNotAllowed	Safety Car überholen nicht erlaubt	UNTRANSLATED (2135472974): RAC_FullCourseYellow_OvertakingTheSafetyCarIsNotAllowed	UNTRANSLATED (2135472974): RAC_FullCourseYellow_OvertakingTheSafetyCarIsNotAllowed	UNTRANSLATED (2135472974): RAC_FullCourseYellow_OvertakingTheSafetyCarIsNotAllowed	UNTRANSLATED (2135472974): RAC_FullCourseYellow_OvertakingTheSafetyCarIsNotAllowed	Ultrapassagem do Safety Car não permitida	Adelantar al Coche de Seguridad no esta permitido	UNTRANSLATED (2135472974): RAC_FullCourseYellow_OvertakingTheSafetyCarIsNotAllowed	UNTRANSLATED (2135472974): RAC_FullCourseYellow_OvertakingTheSafetyCarIsNotAllowed	UNTRANSLATED (2135472974): RAC_FullCourseYellow_OvertakingTheSafetyCarIsNotAllowed	UNTRANSLATED (2135472974): RAC_FullCourseYellow_OvertakingTheSafetyCarIsNotAllowed
	RAC_FullCourseYellow_OvertakingTheSafetyCar	Overtaking the safety car	Depasser la safety car	UNTRANSLATED (4021388857): RAC_FullCourseYellow_OvertakingTheSafetyCar	Überholen des Safety Cars	UNTRANSLATED (4021388857): RAC_FullCourseYellow_OvertakingTheSafetyCar	UNTRANSLATED (4021388857): RAC_FullCourseYellow_OvertakingTheSafetyCar	UNTRANSLATED (4021388857): RAC_FullCourseYellow_OvertakingTheSafetyCar	UNTRANSLATED (4021388857): RAC_FullCourseYellow_OvertakingTheSafetyCar	Ultrapassando o Safety Car	Adelanta al Coche de Seguridad	UNTRANSLATED (4021388857): RAC_FullCourseYellow_OvertakingTheSafetyCar	UNTRANSLATED (4021388857): RAC_FullCourseYellow_OvertakingTheSafetyCar	UNTRANSLATED (4021388857): RAC_FullCourseYellow_OvertakingTheSafetyCar	UNTRANSLATED (4021388857): RAC_FullCourseYellow_OvertakingTheSafetyCar
	RAC_FullCourseYellow_PitOpenForDamagedVehicles	PIT OPEN FOR DAMAGED VEHICLES	STANDS OUVERTS POUR LES VOITURES ENDOMMAGEES	UNTRANSLATED (186228754): RAC_FullCourseYellow_PitOpenForDamagedVehicles	BOX GEÖFFNET FÜR BESCHÄDIGTE FAHRZEUGE	UNTRANSLATED (186228754): RAC_FullCourseYellow_PitOpenForDamagedVehicles	UNTRANSLATED (186228754): RAC_FullCourseYellow_PitOpenForDamagedVehicles	UNTRANSLATED (186228754): RAC_FullCourseYellow_PitOpenForDamagedVehicles	UNTRANSLATED (186228754): RAC_FullCourseYellow_PitOpenForDamagedVehicles	BOX ABERTO PARA VEICULOS DANIFICADOS	Pit abierto para los coches dañados	UNTRANSLATED (186228754): RAC_FullCourseYellow_PitOpenForDamagedVehicles	UNTRANSLATED (186228754): RAC_FullCourseYellow_PitOpenForDamagedVehicles	UNTRANSLATED (186228754): RAC_FullCourseYellow_PitOpenForDamagedVehicles	UNTRANSLATED (186228754): RAC_FullCourseYellow_PitOpenForDamagedVehicles
	RAC_FullCourseYellow_ScheduledFullCourseYellow	SCHEDULED FULL COURSE YELLOW	PLANIFICATION DE LA SAFETY CAR	UNTRANSLATED (2516786412): RAC_FullCourseYellow_ScheduledFullCourseYellow	GEPLANTE FULL COURSE YELLOW PHASE	PROGRAMADO FCY	UNTRANSLATED (2516786412): RAC_FullCourseYellow_ScheduledFullCourseYellow	UNTRANSLATED (2516786412): RAC_FullCourseYellow_ScheduledFullCourseYellow	UNTRANSLATED (2516786412): RAC_FullCourseYellow_ScheduledFullCourseYellow	SAFETY CAR PROGRAMADO	PROGRAMADO FCY	UNTRANSLATED (2516786412): RAC_FullCourseYellow_ScheduledFullCourseYellow	UNTRANSLATED (2516786412): RAC_FullCourseYellow_ScheduledFullCourseYellow	UNTRANSLATED (2516786412): RAC_FullCourseYellow_ScheduledFullCourseYellow	UNTRANSLATED (2516786412): RAC_FullCourseYellow_ScheduledFullCourseYellow
	RAC_Failures_Activated	New Failure	New Failure	UNTRANSLATED (404799872): RAC_Failures_Activated	Neuer Ausfall	UNTRANSLATED (404799872): RAC_Failures_Activated	UNTRANSLATED (404799872): RAC_Failures_Activated	UNTRANSLATED (404799872): RAC_Failures_Activated	UNTRANSLATED (404799872): RAC_Failures_Activated	New Failure	Nueva avería	UNTRANSLATED (404799872): RAC_Failures_Activated	UNTRANSLATED (404799872): RAC_Failures_Activated	UNTRANSLATED (404799872): RAC_Failures_Activated	UNTRANSLATED (404799872): RAC_Failures_Activated
	RAC_Failures_Failure	Failure	Failure	UNTRANSLATED (3877738422): RAC_Failures_Failure	Ausfall	UNTRANSLATED (3877738422): RAC_Failures_Failure	UNTRANSLATED (3877738422): RAC_Failures_Failure	UNTRANSLATED (3877738422): RAC_Failures_Failure	UNTRANSLATED (3877738422): RAC_Failures_Failure	Failure	Avería	UNTRANSLATED (3877738422): RAC_Failures_Failure	UNTRANSLATED (3877738422): RAC_Failures_Failure	UNTRANSLATED (3877738422): RAC_Failures_Failure	UNTRANSLATED (3877738422): RAC_Failures_Failure
	RAC_Failures_Minor	Minor	Minor	UNTRANSLATED (546540233): RAC_Failures_Minor	Leicht	UNTRANSLATED (546540233): RAC_Failures_Minor	UNTRANSLATED (546540233): RAC_Failures_Minor	UNTRANSLATED (546540233): RAC_Failures_Minor	UNTRANSLATED (546540233): RAC_Failures_Minor	Minor	Leve	UNTRANSLATED (546540233): RAC_Failures_Minor	UNTRANSLATED (546540233): RAC_Failures_Minor	UNTRANSLATED (546540233): RAC_Failures_Minor	UNTRANSLATED (546540233): RAC_Failures_Minor
	RAC_Failures_Major	Major	Major	UNTRANSLATED (1296060129): RAC_Failures_Major	Schwer	UNTRANSLATED (1296060129): RAC_Failures_Major	UNTRANSLATED (1296060129): RAC_Failures_Major	UNTRANSLATED (1296060129): RAC_Failures_Major	UNTRANSLATED (1296060129): RAC_Failures_Major	Major	Importante	UNTRANSLATED (1296060129): RAC_Failures_Major	UNTRANSLATED (1296060129): RAC_Failures_Major	UNTRANSLATED (1296060129): RAC_Failures_Major	UNTRANSLATED (1296060129): RAC_Failures_Major
	RAC_Failures_Severe	Severe	Severe	UNTRANSLATED (2360020293): RAC_Failures_Severe	Verheerend	UNTRANSLATED (2360020293): RAC_Failures_Severe	UNTRANSLATED (2360020293): RAC_Failures_Severe	UNTRANSLATED (2360020293): RAC_Failures_Severe	UNTRANSLATED (2360020293): RAC_Failures_Severe	Severe	Severa	UNTRANSLATED (2360020293): RAC_Failures_Severe	UNTRANSLATED (2360020293): RAC_Failures_Severe	UNTRANSLATED (2360020293): RAC_Failures_Severe	UNTRANSLATED (2360020293): RAC_Failures_Severe
	RAC_Failures_Terminal	Terminal	Terminal	UNTRANSLATED (1366613205): RAC_Failures_Terminal	Total	UNTRANSLATED (1366613205): RAC_Failures_Terminal	UNTRANSLATED (1366613205): RAC_Failures_Terminal	UNTRANSLATED (1366613205): RAC_Failures_Terminal	UNTRANSLATED (1366613205): RAC_Failures_Terminal	Terminal	Terminal	UNTRANSLATED (1366613205): RAC_Failures_Terminal	UNTRANSLATED (1366613205): RAC_Failures_Terminal	UNTRANSLATED (1366613205): RAC_Failures_Terminal	UNTRANSLATED (1366613205): RAC_Failures_Terminal
	RAC_Failures_EngineFailure	Engine Failure	Engine Failure	UNTRANSLATED (2389051872): RAC_Failures_EngineFailure	Motorschaden	UNTRANSLATED (2389051872): RAC_Failures_EngineFailure	UNTRANSLATED (2389051872): RAC_Failures_EngineFailure	UNTRANSLATED (2389051872): RAC_Failures_EngineFailure	UNTRANSLATED (2389051872): RAC_Failures_EngineFailure	Engine Failure	Fallo de motor	UNTRANSLATED (2389051872): RAC_Failures_EngineFailure	UNTRANSLATED (2389051872): RAC_Failures_EngineFailure	UNTRANSLATED (2389051872): RAC_Failures_EngineFailure	UNTRANSLATED (2389051872): RAC_Failures_EngineFailure
	RAC_Failures_CoolantLeak	Coolant Leak	Coolant Leak	UNTRANSLATED (2424105826): RAC_Failures_CoolantLeak	Kühlungsleck	UNTRANSLATED (2424105826): RAC_Failures_CoolantLeak	UNTRANSLATED (2424105826): RAC_Failures_CoolantLeak	UNTRANSLATED (2424105826): RAC_Failures_CoolantLeak	UNTRANSLATED (2424105826): RAC_Failures_CoolantLeak	Coolant Leak	Fuga de refrigerante	UNTRANSLATED (2424105826): RAC_Failures_CoolantLeak	UNTRANSLATED (2424105826): RAC_Failures_CoolantLeak	UNTRANSLATED (2424105826): RAC_Failures_CoolantLeak	UNTRANSLATED (2424105826): RAC_Failures_CoolantLeak
	RAC_Failures_OilLeak	Oil Leak	Oil Leak	UNTRANSLATED (1299043177): RAC_Failures_OilLeak	Ölleck	UNTRANSLATED (1299043177): RAC_Failures_OilLeak	UNTRANSLATED (1299043177): RAC_Failures_OilLeak	UNTRANSLATED (1299043177): RAC_Failures_OilLeak	UNTRANSLATED (1299043177): RAC_Failures_OilLeak	Oil Leak	Fuga de Aceite	UNTRANSLATED (1299043177): RAC_Failures_OilLeak	UNTRANSLATED (1299043177): RAC_Failures_OilLeak	UNTRANSLATED (1299043177): RAC_Failures_OilLeak	UNTRANSLATED (1299043177): RAC_Failures_OilLeak
	RAC_Failures_LooseWheel	Loose Wheel	Loose Wheel	UNTRANSLATED (3345643670): RAC_Failures_LooseWheel	Loses Rad	UNTRANSLATED (3345643670): RAC_Failures_LooseWheel	UNTRANSLATED (3345643670): RAC_Failures_LooseWheel	UNTRANSLATED (3345643670): RAC_Failures_LooseWheel	UNTRANSLATED (3345643670): RAC_Failures_LooseWheel	Loose Wheel	Pérdida de rueda	UNTRANSLATED (3345643670): RAC_Failures_LooseWheel	UNTRANSLATED (3345643670): RAC_Failures_LooseWheel	UNTRANSLATED (3345643670): RAC_Failures_LooseWheel	UNTRANSLATED (3345643670): RAC_Failures_LooseWheel
	RAC_Failures_Misfires	Misfires	Misfires	UNTRANSLATED (2572030341): RAC_Failures_Misfires	Fehlzündungen	UNTRANSLATED (2572030341): RAC_Failures_Misfires	UNTRANSLATED (2572030341): RAC_Failures_Misfires	UNTRANSLATED (2572030341): RAC_Failures_Misfires	UNTRANSLATED (2572030341): RAC_Failures_Misfires	Misfires	Fallos de encendido	UNTRANSLATED (2572030341): RAC_Failures_Misfires	UNTRANSLATED (2572030341): RAC_Failures_Misfires	UNTRANSLATED (2572030341): RAC_Failures_Misfires	UNTRANSLATED (2572030341): RAC_Failures_Misfires
	RAC_Failures_DriveFailure	Drive Failure	Drive Failure	UNTRANSLATED (3139274097): RAC_Failures_DriveFailure	Antriebsschaden	UNTRANSLATED (3139274097): RAC_Failures_DriveFailure	UNTRANSLATED (3139274097): RAC_Failures_DriveFailure	UNTRANSLATED (3139274097): RAC_Failures_DriveFailure	UNTRANSLATED (3139274097): RAC_Failures_DriveFailure	Drive Failure	Fallo de Unidad	UNTRANSLATED (3139274097): RAC_Failures_DriveFailure	UNTRANSLATED (3139274097): RAC_Failures_DriveFailure	UNTRANSLATED (3139274097): RAC_Failures_DriveFailure	UNTRANSLATED (3139274097): RAC_Failures_DriveFailure
	RAC_Failures_TurboFailure	Turbo Failing	Turbo Failing	UNTRANSLATED (990854305): RAC_Failures_TurboFailure	Turboausfall	UNTRANSLATED (990854305): RAC_Failures_TurboFailure	UNTRANSLATED (990854305): RAC_Failures_TurboFailure	UNTRANSLATED (990854305): RAC_Failures_TurboFailure	UNTRANSLATED (990854305): RAC_Failures_TurboFailure	Turbo Failing	Fallo del turbo	UNTRANSLATED (990854305): RAC_Failures_TurboFailure	UNTRANSLATED (990854305): RAC_Failures_TurboFailure	UNTRANSLATED (990854305): RAC_Failures_TurboFailure	UNTRANSLATED (990854305): RAC_Failures_TurboFailure
	RAC_Failures_Deactivated	Failure Fixed	Failure Fixed	UNTRANSLATED (2162136693): RAC_Failures_Deactivated	Ausfall behoben	UNTRANSLATED (2162136693): RAC_Failures_Deactivated	UNTRANSLATED (2162136693): RAC_Failures_Deactivated	UNTRANSLATED (2162136693): RAC_Failures_Deactivated	UNTRANSLATED (2162136693): RAC_Failures_Deactivated	Failure Fixed	Avería reparada	UNTRANSLATED (2162136693): RAC_Failures_Deactivated	UNTRANSLATED (2162136693): RAC_Failures_Deactivated	UNTRANSLATED (2162136693): RAC_Failures_Deactivated	UNTRANSLATED (2162136693): RAC_Failures_Deactivated
	RAC_Failures_FWDetach	Front Wing Failure	Problème à l'aileron avant	UNTRANSLATED (978372073): RAC_Failures_FWDetach	Frontflügelversagen	UNTRANSLATED (978372073): RAC_Failures_FWDetach	UNTRANSLATED (978372073): RAC_Failures_FWDetach	UNTRANSLATED (978372073): RAC_Failures_FWDetach	UNTRANSLATED (978372073): RAC_Failures_FWDetach	Front Wing Failure	FALLO DEL ALERÓN DELANTERO	UNTRANSLATED (978372073): RAC_Failures_FWDetach	UNTRANSLATED (978372073): RAC_Failures_FWDetach	UNTRANSLATED (978372073): RAC_Failures_FWDetach	UNTRANSLATED (978372073): RAC_Failures_FWDetach
	RAC_Failures_RWDetach	Rear Wing Detached	Aileron arrière détaché	UNTRANSLATED (2892906405): RAC_Failures_RWDetach	Heckflügel abgetrennt	UNTRANSLATED (2892906405): RAC_Failures_RWDetach	UNTRANSLATED (2892906405): RAC_Failures_RWDetach	UNTRANSLATED (2892906405): RAC_Failures_RWDetach	UNTRANSLATED (2892906405): RAC_Failures_RWDetach	Rear Wing Detached	FALLO DEL ALERÓN TRASERO	UNTRANSLATED (2892906405): RAC_Failures_RWDetach	UNTRANSLATED (2892906405): RAC_Failures_RWDetach	UNTRANSLATED (2892906405): RAC_Failures_RWDetach	UNTRANSLATED (2892906405): RAC_Failures_RWDetach
	RAC_ScheduledFCY_25PctRaceDistance	25% Race Distance	25% de la distance de course	UNTRANSLATED (1639202392): RAC_ScheduledFCY_25PctRaceDistance	25% Renndistanz	UNTRANSLATED (1639202392): RAC_ScheduledFCY_25PctRaceDistance	UNTRANSLATED (1639202392): RAC_ScheduledFCY_25PctRaceDistance	UNTRANSLATED (1639202392): RAC_ScheduledFCY_25PctRaceDistance	UNTRANSLATED (1639202392): RAC_ScheduledFCY_25PctRaceDistance	25% Race distance	25% Distancia de Carrera	UNTRANSLATED (1639202392): RAC_ScheduledFCY_25PctRaceDistance	UNTRANSLATED (1639202392): RAC_ScheduledFCY_25PctRaceDistance	UNTRANSLATED (1639202392): RAC_ScheduledFCY_25PctRaceDistance	UNTRANSLATED (1639202392): RAC_ScheduledFCY_25PctRaceDistance
	RAC_ScheduledFCY_50PctRaceDistance	50% Race Distance	50% de la distance de course	UNTRANSLATED (592870818): RAC_ScheduledFCY_50PctRaceDistance	50% Renndistanz	UNTRANSLATED (592870818): RAC_ScheduledFCY_50PctRaceDistance	UNTRANSLATED (592870818): RAC_ScheduledFCY_50PctRaceDistance	UNTRANSLATED (592870818): RAC_ScheduledFCY_50PctRaceDistance	UNTRANSLATED (592870818): RAC_ScheduledFCY_50PctRaceDistance	50% Race distance	50% Distancia de Carrera	UNTRANSLATED (592870818): RAC_ScheduledFCY_50PctRaceDistance	UNTRANSLATED (592870818): RAC_ScheduledFCY_50PctRaceDistance	UNTRANSLATED (592870818): RAC_ScheduledFCY_50PctRaceDistance	UNTRANSLATED (592870818): RAC_ScheduledFCY_50PctRaceDistance
	RAC_ScheduledFCY_75PctRaceDistance	75% Race Distance	75% de la distance de course	UNTRANSLATED (3267896098): RAC_ScheduledFCY_75PctRaceDistance	75% Renndistanz	UNTRANSLATED (3267896098): RAC_ScheduledFCY_75PctRaceDistance	UNTRANSLATED (3267896098): RAC_ScheduledFCY_75PctRaceDistance	UNTRANSLATED (3267896098): RAC_ScheduledFCY_75PctRaceDistance	UNTRANSLATED (3267896098): RAC_ScheduledFCY_75PctRaceDistance	75% Race distance	75% Distancia de Carrera	UNTRANSLATED (3267896098): RAC_ScheduledFCY_75PctRaceDistance	UNTRANSLATED (3267896098): RAC_ScheduledFCY_75PctRaceDistance	UNTRANSLATED (3267896098): RAC_ScheduledFCY_75PctRaceDistance	UNTRANSLATED (3267896098): RAC_ScheduledFCY_75PctRaceDistance
	RAC_ScheduledFCY_Random	Random	Aléatoire	Casuale	Zufällig	Al azar	Случайно	Losowo	ランダム	Aleatório	Aleatorio	UNTRANSLATED (2322162605): RAC_ScheduledFCY_Random	랜덤	随机	隨機
	RAC_ScheduledFCY_Off	Off	Non	UNTRANSLATED (1825791836): RAC_ScheduledFCY_Off	Aus	No	UNTRANSLATED (1825791836): RAC_ScheduledFCY_Off	UNTRANSLATED (1825791836): RAC_ScheduledFCY_Off	UNTRANSLATED (1825791836): RAC_ScheduledFCY_Off	Desligado	No	UNTRANSLATED (1825791836): RAC_ScheduledFCY_Off	UNTRANSLATED (1825791836): RAC_ScheduledFCY_Off	UNTRANSLATED (1825791836): RAC_ScheduledFCY_Off	UNTRANSLATED (1825791836): RAC_ScheduledFCY_Off
	RAC_ScheduledFCY_ScheduledFullCourseYellow	Scheduled Full Course Yellow	Planification de la Safety Car	UNTRANSLATED (4168813001): RAC_ScheduledFCY_ScheduledFullCourseYellow	Geplante Full Course Yellow Phase	UNTRANSLATED (4168813001): RAC_ScheduledFCY_ScheduledFullCourseYellow	UNTRANSLATED (4168813001): RAC_ScheduledFCY_ScheduledFullCourseYellow	UNTRANSLATED (4168813001): RAC_ScheduledFCY_ScheduledFullCourseYellow	UNTRANSLATED (4168813001): RAC_ScheduledFCY_ScheduledFullCourseYellow	Safety Car Programado	Programado FCY	UNTRANSLATED (4168813001): RAC_ScheduledFCY_ScheduledFullCourseYellow	UNTRANSLATED (4168813001): RAC_ScheduledFCY_ScheduledFullCourseYellow	UNTRANSLATED (4168813001): RAC_ScheduledFCY_ScheduledFullCourseYellow	UNTRANSLATED (4168813001): RAC_ScheduledFCY_ScheduledFullCourseYellow
	RAC_ScheduledFCY_ScheduledFullCourseYellowUpper	SCHEDULED FULL COURSE YELLOW	PLANIFICATION DE LA SAFETY CAR	UNTRANSLATED (1573064642): RAC_ScheduledFCY_ScheduledFullCourseYellowUpper	GEPLANTE FULL COURSE YELLOW PHASE	PROGRAMADO FCY	UNTRANSLATED (1573064642): RAC_ScheduledFCY_ScheduledFullCourseYellowUpper	UNTRANSLATED (1573064642): RAC_ScheduledFCY_ScheduledFullCourseYellowUpper	UNTRANSLATED (1573064642): RAC_ScheduledFCY_ScheduledFullCourseYellowUpper	SAFETY CAR PROGRAMADO	PROGRAMADO FCY	UNTRANSLATED (1573064642): RAC_ScheduledFCY_ScheduledFullCourseYellowUpper	UNTRANSLATED (1573064642): RAC_ScheduledFCY_ScheduledFullCourseYellowUpper	UNTRANSLATED (1573064642): RAC_ScheduledFCY_ScheduledFullCourseYellowUpper	UNTRANSLATED (1573064642): RAC_ScheduledFCY_ScheduledFullCourseYellowUpper
	RAC_ScheduledFCY_ScheduledFullCourseYellowShort	Scheduled FCY	Procédure SC	UNTRANSLATED (4009787666): RAC_ScheduledFCY_ScheduledFullCourseYellowShort	Geplante FCY	UNTRANSLATED (4009787666): RAC_ScheduledFCY_ScheduledFullCourseYellowShort	UNTRANSLATED (4009787666): RAC_ScheduledFCY_ScheduledFullCourseYellowShort	UNTRANSLATED (4009787666): RAC_ScheduledFCY_ScheduledFullCourseYellowShort	UNTRANSLATED (4009787666): RAC_ScheduledFCY_ScheduledFullCourseYellowShort	SC Programado	Programado FCY	UNTRANSLATED (4009787666): RAC_ScheduledFCY_ScheduledFullCourseYellowShort	UNTRANSLATED (4009787666): RAC_ScheduledFCY_ScheduledFullCourseYellowShort	UNTRANSLATED (4009787666): RAC_ScheduledFCY_ScheduledFullCourseYellowShort	UNTRANSLATED (4009787666): RAC_ScheduledFCY_ScheduledFullCourseYellowShort
	RAC_TrackStates_Damp	Damp	Légérement mouillé	UNTRANSLATED (3134668223): RAC_TrackStates_Damp	Feucht	UNTRANSLATED (3134668223): RAC_TrackStates_Damp	UNTRANSLATED (3134668223): RAC_TrackStates_Damp	UNTRANSLATED (3134668223): RAC_TrackStates_Damp	UNTRANSLATED (3134668223): RAC_TrackStates_Damp	Levemente molhado	Ligeramente Mojado	UNTRANSLATED (3134668223): RAC_TrackStates_Damp	UNTRANSLATED (3134668223): RAC_TrackStates_Damp	UNTRANSLATED (3134668223): RAC_TrackStates_Damp	UNTRANSLATED (3134668223): RAC_TrackStates_Damp
	RAC_TrackStates_Dry	Dry	Sec	UNTRANSLATED (3901523948): RAC_TrackStates_Dry	Trocken	UNTRANSLATED (3901523948): RAC_TrackStates_Dry	UNTRANSLATED (3901523948): RAC_TrackStates_Dry	UNTRANSLATED (3901523948): RAC_TrackStates_Dry	UNTRANSLATED (3901523948): RAC_TrackStates_Dry	Seco	Seco	UNTRANSLATED (3901523948): RAC_TrackStates_Dry	UNTRANSLATED (3901523948): RAC_TrackStates_Dry	UNTRANSLATED (3901523948): RAC_TrackStates_Dry	UNTRANSLATED (3901523948): RAC_TrackStates_Dry
	RAC_TrackStates_Moist	Moist	Légérement humide	UNTRANSLATED (3316673318): RAC_TrackStates_Moist	Leicht feucht	UNTRANSLATED (3316673318): RAC_TrackStates_Moist	UNTRANSLATED (3316673318): RAC_TrackStates_Moist	UNTRANSLATED (3316673318): RAC_TrackStates_Moist	UNTRANSLATED (3316673318): RAC_TrackStates_Moist	Úmido	Húmedo	UNTRANSLATED (3316673318): RAC_TrackStates_Moist	UNTRANSLATED (3316673318): RAC_TrackStates_Moist	UNTRANSLATED (3316673318): RAC_TrackStates_Moist	UNTRANSLATED (3316673318): RAC_TrackStates_Moist
	RAC_TrackStates_Soaked	Soaked	Trempé	UNTRANSLATED (757915055): RAC_TrackStates_Soaked	Sehr nass	UNTRANSLATED (757915055): RAC_TrackStates_Soaked	UNTRANSLATED (757915055): RAC_TrackStates_Soaked	UNTRANSLATED (757915055): RAC_TrackStates_Soaked	UNTRANSLATED (757915055): RAC_TrackStates_Soaked	Encharcado	Muy mojado	UNTRANSLATED (757915055): RAC_TrackStates_Soaked	UNTRANSLATED (757915055): RAC_TrackStates_Soaked	UNTRANSLATED (757915055): RAC_TrackStates_Soaked	UNTRANSLATED (757915055): RAC_TrackStates_Soaked
	RAC_TrackStates_Wet	Wet	Mouillé	UNTRANSLATED (2515515269): RAC_TrackStates_Wet	Nass	UNTRANSLATED (2515515269): RAC_TrackStates_Wet	UNTRANSLATED (2515515269): RAC_TrackStates_Wet	UNTRANSLATED (2515515269): RAC_TrackStates_Wet	UNTRANSLATED (2515515269): RAC_TrackStates_Wet	Molhado	Mojado	UNTRANSLATED (2515515269): RAC_TrackStates_Wet	UNTRANSLATED (2515515269): RAC_TrackStates_Wet	UNTRANSLATED (2515515269): RAC_TrackStates_Wet	UNTRANSLATED (2515515269): RAC_TrackStates_Wet
	RAC_Compass_SouthEastShort	SE	SE	SE	SO	SE	ЮВ	SE	SE	SE	SE	SE	남동	东南	東南
	RAC_Compass_SouthShort	S	S	S	S	S	Ю	S	S	S	S	S	남	南	南
	RAC_Compass_SouthWestShort	SW	SO	SO	SW	SO	ЮЗ	SW	SW	SO	SO	SO	남서	西南	西南
	RAC_Compass_NorthEastShort	NE	NE	NE	NO	NE	СВ	NE	NE	NE	NE	NE	북동	东北	東北
	RAC_Compass_NorthShort	N	N	N	N	N	С	N	N	N	N	N	북	北	北
	RAC_Compass_NorthWestShort	NW	NO	NO	NW	NO	СЗ	NW	NW	NO	NO	NO	북서	西北	西北
	RAC_Compass_WestShort	W	O	O	W	O	З	W	W	O	O	O	서	西	西
	RAC_Compass_EastShort	E	E	UNTRANSLATED (4238044253): RAC_Compass_EastShort	O	UNTRANSLATED (4238044253): RAC_Compass_EastShort	UNTRANSLATED (4238044253): RAC_Compass_EastShort	UNTRANSLATED (4238044253): RAC_Compass_EastShort	UNTRANSLATED (4238044253): RAC_Compass_EastShort	E	E	UNTRANSLATED (4238044253): RAC_Compass_EastShort	UNTRANSLATED (4238044253): RAC_Compass_EastShort	UNTRANSLATED (4238044253): RAC_Compass_EastShort	UNTRANSLATED (4238044253): RAC_Compass_EastShort
