sub	key	English	French	Italian	German	Spanish	Russian	Polish	Japanese	Brazilian-Portuguese	Neutral-Spanish	French-Canadian	Korean	Chinese-Simple	Chinese-Traditional
	SetupEngineer_DecisionTree_Downforce	Downforce	Appui aérodynamique	Deportanza	Abtrieb	Carga aerodinámica	Прижимная сила	Siła docisku	ダウンフォース	Downforce	Carga aerodinámica	Appui aérodynamique	다운포스	下压力	下壓力
	SetupEngineer_DecisionTree_Gearing	Gearing	Boîte de vitesses	Rapporti	Getriebe	Marchas	Коробка передач	Skrzynia biegów	ギア	Troca de marchas	Marchas	Boîte de vitesses	기어링	传动装置	傳動裝置
	SetupEngineer_DecisionTree_Suspension	Suspension	Suspensions	Sospensione	Aufhängung	Suspensión	Подвеска	Zawieszenie	サスペンション	Suspensão	Suspensión	Suspensions	서스펜션	悬挂系统	懸吊系統
	SetupEngineer_DecisionTree_Braking	Braking	Freins	Frenata	Bremsen	Frenos	Торможение	Hamowanie	ブレーキング	Frenagem	Freno	Freins	브레이킹	煞车	煞車
	SetupEngineer_DecisionTree_DownforceBranchHeader	What’s the issue with the Downforce on the car?	Quel est le problème avec l'appui de la voiture ?	Che problema c'è con la deportanza dell'auto?	Welches Problem hast du mit dem Abtrieb des Wagens?	¿Cuál es el problema con la carga aerodinámica del coche?	Что не так с прижимной силой?	Jaki problem występuje z siłą docisku samochodu?	車両のダウンフォース上の問題は？	Qual é o problema com a downforce no carro?	¿Qué problema hay con la carga aerodinámica del auto?	Quel est le problème avec l'appui de la voiture?	차량 다운포스에 어떠한 문제가 있습니까? 	车子的下压力发生什么问题？	車子的下壓力發生什麼問題？
	SetupEngineer_DecisionTree_SlowOnStraightsLeafText	I’m slow on the straights.	Je suis trop lent dans les lignes droites.	Sono lento in rettilineo.	Ich bin auf den Geraden zu langsam.	Soy lento en las rectas.	Плохо даются прямые участки.	Samochód jedzie wolno na prostych odcinkach.	直線でスピードが出ない。	Estou lento nas retas.	Voy muy lento en las rectas.	Je suis trop lent dans les lignes droites.	직선 주로에서 느립니다.	我在直线很慢。	我在直線很慢。
	SetupEngineer_DecisionTree_SpinningInFastCornersLeafText	I keep spinning out in fast corners.	Je sors sans arrêt dans les virages rapides.	Perdo sempre il controllo nelle curve veloci.	Ich gerate in schnellen Kurven ins Schleudern.	Pierdo el control en las curvas rápidas.	Меня сносит в быстрых поворотах.	Wypadam z szybkich łuków.	高速コーナーでスピンしてしまう。	Eu sempre rodo em curvas rápidas.	Patino en las curvas rápidas.	Je sors sans arrêt dans les virages rapides.	고속 코너에서 스피닝이 발생합니다.	我在急转弯的时候一直打滑。	我在急轉彎的時候一直打滑。
	SetupEngineer_DecisionTree_DoesntTurnInCornersLeafText	The car doesn’t turn into corners.	La voiture ne tourne pas assez dans les virages.	L'auto non riesce a curvare bene.	Der Wagen lenkt nicht richtig ein.	El coche no entra en las curvas.	Машина плохо входит в повороты.	Samochód nie wchodzi w zakręty.	コーナーを曲がれない。	O carro não faz as curvas.	El auto no gira en las curvas.	La voiture ne tourne pas assez dans les virages.	차량이 코너에서 돌지 않습니다.	车子转不进弯道。	車子轉不進彎道。
	SetupEngineer_DecisionTree_BackToMenu	Go back to the Engineer menu.	Retourner au menu de l'ingénieur.	Torna al menu Ingegnere.	Zurück zum Ingenieursmenü.	Volver al menú Ingeniero.	Вернуться в меню инженера.	Wróć do menu inżyniera.	エンジニアメニューに戻る。	Volte ao menu do Engenheiro.	Volver al menú del ingeniero.	Retourner au menu de l'ingénieur.	엔지니어 메뉴로 돌아가기	返回至工程师菜单。	返回至工程師選單。
	SetupEngineer_DecisionTree_SlowOnStraightsBranchHeader	OK, if you feel you’re too slow on the straights, it could mean that the wing angles, or parts creating downforce, are too high and are creating too much drag. We can lower the rear wing angle, the front downforce angles, or both, if they are present, to create less drag and increase top-end speed. This could have an effect on car balance though, potentially increasing oversteer if only lowering the rears downforce, or understeer if only adjusting the front. 	D'accord, si tu te sens trop lent dans les lignes droites, c'est probablement parce que l'angle de l'aileron arrière est trop élevé et augmente la traînée. On peut réduire l'angle de l'aileron arrière pour réduire la traînée et augmenter la vitesse de pointe mais ça fournira moins d'appui arrière à la voiture, ce qui peut entraîner du survirage.  	La scarsa velocità in rettilineo potrebbe dipendere da un'angolazione eccessiva dell'alettone posteriore, che crea troppa aderenza. Possiamo diminuirla, riducendo l'aderenza e aumentando la velocità massima, ma così avrai anche meno deportanza sul retrotreno e potresti sovrasterzare. 	Okay, falls es sich anfühlt, als ob du auf den Geraden zu langsam bist, dann kann es sein, dass der Anstellwinkel deines Heckflügels zu hoch eingestellt ist und zu viel Strömungswiderstand erzeugt. Wir können den Heckflügel flacher einstellen, wodurch wir den Strömungswiderstand reduzieren und die Höchstgeschwindigkeit erhöhen, aber das heißt auch, dass wir weniger Abtrieb an der Hinterachse haben, was zu Übersteuern führen kann. 	Vale, si crees que el coche va lento en las rectas, quizá se deba a que el ángulo del alerón trasero es demasiado elevado y está produciendo mucha resistencia. Podemos bajar el ángulo para crear menos resistencia y aumentar la velocidad punta, aunque la carga aerodinámica se verá resentida en la parte de atrás, lo que aumenta el sobreviraje. 	Низкая скорость может быть обусловлена высоким сопротивлением, которое создается большим наклоном антикрыла. Мы можем снизить сопротивление, уменьшив угол наклона антикрыла, но это снизит прижимную силу в задней части, что может вызвать избыточную поворачиваемость. 	Jeśli wydaje ci się, że osiągasz zbyt niskie prędkości na prostych odcinkach, może oznaczać to, że kąt nachylenia tylnego skrzydła jest za duży, co powoduje większy opór powietrza. Kąt można zmniejszyć, co prowadzi do mniejszego oporu oraz wyższej prędkości maksymalnej, ale spowoduje to zmniejszenie siły docisku na tyle i potencjalnie nadsterowność. 	直線でスピードが出ない場合、リアウィングの角度が大きすぎて、強いドラッグが発生している可能性がある。リアウィングの角度を小さくすれば、ドラッグが弱まり、最高速が上がる。だが、この場合、リアのダウンフォースが下がってオーバーステアが強くなる可能性がある。	Ok, se você acha que está lento demais nas retas, pode ser que o ângulo da asa traseira esteja alto demais e esteja criando muito arraste. Podemos diminuir o ângulo da asa traseira, criando menos arrasto e aumentando a velocidade, mas isso também dará menos downforce na traseira, o que potencialmente irá aumentar o sobresterço. 	Si notas que vas muy lento en las rectas, puede que el ángulo del alerón trasero sea muy alto y genere mucha resistencia. Podemos bajar el ángulo para generar menos resistencia y aumentar la velocidad máxima, pero al hacerlo también habrá menos carga aerodinámica en la parte trasera y podría aumentar el sobreviraje. 	D'accord, si tu te sens trop lent dans les lignes droites, c'est probablement parce que l'angle de l'aileron arrière est trop élevé et augmente la traînée. On peut réduire l'angle de l'aileron arrière pour réduire la traînée et augmenter la vitesse de pointe mais ça fournira moins d'appui arrière à la voiture, ce qui peut entraîner du survirage. 	직선 주로에서의 속력이 너무 느리다면, 리어 윙 각도가 너무 높아 지나친 공기 저항을 형성하는 것일 수 있습니다. 리어 윙 각도를 낮추어 공기 저항을 줄이고 최고 속도를 높일 수 있으나, 이는 후부의 다운포스를 감소시켜 오버스티어가 증가할 가능성이 있습니다. 	好，如果你觉得直线太慢，那有可能是右尾翼角度太高造成太多阻力。我们可以调低尾翼角度，这么一来会减少阻力并提升高端速度，但会让车尾下压力减少，并可能造成转向过度。	好，如果你覺得直線太慢，那有可能是右尾翼角度太高造成太多阻力。我們可以調低尾翼角度，這麼一來會減少阻力並提升高端速度，但會讓車尾下壓力減少，並可能造成轉向過度。
	SetupEngineer_DecisionTree_BackToDownforce	Go back to the Downforce menu.	Retourner au menu de l'appui.	Torna al menu Deportanza.	Zurück zum Abtriebsmenü.	Volver al menú Carga aerodinámica.	Вернуться в меню прижимной силы.	Wróć do menu siły docisku.	ダウンフォースメニューに戻る。	Volte ao menu de Força vertical descendente.	Volver al menú de carga aerodinámica.	Retourner au menu de l'appui.	다운포스 메뉴로 돌아가기	返回至下压力菜单。	返回至下壓力選單。
	SetupEngineer_DecisionTree_SpinningInFastCornersHeader	OK, if it feels as if you’re losing grip at the rear through fast turns, that could mean that the rear wing angle is too low and not generating enough rear Downforce, which is causing oversteer. We can increase rear Downforce for you. You can also look at the Suspension, as that could provide alternative solutions to this problem.	D'accord, tu sembles perdre en adhérence à l'arrière dans les virages rapides, c'est probablement parce que l'angle de l'aileron arrière est trop bas et ne fournit pas assez d'appui, ce qui cause du survirage. On peut augmenter ton appui ou te laisser jeter un œil aux suspensions afin de trouver une solution alternative au problème.	La perdita di aderenza del retrotreno nelle curve veloci potrebbe dipendere dall'angolazione insufficiente dell'alettone posteriore, che non crea abbastanza deportanza e causa sovrasterzo. Possiamo aumentare la deportanza posteriore, ma puoi anche controllare la sospensione: potrebbe fornire una soluzione alternativa al problema.	Okay, falls es sich anfühlt, als ob du in schnellen Kurven Grip an der Hinterachse verlierst, dann kann es sein, dass der Anstellwinkel des Heckflügels zu flach eingestellt ist und nicht genug Abtrieb erzeugt, was zu Übersteuern führen kann. Wir können den Abtrieb an der Hinterachse erhöhen. Außerdem kannst du dir die Aufhängung ansehen, da auch dort Lösungen für dieses Problem gefunden werden können.	Parece que estás perdiendo agarre en la parte de atrás en las curvas rápidas. Tal vez sea porque el ángulo del alerón trasero es demasiado bajo y no genera suficiente carga aerodinámica trasera, lo que produce sobreviraje. Podemos aumentar la carga aerodinámica trasera por ti. Comprueba también la suspensión, tal vez ofrezca soluciones alternativas a este problema.	Низкое сцепление задних колес с дорогой на резких поворотах может быть связано с низким углом наклона антикрыла - оно не обеспечивает нужной прижимной силы, и заднюю ось сносит. Это легко поправимо - мы можем увеличить прижимную силу. Другой вариант решения - отрегулировать подвеску.	Wygląda na to, że tracisz panowanie nad tyłem samochodu podczas szybkiego brania zakrętów, co może oznaczać, że kąt nachylenia tylnego skrzydła jest za mały, co zmniejsza z tyłu siłę docisku. Możemy zwiększyć siłę docisku tyłu. Możesz też przyjrzeć się ustawieniom zawieszenia, których zmiana potencjalnie rozwiąże ten problem.	高速コーナーでリアのグリップが弱く感じる場合、リアウィングの角度が小さすぎてリアのダウンフォースが不充分なために、オーバーステアになっている可能性がある。リアのダウンフォースを強めてみよう。サスペンションを見直すことで対応してもいいだろう。	Ok, se você sente que está perdendo aderência na traseira em curvas rápidas, pode ser que o ângulo da asa traseira esteja baixo demais e não esteja gerando downforce traseiro o suficiente, causando o sobresterço. Podemos aumentar o downforce traseiro para você. Você também pode olhar a suspensão, pois ela pode oferecer soluções alternativas para esse problema.	Si notas que pierdes agarre en la parte trasera al tomar una curva rápida, puede que el ángulo del alerón trasero sea muy bajo y no genere suficiente carga aerodinámica trasera, y eso provoca sobreviraje. Podemos aumentar la carga aerodinámica. También puedes echarle un vistazo a la suspensión, quizá eso aporte alguna solución alternativa a este problema.	D'accord, tu sembles perdre en adhérence à l'arrière dans les virages rapides, c'est probablement parce que l'angle de l'aileron arrière est trop bas et ne fournit pas assez d'appui, ce qui cause du survirage. On peut augmenter ton appui ou te laisser jeter un œil aux suspensions afin de trouver une solution alternative au problème.	빠른 턴 시 리어의 그립을 잃는 것 같은 느낌이 든다면, 리어 윙 각도가 너무 낮아 충분한 리어 다운포스를 형성하지 못해 오버스티어가 발생하는 것일 수 있습니다. 리어 다운포스를 증가시킬 수 있습니다. 또한, 서스펜션을 확인하여 이 문제의 또 다른 해결책을 찾을 수도 있습니다.	好，看起来你在快弯时车尾会失去抓地力，这有可能是因为尾翼角度太低而产生的后方下压力不足，所以造成过度转向。我们可以帮你增加后方下压力。你也可以看看悬挂系统，那有可能为这个问题提供其他解决方案。	好，看起來你在快彎時車尾會失去抓地力，這有可能是因為尾翼角度太低而產生的後方下壓力不足，所以造成過度轉向。我們可以幫你增加後方下壓力。你也可以看看懸吊系統，那有可能為這個問題提供其他解決方案。
	SetupEngineer_DecisionTree_DoesntTurnInCornersHeader	OK, if you feel as if the car isn’t turning into corners, in all likelihood you’re suffering from understeer. We can increase the front wing, or splitter angle, which will give you more front Downforce and “bite”.	D'accord, si tu sens que la voiture ne tourne pas assez dans les virages, c'est probablement du sous-virage. Tu peux augmenter l'angle du diffuseur ou de l'aileron avant, ce qui fournirait plus d'appui et d'adhérence.	Se l'auto non gira a sufficienza in curva, soffre di sottosterzo. Possiamo aumentare l'angolazione dell'alettone anteriore o dello splitter, aumentando la deportanza.	Okay, falls es sich anfühlt, als ob der Wagen nicht richtig einlenkt, dann hast du es aller Wahrscheinlichkeit nach mit Untersteuern zu tun. Wir können den Anstellwinkel des Frontflügels oder -diffusors erhöhen, was dem Wagen mehr Abtrieb und "Biss" verleihen sollte.	Vale, si crees que el coche no toma bien las curvas, lo más probable es que sufras subviraje. Podemos elevar el ángulo del alerón delantero para proporcionarte más carga aerodinámica y agarre en la parte delantera.	Если машина плохо входит в повороты, значит речь идет о недостаточной поворачиваемости. Мы можем добавить наклон переднему антикрылу или сплиттеру, увеличив прижимную силу в передней части и лучший зацеп.	Jeśli wydaje ci się, że samochód nie wchodzi odpowiednio w zakręty, najprawdopodobniej jest to spowodowane podsterownością. Możemy zwiększyć kąt przedniego skrzydła lub dyfuzora zderzaka, co stworzy większą siłę docisku i doda „kopa”.	コーナーを上手く曲がれないと感じているなら、きっとアンダーステアになっていることが原因だ。フロントウィングの角度やスプリッタ角を大きくしてフロントダウンフォースを強くすれば、強いグリップが得られるだろう。	Ok, se você sente que o carro não está fazendo as curvas, é muito provável que você esteja sofrendo com subesterço. Nós podemos aumentar o ângulo da asa dianteira, ou do splitter, que dará a você mais downforce dianteira.	Si notas que el auto no gira en las curvas, probablemente sea producto del subviraje. Podemos aumentar el alerón delantero, o el ángulo del splitter, para que tengas más carga aerodinámica delantera e «impulso».	D'accord, si tu sens que la voiture ne tourne pas assez dans les virages, c'est probablement du sous-virage. Tu peux augmenter l'angle du diffuseur ou de l'aileron avant, ce qui fournirait plus d'appui et d'adhérence.	차량이 코너에서 돌지 않는 것 같은 느낌이 든다면, 언더스티어 문제일 가능성이 큽니다. 프런트 윙 또는 스플리터 각도를 크게 하면 더 큰 프런트 다운포스와 "붙잡는 느낌"을 받을 수 있습니다. 	好，如果你觉得车子在弯道转不过去，你应该是转向不足。可以增加前翼或分离角，那会让你有更多前方下压力和「咬力」。	好，如果你覺得車子在彎道轉不過去，你應該是轉向不足。可以增加前翼或分離角，那會讓你有更多前方下壓力和「咬力」。
	SetupEngineer_DecisionTree_TopSpeedProblems	I can’t hit my top speed.	Je n'arrive pas à atteindre ma vitesse de pointe.	Non riesco a raggiungere la velocità massima.	Ich kann meine Höchstgeschwindigkeit nicht erreichen.	No logro alcanzar mi velocidad máxima.	Не могу набрать максимальную скорость.	Nie osiągam prędkości maksymalnej.	最高速が出ない。	Não consigo atingir a minha velocidade máxima.	No logro alcanzar la velocidad máxima.	Je n'arrive pas à atteindre ma vitesse de pointe.	최고 속력에 도달하지 못합니다.	我达不到最高时速。	我達不到最高時速。
	SetupEngineer_DecisionTree_SlowAcceleratingProblems	I am slow accelerating.	J'accélère lentement.	L'accelerazione è lenta.	Ich beschleunige zu langsam.	Acelero con lentitud.	Плохое ускорение.	Samochód wolno przyspiesza.	加速が悪い。	Demora para eu acelerar.	Acelero muy despacio.	J'accélère lentement.	느리게 가속됩니다.	我的加速很慢。	我的加速很慢。
	SetupEngineer_DecisionTree_GearingBranchHeader	What’s the issue with the gearing?	Quel est le problème avec les rapports de la voiture ?	Che problema c'è coi rapporti?	Welches Problem hast du mit dem Getriebe?	¿Cuál es el problema con las marchas?	Что не так с коробкой передач?	Jaki problem występuje z biegami?	ギアの何が問題だ？	Qual é o problema com as marchas?	¿Qué problema hay con las marchas?	Quel est le problème avec les rapports de la voiture?	기어링에 어떠한 문제가 있습니까?	传动装置现在发生什么问题？	傳動裝置現在發生什麼問題？
	SetupEngineer_DecisionTree_BackToGearing	Go back to the Gearing menu.	Retourner au menu des rapports.	Torna al menu Rapporti.	Zurück zum Getriebemenü.	Volver al menú Marchas.	Вернуться в меню коробки передач.	Wróć do menu skrzyni biegów.	ギアメニューに戻る。	Volte ao menu de Marchas.	Volver al menú de marchas.	Retourner au menu des rapports.	기어링 메뉴로 돌아가기	返回至传动装置菜单。	返回至傳動裝置選單。
	SetupEngineer_DecisionTree_TopSpeedBranchHeader	OK, so you aren’t able to hit top speed. Are you hitting, or getting very near the rev’ limiter, in highest gear on the longest straight? 	"D'accord, tu as du mal à atteindre ta vitesse de pointe. Est-ce que tu déclenches ou approches le limiteur de régime en vitesse la plus haute dans une ligne droite ? " 	Quindi non riesci a raggiungere la velocità massima. Sul rettilineo più lungo, con la marcia più alta ingranata, arrivi vicino al limitatore di giri? 	Okay, du erreichst also deine Höchstgeschwindigkeit nicht. Erreichst du auf der längsten Gerade und im höchsten Gang den Drehzahlbegrenzer vollständig oder zumindest fast? 	Así que no logras alcanzar la velocidad máxima. ¿Alcanzas o te acercas al limitador de revoluciones con la marcha más alta en la recta más larga? 	Не удается набрать максимальную скорость... А что у вас с оборотами на максимальной передаче - стрелка поднимается до уровня ограничителя? 	Nie jesteś w stanie osiągnąć prędkości maksymalnej. Czy na najdłuższych prostych dochodzisz lub zbliżasz się do limitu ogranicznika obrotów na najwyższym biegu?	最高速が出ないのだな。ストレートでトップギアにした時に、レブリミッターの限界値近くの回転数まで出ているか？ 	Ok, então você não consegue atingir velocidade máxima. Você atinge ou chega muito perto de atingir o limitador de giro na marcha mais alta na maior reta? 	¿No logras alcanzar la velocidad máxima? ¿Alcanzas el límite de revoluciones, o te quedas muy cerca, con la marcha más alta en la recta más larga? 	D'accord, vous avez du mal à atteindre votre vitesse de pointe. Est-ce que vous activez ou approchez le limiteur de régime en vitesse la plus haute dans une ligne droite? 	최고 속력에 도달하지 못하고 있습니까? 최장 직선 주로에서 기어를 가장 높였을 때 레브 리미터에 도달하거나 근처에 도달합니까?	好，所以你现在达不到最高速。你在最长的直线有达到或接近转速限制的最高速吗？ 	好，所以你現在達不到最高速。你在最長的直線有達到或接近轉速限制的最高速嗎？ 
	SetupEngineer_DecisionTree_Yes	Yes	Oui	Sì	Ja	Sí	Да	Tak	はい	Sim	Sí	Oui	예	是	是
	SetupEngineer_DecisionTree_No	No	Non	No	Nein	No	Нет	Nie	いいえ	Não	No	Non	아니오	否	否
	SetupEngineer_DecisionTree_GoBack	Go back	Retour	Indietro	Zurück	Volver	Назад	Wstecz	戻る	Voltar	Volver	Retour	돌아가기	返回	返回
	SetupEngineer_DecisionTree_FinalDriveUp	So, you are hitting or getting very near to the rev limiter in the highest gear on the longest straight.	Donc tu déclenches ou approches le limiteur de régime en vitesse la plus haute dans une ligne droite.	Quindi sul rettilineo più lungo, con la marcia più alta ingranata, arrivi vicino al limitatore di giri.	Du erreichst also auf der längsten Gerade und im höchsten Gang den Drehzahlbegrenzer vollständig oder zumindest fast.	Así que alcanzas o te acercas al limitador de revoluciones con la marcha más alta en la recta más larga.	Итак, тахометр показывает максимальное или близкое к максимальному значение на длинном прямом участке.	Na najdłuższych prostych dochodzisz lub zbliżasz się do limitu ogranicznika obrotów na najwyższym biegu.	最長ストレートでトップギアにしたときに、レブリミッターの限界値近くの回転数が出ているのだな。	Então, você atinge ou chega muito perto de atingir o limitador de giro na marcha mais alta na maior reta.	Alcanzas el límite de revoluciones, o te quedas muy cerca, con la marcha más alta en la recta más larga.	Donc tu déclenches ou approches le limiteur de régime en vitesse la plus haute dans une ligne droite.	최장 직선 주로에서 기어를 가장 높였을 때 레브 리미터나 그 근처에 도달하고 있군요.	所以，你在最长的直线有达到或接近转速限制的最高速。	所以，你在最長的直線有達到或接近轉速限制的最高速。
	SetupEngineer_DecisionTree_FinalDriveDown	So, you are not hitting or getting very near to the rev limiter in the highest gear on the longest straight.	Donc tu ne déclenches pas ou n'approches pas le limiteur de régime en vitesse la plus haute dans une ligne droite.	Quindi sul rettilineo più lungo, con la marcia più alta ingranata, non arrivi vicino al limitatore di giri.	Du erreichst also auf der längsten Gerade und im höchsten Gang den Drehzahlbegrenzer nicht vollständig und auch nicht fast.	Así que no alcanzas o te acercas al limitador de revoluciones con la marcha más alta en la recta más larga.	Так, обороты на длинном прямом участке не доходят до максимального уровня.	Na najdłuższych prostych nie dochodzisz lub nie zbliżasz się do limitu ogranicznika obrotów na najwyższym biegu.	最長ストレートでトップギアにしたときに、レブリミッターの限界値近くの回転数が出ていないのだな。	Então, você não atinge ou chega muito perto de atingir o limitador de giro na marcha mais alta na maior reta.	No alcanzas el límite de revoluciones, ni te quedas muy cerca, con la marcha más alta en la recta más larga.	Donc tu ne déclenches pas ou n'approches pas le limiteur de régime en vitesse la plus haute dans une ligne droite.	최장 직선 주로에서 기어를 가장 높였을 때 레브 리미터나 그 근처에 도달하지 못하고 있군요.	所以，你在最长的直线没有达到或接近转速限制的最高速。	所以，你在最長的直線沒有達到或接近轉速限制的最高速。
	SetupEngineer_DecisionTree_SlowAcceleratingBranchHeader	OK, so you feel as if your acceleration is too slow. I’d suggest we lower the Final Drive Ratio to give you better acceleration: this will help you reach top speed quicker.	D'accord, tu as l'impression d'accélérer trop lentement. Je te suggère de réduire le rapport de transmission secondaire pour obtenir une meilleure accélération, tu atteindras ainsi plus vite ta vitesse de pointe.	Se credi che l'accelerazione sia lenta, suggerisco di diminuire l'ultimo rapporto di trasmissione per migliorarla. In questo modo raggiungerai più rapidamente la velocità massima.	Okay, du findest also, dass deine Beschleunigung zu langsam ist. Ich schlage vor, dass wir die Achsübersetzung niedriger einstellen, um eine bessere Beschleunigung zu bewirken. Das wird dir helfen, deine Höchstgeschwindigkeit schneller zu erreichen.	Vale, si piensas que tu aceleración es demasiado lenta, te recomiendo reducir la relación de transmisión final para mejorar la aceleración. Así podrás alcanzar antes tu velocidad punta.	Итак, машина плохо ускоряется. Могу посоветовать снизить конечное передаточное число - это прибавит ускорение и даст возможность быстрее набрать максимальную скорость.	Wydaje ci się, że przyspieszenie jest za niskie. Sugerujemy zmniejszenia przełożenia, aby zwiększyć przyspieszenie. To umożliwi szybsze osiąganie prędkości maksymalnej.	つまり、加速が鈍すぎると感じるのだな。最終減速比を落として加速を上げてみてはどうだ？ こうすることで、最高速まで短時間で到達できるようになるはずだ。	Ok, então você acha que a sua aceleração está muito lenta. Eu sugiro diminuir a transmissão final para te dar uma aceleração melhor: isso ajudará você a atingir a velocidade máxima mais depressa.	Notas que aceleras muy despacio. Mi consejo es que bajemos la relación de la transmisión final para mejorar la aceleración, así podrás alcanzar antes la velocidad máxima.	D'accord, tu as l'impression d'accélérer trop lentement. Je te suggère de réduire le rapport de transmission secondaire pour obtenir une meilleure accélération, tu atteindras ainsi plus vite ta vitesse de pointe.	가속이 너무 늦다고 느끼고 있군요. 가속의 향상을 위해 파이널 기어비를 낮추는 것은 어떻습니까? 최고 속도에 더 빨리 도달할 수 있게 도와줄 것입니다.	好，所以你觉得你的加速太慢。我会建议我们调低最终传动比，好让你有更好的加速：这会帮助你更快达到最高速。	好，所以你覺得你的加速太慢。我會建議我們調低最終傳動比，好讓你有更好的加速：這會幫助你更快達到最高速。
	SetupEngineer_DecisionTree_CarTurnsTooMuchLeafText	The car is turning too much in corners.	La voiture tourne trop dans les virages.	L'auto gira troppo in curva.	Der Wagen dreht in Kurven zu stark ein.	El coche gira demasiado en las curvas.	Машина слишком резко поворачивает.	Samochód za mocno skręca w zakrętach.	マシンがコーナーで曲がりすぎる。	O carro vira muito nas curvas.	El auto gira demasiado en las curvas.	La voiture tourne trop dans les virages.	차가 코너에서 너무 많이 회전합니다.	车子在弯道转太多了。	車子在彎道轉太多了。
	SetupEngineer_DecisionTree_TyreWornLeafText	It feels like after just a few laps, the tyres are gone and not working.	J'ai l'impression que les pneus ne fonctionnent plus après quelques tours.	Dopo alcuni giri le gomme sono usurate e non funzionano bene.	Es fühlt sich an, als ob die Reifen schon nach wenigen Runden abgenutzt sind und nicht mehr greifen.	Parece que después de unas pocas vueltas, no quedan neumáticos y no funcionan.	Спустя пару кругов кажется, что шин нет и они не работают.	Po kilku okrążeniach jest po oponach i nie działają prawidłowo.	わずかなラップで、タイヤが使い物にならなくなる。	Parece que, depois de algumas voltas, os pneus não funcionam mais.	Parece que después de unas vueltas, los neumáticos se desgastan y no responden bien.	J'ai l'impression que les pneus ne fonctionnent plus après quelques tours.	몇 랩 이후에 타이어가 없어져 작동하지 않는 것처럼 느껴집니다.	感觉过了几圈，轮胎就没了并开始失灵。	感覺過了幾圈，輪胎就沒了並開始失靈。
	SetupEngineer_DecisionTree_SuspensionBranchHeader	What’s the issue with the handling of the car?	Quel est le problème avec la maniabilité de la voiture ?	Che problema c'è con la manovrabilità dell'auto?	Wo liegt das Problem beim Handling des Wagens?	¿Qué problema hay con el manejo del coche?	Что не так с управляемостью?	Jaki problem występuje z prowadzeniem?	車両ハンドリングにどんな問題がある？	Qual é o problema com a dirigibilidade do carro?	¿Qué problema hay con el manejo del auto?	Quel est le problème avec la maniabilité de la voiture?	차량의 핸들링에 어떠한 문제가 있습니까?	车子的操控发生什么问题？	車子的操控發生什麼問題？
	SetupEngineer_DecisionTree_CarDoesNotTurnTurningIn	When turning in.	À l'entrée des virages.	All'ingresso in curva.	Beim Einlenken.	Al girar.	При входе в поворот.	Podczas wchodzenia.	コーナー進入時。	Ao virar.	Al entrar en la curva.	À l'entrée des virages.	턴을 할 때 발생합니다.	入弯时。	進彎時。
	SetupEngineer_DecisionTree_CarDoesNotTurnSupspensionBranchHeader	OK, that sounds like understeer. Where in the corner is it not turning as much as you’d like? At the point of turning in? Or going through the corner? Or coming out through the exit?	D'accord, tu sembles avoir un problème de sous-virage. À quel moment sens-tu que le véhicule ne tourne pas assez ? À l'entrée, à la sortie ou tout au long du virage ?	Si direbbe un problema di sottosterzo. In che punto della curva l'auto non gira come vorresti? All'ingresso? Durante? O in uscita?	Okay, das klingt nach einer Untersteuerung. Wo genau in der Kurve legt sich der Wagen nicht so sehr hinein, wie du es gerne hättest? Beim Einfahren in die Kurve? Auf dem Scheitelpunkt? Oder wenn du aus der Kurve hinauskommst?	Vale, parece subviraje. ¿En qué parte de la curva no gira tanto como te gustaría? ¿En el primer momento de girar? ¿O al negociar la curva o al salir de ella?	Понятно. Это похоже на снос передней оси. В какой момент поворота машина перестает слушаться - на входе, в середине или на выходе из поворота?	Brzmi jak podsterowność. Na którym etapie zakrętu samochód nie skręca prawidłowo? Przy wchodzeniu, przejeżdżaniu czy wychodzeniu?	アンダーステアになっているようだな。思い通りにハンドリングできないのは、コーナーのどのあたりだ？ コーナー進入時か？ 通過中か？ それとも脱出時か？	Ok, isso parece subesterço. Onde na curva não está virando tanto quanto você gostaria? No ponto de entrada? Ou ao virar durante a curva? Ou ao sair dela?	Parece que es un problema de subviraje. ¿En qué momento notas que no gira tanto? ¿Al entrar? ¿Justo cuando estás dentro? ¿Al salir de la curva?	D'accord, vous semblez avoir un problème de sous-virage. À quel moment sentez-vous que le véhicule ne tourne pas assez? À l'entrée, à la sortie ou tout au long du virage?	언더스티어 문제로 보입니다. 코너의 어느 부분에서 원하는 만큼 턴이 되지 않습니까? 턴을 시작하는 시점입니까? 혹은 코너를 통과할 때입니까? 또는 코너를 나올 때입니까? 	好，那听起来像转向不足。过弯时，哪一部分未如你预期的转动？在进弯时吗？还是通过弯道时？或是出弯道时？	好，那聽起來像轉向不足。過彎時，哪一部分未如你預期的轉動？在進彎時嗎？還是通過彎道時？或是出彎道時？
	SetupEngineer_DecisionTree_CarDoesNotTurnMidCornerUndersteer	Throughout the corner.	Tout au long des virages.	Durante la curva.	Im Verlauf der Kurve.	Al negociar la curva.	На всем повороте.	Przy przejeżdżaniu przez zakręt.	コーナー通過中。	Durante a curva.	A lo largo de la curva.	Tout au long des virages.	코너 전반에서 발생합니다.	通过弯道时。	整個彎道。
	SetupEngineer_DecisionTree_CarDoesNotTurnCornerExit	It’s on corner exit.	À la sortie des virages.	In uscita di curva.	Bei der Kurvenausfahrt.	Es a la salida de las curvas.	На выходе из поворота.	Przy wychodzeniu.	コーナー脱出時。	Ao sair da curva.	Al salir de la curva.	À la sortie des virages.	코너를 나올 때 발생합니다.	出弯道时。	出彎道時。
	SetupEngineer_DecisionTree_CarDoesNotTurnTurningInHeader	OK, it sounds as if you’re getting understeer when turning in. There are a couple of things we can do here. First, we can stiffen the front springs to make the car more responsive when turning in. The other thing we can do depends on whether or not you’re bottoming-out. If you’re not, we can lower the front ride height to generate a bit more front downforce for those faster corners.	D'accord, tu sembles avoir un problème de sous-virage à l'entrée des virages. Il y a plusieurs solutions à ça. Tu peux d'abord augmenter la raideur des ressorts pour que la voiture réponde mieux dans les virages, mais tu peux aussi abaisser l'avant de la voiture pour la rapprocher de la piste et obtenir ainsi un peu plus d'appui dans les virages rapides, à condition de ne pas toucher la piste.	Allora hai un problema di sottosterzo all'ingresso in curva. Possiamo rimediare in un paio di modi. Prima di tutto possiamo irrigidire le molle anteriori per rendere l'auto più reattiva all'ingresso in curva. Per l'altra cosa, prima devo sapere se tocchi o no il fondo stradale. Se non lo tocchi, possiamo abbassare l'altezza da terra anteriore per generare un po' più di deportanza nelle curve più veloci.	Okay, es hört sich an, als ob du es beim Einlenken mit Untersteuern zu tun hast. Wir können zwei Dinge probieren. Zunächst können wir die Frontfederraten steifer einstellen, um den Wagen beim Einlenken reaktionsfähiger zu machen. Die zweite Möglichkeit hängt davon ab, ob du bereits mit Durchschlagen zu kämpfen hast. Falls nicht, können wir die Bodenfreiheit vorn etwas reduzieren, um mehr Abtrieb in schnellen Kurven zu erzeugen.	Vale, parece que sufres subviraje al tomar la curva. Tenemos dos soluciones. La primera es aumentar la rigidez de los muelles frontales para que el coche responda mejor al girar. La segunda depende de si tocas fondo o no; si no lo haces, podemos bajar la altura delantera para generar un poco más de carga aerodinámica delante de cara a las curvas rápidas.	Ясно. Видимо, на входе в поворот сносит переднюю ось. Попробуем решить проблему. Один из вариантов - добавить жесткости передним амортизаторам, чтобы сделать машину послушнее на входе. Второй вариант зависит от просадки машины. Если она небольшая, то можно уменьшить дорожный просвет, увеличив тем самым прижимную силу на резких поворотах.	Wygląda na to, że podczas wchodzenia w zakręt występuje podsterowność. Można zrobić z tym kilka rzeczy. Najpierw usztywnijmy przednie sprężyny, aby samochód lepiej reagował przy wchodzeniu w zakręt. Kolejne kroki zależą od tego, czy auto dobija do podłoża. Jeśli tak się nie dzieje, możemy obniżyć przód samochodu, aby wygenerować więcej siły docisku na szybkich zakrętach.	進入時にアンダーステアになっているようだな。対策としてはいくつか候補がある。まず、フロントバネレートを上げれば、コーナー進入時のマシンの反応が速くなる。もうひとつの対策には、マシンが底突きしているかどうかが大きく影響する。マシンが底突きしていないなら、フロント最低地上高を低くして、高速コーナーでのフロントダウンフォースを強めてもいいだろう。	Ok, parece que você está subesterçando ao entrar na curva. Há duas coisas que nós podemos fazer. Primeiro, podemos endurecer as molas dianteiras para deixar o carro mais responsivo ao virar. A outra coisa que podemos fazer depende se você está ou não chegando ao fim de curso. Se não está, podemos abaixar a altura dianteira para gerar um pouco mais de downforce dianteira para essas curvas ligeiras.	Parece que el auto subvira al entrar en las curvas. Hay un par de cosas que podemos hacer. Una de ellas es aumentar los índices de rigidez delanteros para que el auto responda mejor al girar. La otra depende de si estás tocando el suelo o no. Si no lo estás tocando, podemos bajar la altura de marcha delantera para generar más carga aerodinámica delantera en las curvas rápidas.	D'accord, tu sembles avoir un problème de sous-virage à l'entrée des virages. Il y a plusieurs solutions à ça. Tu peux d'abord augmenter la raideur des ressorts pour que la voiture réponde mieux dans les virages, mais tu peux aussi abaisser l'avant de la voiture pour la rapprocher de la piste et obtenir ainsi un peu plus d'appui dans les virages rapides, à condition de ne pas toucher la piste.	턴을 할 때 언더스티어 현상이 발생하는 것으로 보입니다. 몇 가지 방법이 있습니다. 우선, 프런트 스프링을 강화하여 턴 시 차량의 반응성을 향상할 수 있습니다. 또 다른 방법은 당신이 바터밍 아웃을 하고 있는지 여부에 달려 있습니다. 그렇지 않다면, 프런트 지상고를 낮춰 빠른 속도로 진입하는 코너에서 프런트 다운포스를 더 형성할 수 있습니다.	好，听起来你在转入时会转向不足，有几件事是我们能做的。 首先，我们可以调硬前弹簧，好让车子在入弯时更灵敏， 而另一件我们能做的事就要看你愿不愿意触底。如果你不愿意， 我们可以降低前底盘高度，以增加一些前方下压力以对应急转弯。	好，聽起來你在轉入時會轉向不足，有幾件事是我們能做的。首先，我們可以調硬前彈簧，好讓車子在入彎時更靈敏，而另一件我們能做的事就要看你願不願意觸底。如果你不願意，我們可以降低前車身高度，以增加一些前方下壓力以對應急轉彎。
	SetupEngineer_DecisionTree_CarDoesNotTurnCornerExitHeader	OK, so you feel as if you’re getting turn-exit understeer. We can do two things: First, we can stiffen the rear Anti-Roll Bars to reduce the car's body roll. Second, we can raise the car’s rear ride height.	D'accord, tu sembles avoir un problème de sous-virage à la sortie des virages. On peut corriger ça de deux façons : augmenter la raideur de la barre anti-roulis arrière pour réduire le roulis de la voiture ou réhausser l'arrière de la voiture.	Quindi hai un problema di sottosterzo in uscita di curva. Possiamo fare due cose: prima di tutto, irrigidire la barra antirollio posteriore per ridurre l'inclinazione dell'auto, poi aumentare l'aaltezza da terra posteriore.	Okay, du findest also, dass du beim Verlassen einer Kurve untersteuerst. Wir können zwei Dinge probieren. Zunächst können wir die hinteren Stabilisatoren versteifen, um die Rollbewegungen des Wagens zu reduzieren. Zusätzlich können wir die Bodenfreiheit hinten erhöhen.	Vale, así que percibes un subviraje al salir de las curvas. Podemos hacer dos cosas: o bien aumentamos la rigidez de las barras estabilizadoras traseras para reducir la inclinación de la carrocería, o bien aumentamos la altura trasera del coche.	Итак, на выходе происходит снос передней оси. Проблема решается двумя способами: во-первых, можно добавить жесткости задним стабилизаторам поперечной устойчивости, снизив крен машины; во-вторых, можно поднять зад машины.	Wygląda na to, że podczas wychodzenia z zakrętu występuje podsterowność. Mamy dwie opcje: usztywnić tylne stabilizatory poprzeczne, aby zmniejszyć przechyły. Możemy też podwyższyć tył auta.	コーナー脱出時にアンダーステアになっているようだな。2つの対策が考えられる。まず、リアスタビライザーを硬くして車体のロールを抑える方法。2つ目は、リア最低地上高を高くすることだ。	Ok, então você sente que está subesterçando na saída da curva. Podemos fazer duas coisas. Primeiro, podemos endurecer as barras antirrolagem traseiras para reduzir a torção do chassi. Segundo, podemos aumentar a distância da traseira do carro do solo.	Parece que el auto subvira al salir de las curvas. Podemos hacer dos cosas. Una de ellas es reforzar las barras estabilizadoras traseras para reducir el giro de la carrocería. La otra es subir la altura de marcha trasera del auto.	D'accord, tu sembles avoir un problème de sous-virage à la sortie des virages. On peut corriger ça de deux façons : augmenter la raideur de la barre anti-roulis arrière pour réduire le roulis de la voiture ou réhausser l'arrière de la voiture.	코너를 나올 때 언더스티어 현상을 느끼고 있군요. 두 가지 방법이 있습니다. 우선, 리어 안티 롤 바를 강화하여 바깥쪽으로 차량의 하중이 쏠리는 현상을 줄일 수 있습니다. 두 번째로, 차량의 지상고를 올릴 수 있습니다.	好，所以你觉得你转出弯道时转向不足。我们可以做两件事： 首先，我们可以调硬后防倾杆来减少车子滚动。 第二，我们可以调高后底盘高度。	好，所以你覺得你轉出彎道時轉向不足。我們可以做兩件事：首先，我們可以調硬後防傾桿來減少車子滾動。第二，我們可以調高後車身高度。
	SetupEngineer_DecisionTree_CarDoesNotTurnMidCornerUndersteerHeader	OK, so you feel as if you’re getting understeer, or push, mid-turn. Let’s stiffen the rear Anti-Roll Bars. This should help stop the rear from rolling around as much, and will also generate a little more rotation in the turn.	D'accord, tu sembles avoir un problème de sous-virage en milieu de virage. Augmentons la raideur des barres anti-roulis pour réduire le roulis à l'arrière et générer un peu plus de rotation dans le virage.	Quindi hai un problema di sottosterzo durante la curva. Irrigidiamo la barra antirollio posteriore: l'auto dovrebbe inclinarsi di meno e la rotazione in curva aumenterà.	Okay, du findest also, dass du beim Durchfahren von Kurven untersteuerst. Stellen wir die hinteren Stabilisatoren etwas steifer ein. Das sollte das Heck davon abhalten, zu sehr zu rollen, und dir etwas mehr Rotation in der Kurve verleihen.	Vale, de modo que notas subviraje en plena curva. Vamos a aumentar la rigidez de las barras estabilizadoras traseras. Así evitamos que la parte de atrás ruede tanto y generamos algo más de rotación en la curva.	Вам кажется, что снос происходит на середине поворота. Попробуем прибавить жесткость задним стабилизаторам поперечной устойчивости - это уменьшит крен в задней части и улучшит прохождение поворотов.	W środku zakrętu odczuwasz nadsterowność. Usztywnijmy tylne stabilizatory poprzeczne. To powinno zmniejszyć przechyły tyłu samochodu i wygenerować odrobinę więcej skrętu.	コーナー中盤でアンダーステアになって膨らんでしまうようだな。リアスタビライザーを硬くしてみよう。そうすることで、リアのロールを抑えることができ、コーナリングしやすくなるはずだ。	Ok, então você sente que está subesterçando durante a curva. Vamos endurecer as barras antirrolagem traseiras. Isso deve ajudar a impedir a traseira de rodar tanto e também gerará um pouco mais de rotação na curva.	Parece que el auto subvira en la mitad de las curvas. Vamos a reforzar las barras estabilizadoras traseras. De este modo, la parte trasera no girará tanto y generará un poco más de rotación en la curva.	D'accord, tu sembles avoir un problème de sous-virage en milieu de virage. Augmentons la raideur des barres anti-roulis pour réduire le roulis à l'arrière et générer un peu plus de rotation dans le virage.	턴 중간에 언더스티어 또는 밀림 현상을 느끼고 있군요. 리어 안티 롤 바를 강화합시다. 이는 차량 후부의 하중이 바깥쪽으로 쏠리는 현상을 방지하고, 턴 시 더 많은 회전력을 생성할 것입니다.	好，所以你觉得你转向不足，或弯道中途被推挤。让我们调硬后防倾杆。这应该会帮助避免车尾滚动太多，也会在过弯时产生多一点点旋转。	好，所以你覺得你轉向不足，或彎道中途被推擠。讓我們調硬後防傾桿。這應該會幫助避免車尾滾動太多，也會在過彎時產生多一點點旋轉。
	SetupEngineer_DecisionTree_CarTurnsTooMuchTurningIn	When turning in.	À l'entrée des virages.	All'ingresso in curva.	Beim Einlenken.	Al girar.	При входе в поворот.	Podczas wchodzenia.	コーナー進入時。	Ao virar.	Al entrar en la curva.	À l'entrée des virages.	턴을 할 때 발생합니다.	进弯时。	進彎時。
	SetupEngineer_DecisionTree_CarTurnsTooMuchMidCornerBranchHeader	OK, so the car is oversteering when turning into a corner. There are two things we can do to help. First, we can stiffen the front Anti-Roll Bar to reduce body roll when turning into the turn. Second, we can stiffen the front spring rates to give the car more support when going into a turn. Alternatively, you can take a look at the Downforce section and see if that will help to improve the handling.	D'accord, la voiture a un problème de survirage à l'entrée des virages. On peut corriger ça de deux façons : augmenter la raideur de la barre anti-roulis avant pour réduire le roulis de la voiture ou augmenter la raideur des ressorts avant pour mieux soutenir la voiture à l'entrée des virages. Autrement, tu peux effectuer des modifications dans la section appui de la voiture pour tenter d'améliorer sa maniabilité.	Allora l'auto sovrasterza quando affronti la curva. Possiamo rimediare in due modi. Prima di tutto, irrigidendo la barra antirollio anteriore per ridurre l'inclinazione dell'auto durante la sterzata, poi irrigidire le molle posteriori per fornire all'auto più supporto durante l'ingresso in curva. In alternativa, puoi dare un'occhiata alla sezione Deportanza e vedere se riesci a migliorare la manovrabilità da lì.	Okay, der Wagen übersteuert also beim Einlenken in die Kurve. Wir können zwei Dinge ausprobieren: Erstens können wir den Frontstabilisator versteifen, um Rollbewegungen beim Einlenken zu reduzieren. Zweitens können wir die Frontfederraten härter einstellen, um den Wagen beim Einlenken besser abzustützen. Alternativ kannst du dir auch das Abtriebsmenü ansehen, um auf diese Weise das Handling zu verbessern.	Vale, así que el coche tiene sobreviraje al entrar en las curvas. Podemos hacer dos cosas al respecto: aumentar la rigidez de las barras estabilizadoras delanteras para reducir la inclinación de la carrocería al negociar la curva, o aumentar la rigidez del tarado de muelles delanteros para ayudar al coche a entrar en la curva. También puedes visitar la sección de carga aerodinámica para ver cómo puedes mejorar el manejo.	Итак, переднюю ось сносит при входе в поворот. У нас есть два варианта. Можно прибавить жесткость переднему стабилизатору поперечной устойчивости, снизив крен на входе в поворот. Или же мы можем добавить жесткости передним амортизаторам, придав опору машине в поворотах. Кроме того, можно отрегулировать прижимную силу - она тоже влияет на управляемость.	Samochód wchodzi w nadsterowność podczas skręcania. Możemy zrobić dwie rzeczy. Najpierw usztywnijmy przedni stabilizator poprzeczny, aby zmniejszyć przechył podczas wchodzenia w zakręt. Następnie możemy usztywnić przednie sprężyny, aby samochód miał trochę więcej wsparcia podczas skręcania. Możesz również zerknąć na ustawienia siły docisku i sprawdzić, czy zmiany nie poprawią sterowania.	コーナー進入時にオーバーステアになるようだな。考えられる対処法は2つだ。まず、フロントスタビライザーを硬くして、コーナー進入時の車体のロールを抑える方法。2つ目は、フロントバネレートを上げて進入時の反応を高める方法だ。また、ダウンフォースのセクションでセッティングを見直してもいいだろう。	Ok, então o carro está sobresterçando ao virar em uma curva. Há duas coisas que podemos fazer para ajudar. Primeiro, podemos endurecer a barra antirrolagem dianteira para reduzir a torção do chassi ao virar. Segundo, podemos endurecer as molas dianteiras para dar ao carro mais apoio ao virar. Alternativamente, você pode olhar a seção sobre downforce e ver se ela ajudará a melhorar a pilotagem.	El auto sobrevira al entrar en las curvas. Hay dos cosas que podemos hacer. Una de ellas es reforzar la barra estabilizadora delantera para reducir el giro de la carrocería al entrar en las curvas. La otra es aumentar los índices de rigidez delanteros para que el auto tenga más apoyo al entrar en las curvas. Si quieres, también puedes echarle un vistazo a la sección de carga aerodinámica para ver si eso ayuda a mejorar el manejo.	D'accord, la voiture a un problème de survirage à l'entrée des virages. On peut corriger ça de deux façons : augmenter la raideur de la barre anti-roulis avant pour réduire le roulis de la voiture ou augmenter la raideur des ressorts avant pour mieux soutenir la voiture à l'entrée des virages. Autrement, tu peux effectuer des modifications dans la section appui de la voiture pour tenter d'améliorer sa maniabilité.	코너에 진입할 때 오버스티어링 현상을 느끼고 있군요. 두 가지 방법이 있습니다. 우선, 프런트 안티 롤 바를 강화하여 코너 진입 시 차량의 하중이 바깥쪽으로 쏠리는 현상을 완화할 수 있습니다. 두 번째로, 프런트 스프링 레이트를 강화하여 턴을 할 때 차량이 더 많은 서포트를 받게 할 수 있습니다. 또는 다운포스 란에서 핸들링을 향상할 수 있는 방법이 있는지 확인해보십시오.	好，所以车子入弯时会转向过度。我们有两件事能做。 首先，我们可以调硬前防倾杆来减少车身进入弯道时的滚动。 第二，我们可以调硬前弹簧系数，好让车子过弯时有更多支撑。 或者，你可以检查下压力区块，并看看那会不会帮助改善操控。	好，所以車子入彎時會轉向過度。我們有兩件事能做。首先，我們可以調硬前防傾桿來減少車身進入彎道時的滾動。第二，我們可以調硬前彈簧係數，好讓車子過彎時有更多支撐。或者，你可以檢察下壓力區塊，並看看那會不會幫助改善操控。
	SetupEngineer_DecisionTree_CarTurnsTooMuchCornerExit	It’s when coming out of the corners and accelerating.	Ça se produit lorsque je sors des virages et que j'accélère.	Quando esco dalle curve accelerando.	Wenn ich nach der Kurvenausfahrt beschleunige.	Es al salir de las curvas y acelerar.	Проблема возникает при ускорении на выходе из поворота.	Podczas wychodzenia z zakrętu i przyspieszania.	コーナーを抜けて加速するとき。	Ao sair das curvas e acelerar.	Al salir de las curvas y acelerar.	Ça se produit lorsque je sors des virages et que j'accélère.	코너를 나올 때와 가속할 때 발생합니다.	是在出弯道还有加速时。	是在出彎道還有加速時。
	SetupEngineer_DecisionTree_CarTurnsTooMuchMidCorner	It’s happening when going through corners.	Ça se produit pendant les virages.	Succede lungo la curva.	Wenn ich die Kurve durchfahre.	Sucede cuando negocio las curvas.	Проблема возникает при прохождении поворотов.	Podczas pokonywania zakrętu.	コーナー通過時。	Acontece durante as curvas.	Sucede a lo largo de la curva.	Ça se produit pendant les virages.	코너를 통과할 때 발생합니다.	是发生在通过弯道时。	是發生在通過彎道時。
	SetupEngineer_DecisionTree_CarTurnsTooMuchTurningInBranchHeader	OK, so the car is oversteering when turning into a corner. There are two things we can do to help. First, we can stiffen the front Anti-Roll Bar to reduce body roll when turning into the turn. Second, we can stiffen the front spring rates to give the car more support when going into a turn. Alternatively, you can take a look at the Downforce section and see if that will help to improve the handling.	D'accord, la voiture a un problème de survirage à l'entrée des virages. On peut corriger ça de deux façons : augmenter la raideur de la barre anti-roulis avant pour réduire le roulis de la voiture ou augmenter la raideur des ressorts avant pour mieux soutenir la voiture à l'entrée des virages. Autrement, tu peux effectuer des modifications dans la section appui de la voiture pour tenter d'améliorer sa maniabilité.	Allora l'auto sovrasterza quando affronti la curva. Possiamo rimediare in due modi. Prima di tutto, irrigidendo la barra antirollio anteriore per ridurre l'inclinazione dell'auto durante la sterzata, poi irrigidire le molle posteriori per fornire all'auto più supporto durante l'ingresso in curva. In alternativa, puoi dare un'occhiata alla sezione Deportanza e vedere se riesci a migliorare la manovrabilità da lì.	Okay, der Wagen übersteuert also beim Einlenken in die Kurve. Wir können zwei Dinge ausprobieren: Erstens können wir den Frontstabilisator versteifen, um Rollbewegungen beim Einlenken zu reduzieren. Zweitens können wir die Frontfederraten härter einstellen, um den Wagen beim Einlenken besser abzustützen. Alternativ kannst du dir auch das Abtriebsmenü ansehen, um auf diese Weise das Handling zu verbessern.	Vale, así que el coche tiene sobreviraje al entrar en las curvas. Podemos hacer dos cosas al respecto: aumentar la rigidez de las barras estabilizadoras delanteras para reducir la inclinación de la carrocería al negociar la curva, o aumentar la rigidez del tarado de muelles delanteros para ayudar al coche a entrar en la curva. También puedes visitar la sección de carga aerodinámica para ver cómo puedes mejorar el manejo.	Итак, переднюю ось сносит при входе в поворот. У нас есть два варианта. Можно прибавить жесткость переднему стабилизатору поперечной устойчивости, снизив крен на входе в поворот. Или же мы можем добавить жесткости передним амортизаторам, придав опору машине в поворотах. Кроме того, можно отрегулировать прижимную силу - она тоже влияет на управляемость.	Samochód wchodzi w nadsterowność podczas skręcania. Możemy zrobić dwie rzeczy. Najpierw usztywnijmy przedni stabilizator poprzeczny, aby zmniejszyć przechył podczas wchodzenia w zakręt. Następnie możemy usztywnić przednie sprężyny, aby samochód miał trochę więcej wsparcia podczas skręcania. Możesz również zerknąć na ustawienia siły docisku i sprawdzić, czy zmiany nie poprawią sterowania.	コーナー進入時にオーバーステアになるようだな。考えられる対処法は2つだ。まず、フロントスタビライザーを硬くして、コーナー進入時の車体のロールを抑える方法。2つ目は、フロントバネレートを上げて進入時の反応を高める方法だ。また、ダウンフォースのセクションでセッティングを見直してもいいだろう。	Ok, então o carro está sobresterçando ao virar em uma curva. Há duas coisas que podemos fazer para ajudar. Primeiro, podemos endurecer a barra antirrolagem dianteira para reduzir a torção do chassi ao virar. Segundo, podemos endurecer as molas dianteiras para dar ao carro mais apoio ao virar. Alternativamente, você pode olhar a seção sobre downforce e ver se ela ajudará a melhorar a pilotagem.	El auto sobrevira al entrar en las curvas. Hay dos cosas que podemos hacer. Una de ellas es reforzar la barra estabilizadora delantera para reducir el giro de la carrocería al entrar en las curvas. La otra es aumentar los índices de rigidez delanteros para que el auto tenga más apoyo al entrar en las curvas. Si quieres, también puedes echarle un vistazo a la sección de carga aerodinámica para ver si eso ayuda a mejorar el manejo.	D'accord, la voiture a un problème de survirage à l'entrée des virages. On peut corriger ça de deux façons : augmenter la raideur de la barre anti-roulis avant pour réduire le roulis de la voiture ou augmenter la raideur des ressorts avant pour mieux soutenir la voiture à l'entrée des virages. Autrement, tu peux effectuer des modifications dans la section appui de la voiture pour tenter d'améliorer sa maniabilité.	코너에 진입할 때 오버스티어링 현상을 느끼고 있군요. 두 가지 방법이 있습니다. 우선, 프런트 안티 롤 바를 강화하여 코너 진입 시 차량의 하중이 바깥쪽으로 쏠리는 현상을 완화할 수 있습니다. 두 번째로, 프런트 스프링 레이트를 강화하여 턴을 할 때 차량이 더 많은 서포트를 받게 할 수 있습니다. 또는 다운포스 란에서 핸들링을 향상할 수 있는 방법이 있는지 확인해보십시오.	好，所以车子入弯时会转向过度。我们有两件事能做。 首先，我们可以调硬前防倾杆来减少车身进入弯道时的滚动。 第二，我们可以调硬前弹簧系数，好让车子过弯时有更多支撑。 或者，你可以检查下压力区块，并看看那会不会帮助改善操控。	好，所以車子入彎時會轉向過度。我們有兩件事能做。首先，我們可以調硬前防傾桿來減少車身進入彎道時的滾動。第二，我們可以調硬前彈簧係數，好讓車子過彎時有更多支撐。或者，你可以檢察下壓力區塊，並看看那會不會幫助改善操控。
	SetupEngineer_DecisionTree_CarTurnsTooMuchBranchHeader	OK, so the car is turning too much in the corners, which means you’re getting oversteer. Where in the corner is this happening?	D'accord, la voiture tourne trop dans les virages, tu fais donc du survirage. À quel moment du virage cela se produit-il ?	Quindi l'auto sovrasterza in curva. In che punto?	Okay, der Wagen dreht sich also zu sehr in die Kurve, was bedeutet, dass du es mit Übersteuern zu tun hast. Wo in der Kurve tritt das Problem auf?	Vale, así que el coche gira demasiado en las curvas, lo que implica sobreviraje. ¿En qué parte de la curva sucede?	Итак, машина слишком резко входит в поворот, т.е. речь об избыточной поворачиваемости. В какой момент поворота это происходит?	Samochód za mocno skręca, co znaczy, że występuje nadsterowność. Na którym etapie zakrętu do tego dochodzi?	コーナーで曲がりすぎてしまうんだな。つまり、オーバーステアになっているってことだ。コーナーのどのあたりだ？	Ok, então o carro está virando demais nas curvas, o que significa que você está sobresterçando. Onde na curva isso acontece?	El auto gira demasiado en las curvas porque tiene sobreviraje. ¿En qué parte de la curva sucede?	D'accord, la voiture tourne trop dans les virages, vous faites donc du survirage. À quel moment du virage cela se produit-il?	차량이 코너에서 지나치게 회전하는 것은 오버스티어 현상을 의미합니다.코너의 어느 부분에서 이러한 현상이 발생합니까?	好，所以车子在弯道时转太多，那代表你过度转向。是发生在弯道的哪里？	好，所以車子在彎道時轉太多，那代表你過度轉向。是發生在彎道的哪裡？
	SetupEngineer_DecisionTree_CarTurnsTooMuchCornerExitBranchHeader	OK, so you feel as if you’re getting oversteer when on the power coming out of the turns. We can try softening the rear Anti-Roll Bar slightly which should allow the car to roll a little more and lean on the tyres when accelerating.	D'accord, tu as l'impression de partir en survirage lorsque tu accéléres à la sortie des virages. On peut réduire légèrement la raideur de la barre anti-roulis pour permettre à la voiture d'appuyer plus fortement sur les pneus lors de l'accélération.	Quindi sovrasterza quando esci accelerando dalla curva. Possiamo ammorbidire la barra antirollio posteriore per far scivolare l'auto leggermente di più all'uscita e farla sostenere maggiormente dalle gomme durante l'accelerazione.	Okay, du findest also, dass du übersteuerst, wenn du beim Verlassen der Kurve Gas gibst. Wir können versuchen, den hinteren Stabilisator leicht zu lockern, damit der Wagen etwas mehr rollt und sich beim Beschleunigen stärker auf die Reifen lehnt.	Vale, así que percibes un sobreviraje al salir de las curvas y acelerar. Podemos reducir un poco la rigidez de la barra estabilizadora trasera para que el coche se incline un poco más y se apoye en los neumáticos al acelerar.	Итак, заднюю ось сносит при разгоне на выходе из поворота. Это можно исправить ослаблением заднего поперечного стабилизатора, что добавит крен и прижимную силу при ускорении.	Nadsterowność zachodzi podczas wychodzenia z zakrętu i przyspieszania. Możemy poluzować odrobinę tylny stabilizator poprzeczny, co pozwoli na trochę większy przechył i oparcie się na oponach podczas przyspieszania.	コーナーを抜けて加速するときに、オーバーステアになるようだな。リアスタビライザーを少し柔らかくすれば、加速時の車体のロールが少し増えて、タイヤに荷重がかかるようになる。	Ok, então você sente que está sobresterçando ao sair das curvas. Nós podemos tentar amolecer ligeiramente a barra antirrolagem traseira, que deve permitir que o carro rodar um pouco mais e apoiar-se nos pneus ao acelerar.	Notas que el auto sobrevira al salir de las curvas. Podemos aflojar un poco la barra estabilizadora trasera para que el auto gire un poco más y se apoye sobre los neumáticos al acelerar.	D'accord, tu as l'impression de partir en survirage lorsque tu accéléres à la sortie des virages. On peut réduire légèrement la raideur de la barre anti-roulis pour permettre à la voiture d'appuyer plus fortement sur les pneus lors de l'accélération.	턴을 빠져나올 때 오버스티어 현상이 발생하는 것으로 보입니다. 리어 안티 롤 바를 약간 부드럽게 하면 가속할 때 차량의 롤 현상이 증가하며 타이어를 더 활용하게 됩니다.	好，所以你觉得出弯道时会过度转向。我们可以试着稍微调软后防倾杆， 允许车子在加速时转动多一点，并向轮子倾斜一些。	好，所以你覺得出彎道時會過度轉向。我們可以試著稍微調軟後防傾桿，允許車子在加速時轉動多一點，並向輪子傾斜一些。
	SetupEngineer_DecisionTree_TyreWornBranchHeader	OK, firstly I’d advise taking a look at the tyre pressures as well as compounds in the 'Edit Setup' section. Adjusting the tyre pressures, and selecting a more durable compound, can help with tyre wear. We can also try stiffening the spring rates a little, which will make the tyres work less.	D'accord, tout d'abord je te conseille de jeter un œil à la pression des pneus et à leur composition dans la section de la configuration du véhicule. Ajuster la pression des pneus et choisir une matière plus résistante peut aider à réduire l'usure des pneus. On peut également augmenter légèrement la raideur des ressorts pour faire moins travailler les pneus.	Prima di tutto suggerisco di dare un'occhiata alla pressione e alla mescola delle gomme nella sezione "Modifica assetto". Modificando la pressione e selezionando una mescola si può diminuire l'usura delle gomme. Possiamo anche provare a irrigidire le molle per caricare di meno le gomme.	Okay, zuerst würde ich vorschlagen, dir Reifendruck und -mischung im Bereich "Setup bearbeiten anzusehen. Durch das Anpassen des Reifendrucks und die Wahl einer robusteren Mischung nutzen sich die Reifen langsamer ab. Wir können auch versuchen, die Federn etwas härter einzustellen, was den Reifen etwas Arbeit abnimmt.	Vale, lo primero es comprobar la presión y el compuesto de los neumáticos en la sección "Editar reglaje". Al ajustar la presión de los neumáticos y seleccionar un compuesto más duradero, reduciremos su desgaste. También podemos aumentar un poco la rigidez del tarado de muelles para que los neumáticos tengan menos trabajo.	Во-первых, проверьте давление и состав шин в разделе "Изменить настройки". Регулировка давления и замена материала на более прочный состав позволит снизить износ шин. Также можно слегка прибавить жесткости амортизаторам, что снизит нагрузку на шины.	Najpierw zalecane byłoby przyjrzenie się ciśnieniu opon i mieszance w sekcji Edytuj ustawienie. Zmiana ciśnienia opon oraz wybór bardziej wytrzymałej mieszanki może pomóc ze zużyciem opon. Możemy też usztywnić trochę sprężyny, co sprawi, że opony będą mniej pracowały.	まずは「セッティングを編集」セクションでタイヤ圧とコンパウンドを確認するといいだろう。タイヤ圧を調整して、耐久性の高いコンパウンドを採用すれば、タイヤが消耗しにくくなるだろう。バネレートを少し高くしても、タイヤへの負担を軽くできる。	Ok, primeiro eu aconselho você dar uma olhada na pressão dos pneus e nos compostos na seção "Editar configuração". Ajustar a pressão dos pneus e selecionar um composto mais durável pode ajudar com o desgaste do pneu. Nós também podemos tentar endurecer um pouco as molas, o que fará os pneus trabalharem menos.	En primer lugar, mi consejo es echarle un vistazo al compuesto y a la presión de los neumáticos en la sección «Editar configuración». Si ajustamos la presión de los neumáticos y elegimos un compuesto más duradero, no se desgastarán tanto. También podemos aumentar un poco los índices de rigidez para que los neumáticos no trabajen tanto.	D'accord, tout d'abord je te conseille de jeter un œil à la pression des pneus et à leur composition dans la section de la configuration du véhicule. Ajuster la pression des pneus et choisir une matière plus résistante peut aider à réduire l'usure des pneus. On peut également augmenter légèrement la raideur des ressorts pour faire moins travailler les pneus.	우선, "셋업 편집"섹션에서 타이어 공기압 및 컴파운드를 확인해 보십시오. 타이어 공기압을 조정하고 더 지속력이 좋은 컴파운드를 선택하면 타이어 마모 문제에 도움이 됩니다. 또한, 스프링 레이트를 약간 강화하여 타이어의 로드를 줄일 수도 있습니다. 	好，第一，建议在「编辑设定」选项查看胎压及配方。调节胎压，并选择更耐久的轮胎，可以帮助减少轮胎磨损。我们也可以尝试将车子的弹簧刚性调硬一点，那会让轮胎少一点作用。	好，第一，建議在「編輯設定」選項查看胎壓及配方。調節胎壓，並選擇更耐久的輪胎，可以幫助減少輪胎磨損。我們也可以嘗試將車子的彈簧剛性調硬一點，那會讓輪胎少一點作用。
	SetupEngineer_DecisionTree_BrakingBranchHeader	What is the issue with the braking on the car? 	Quel est le problème avec les freins de la voiture ? 	Che problema c'è con la frenata? 	Welches Problem hast du mit den Bremsen des Wagens? 	¿Cuál es el problema con los frenos del coche? 	Что не так с торможением?	Jaki problem występuje z hamowaniem?	車両のブレーキング上の問題は？ 	Qual é o problema com o freio do carro? 	¿Qué problema hay con los frenos del auto? 	Quel est le problème avec les freins de la voiture? 	차량의 브레이킹에 어떠한 문제가 있습니까?	车子的煞车发生什么问题？	車子的煞車發生什麼問題？ 
	SetupEngineer_DecisionTree_BrakingNotStopping	I’m not stopping in time.	Je ne m'arrête pas à temps.	Non riesco a frenare in tempo.	Ich halte nicht rechtzeitig genug an.	No me detengo a tiempo.	Слишком медленное торможение.	Samochód zatrzymuje się za wolno.	ブレーキが間に合わない。	Não estou parando a tempo.	No se detiene a tiempo.	Je ne m'arrête pas à temps.	제때 멈추지 못합니다.	我没有实时煞住。	我沒有即時煞住。
	SetupEngineer_DecisionTree_BrakingStoppingTooEarly	I’m stopping too quickly.	Je m'arrête trop brusquement.	Mi fermo troppo rapidamente.	Ich halte zu schnell an.	Me detengo demasiado rápido.	Слишком резкое торможение.	Samochód zatrzymuje się za szybko.	ブレーキが効きすぎる。	Estou parando muito depressa.	Se detiene muy pronto.	Je m'arrête trop brusquement.	너무 빨리 멈춥니다.	我太快煞住了。	我太快煞住了。
	SetupEngineer_DecisionTree_BrakingSlidingWhenBraking	I keep sliding when I am braking.	Je glisse lorsque je freine.	Slitto durante le frenate.	Ich fange beim Bremsen an zu rutschen.	No dejo de derrapar cuando freno.	Машина скользит при торможении.	Samochód ślizga się podczas hamowania.	ブレーキ中にスライドしてしまう。	Continuo deslizando quando eu freio.	Patina cuando freno.	Je glisse lorsque je freine.	브레이킹 시 계속 미끄러집니다.	我煞车时一直在滑行。	我煞車時一直在滑行。
	SetupEngineer_DecisionTree_BrakingNotStoppingBranchHeader	If you’re not already doing so, I’d recommend braking a little earlier for the turns. Aside from that, changes to Brake Pressure, or Brake Bias, may also help. We can either look at increasing the Brake Pressure to improve braking power, or we can shift the Brake Bias.	Si tu ne le fais pas déjà, je te conseille de freiner un peu plus tôt pour les virages. En dehors de ça, on peut augmenter la pression des freins ou changer la répartition du freinage.	Se non lo fai già, ti consiglio di frenare un po' prima dell'ingresso in curva. A parte questo, modificare la pressione dei freni e la ripartizione di frenata dovrebbe aiutare. Possiamo provare ad aumentare la pressione dei freni per migliorare la forza frenante, o alterare la ripartizione di frenata.	Falls du es nicht bereits tust, würde ich empfehlen, vor Kurven etwas früher zu bremsen. Davon abgesehen können Änderungen an Bremsdruck und Bremsbalance ebenfalls helfen. Wir können entweder versuchen, den Bremsdruck zu erhöhen, um die Bremsleistung zu verbessern, oder die Bremsbalance anpassen.	Si no lo estás haciendo, lo mejor es que frenes un poco antes de tomar las curvas. Cambiar la presión o el reparto de frenada también pueden ser de utilidad. Podemos aumentar la presión de los frenos para mejorar la potencia de frenada, o bien podemos cambiar el reparto.	Если вы еще не поняли, то тормозить у поворотов лучше заранее. Также можно отрегулировать давление в тормозной системе и баланс тормозов. Мы бы посоветовали увеличить давление, добавив мощность торможения, либо поменять баланс тормозов.	Jeśli jeszcze tego nie robisz, zalecam rozpoczęcie hamowania odrobinę wcześniej przed zakrętem. Oprócz tego może pomóc zmiana ciśnienia układu hamulcowego lub balansu hamulców. Możemy zwiększyć ciśnienie układu hamulcowego, aby poprawić siłę hamowania albo zmodyfikować balans.	まだ意識していないのであれば、コーナーで少し早めにブレーキをかけるようにするといいだろう。それ以外の改善方法としては、ブレーキ圧やブレーキバイアスの調整がある。ブレーキ圧を上げて制動力をアップさせるか、ブレーキバイアスをシフトするかだ。	Se você já não está fazendo isto, recomendo que você freie um pouco mais cedo nas curvas. Além disso, mudanças na pressão do freio, ou na proporção da frenagem, podem ajudar. Nós podemos procurar aumentar a pressão do freio para melhorar a potência de frenagem ou podemos mudar a proporção da frenagem.	Si no lo estás haciendo ya, te aconsejo que frenes un poco antes en las curvas. Aparte de eso, puede ser útil hacer algún cambio en la presión de los frenos o en el reparto de frenada. Podemos aumentar la presión de los frenos para tener más potencia al frenar, o podemos desplazar el reparto de frenada.	Si tu ne le fais pas déjà, je te conseille de freiner un peu plus tôt pour les virages. En dehors de ça, on peut augmenter la pression des freins ou changer la répartition du freinage.	이미 그렇게 하고 있지 않다면, 턴할 때 조금 미리 브레이킹 하는 것을 추천합니다. 그 외에도 브레이크 압력이나 브레이크 바이어스의 변경이 도움이 될 수 있습니다. 브레이킹 파워를 향상하기 위하여 브레이크 압력을 증가시키거나, 브레이크 바이어스를 변경할 수 있습니다.	如果你还没有这么做的话，我建议你在过弯时提前一点煞车。除此之外， 调整煞车压力或煞车分配器也可能有帮助。我们可以尝试增加煞车压力 来加强煞车动力，或调整煞车分配器。	如果你還沒有這麼做的話，我建議你在過彎時提前一點煞車。除此之外，調整煞車壓力或煞車分配器也可能有幫助。我們可以嘗試增加煞車壓力來加強煞車動力，或調整煞車分配器。
	SetupEngineer_DecisionTree_BrakingNotStoppingPressureBiasHeader	Would you like to move the Brake Bias forward toward the front of the car, or back toward the rear? Moving it forward should make the car more stable under brakes, and also give you a little more braking power – until you lock the tyres. Moving it rearward will make all four wheels share the braking power, which will then take pressure off the front brakes, preventing them from overheating. This, however, could make the car more unstable under braking.	Veux-tu ajuster la répartition du freinage vers l'avant ou l'arrière ? Répartir vers l'avant aide à la stabilité du véhicule et freine plus efficacement, jusqu'à ce que les pneus se bloquent. Répartir vers l'arrière améliore la répartition du freinage entre les quatre roues, ce qui réduit la pression subie par les freins avant et évite leur surchauffe, mais la voiture sera en contrepartie moins stable lors du freinage.	Vuoi spostare la ripartizione di frenata verso l'avantreno o verso il retrotreno? Spostandola in avanti l'auto sarà più stabile nelle frenate e la forza frenante sarà leggermente superiore fino al bloccaggio delle ruote. Spostandola indietro, la forza frenante sarà ripartita tra le quattro ruote e la pressione sui freni anteriori diminuirà, evitandone il surriscaldamento. Questo, però, potrebbe rendere l'auto più instabile in fase di frenata.	Möchtest du die Bremsbalance des Wagens nach vorne oder hinten verlagern? Eine Verlagerung nach vorn sollte dazu führen, dass der Wagen beim Bremsen stabiler ist, und verleiht dir außerdem etwas mehr Bremskraft – bis deine Räder blockieren. Eine Verlagerung nach hinten lässt alle vier Räder die Bremskraft teilen, was die Vorderbremsen etwas entlastet und sie davon abhält, zu überhitzen. Dies kann allerdings auch dazu führen, dass der Wagen beim Bremsen weniger stabil ist.	¿Qué tal si desplazas el reparto de frenada a la parte delantera o trasera del coche? Si la desplazas hacia delante, el coche ganará estabilidad al frenar y aumentarás un poco la potencia de frenada (a no ser que bloquees los neumáticos). Si la desplazas hacia atrás, la potencia de frenada se repartirá entre las cuatro ruedas, descargando los frenos delanteros y evitando que se sobrecalienten. Sin embargo, esto puede hacer que el coche pierda estabilidad al frenar.	Куда сместить баланс тормозов - вперед или назад? В первом случае увеличится стабильность машины при торможении и мощность торможения до блокировки. Во втором случае мощность торможения распределяется по всем четырем колесам за счет снижения нагрузки на передние тормоза, что позволяет избежать из перегрева. Обратная сторона такого подхода в том, что машина становится менее стабильной при торможении.	Czy chcesz przesunąć balans hamowania na przód lub tył samochodu? Przesunięcie do przodu sprawi, że samochód będzie stabilniejszy podczas hamowania, a siła hamowania będzie większa, ale może doprowadzić to do zablokowania opon. Przesunięcie balansu do tyłu sprawi, że wszystkie cztery koła będą brały udział w hamowaniu, co zmniejszy nacisk na przednie hamulce i uniemożliwi przegrzanie. Może to jednak sprawić, że samochód podczas hamowania stanie się mniej stabilny.	ブレーキバイアスを、マシンのフロント、リアのどっちにシフトさせるんだ？ フロント寄りにシフトさせれば、タイヤがロックしてしまわない限り、ブレーキ中にマシンが安定しやすくなり、ブレーキも効きやすくなる。リア寄りにシフトさせれば、4つのホイールにブレーキ圧が分散し、フロントのブレーキ圧が減少することになり、オーバーヒートしにくくなる。ただし、ブレーキ中にマシンが不安定になってしまうことがある。	Você gostaria de mover a proporção da frenagem para a dianteira do carro ou para sua traseira? Movê-la para frente deve tornar o freio do carro mais estável e também dar um pouco mais de potência de frenagem, até você travar os pneus. Movê-la para trás fará todas as quatro rodas compartilharem a potência de frenagem, o que tirará a pressão dos freios dianteiros, evitando o sobreaquecimento. Isso, no entanto, pode deixar o carro mais instável ao frear.	¿Quieres desplazar el reparto de frenada hacia la parte delantera del auto o hacia la trasera? Si lo desplazas hacia adelante, el auto será más estable en las frenadas y aumentará la potencia al frenar hasta que bloquees los neumáticos. Si lo desplazas hacia atrás, la potencia al frenar se repartirá entre las cuatro ruedas, lo cual liberará de presión a los frenos delanteros y no se sobrecalentarán, pero el auto será más inestable al frenar.	Souhaitez-vous ajuster la répartition du freinage vers l'avant ou l'arrière? Répartir vers l'avant aide à la stabilité du véhicule et freine plus efficacement, jusqu'à ce que les pneus se bloquent. Répartir vers l'arrière améliore la répartition du freinage entre les quatre roues, ce qui réduit la pression subie par les freins avant et évite leur surchauffe, mais la voiture sera en contrepartie moins stable lors du freinage.	브레이크 바이어스를 차량 전면부 또는 후면부로 이동하려 하십니까? 앞으로 이동할 경우 차량은 브레이킹 시 더 안정적이며 더 큰 브레이크 힘이 발생합니다. - 타이어가 록업되기 전까지요. 뒤로 이동할 경우 네 개의 휠이 모두 브레이크 힘을 공유하게 되어 프런트 브레이크에 가해지는 압력이 감소하고 과열 현상을 방지합니다. 그러나 이는 브레이킹 시 차량을 불안정하게 할 수 있습니다.	你想要把煞车分配器移往车子前面，还是后面？ 移到前面应该会让车子在煞车时更稳定， 还会给你多一些煞车力，直到你死锁轮胎。 移到后面会让四轮共享煞车力，并减少前煞压力， 预防过热。但是，这会让车子在煞车时变得不稳。	你想要把煞車分配器移往車子前面，還是後面？移到前面應該會讓車子在煞車時更穩定，還會給你多一些煞車力，直到你鎖死輪胎。移到後面會讓四輪共享煞車力，並減少前煞壓力，預防過熱。但是，這會讓車子在煞車時變得不穩。
	SetupEngineer_DecisionTree_NotStoppingBias	Move the Brake Bias please.	Modifier la répartition du freinage.	Modifica la ripartizione di frenata.	Bitte passe die Bremsbalance an.	Desplaza el reparto de frenada, por favor.	Измените баланс тормозов.	Przesuńmy balans hamulców.	ブレーキバイアスを調整してくれ。	Mova a proporção da frenagem, por favor.	Desplaza el reparto de frenada, por favor.	Modifier la répartition du freinage.	브레이크 바이어스를 이동하십시오.	请移动煞车分配器。	請移動煞車分配器。
	SetupEngineer_DecisionTree_BrakingStoppingTooEarlyHeader	Generally speaking, stopping too quickly can be an advantage, as it means you can brake later to gain more time. We can, however, lower the Brake Pressure; this means that the brakes will have less stopping power, but it will also reduce the chance of locking-up the tyres.	En général, s'arrêter rapidement est un avantage car tu peux freiner plus tard et ainsi gagner du temps. En baissant la pression des freins, tu freines moins efficacement mais tes pneus se bloquent moins souvent.	Di solito, frenare più velocemente può essere un vantaggio, perché puoi ritardare la frenata e guadagnare tempo. Comunque, possiamo diminuire la pressione dei freni, così la forza frenante sarà minore. Così facendo, diminuiremo anche le probabilità di bloccaggio delle ruote.	Allgemein ist es so, dass ein zu schnelles Anhalten ein Vorteil sein kann, da man so erst später bremsen muss, was Zeit spart. Wir können allerdings auch den Bremsdruck etwas senken, was die Bremskraft reduziert, gleichzeitig aber auch die Gefahr blockierender Räder verringert.	Por lo general, frenar enseguida supone una ventaja, ya que puedes apurar más la frenada para arañar décimas. No obstante, podemos reducir la presión de los frenos para que el poder de frenada sea menor, y así reducir la probabilidad de que los neumáticos se bloqueen.	Обычно быстрое торможение считается преимуществом и позволяет сэкономить время. Тем не менее, мы не запрещаем снижать давление - такая настройка не только уменьшит мощность торможения, но и снизит риск блокировки колес.	Ogólnie rzecz ujmując, szybkie zatrzymywanie można traktować jako plus, bo aby uzyskać przewagę, proces hamowania można rozpocząć później przed zakrętem. Możemy jednak zmniejszyć ciśnienie układu hamulcowego, przez co hamulce będą działały słabiej i zmniejszy się szansa na zablokowanie opon.	一般論では、ブレーキを掛けてから早く止まれるというのは有利だ。ブレーキを掛けるタイミングが遅くていいということは、タイムを稼げることを意味するからな。しかし、ブレーキ圧を下げる選択肢もある。ブレーキの効きは弱くなるが、タイヤがロックしにくくなるんだ。	Geralmente, parar depressa pode ser uma vantagem, pois significa que você pode frear depois para ganhar mais tempo. Nós podemos, no entanto, diminuir a pressão do freio. Isso significa que o freio terá menos potência para parar, mas também reduzirá a chance de travar os pneus.	En términos generales, detenerse muy pronto puede ser ventajoso porque te permite frenar más tarde y ganar tiempo. No obstante, podemos bajar la presión de los frenos para que tengan menos potencia de parada, pero también disminuirá la probabilidad de bloquear los neumáticos.	En général, s'arrêter rapidement est un avantage car tu peux freiner plus tard et ainsi gagner du temps. En baissant la pression des freins, tu freines moins efficacement mais tes pneus se bloquent moins souvent.	일반적으로 빨리 정지하는 것은 유리합니다. 시간을 더 얻기 위해 나중에 브레이크를 밟아도 괜찮다는 뜻이기 때문입니다. 하지만, 브레이크 압력을 낮출 수 있습니다. 브레이크의 정지력은 감소하나, 타이어가 록업될 가능성도 감소합니다.	一般来说较快煞住可以是个优势，那代表你可晚点煞车以换取更多时间。 但是我们可以降低煞车压力，这代表煞车会有较少煞车力，但也会减少 轮胎死锁的机率。	一般來說較快煞住可以是個優勢，那代表你可晚點煞車以換取更多時間。但是我們可以降低煞車壓力，這代表煞車會有較少煞車力，但也會減少輪胎鎖死的機率。
	SetupEngineer_DecisionTree_BrakingSlidingWhenBrakingHeader	OK, this sounds as if you’re locking the tyres under braking, which is then causing the car to slide. Can you tell me whether it’s the front or rear wheels that are locking-up? If it’s the front locking-up, you’ll find your car wants to keep going straight while you’re braking, and you can’t turn into the corner. If it’s the rear, then the back of the car will get unstable and try to spin around.	À priori, tu bloques tes pneus avec les freins, ce qui fait glisser la voiture. Peux-tu me dire si ce sont les freins avant ou arrière qui bloquent les pneus ? S'il s'agit des freins avant, la voiture tentera de continuer tout droit lorsque tu freines et tu ne pourras plus prendre les virages. S'il s'agit des freins arrière, la voiture perdra sa stabilité et partira en vrille.	Si direbbe che le ruote si bloccano in fase di frenata, facendo slittare l'auto. Sono quelle anteriori o quelle posteriori a bloccarsi? Se sono le anteriori, l'auto andrà dritta durante la frenata e non potrai entrare in curva. Se sono le posteriori, il retrotreno diventerà instabile e rischierai di finire in testacoda.	Okay, es hört sich an, als ob dir beim Bremsen die Räder blockieren, wodurch der Wagen ins Rutschen gerät. Kannst du mir sagen, ob es die Vorder- oder Hinterräder sind, die blockieren? Wenn es die Vorderräder sind, dann rutscht der Wagen geradeaus und lässt sich nicht in die Kurve drehen. Wenn es die Hinterräder sind, dann wird das Heck des Wagens instabil und du gerätst leicht ins Schleudern.	Vale, parece que tus neumáticos se bloquean al frenar, por eso el coche patina. ¿Qué ruedas son las que se bloquean, las delanteras o las traseras? Si son las delanteras, verás que tu coche querrá seguir recto mientras frenas y no podrás tomar bien la curva. Si son las traseras, la parte de atrás perderá estabilidad y el coche tenderá a girarse.	Похоже, что колеса блокируются при торможении - это и заставляет машину скользить. А какие колеса блокируются - задние или передние? Скольжение по прямой означает блокировку передних колес, а торможение с заносом - блокировку задних.	Wygląda na to, że opony blokują się podczas hamowania, co powoduje ślizg. Które koła się blokują, przednie czy tylne? Jeśli przednie, to samochód będzie rwał do przodu podczas hamowania, uniemożliwiając pokonanie zakrętu. Jeśli tylne, to tył samochodu będzie niestabilny i spróbuje się obrócić.	ブレーキ中にタイヤがロックしてしまいスライドが発生しているようだな。ロックしているのは、フロントとリアのどっちだ？ フロントがロックしているのなら、ブレーキを掛けたときにマシンが直進しようとしてコーナーが曲がれなくなる。リアがロックしているのなら、リアが不安定になってスピンしそうになるはずだ。	Ok, parece que você está travando os pneus ao frear, o que está fazendo o carro deslizar. Pode me dizer se são as rodas dianteiras ou traseiras que estão travando? Se forem as dianteiras, você notará que o carro continua andando reto enquanto você freia e você não consegue fazer uma curva. Se forem as traseiras, a traseira do carro ficará instável e tentará girar.	Parece que estás bloqueando los neumáticos al frenar y eso hace que el auto patine. ¿Sabes si se bloquean las ruedas delanteras o las traseras? Si son las delanteras, el auto intenta seguir en línea recta al frenar y no puedes girar para entrar en las curvas. Si son las traseras, la parte de atrás será inestable y puede hacer un trompo.	À priori, vous bloquez vos pneus avec les freins, ce qui fait glisser la voiture. Pouvez-vous me dire s'il ce sont les freins avant ou arrière qui bloquent les pneus? S'il s'agit des freins avant, la voiture tentera de continuer tout droit lorsque vous freinez et vous ne pourrez plus prendre les virages. S'il s'agit des freins arrière, la voiture perdra sa stabilité et partira en vrille.	브레이킹 시 타이어가 록업되는 것으로 보입니다. 이는 차량이 미끄러지게 합니다. 록업되는 것이 프런트 또는 리어 휠 중 어느 쪽인지 알려주실 수 있습니까? 프런트라면 브레이킹 시에도 차량이 계속 앞으로 나가려 할 것이고 코너로 진입하기 어려울 것입니다. 리어라면 차량 후면부가 불안정하여 계속 스핀하려 할 것입니다.	好，这听起来像是你在煞车时会死锁轮胎，进而造成车辆滑行。你可以告诉我是前轮还是后轮死锁了吗？如果是前轮死锁，你会发现你在煞车时，你的车只想往前冲，而且你转不进弯道。如果是后轮死锁，车尾就会变得不稳并四处滑行。	好，這聽起來像是你在煞車時會鎖死輪胎，進而造成車輛滑行。你可以告訴我是前輪還是後輪鎖死了嗎？如果是前輪鎖死，你會發現你在煞車時，你的車只想往前衝，而且你轉不進彎道。如果是後輪鎖死，車尾就會變得不穩並四處滑行。
	SetupEngineer_DecisionTree_SlidingWhenBrakingFrontLeaf	Front	Avant	Anteriori	Vorne	Delanteras	Передние	Przód	フロント	Dianteiras	Delantero	Avant	프런트	前	前
	SetupEngineer_DecisionTree_SlidingWhenBrakingRearLeaf	Rear	Arrière	Posteriori	Hinten	Traseras	Задние	Tył	リア	Traseiras	Trasero	Arrière	리어	后	後
	SetupEngineer_DecisionTree_BrakingSlidingWhenBrakingFrontHeader	Are the front tyres locking easily? For instance, do they lock up almost straight away when you get on the brakes? 	Tes pneus se bloquent trop facilement, presque immédiatement lorsque tu freines ? 	Le ruote anteriori si bloccano facilmente? Per esempio, si bloccano alla minima pressione sul freno? 	Blockieren die vorderen Reifen zu leicht? Also praktisch sofort, sobald du auf die Bremse steigst? 	¿Las ruedas delanteras se bloquean fácilmente? Por ejemplo, ¿casi inmediatamente después de pisar el freno? 	Насколько легко блокируются передние колеса? Например, блокируются ли они сразу же при нажатии на педаль тормоза?	Czy opony szybko się blokują? Na przykład czy blokują się natychmiast po naciśnięciu hamulca?	フロントタイヤはロックしやすいか？ たとえばブレーキを掛けた直後にロックしたりするのか？	Os pneus dianteiros estão travando com facilidade? Por exemplo, eles travam quase que imediatamente quando você freia? 	¿Las ruedas delanteras se bloquean fácilmente? Por ejemplo, ¿casi inmediatamente después de pisar el freno? 	Vos pneus se bloquent trop facilement, presque immédiatement lorsque vous freinez? 	프런트 타이어가 쉽게 록업됩니까? 예를 들어 브레이크를 밟자 마자 거의 즉시 록업됩니까?	前轮很容易死锁吗？比如说，煞车一踩下去时就直接死锁吗？如果是的话，我们可以减少煞车压力：这会让煞车力减少一点，但让你在煞车时有更良好的掌控，并减少轮胎死锁的机会。	前輪很容易鎖死嗎？比如說，煞車一踩下去時就直接鎖死嗎？如果是的話，我們可以減少煞車壓力：這會讓煞車力減少一點，但讓你在煞車時有更良好的掌控，並減少輪胎鎖死的機會。
	SetupEngineer_DecisionTree_BrakingSlidingWhenBrakingRearHeader	So the back of the car keeps trying to spin around? Moving the Brake Bias forward should help. 	L'arrière de la voiture te fait facilement partir en vrille ? Répartir les freins vers l'avant devrait aider. 	Quindi il retrotreno continua a scivolare via? Spostare anteriormente la ripartizione di frenata dovrebbe aiutare. 	Das Heck des Wagens gerät leicht ins Schleudern? Es sollte helfen, die Bremsbalance nach vorn zu verlagern. 	¿La parte trasera del coche sigue intentando girar? Desplazar el reparto de frenada hacia delante debería servir. 	Задняя часть машины уходит в занос? Это можно решить, сдвинув баланс тормозов вперед.	Tył samochodu się obraca? Przesunięcie balansu hamowania do przodu powinno pomóc.	車体のリアがスピンしてしまうのか？ それなら、ブレーキバイアスを前方にシフトすればいいだろう。 	Então a traseira do carro tenta girar? Mover a proporção da frenagem para frente deve ajudar. 	¿La parte trasera del auto intenta hacer un trompo? Sería útil desplazar hacia adelante el reparto de frenada. 	L'arrière de la voiture vous fait facilement partir en vrille? Répartir les freins vers l'avant devrait aider. 	차량 후면부가 계속 스핀하려 합니까? 브레이크 바이어스를 앞으로 이동하면 도움이 됩니다.	所以后车身会一直打滑？把煞车分配器向前移应该会有帮助。	所以後車身會一直打滑？把煞車分配器向前移應該會有幫助。 
	SetupEngineer_DecisionTree_Back	Go Back	Retour	Indietro	Zurück	Volver	Назад	Wstecz	戻る	Voltar	Volver	Retour	돌아가기	返回	返回
	SetupEngineer_DecisionTree_SlowAcceleratingFallback	Ok, so if you are slow accelerating, we would usually suggest lowering the car's Final Drive Ratio, however unfortunately that is not possible for this car.	D'accord, si tu accéléres lentement je te conseillerais habituellement de réduire le rapport de transmission secondaire, cependant il est impossible de le faire sur cette voiture.	Di solito, in caso di accelerazione lenta consiglio di diminuire l'ultimo rapporto di trasmissione, ma nel caso di quest'auto non è possibile.	Okay, wenn du nicht schnell genug beschleunigst, dann schlagen wir normalerweise vor, die Achsübersetzung des Wagens zu reduzieren. Leider ist das bei diesem Wagen aber nicht möglich.	Si el coche acelera despacio, normalmente te aconsejaríamos que redujeras la relación de transmisión final, pero me temo que en este coche no va a ser posible.	В случае плохого ускорения мы обычно советуем снизить конечное передаточное число, но на этой машине такой возможности не предусмотрено.	Jeśli samochód za wolno przyspiesza, sugerowalibyśmy zmniejszenie przełożenia głównego, ale w przypadku tego samochodu nie jest to możliwe.	加速が悪いのか。そういう場合は最終減速比を下げればいいんだが、このマシンでは無理だな。	Ok, se sua aceleração é lenta, normalmente nós sugeriríamos diminuir a transmissão final, no entanto, isso não é possível para esse carro.	Si aceleras muy despacio, lo normal es bajar la relación de la transmisión final. Lamentablemente, eso no es posible en este auto.	D'accord, si tu accéléres lentement je te conseillerais habituellement de réduire le rapport de transmission secondaire, cependant il est impossible de le faire sur cette voiture.	가속이 늦은 경우 보통 파이널 기어비를 낮추는 것을 제안하지만, 이 차량의 경우는 그것이 불가능합니다.	好，所以你的加速很慢，我们一般会建议降低最终传动比，但很遗憾这辆车是做不到的。	好，所以你的加速很慢，我們一般會建議降低最終傳動比，但很遺憾這輛車是做不到的。
	SetupEngineer_DecisionTree_SlowOnStraightsFallback	OK, if you feel you’re too slow on the straights, it could mean that the rear wing angle is too high and is creating too much drag. We would usually suggest lowering the Rear Downforce to improve straight line speed, however that is not possible with this car. 	D'accord, si tu te sens trop lent dans les lignes droites, c'est probablement parce que l'angle de l'aileron arrière est trop élevé et augmente la traînée. En temps normal je te conseillerais de réduire l'appui arrière pour favoriser la vitesse dans les lignes droites mais il est impossible de le faire sur cette voiture. 	La scarsa velocità in rettilineo potrebbe dipendere da un'angolazione eccessiva dell'alettone posteriore, che crea troppa aderenza. In questi casi suggerisco di diminuire la deportanza posteriore per migliorare la velocità massima, ma nel caso di quest'auto non è possibile.  	Okay, falls es sich anfühlt, als ob du zu langsam auf den Geraden bist, dann kann es sein, dass der Anstellwinkel deines Heckflügels zu hoch eingestellt ist und zu viel Strömungswiderstand erzeugt. Normalerweise würden wir vorschlagen, den Abtrieb hinten zu reduzieren, um die Geschwindigkeit auf den Geraden zu erhöhen, aber leider ist das bei diesem Wagen nicht möglich.  	Si crees que vas muy lento en las rectas, quizá sea porque el ángulo del alerón trasero es demasiado elevado y genera demasiada resistencia. Normalmente te recomendaríamos que redujeras la carga aerodinámica trasera para mejorar la velocidad en rectas, pero este coche no lo permite.  	Если машина медленно идет на прямых, то здесь может быть виновато антикрыло, а именно большой угол атаки, что увеличивает сопротивление воздуха. Обычно мы советуем снизить прижимную силу в задней части для выигрыша в скорости, но эта машина такой возможности не имеет. 	Jeśli wydaje ci się, że osiągasz zbyt niskie prędkości na prostych, może to oznaczać, że kąt nachylenia tylnego skrzydła jest za duży, co powoduje większy opór powietrza. Sugerowalibyśmy zmniejszenie tylnej siły nacisku w celu zwiększenia prędkości, ale w tym samochodzie nie jest to możliwe. 	直線でスピードが出ない場合、リアウィングの角度が大きすぎて、強いドラッグが発生している可能性がある。こういう場合は、リアダウンフォースを低下させて、直線のスピードを向上させるのが常套手段なんだが、このマシンでは無理だな。 	Ok, se você acha que está muito lento nas retas, pode significar que o ângulo da asa traseira está muito alto e está criando muito arraste. Normalmente sugeriríamos diminuir o downforce traseira para melhorar a velocidade na linha reta, no entanto, isso não é possível para esse carro. 	Si notas que vas muy lento en las rectas, puede que el ángulo del alerón trasero sea muy alto y genere mucha resistencia. Lo normal es bajar la carga aerodinámica trasera para aumentar la velocidad en las rectas, pero eso no es posible en este auto.  	D'accord, si tu te sens trop lent dans les lignes droites, c'est probablement parce que l'angle de l'aileron arrière est trop élevé et augmente la traînée. En temps normal je te conseillerais de réduire l'appui arrière pour favoriser la vitesse dans les lignes droites mais il est impossible de le faire sur cette voiture. 	직선 주로에서의 속력이 너무 느리다면 리어 윙 각도가 너무 높아 지나친 공기 저항을 형성하는 것일 수 있습니다. 보통 직선 주로에서의 속도를 높이기 위해서는 리어 다운포스를 낮추는 방법을 제안하나, 이 차량의 경우에는 불가능합니다. 	好，如果你觉得直线太慢，那有可能是右尾翼角度太高造成太多阻力。我们一般会建议调低后方下压力来提升直线速度，但这辆车是做不到的。 	好，如果你覺得直線太慢，那有可能是右尾翼角度太高造成太多阻力。我們一般會建議調低後方下壓力來提升直線速度，但這輛車是做不到的。
	SetupEngineer_DecisionTree_SpinningInFastCornersFallback	Ok, if you're spinning in fast corners I would usually advise increasing the Rear Downforce, however this can't be adjusted on this car. I would recommend looking at the Suspension area to see if there is anything we can adjust there instead.  	D'accord, si tu pars en vrille dans les virages rapides je te conseillerais habituellement d'augmenter l'appui arrière, cependant il est impossible de le faire sur cette voiture. Je te recommande donc d'aller voir la section des suspensions pour voir si certains ajustements peuvent être faits. 	Se perdi il controllo nelle curve veloci, suggerirei di aumentare la deportanza posteriore, ma non possiamo modificarla su quest'auto. Prova a verificare se possiamo aiutarti cambiando qualcosa nella sezione Sospensione.  	Okay, wenn du in schnellen Kurven ins Schleudern gerätst, würde ich normalerweise vorschlagen, den Abtrieb hinten zu erhöhen. Allerdings kann diese Anpassung bei diesem Wagen nicht vorgenommen werden. Ich würde empfehlen, dir die Aufhängungsoptionen anzusehen, um herauszufinden, ob wir dort Anpassungen vornehmen können.  	Vale, si el coche tiende a irse de atrás en las curvas rápidas, te recomendaría que aumentaras la carga aerodinámica trasera. Sin embargo, en este coche no la puedes ajustar. En vez de eso, te sugiero que mires la suspensión por si podemos ajustar algo que nos venga bien.  	Понятно. Занос на резких поворотах обычно устраняется снижением прижимной силы в задней части, но здесь такой возможности не предусмотрено. Рекомендую попробовать регулировку подвески - там тоже можно кое-что выиграть.	Jeśli obracasz się podczas szybkiego wchodzenia w zakręty, zazwyczaj zalecane jest zwiększenie przedniej siły docisku, ale w przypadku tego auta jest to niemożliwe. Przyjrzyjmy się zawieszeniu i sprawdźmy, czy można coś zmienić w tym aspekcie.	高速コーナーでスピンしてしまう場合、普通ならリアダウンフォースを上げるようアドバイスするんだが、このマシンでは調整できない。サスペンションのセクションで、他の対策を確認してみてくれ。 	Ok, se você está girando em curvas rápidas, eu normalmente aconselharia aumentar o downforce traseiro, no entanto, isso não pode ser ajustado nesse carro. Eu recomendo olhar a área da suspensão para ver se há algo que possamos ajustar lá.  	Si patinas en las curvas rápidas, lo normal es aumentar la carga aerodinámica trasera, pero eso no se puede modificar en este auto. Mi consejo es que le eches un vistazo a la sección de suspensión para ver si hay algún otro elemento que podamos modificar.  	D'accord, si tu pars en vrille dans les virages rapides je te conseillerais habituellement d'augmenter l'appui arrière, cependant il est impossible de le faire sur cette voiture. Je te recommande donc d'aller voir la section des suspensions pour voir si certains ajustements peuvent être faits. 	고속 코너에서 스핀 현상이 발생한다면 보통 리어 다운포스를 높일 것을 권유하나, 이 차량의 경우 조정이 불가능합니다. 서스펜션에서 조정할 수 있는 사항이 있는지 확인해봅시다.	好，如果你在急转弯时会旋转，我一般会建议提升后方下压力，但这辆车无法这么调节。我会建议检查悬挂系统区，看看有什么是我们可以调节的。  	好，如果你在急轉彎時會旋轉，我一般會建議提升後方下壓力，但這輛車無法這麼調節。我會建議檢查懸吊系統區，看看有什麼是我們可以調節的。  
	SetupEngineer_DecisionTree_DoesntTurnInCornersFallback	Ok, so you're suffering from turn in understeer. Usually in this case we would suggest increasing the Front Downforce, however it cannot be adjusted on this car, sorry. 	D'accord, si tu fais du sous-virage je te conseillerais d'augmenter l'appui avant en temps normal, cependant il est impossible de le faire sur cette voiture.	Quindi c'è un problema di sovrasterzo all'ingresso in curva. Di solito risolviamo il problema aumentando la deportanza anteriore, ma non possiamo farlo su quest'auto. Mi spiace. 	Okay, du hast also mit Untersteuern beim Einlenken zu kämpfen. Normalerweise würden wir in diesem Fall vorschlagen, den Abtrieb vorne zu erhöhen, aber leider ist diese Anpassungen bei diesem Wagen nicht möglich. 	Vale, entonces sufres subviraje al tomar las curvas. En estos casos, normalmente aumentaríamos la carga aerodinámica delantera, pero lamento decirte que en este coche no la podemos ajustar. 	Итак, проблема со сносом передней оси при входе в поворот. Обычно это решается увеличением прижимной силы в передней части, но эта машина такой функции не имеет.	Wygląda na to, że podczas skręcania występuje podsterowność. Zazwyczaj trzeba zwiększyć przednią siłę docisku, ale niestety nie można tego zrobić w tym samochodzie.	アンダーステアで曲がらなくて困っているようだな。普通だったら、フロントダウンフォースを強くすることを提案するんだが、残念ながらこのマシンでの調整は無理だな。 	Ok, você está sofrendo curvas na subesterção. Geralmente nesse caso eu sugiro aumentar o downforce dianteiro, porém ele não pode ser ajustado nesse carro, sinto muito. 	El auto subvira al entrar en las curvas. Lo normal es aumentar la carga aerodinámica delantera, pero eso no se puede modificar en este auto. Lo siento. 	D'accord, si tu fais du sous-virage je te conseillerais d'augmenter l'appui avant en temps normal, cependant il est impossible de le faire sur cette voiture.	턴 시작 시 언더스티어 현상이 발생하고 있습니다. 보통 이러한 경우 프런트 다운포스를 높일 것을 제안하지만, 이 차량의 경우에는 불가능합니다.	好，你现在过弯时转向不足。通常这种情形下，我们会建议提升前方下压力，但很抱歉这辆车无法调节。 	好，你現在過彎時轉向不足。通常這種情形下，我們會建議提升前方下壓力，但很抱歉這輛車無法調節。 
	SetupEngineer_DecisionTree_FinalDriveDownFallback	Ok, usually in this case we would suggest adjusting the car's Final Drive Ratio, however this cannot be adjusted on this car. Sorry. 	D'accord, en temps normal je te conseillerais d'ajuster le rapport de transmission secondaire mais il est impossible de le faire sur cette voiture. 	In questi casi suggerirei di modificare l'ultimo rapporto di trasmissione, ma non possiamo farlo su quest'auto. Mi spiace. 	Okay, normalerweise würden wir in diesem Fall vorschlagen, die Achsübersetzung des Wagens anzupassen, aber leider ist das bei diesem Wagen nicht möglich. 	Vale, en estos casos te recomendaríamos que ajustaras la relación de transmisión final, pero en este coche no va a ser posible. Lo siento. 	Окей, в таком случае мы обычно советуем изменить конечное передаточное число, но в вашей машине это не предусмотрено.	Zazwyczaj w takim przypadku trzeba zmienić przełożenie główne, ale niestety nie można tego zrobić w tym samochodzie.	こういう場合、いつもなら最終減速比の調整を勧めるんだが、すまんがこのマシンでの調整はできんな。 	Ok, geralmente nesse caso nós sugeriríamos ajustar a transmissão final, no entanto, isso não pode ser ajustado neste carro, sinto muito. 	En este caso, lo normal es ajustar la relación de la transmisión final, pero eso no se puede modificar en este auto. Lo siento. 	D'accord, en temps normal je te conseillerais d'ajuster le rapport de transmission secondaire mais il est impossible de le faire sur cette voiture. 	보통 이러한 경우 차량의 파이널 기어비 조정을 제안하나, 이 차량의 경우에는 불가능합니다.	好，通常这种情形下，我们会建议调节车辆的最终传动比，但这辆车无法这么调节。抱歉。	好，通常這種情形下，我們會建議調節車輛的最終傳動比，但這輛車無法這麼調節。抱歉。 
	SetupEngineer_DecisionTree_CarDoesNotTurnTurningInFallback	To aid with understeer when turning in, we would usually suggest stiffening the Front Spring Rates or lowering the Front Ride Height. However these can't be changed on this car. Apologies.	Je te conseillerais habituellement d'augmenter la raideur des ressorts avant ou de réduire la hauteur de l'avant de la voiture afin de réduire le sous-virage, cependant il est impossible de le faire sur cette voiture.	Di solito, per eliminare il sottosterzo all'ingresso in curva irrigidiamo le molle anteriori o riduciamo l'altezza da terra anteriore. Purtroppo non possiamo modificarli su quest'auto.	Bei Problemen mit Untersteuern beim Einlenken würden wir normalerweise empfehlen, die Frontfederraten härter einzustellen oder die Bodenfreiheit vorn etwas zu reduzieren. Allerdings sind diese Anpassungen bei diesem Wagen leider nicht möglich.	Normalmente, te aconsejaríamos que aumentaras la rigidez del tarado de muelles delanteros o redujeras la altura delantera para corregir el subviraje en las curvas. Sin embargo, este coche no permite esos cambios. Lo sentimos.	Снос передней оси мы обычно компенсируем усилением передних амортизаторов или сокращением дорожного просвета в передней части. К сожалению, здесь это невозможно. Приносим извинения.	Aby poradzić sobie z problemem podsterowności podczas wchodzenia w zakręt, sugerowalibyśmy usztywnienie przednich sprężyn i obniżenie przodu samochodu. Niestety takich zmian nie można wprowadzić w tym samochodzie. Przykro mi.	コーナリング時のアンダーステアの対策としては、いつもならフロントのバネレートを硬くしたり、フロント最低地上高を下げることを勧めるんだが、このマシンはどちらも調整できないな。すまない。	Para ajudar na subesterção na hora de fazer uma curva, nós normalmente sugeriríamos endurecer as molas dianteiras ou abaixar a altura dianteira. No entanto, isso não pode ser alterado nesse carro, sinto muito.	Para reducir el subviraje al entrar en las curvas, lo normal es aumentar los índices de rigidez delanteros o bajar la altura de marcha delantera, pero en este auto no se pueden cambiar. Perdona.	Je te conseillerais habituellement d'augmenter la raideur des ressorts avant ou de réduire la hauteur de l'avant de la voiture afin de réduire le sous-virage, cependant il est impossible de le faire sur cette voiture.	턴 시 언더스티어 문제를 해결하려면 주로 프런트 스프링 레이트를 강화하거나 프런트 지상고를 낮추는 것을 제안합니다. 그러나 이 차량의 경우 변경이 불가능합니다. 죄송합니다.	要解决入弯时的转向不足，我们一般会建议调硬前弹簧系数，或降低前底盘高度。但是这些都无法在此车辆上变更。非常抱歉。	要解決入彎時的轉向不足，我們一般會建議調硬前彈簧係數，或降低前車身高度。但是這些都無法在此車輛上變更。非常抱歉。
	SetupEngineer_DecisionTree_CarDoesNotTurnCornerExitFallback	Ok, we would usually suggest either stiffening the Rear Anti-Roll Bars or raising the Rear Ride Height, but unfortunately we can not adjust those options on this car. Sorry.	D'accord, en temps normal je te conseillerais d'augmenter la raideur de la barre anti-roulis arrière ou d'augmenter la hauteur de l'arrière de la voiture, cependant il est impossible de le faire sur cette voiture.	Di solito irrigidiamo la barra antirollio posteriore o aumentiamo l'altezza da terra posteriore, ma purtroppo non possiamo farlo su quest'auto. Mi spiace.	Okay, wir würden normalerweise vorschlagen, entweder die hinteren Stabilisatoren zu versteifen oder die Bodenfreiheit hinten etwas zu erhöhen, aber leider können wir diese Anpassungen an diesem Wagen nicht vornehmen.	Por lo general, te recomendaríamos que aumentaras la rigidez de las barras estabilizadoras traseras o elevaras la altura trasera, pero me temo que estas opciones no son viables en este coche. Lo siento.	Все понятно. Обычно мы предлагаем усилить задние стабилизаторы поперечной устойчивости или увеличить просвет под задней осью, но здесь таких возможностей не предусмотрено.	Zazwyczaj rekomendowalibyśmy usztywnienie tylnych stabilizatorów poprzecznych albo podwyższenie tyłu, ale w przypadku tego samochodu nie da się tego zrobić. Przykro mi.	いつもならリアスタビライザーを硬くするか、リア最低地上高を高くすることを勧めるんだが、残念ながらこのマシンはどっちも調整できない。すまんな。	Ok, normalmente sugeriríamos endurecer as barras antirrolagem traseiras ou aumentar a distância do solo traseira, mas infelizmente não podemos ajustar essas opções nesse carro. Sinto muito.	Lo normal es reforzar las barras estabilizadoras traseras o subir la altura de marcha trasera. Lamentablemente, en este auto no se pueden modificar esas opciones. Lo siento.	D'accord, en temps normal je te conseillerais d'augmenter la raideur de la barre anti-roulis arrière ou d'augmenter la hauteur de l'arrière de la voiture, cependant il est impossible de le faire sur cette voiture.	보통 리어 안티 롤 바를 강화하거나 리어 지상고를 높일 것을 제안하나, 유감스럽게도 이 차량의 경우 조정이 불가능합니다. 죄송합니다.	好，我们一般会建议调硬后防倾杆或提升后底盘高度，但很遗憾我们无法调节该车辆这些选项。抱歉。	好，我們一般會建議調硬後防傾桿或提升後車身高度，但很遺憾我們無法調節該車輛這些選項。抱歉。
	SetupEngineer_DecisionTree_CarDoesNotTurnMidCornerUndersteerFallback	Ok, in this case w would usually suggest stiffening the Rear Anti-Roll Bar to help the car rotate through the middle of the corner. However, the Rear Anti-Roll Bar can not be adjusted on this car. 	D'accord, en temps normal je te conseillerais d'augmenter la raideur de la barre anti-roulis arrière pour aider la voiture à tourner dans les virages mais il est impossible de le faire sur cette voiture. 	In questi casi suggerisco di irrigidire la barra antirollio posteriore per aiutare l'auto a girare nel corso della curva, ma su quest'auto non è possibile farlo. 	Okay, in diesem Fall würden wir normalerweise vorschlagen, den hinteren Stabilisator zu versteifen, um dem Wagen bei der Kurvendurchfahrt mehr Rotation zu verleihen. Allerdings können die hinteren Stabilisatoren bei diesem Wagen nicht angepasst werden. 	Vale, en este caso recomendaríamos aumentar la rigidez de la barra estabilizadora trasera para que el coche gire en mitad de la curva. Lamentablemente, la barra estabilizadora trasera no se puede ajustar en este coche. 	Такая проблема обычно компенсируется усилением заднего стабилизатора поперечной устойчивости, что добавляет крен при прохождении поворотов. К сожалению, стабилизаторы этой машины не регулируются.	W takim przypadku sugerowalibyśmy usztywnienie tylnego stabilizatora poprzecznego, aby wesprzeć rotację samochodu na środku zakrętu. Niestety tylny stabilizator poprzeczny nie może być modyfikowany w tym samochodzie.	こんな場合は、リアスタビライザーを硬くすればコーナー中盤をスムーズに通過できるようになる。だが、リアスタビライザーの調整は、このマシンではできないな。 	Ok, nesse caso normalmente sugeriríamos endurecer a barra antirrolagem traseira para ajudar o carro girar no meio da curva. No entanto, a barra antirrolagem não pode ser ajustada nesse carro. 	En este caso, lo normal es reforzar la barra estabilizadora trasera para mejorar el giro del auto en mitad de la curva, pero la barra estabilizadora trasera no se puede ajustar en este auto. 	D'accord, en temps normal je te conseillerais d'augmenter la raideur de la barre anti-roulis arrière pour aider la voiture à tourner dans les virages mais il est impossible de le faire sur cette voiture. 	이러한 경우 보통 리어 안티 롤 바를 강화하여 코너 중간에서 차량이 회전하는 것을 도와줍니다. 그러나, 이 차량의 경우 리어 안티 롤 바를 조정할 수 없습니다.	好，这种情形下，我们一般会建议调硬后防倾杆，来帮助车子旋转过弯顶点。但是，这辆车无法调节后防倾杆。	好，這種情形下，我們一般會建議調硬後防傾桿，來幫助車子旋轉過彎頂點。但是，這輛車無法調節後防傾桿。 
	SetupEngineer_DecisionTree_CarTurnsTooMuchTurningInFallback	Ok, so the car is oversteering when turning into a corner. We would usually suggest stiffening the front Anti-Roll Bar or Spring Rates, however we can't adjust either option on this car. I would recommend taking a look at the Downforce area of the car to see if there is anything we can adjust to help with the oversteer on turn in. 	D'accord, la voiture est en survirage lorsqu'elle tourne dans les virages. Je te conseillerais en temps normal d'augmenter la raideur de la barre anti-roulis avant ou des ressorts, cependant il est impossible de le faire sur cette voiture. Tu peux en revanche vérifier la section de l'appui de la voiture pour voir si certains ajustements peuvent être faits pour compenser le survirage. 	Quindi l'auto sovrasterza all'ingresso in curva. Di solito risolviamo il problema irrigidendo la barra antirollio o le molle anteriori, ma non possiamo fare nessuna delle due cose su quest'auto. Ti consiglio di dare un'occhiata all'area Deportanza dell'auto per verificare se possiamo risolvere con qualche modifica il problema di sovrasterzo all'ingresso in curva. 	Okay, der Wagen übersteuert also beim Einlenken. Wir würden normalerweise vorschlagen, den Stabilisator oder die Federraten vorne härter einzustellen, allerdings können wir keine dieser Anpassungen an diesem Wagen vornehmen. Ich empfehle dir, die Abtriebsoptionen des Wagens in Augenschein zu nehmen und dort nach einer Lösung für das Übersteuern beim Einlenken zu finden. 	Vale, hay sobreviraje cuando el coche toma una curva. Normalmente recomendaríamos aumentar la rigidez de la barra estabilizadora frontal o del tarado de muelles delanteros, pero estas opciones no se pueden ajustar en este coche. Será mejor que acudas a la sección de carga aerodinámica para ver si podemos ajustar algo y corregir ese sobreviraje.  	Похоже, что машину заносит при входе в поворот. Обычно это устраняется усилением переднего стабилизатора поперечной устойчивости или усилением амортизаторов, но конструкция машины этого не предусматривает. Мы бы посоветовали проверить прижимную силу - она тоже отвечает за поведение на входе в поворот.	Podczas wchodzenia w zakręty występuje nadsterowność. Zazwyczaj sugerowalibyśmy usztywnienie przedniego stabilizatora poprzecznego lub sprężyn, ale w tym samochodzie nie można zrobić żadnej z tych rzeczy. Rekomenduję przyjrzenie się ustawieniom siły docisku, aby poprawić sterowność samochodu podczas wchodzenia w zakręty.	コーナー進入時にオーバーステアになっているようだな。いつもはフロントスタビライザーやバレレートを硬くするようアドバイスするところだが、このマシンはどっちも調整できないな。ダウンフォースのセクションで、進入時のオーバーステア対策の調整を確認してみてくれ。 	Ok, o carro está sobresterçando ao virar em uma curva. Normalmente sugeriríamos endurecer a barra antirrolagem dianteira ou as molas dianteiras, no entanto, não podemos ajustar essas opções nesse carro. Eu recomendo dar uma olhada na área do downforce do carro para ver se há algo que nós possamos ajustar para ajudar o sobresterço na curva. 	El auto sobrevira al entrar en las curvas. Lo normal es reforzar la barra estabilizadora delantera o aumentar los índices de rigidez delanteros, pero en este auto no se pueden modificar esas opciones. Mi consejo es que le eches un vistazo a la sección de carga aerodinámica del auto para ver si hay algún otro elemento que podamos modificar y reducir el sobreviraje al entrar en las curvas. 	D'accord, la voiture est en survirage lorsqu'elle tourne dans les virages. Je te conseillerais en temps normal d'augmenter la raideur de la barre anti-roulis avant ou des ressorts, cependant il est impossible de le faire sur cette voiture. Tu peux en revanche vérifier la section de l'appui de la voiture pour voir si certains ajustements peuvent être faits pour compenser le survirage. 	코너 진입 시 오버스티어 현상이 발생하고 있습니다. 주로 프런트 안티 롤 바나 스프링 레이트의 강화를 제안하지만, 이 차량의 경우 조정이 불가능합니다. 차량의 다운포스를 확인하여 오버스티어 문제를 해결할 방법이 있는지 확인해 보십시오.	好，所以车子入弯时会转向过度。我们一般会建议调硬前防倾杆或弹簧系数，但是这辆车的两个选项都无法做调节。我会建议看看车子的下压力，然后找出有什么可以调节，或解决入弯的过度转向。	好，所以車子入彎時會轉向過度。我們一般會建議調硬前防傾桿或彈簧係數，但是這輛車的兩個選項都無法做調節。我會建議看看車子的下壓力，然後找出有什麼可以調節，或解決入彎的過度轉向。 
	SetupEngineer_DecisionTree_CarTurnsTooMuchMidCornerFallback	Ok, so usually to help with mid corner oversteer we would soften the Rear Anti-Roll Bar. However for our car, we can't adjust this. You could however try looking at the cars downforce to see if there is anything adjustable there. 	D'accord, je Te conseillerais en temps normal de réduire la raideur de la barre anti-roulis arrière pour compenser le survirage, cependant il est impossible de le faire sur cette voiture. Tu peux en revanche vérifier la section de l'appui de la voiture pour voir si certains ajustements peuvent être faits. 	Di solito, il sovrasterzo a metà curva si risolve ammorbidendo la barra antirollio posteriore, ma su quest'auto non possiamo farlo. Dai un'occhiata alla deportanza dell'auto per verificare se possiamo cambiare qualcosa lì. 	Okay, normalerweise würden wir den hinteren Stabilisator weicher einstellen, um dem Übersteuern mitten in der Kurve entgegenzuwirken. Allerdings ist das bei diesem Wagen nicht möglich. Du könntest dir stattdessen die Abtriebsoptionen des Wagens ansehen und dort nach einer Lösung suchen. 	Por norma general, si queremos corregir el sobreviraje al negociar las curvas, reduciríamos la rigidez de la barra estabilizadora trasera, pero nuestro coche no permite ajustarla. No obstante, prueba a mirar la carga aerodinámica del coche para ver si puedes ajustar algo. 	Окей, обычно занос при прохождении поворота компенсируется смягчением заднего стабилизатора поперечной устойчивости, но машина не имеет такой функции. Проверьте прижимную силу - вдруг там получится решить проблему.	Zazwyczaj w celu zlikwidowania nadsterowności w połowie zakrętu luzujemy tylny stabilizator poprzeczny. Nie możemy jednak zrobić tego w tym aucie. Możemy za to przyjrzeć się sile docisku samochodu i spróbować ją zmienić.	コーナー中盤のオーバーステア対策としては、リアスタビライザーを柔らかくするのがいい。だが、このマシンでは、この調整ができないな。ダウンフォースの設定で対応できないか、確認してみてくれ。 	Ok, normalmente, para ajudar com o sobresterço durante a curva, nós amoleceríamos a barra antirrolagem traseira. No entanto, não podemos ajustar isso no nosso carro. Você poderia dar uma olhada no downforce do carro para ver se há algo ajustável lá. 	Lo normal para reducir el sobreviraje en la mitad de las curvas es aflojar la barra estabilizadora trasera, pero eso no es posible en este auto. Si quieres, échale un vistazo a la sección de carga aerodinámica del auto para ver si hay algún otro elemento que puedas modificar. 	D'accord, je Te conseillerais en temps normal de réduire la raideur de la barre anti-roulis arrière pour compenser le survirage, cependant il est impossible de le faire sur cette voiture. Tu peux en revanche vérifier la section de l'appui de la voiture pour voir si certains ajustements peuvent être faits. 	코너 중간에서의 오버스티어 현상을 해결하려면 보통 리어 안티 롤 바를 부드럽게 하는 것을 제안합니다. 그러나 이 차량의 경우 조정이 불가능합니다. 차량의 다운포스를 확인하여 조정할 사항을 확인하십시오.	好，一般要解决弯顶点转向过度，我们会调软后防倾杆。但是我们的车没办法调节这个。你也可以试着看看车子的下压力，找出还有什么可以调的。	好，一般要解決彎頂點轉向過度，我們會調軟後防傾桿。但是我們的車沒辦法調節這個。你也可以試著看看車子的下壓力，找出還有什麼可以調的。 
	SetupEngineer_DecisionTree_CarTurnsTooMuchCornerExitFallback	So usually for helping with corner exit oversteer, we would soften the Rear Anti-Roll Bar. However, it is unfortunately not adjustable on our car. 	Pour compenser le survirage en sortie de virage, je te conseillerais habituellement de réduire la raideur de la barre anti-roulis arrière mais il est impossible de le faire sur cette voiture. 	Per aiutare nei casi di sovrasterzo all'uscita in curva, ammorbidiamo la barra antirollio posteriore. Purtroppo non è possibile farlo su quest'auto. 	Normalerweise würden wir den hinteren Stabilisator etwas lockern, um dem Übersteuern bei der Kurvenausfahrt entgegenzuwirken. Allerdings ist das bei diesem Wagen leider nicht möglich. 	Para corregir el sobreviraje en la salida de las curvas, normalmente reduciríamos la rigidez de la barra estabilizadora trasera. Lamentablemente, nuestro coche no permite modificarla. 	Занос на выходе из поворота мы обычно компенсируем ослаблением заднего стабилизатора поперечной устойчивости. К сожалению, в нашей машине он не регулируется.	W celu poradzenia sobie z problemem nadsterowności podczas wychodzenia z zakrętu luzujemy tylny stabilizator poprzeczny. Niestety nie możemy tego zrobić w tym samochodzie.	コーナーを抜ける際のオーバーステア対策としては、リアスタビライザーを柔らかくするのが一般的だ。しかし、生憎このマシンでは調整できない。 	Normalmente, para ajudar com o sobresterço ao sair de uma curva, nós amoleceríamos a barra antirrolagem traseira. No entanto, ela não pode ser ajustada no seu carro. 	Lo normal para reducir el sobreviraje al salir de las curvas es aflojar la barra estabilizadora trasera. Lamentablemente, en este auto no se puede modificar. 	Pour compenser le survirage en sortie de virage, je te conseillerais habituellement de réduire la raideur de la barre anti-roulis arrière mais il est impossible de le faire sur cette voiture. 	코너를 나올 때의 오버스티어 현상을 해결하려면, 리어 안티 롤 바를 부드럽게 하면 됩니다. 그러나, 이 차량의 경우 유감스럽게도 조정이 불가능합니다.	一般而言要解决出弯转向过度，我们会调软后防倾杆。但是，很不幸的我们的车无法调整。	一般而言要解決出彎轉向過度，我們會調軟後防傾桿。但是，很不幸的我們的車無法調整。 
	SetupEngineer_DecisionTree_TyreWornFallback	Ok, so firstly I'd recommend taking a look at the Tyre Pressures as well as Tyre Compounds in the 'Edit Setup' section. We would usually recommend stiffening up the Spring Rates front and/or rear, however they're not adjustable for this car. 	D'accord, tout d'abord je te conseille de jeter un œil à la pression des pneus et à leur composition dans la section de la configuration du véhicule. Habituellement, je te conseillerais d'augmenter légèrement la raideur des ressorts avant et arrière mais il est impossible de le faire sur cette voiture. 	Prima di tutto, consiglio di dare un'occhiata a pressione e mescola delle gomme nella sezione "Modifica assetto". Di solito consigliamo di irrigidire le molle anteriori e/o posteriori, ma non è possibile farlo su quest'auto. 	Okay, zuerst würde ich vorschlagen, dass du dir Reifendruck und -mischung unter "Setup bearbeiten" ansiehst. Ansonsten würden wir normalerweise auch empfehlen, die Federraten vorne und/oder hinten zu versteifen, allerdings ist das bei deinem Wagen nicht möglich. 	En primer lugar, te sugiero que compruebes la presión y el compuesto de los neumáticos, en la sección "Editar reglaje". En otras circunstancias, recomendaríamos que aumentaras la rigidez del tarado de muelles delanteros y traseros, pero en este coche no se puede ajustar. 	Во-первых, проверьте настройки давления в шинах и их состав в разделе "Изменить конфигурацию". Можно было бы еще усилить передние и / или задние амортизаторы, но в этой машине они не регулируются.	Na początek należy przyjrzeć się ustawieniom ciśnienia opon oraz ich mieszanki w sekcji Edytuj ustawienie. Do tego zazwyczaj rekomendujemy usztywnienie przednich i tylnych sprężyn, ale w tym samochodzie nie można tego zrobić.	まずは、「セッティングを編集」セクションでタイヤ圧とタイヤコンパウンドの設定を確認することをお勧めする。普通だったらフロントやリアのバネレートを硬くするのがいいんだが、このマシンでは調整できないんだ。	Ok, primeiro eu recomendo dar uma olhada na pressão dos pneus, bem como nos compostos dos pneus na seção "Editar configuração". Normalmente recomendaríamos endurecer as molas dianteiras e/ou traseiras, no entanto, elas não podem ser ajustadas nesse carro. 	En primer lugar, mi consejo es echarle un vistazo al compuesto y a la presión de los neumáticos en la sección «Editar configuración». Lo normal es aumentar los índices de rigidez delanteros y/o traseros, pero en ese auto no se puede modificar. 	D'accord, tout d'abord je te conseille de jeter un œil à la pression des pneus et à leur composition dans la section de la configuration du véhicule. Habituellement, je te conseillerais d'augmenter légèrement la raideur des ressorts avant et arrière mais il est impossible de le faire sur cette voiture. 	우선, "셋업 편집"섹션에서 타이어 공기압 및 컴파운드를 확인해 보십시오. 주로 차량 전면부나 후면부의 스프링 레이트를 강화하는 것을 추천하나, 이 차량의 경우 조정이 불가능합니다. 	好，第一，建议在「编辑设定」选项查看胎压及配方。我们一般会建议调硬前或后弹簧系数，但是在这辆车上无法调节。	好，第一，建議在「編輯設定」選項查看胎壓及配方。我們一般會建議調硬前或後彈簧係數，但是在這輛車上無法調節。 
	SetupEngineer_DecisionTree_NotStoppingPressureBiasFallback	Ok, usually in this scenario we would recommend either adjusting the Brake Bias, or increasing the Brake Pressure. However unfortunately we cannot change either on the car. 	D'accord, je te conseillerais d'ajuster la répartition du freinage ou d'augmenter la pression des freins en temps normal mais il est impossible de le faire sur cette voiture. 	In casi come questo consigliamo di modificare la ripartizione di frenata o di aumentare la pressione dei freni, ma su quest'auto non possiamo fare nessuna delle due cose. 	Okay, normalerweise würden wir in diesem Szenario empfehlen, entweder die Bremsbalance zu verändern oder den Bremsdruck zu erhöhen. Allerdings lassen sich diese Anpassungen an diesem Wagen nicht vornehmen. 	En estos casos, normalmente aconsejaríamos desplazar el reparto de frenada o aumentar la presión de los frenos, pero por desgracia el coche no permite ninguno de esos cambios. 	В таком случае мы обычно советуем изменить баланс тормозов или увеличить давление в тормозной системе. К сожалению, машина не позволяет настроить эти параметры.	Zazwyczaj w takiej sytuacji rekomendujemy zmianę balansu hamowania lub ciśnienia układu hamulcowego. Niestety nie można zmienić żadnej z tych opcji w tym samochodzie.	通常、こういった場合にはブレーキバイアスの調整やブレーキ圧を上げることを勧めるんだ。だが、残念ながらこのマシンはどちらも変更できない。 	Ok, normalmente nesse cenário nós recomendaríamos ajudar a proporção da frenagem ou aumentar a pressão do freio. No entanto, não podemos mudar nenhuma dessas coisas nesse carro. 	En este caso, lo normal es ajustar el reparto de frenada o aumentar la presión de los frenos. Lamentablemente, en este auto no se pueden cambiar esas opciones. 	D'accord, je te conseillerais d'ajuster la répartition du freinage ou d'augmenter la pression des freins en temps normal mais il est impossible de le faire sur cette voiture. 	이러한 경우 브레이크 바이어스를 조정하거나 브레이크 압력을 높이는 것을 추천합니다. 그러나 이 차량의 경우 조정이 불가능합니다.	好，一般这种情形下，我们会建议调节煞车分配器，或增加煞车压力。但很遗憾的，这辆车两样都不能调节。	好，一般這種情形下，我們會建議調節煞車分配器，或增加煞車壓力。但很遺憾的，這輛車兩樣都不能調節。 
	SetupEngineer_DecisionTree_BrakingSlidingWhenBrakingFrontFallback	Ok, usually we would try decreasing the Brake Pressure, however it is not adjustable on this car, sorry. Best option is to brake a little earlier, be more gentle on the brakes and make sure you are braking in a straight line with no steering input. That should help reduce the chance of the front wheels from locking under braking. 	D'accord, je te conseillerais de réduire la pression des freins habituellement, cependant il est impossible de le faire sur cette voiture. La meilleure solution dans ton cas est de freiner un peu plus tôt, plus doucement et toujours dans une ligne droite, sans toucher au volant. Cela devrait réduire les chances de blocage des roues avant lors du freinage. 	In un caso simile proveremmo a diminuire la pressione dei freni, ma su quest'auto non possiamo modificarla. La cosa migliore da fare è frenare un po' prima e più gradualmente, con una traiettoria diritta, senza sterzare. In questo modo le ruote anteriori non dovrebbero bloccarsi facilmente durante la frenata. 	Okay, normalerweise würden wir probieren, den Bremsdruck zu reduzieren, aber leider ist das bei diesem Wagen nicht möglich. Deine beste Option besteht darin, ein wenig früher zu bremsen, etwas gefühlvoller auf die Bremse zu steigen und dafür zu sorgen, dass du einen geraden Bremsweg hast und dabei nicht einlenkst. Dadurch solltest du die Wahrscheinlichkeit minimieren, dass die Vorderräder beim Bremsen blockieren. 	Por norma general, probaríamos a reducir la presión de los frenos, pero lamento decir que este coche no permite ajustarla. Lo mejor sería frenar un poco antes y en línea recta, sin giros, y castigar menos los frenos. Así la probabilidad de que las ruedas delanteras se bloqueen al frenar será menor. 	Эту проблему мы обычно решаем снижением давления в тормозах, но машина такого не позволяет. Поэтому советуем следующее: начинать торможение заранее; аккуратнее работать с тормозом; следить, чтобы торможение шло по предсказуемой траектории. Это позволит избежать блокировки передних колес при торможении.	Zazwyczaj spróbowalibyśmy zmniejszyć ciśnienie układu hamulcowego, ale nie można tego zrobić w tym samochodzie. Najlepszym rozwiązaniem będzie rozpoczynanie hamowania wcześniej, lżejsze naciskanie hamulców oraz hamowanie na prostej linii bez prób skręcania. To powinno zmniejszyć ryzyko blokownia przednich kół podczas hamowania.	いつもならブレーキ圧を下がるところなんだが、このマシンでは調整できないな。一番いいのは、少し早めにかつ優しくブレーキを踏むようにすることと、直線でハンドルを真っすぐにしたままブレーキを掛けることを心がけることだ。そうすれば、ブレーキ中にフロントホイールがロックする可能性を減らせるだろう。 	Ok, normalmente tentaríamos diminuir a pressão do freio, no entanto, ela não é ajustável nesse carro, sinto muito. A melhor opção é frear um pouco mais cedo, ser mais gentil nos freios e certificar-se de frear em uma linha reta, sem girar o volante. Isso deve ajudar a reduzir a chance das rodas dianteiras travarem ao frear. 	Lo normal es reducir la presión de los frenos, pero en este auto no se puede modificar. Lo siento. Lo mejor que puedes hacer es frenar un poco antes, con moderación, y no mover el volante al frenar en las rectas. Así disminuirá la probabilidad de que las ruedas delanteras se bloqueen al frenar. 	D'accord, je te conseillerais de réduire la pression des freins habituellement, cependant il est impossible de le faire sur cette voiture. La meilleure solution dans ton cas est de freiner un peu plus tôt, plus doucement et toujours dans une ligne droite, sans toucher au volant. Cela devrait réduire les chances de blocage des roues avant lors du freinage. 	이러한 경우 주로 브레이크 압력을 낮추지만, 이 차량의 경우 조정이 불가능합니다. 가장 좋은 방법은 조금 일찍 브레이킹하고, 더 조심스럽게 브레이크를 밟고, 스티어링 없이 직선 주로에서 브레이킹하는 것입니다. 이는 브레이킹 시 프런트 휠의 록업 가능성을 낮추어 줍니다.	好，一般我们会尝试降低煞车压力，但是这辆车上无法调节，抱歉。最好的选项就是提前一点煞车，对煞车温柔一点，然后确保你在直线煞车没有输入任何转向。那会帮忙减少前轮在煞车时死锁的机率。	好，一般我們會嘗試降低煞車壓力，但是這輛車上無法調節，抱歉。最好的選項就是提前一點煞車，對煞車溫柔一點，然後確保你在直線煞車沒有輸入任何轉向。那會幫忙減少前輪在煞車時鎖死的機率。 
	SetupEngineer_DecisionTree_BrakingSlidingWhenBrakingRearFallback	Ok, usually we would try moving the Brake Balance forwards, however it is not adjustable on this car, sorry. Best option is to brake a little earlier, be more gentle on the brakes and make sure you are braking in a straight line with no steering input. That should help reduce the chance of the rear wheels from locking under braking. 	D'accord, je te conseillerais d'ajuster la répartition du freinage vers l'avant en temps normal, cependant il est impossible de le faire sur cette voiture. La meilleure solution dans ton cas est de freiner un peu plus tôt, plus doucement et toujours dans une ligne droite, sans toucher au volant. Ça devrait réduire les chances de blocage des roues arrière lors du freinage. 	Di solito proveremmo a spostare la ripartizione della frenata in avanti, ma su quest'auto non possiamo farlo. La cosa migliore da fare è frenare un po' prima e più gradualmente, con una traiettoria diritta, senza sterzare. In questo modo le ruote posteriori non dovrebbero bloccarsi facilmente durante la frenata. 	Okay, normalerweise würden wir probieren, die Bremsbalance nach vorn zu verlagern, aber leider ist das bei diesem Wagen nicht möglich. Deine beste Option besteht darin, ein wenig früher zu bremsen, etwas gefühlvoller auf die Bremse zu steigen und dafür zu sorgen, dass du einen geraden Bremsweg hast und dabei nicht einlenkst. Dadurch solltest du die Wahrscheinlichkeit minimieren, dass die Hinterräder beim Bremsen blockieren. 	Vale, normalmente probaríamos a desplazar el equilibrio de frenos hacia delante, pero lamento decir que este coche no lo permite. Lo mejor sería frenar un poco antes y en línea recta, sin giros, y castigar menos los frenos. Así la probabilidad de que las ruedas traseras se bloqueen al frenar será menor. 	Эту проблему мы обычно решаем смещением баланса тормозов вперед, но машина такого не позволяет. Поэтому советуем следующее: начинать торможение заранее; аккуратнее работать с тормозом; следить, чтобы торможение шло по предсказуемой траектории. Это позволит избежать блокировки задних колес при торможении.	Zazwyczaj spróbowalibyśmy przesunąć balans hamowania na przód, ale nie można tego zrobić w tym samochodzie. Najlepszym rozwiązaniem będzie rozpoczynanie hamowania wcześniej, lżejsze naciskanie hamulców oraz hamowanie na prostej linii bez prób skręcania. To powinno zmniejszyć ryzyko blokownia tylnych kół podczas hamowania.	いつもならブレーキバランスをフロントに移動させるところなんだが、このマシンは調整できないな。一番いいのは、少し早めにかつ優しくブレーキを踏むようにすることと、直線でハンドルを真っすぐにしたままブレーキを掛けることを心がけることだ。そうすれば、ブレーキ中にリアホイールがロックする可能性を減らせるだろう。 	Ok, normalmente tentaríamos mover o equilíbrio dos freios para frente, no entanto, ela não é ajustável nesse carro, sinto muito. A melhor opção é frear um pouco mais cedo, ser mais gentil nos freios e certificar-se de frear em uma linha reta, sem girar o volante. Isso deve ajudar a reduzir a chance das rodas traseiras travarem ao frear. 	Lo normal es desplazar el equilibrio de frenos hacia adelante, pero en este auto no se puede modificar. Lo siento. Lo mejor que puedes hacer es frenar un poco antes, con moderación, y no mover el volante al frenar en las rectas. Así disminuirá la probabilidad de que las ruedas traseras se bloqueen al frenar. 	D'accord, je te conseillerais d'ajuster la répartition du freinage vers l'avant en temps normal, cependant il est impossible de le faire sur cette voiture. La meilleure solution dans ton cas est de freiner un peu plus tôt, plus doucement et toujours dans une ligne droite, sans toucher au volant. Ça devrait réduire les chances de blocage des roues arrière lors du freinage. 	주로 브레이크 밸런스를 앞으로 이동하는 것을 추천하나, 이 차량의 경우 조정이 불가능합니다. 가장 좋은 방법은 조금 일찍 브레이킹하고, 더 조심스럽게 브레이크를 밟고, 스티어링 없이 직선 주로에서 브레이킹하는 것입니다. 이는 브레이킹 시 리어 휠의 록업 가능성을 낮추어 줍니다.	好，一般我们会尝试将煞车平衡向前移动，但是这辆车上无法调节，抱歉。最好的选项就是提前一点煞车，对煞车温柔一点，然后确保你在直线煞车没有输入任何转向。那会帮忙减少后轮在煞车时死锁的机率。	好，一般我們會嘗試將煞車平衡向前移動，但是這輛車上無法調節，抱歉。最好的選項就是提前一點煞車，對煞車溫柔一點，然後確保你在直線煞車沒有輸入任何轉向。那會幫忙減少後輪在煞車時鎖死的機率。 
	SetupEngineer_DecisionTree_FinalDriveUpFallback	Ok, usually in this case we would suggest adjusting the car's Final Drive Ratio, however this cannot be adjusted on this car. Sorry. 	D'accord, en temps normal je te conseillerais d'ajuster le rapport de transmission secondaire mais il est impossible de le faire sur cette voiture. 	In questi casi suggerirei di modificare l'ultimo rapporto di trasmissione, ma non possiamo farlo su quest'auto. Mi spiace. 	Okay, normalerweise würden wir in diesem Fall vorschlagen, die Achsübersetzung des Wagens anzupassen, aber leider ist das bei diesem Wagen nicht möglich. 	Vale, en estos casos te recomendaríamos que ajustaras la relación de transmisión final, pero en este coche no va a ser posible. Lo siento. 	Окей, в таком случае мы обычно советуем изменить конечное передаточное число, но в вашей машине это не предусмотрено.	Zazwyczaj w takim przypadku trzeba zmienić przełożenie główne, ale niestety nie można tego zrobić w tym samochodzie.	こういう場合、いつもなら最終減速比の調整を勧めるんだが、すまんがこのマシンでの調整はできんな。 	Ok, geralmente nesse caso nós sugeriríamos ajustar a transmissão final, no entanto, isso não pode ser ajustado neste carro, sinto muito. 	En este caso, lo normal es ajustar la relación de la transmisión final, pero eso no se puede modificar en este auto. Lo siento. 	D'accord, en temps normal je te conseillerais d'ajuster le rapport de transmission secondaire mais il est impossible de le faire sur cette voiture. 	이러한 경우 주로 차량의 파이널 기어비를 낮출 것을 제안하나, 이 차량의 경우 조정이 불가능합니다. 죄송합니다.	好，通常这种情形下，我们会建议调节车辆的最终传动比，但这辆车无法这么调节。抱歉。	好，通常這種情形下，我們會建議調節車輛的最終傳動比，但這輛車無法這麼調節。抱歉。 
	SetupEngineer_DecisionTree_GoBackstop	Go Back.	Retour	Indietro	Zurück.	Volver	Назад.	Wstecz	戻る。	Voltar.	Volver.	Retour	돌아가기	返回。	返回。
	SetupEngineer_DecisionTree_RightSoYouReSayingTh	Right, so you’re saying the car is oversteering going through the turns. We can try softening the rear Anti-Roll Bar. This should allow the car to roll a little more through the turns while leaning on the tyres in mid-corner. Alternatively, you can take a look at the Downforce section and see if that helps improve the handling.	D'accord, la voiture a un problème de survirage dans les virages. On peut réduire légèrement la raideur de la barre anti-roulis pour permettre à la voiture d'appuyer plus fortement sur les pneus en cours de virage. Autrement, tu peux effectuer des modifications dans la section appui de la voiture pour tenter d'améliorer sa maniabilité.	Allora l'auto sovrasterza in curva. Possiamo provare ad ammorbidire la barra antirollio posteriore per far inclinare di più l'auto e farla sostenere dalle gomme. In alternativa, puoi provare a migliorare la manovrabilità dalla sezione Deportanza.	Okay, du meinst also, dass der Wagen beim Durchfahren von Kurven übersteuert. Wir können versuchen, den hinteren Stabilisator zu lockern. Das sollte es dem Wagen ermöglichen, beim Kurvenfahren etwas mehr zu rollen und sich dadurch stärker auf die Reifen zu lehnen. Alternativ kannst du dir die Abtriebsoptionen ansehen, um dort das Handling zu verbessern.	A ver, me estás diciendo que el coche sobrevira al negociar las curvas. Podemos reducir la rigidez de la barra estabilizadora trasera para que el coche se incline un poco más y se apoye en los neumáticos en plena curva. Otra opción es visitar la sección de carga aerodinámica para ver si puedes mejorar el manejo del coche.	Вы говорите, что машину заносит при прохождении поворотов. Мы можем ослабить задний поперечный стабилизатор - это добавит крен машине в повороте и прижмет колеса к дороге. Еще можно отрегулировать прижимную силу - она тоже отвечает за поведение в повороте.	Wyczuwasz nadsterowność podczas pokonywania zakrętu. Możemy poluzować tylny stabilizator poprzeczny. To powinno sprawić, że samochód będzie lepiej się przechylał i opierał na oponach na środku zakrętu. Można też zmienić ustawienia sekcji siły docisku, żeby odrobinę poprawić sterowanie.	コーナー通過中にオーバーステアになっているんだな。リアスタビライザーを柔らかくしてみよう。これでコーナリング中に車体のロールを少し増やして、タイヤに力をかけやすくなるはずだ。もしくは、ダウンフォースのセクションをセッティングを見直すのもいいだろう。	Certo, então você está dizendo que o carro está sobresterçando durante as curvas. Nós podemos tentar amolecer a barra antirrolagem traseira. Isso deve deixar o carro rodar um pouco mais nas curvas e depender dos pneus para virar. A alternativa é olhar a seção sobre downforce e ver o que pode ajudar a melhorar a pilotagem.	Dices que el auto sobrevira a lo largo de las curvas. Podemos aflojar la barra estabilizadora trasera para que el auto gire un poco más y se apoye sobre los neumáticos en mitad de las curvas. Si quieres, también puedes echarle un vistazo a la sección de carga aerodinámica para ver si eso ayuda a mejorar el manejo.	D'accord, la voiture a un problème de survirage dans les virages. On peut réduire légèrement la raideur de la barre anti-roulis pour permettre à la voiture d'appuyer plus fortement sur les pneus en cours de virage. Autrement, tu peux effectuer des modifications dans la section appui de la voiture pour tenter d'améliorer sa maniabilité.	턴을 하는 동안 차량이 오버스티어 되고 있습니다. 리어 안티 롤 바를 부드럽게 할 수 있습니다. 이는 코너 중간에서 차량이 회전하는 것을 돕고 타이어에 하중을 더합니다. 또는 다운포스 란을 확인하여 핸들링을 향상할 수 있는 방법이 있는지 확인하십시오.	那么，所以你是说车子过弯时会过度转向。我们可以尝试调软后防倾杆。 这会允许车子通过弯顶点时多一点滚动，并倾向车轮。或者，你可以检 察下压力区块，并看看那会不会帮助改善操控。	那麼，所以你是說車子過彎時會過度轉向。我們可以嘗試調軟後防傾桿。這會允許車子通過彎頂點時多一點滾動，並傾向車輪。或者，你可以檢察下壓力區塊，並看看那會不會幫助改善操控。
	SetupEngineer_DecisionTree_OkSoYouReNotHittingO	OK, so you’re not hitting, or getting very near, the rev’ limiter on the longest straight. I’d suggest we decrease the Final Drive Ratio to make the gears shorter, which will result in both better acceleration, and also in reaching top speed a little quicker. Unfortunately, you are at the settings limit, and it can’t be lowered further.	Donc tu déclenches ou approches le limiteur de régime en vitesse dans les lignes droites. Je t'aurais bien suggéré de réduire le rapport de transmission secondaire pour obtenir une meilleure accélération, tu pourrais ainsi atteindre plus vite ta vitesse de pointe, mais comme tu es déjà au plus bas c'est impossible.	Quindi, sul rettilineo più lungo non arrivi vicino al limitatore di giri. Suggerirei di diminuire l'ultimo rapporto di trasmissione per accorciare le marce, migliorando l'accelerazione e permettendo di raggiungere prima la velocità massima. Purtroppo è già al limite, non puoi diminuirlo ulteriormente.	Okay, du kommst also auf der längsten Gerade nicht in die Nähe deines Drehzahlbegrenzers. Ich schlage normalerweise vor, dass wir die Achsübersetzung reduzieren, um die Gänge zu verkürzen, wodurch du eine bessere Beschleunigung erhältst und deine Höchstgeschwindigkeit etwas schneller erreichst. Allerdings befindest du dich leider bereits am Minimum und die Achsübersetzung kann nicht weiter reduziert werden.	Vale, no alcanzas ni te acercas al limitador de revoluciones en la recta más larga. Te aconsejo reducir la relación de transmisión final para acortar las marchas, mejorando así la aceleración y permitiéndote alcanzar tu velocidad punta un poco antes. Por desgracia, estás en el límite y no puedes reducir más el ajuste.	Итак, стрелка тахометра на длинных прямых участках при максимальной передаче не уходит в красную зону. Я бы посоветовал уменьшить конечное передаточное число - это сократит передачи, ускорив разгон до максимальной скорости. Но вижу, что настройки и так на пределе, поэтому дальнейшее снижение невозможно.	Na najdłuższej prostej licznik obrotów nie dochodzi do maksimum. Zazwyczaj sugeruję zmniejszenie przełożenia głównego, aby biegi były krótsze, co da lepsze przyspieszenie i szybsze osiąganie maksymalnej prędkości. Niestety tej opcji nie da się już bardziej obniżyć.	最長のストレートで回転数がレブリミッターの限界まで上がらないようだな。最終減速比を下げて、ギア比をクロス気味に設定するといい。加速が向上し、トップスピードに早く到達できるようになる。残念だが、すでに限界に設定されていて、これ以上設定を下げられない。	Ok, então você não atinge, nem chega muito perto de atingir, o limitador de giro na reta mais longa. Eu sugiro que a gente diminua a transmissão final para deixar as marchas mais curtas, o que resultará em uma aceleração melhor e também em alcançar a velocidade máxima um pouco mais rápido. Infelizmente, você está no limite das configurações e elas não podem ser diminuídas ainda mais.	No alcanzas el límite de revoluciones, ni te quedas muy cerca, en la recta más larga. Mi consejo es que bajemos la relación de la transmisión final para que las marchas sean más cortas, así mejorará la aceleración y podrás alcanzar antes la velocidad máxima. Lamentablemente, el valor ya está en el límite y no se puede bajar más.	Donc tu déclenches ou approches le limiteur de régime en vitesse dans les lignes droites. Je t'aurais bien suggéré de réduire le rapport de transmission secondaire pour obtenir une meilleure accélération, tu pourrais ainsi atteindre plus vite ta vitesse de pointe, mais comme tu es déjà au plus bas c'est impossible.	최장 직선 주로에서 기어를 가장 높였을 때 레브 리미터 근처에 도달하지 못하고 있군요. 기어를 줄이기 위해 파이널 기어비를 낮추어 가속을 향상시키고 최고 속도에 더 빠르게 도달할 수 있도록 하는 것을 제안합니다. 유감스럽게도 이미 한계로 설정되어 있어 더 낮출 수 없습니다.	好，所以你在最长的直线，达不到或接近转速限制的最高速。我会建议我们降低最终传动比，让齿轮缩短，这么一来会有更良好的加速，且更快达到最高速。很遗憾的，你的设定已经达到极限，无法再降低了。	好，所以你在最長的直線，達不到或接近轉速限制的最高速。我會建議我們降低最終傳動比，讓齒輪縮短，這麼一來會有更良好的加速，且更快達到最高速。很遺憾的，你的設定已經達到極限，無法再降低了。
	SetupEngineer_DecisionTree_OkSoYouReNotHitting	OK, so you’re not hitting, or getting very near, the rev’ limiter on the longest straight. I’d suggest we decrease the Final Drive Ratio to make the gears shorter, which will result in better acceleration, and also reaching top speed a little quicker.	Donc tu déclenches ou approches le limiteur de régime en vitesse dans les lignes droites. Je te suggère de réduire le rapport de transmission secondaire pour obtenir une meilleure accélération, tu pourras ainsi atteindre plus vite votre vitesse de pointe.	Quindi, sul rettilineo più lungo non arrivi vicino al limitatore di giri. Suggerisco di diminuire l'ultimo rapporto di trasmissione per accorciare le marce, migliorando l'accelerazione e permettendo di raggiungere prima la velocità massima.	Okay, du kommst also auf der längsten Gerade nicht in die Nähe deines Drehzahlbegrenzers. Ich schlage vor, dass wir die Achsübersetzung reduzieren, um die Gänge zu verkürzen, wodurch du eine bessere Beschleunigung erhältst und deine Höchstgeschwindigkeit etwas schneller erreichst.	Vale, no alcanzas ni te acercas al limitador de revoluciones en la recta más larga. Te aconsejo reducir la relación de transmisión final para acortar las marchas, mejorando así la aceleración y permitiéndote alcanzar la velocidad punta un poco antes.	Итак, стрелка тахометра на длинных прямых участках при максимальной передаче не уходит в красную зону. Я бы посоветовал уменьшить конечное передаточное число - это сократит передачи, ускорив разгон до максимальной скорости.	Na najdłuższej prostej licznik obrotów nie dochodzi do maksimum. Sugeruję zmniejszenie przełożenia głównego, aby biegi były krótsze, co da lepsze przyspieszenie i szybsze osiąganie maksymalnej prędkości.	最長のストレートで回転数がレブリミッターの限界まで上がらないようだな。最終減速比を下げて、ギア比をクロス気味に設定するといい。加速が向上し、トップスピードに早く到達できるようになる。	Ok, então você não atinge, nem chega muito perto de atingir, o limitador de giro na reta mais longa. Eu sugiro que a gente diminua a transmissão final para deixar as marchas mais curtas, o que resultará em uma aceleração melhor e também em alcançar a velocidade máxima um pouco mais rápido.	No alcanzas el límite de revoluciones, ni te quedas muy cerca, en la recta más larga. Mi consejo es que bajemos la relación de la transmisión final para que las marchas sean más cortas, así mejorará la aceleración y podrás alcanzar antes la velocidad máxima.	Donc tu déclenches ou approches le limiteur de régime en vitesse dans les lignes droites. Je te suggère de réduire le rapport de transmission secondaire pour obtenir une meilleure accélération, tu pourras ainsi atteindre plus vite votre vitesse de pointe.	최장 직선 주로에서 기어를 가장 높였을 때 레브 리미터 근처에 도달하지 못하고 있군요. 기어를 줄이기 위해 파이널 기어비를 낮추어 가속을 향상시키고 최고 속도에 더 빠르게 도달할 수 있도록 하는 것을 제안합니다.	好，所以你在最长的直线，达不到或接近转速限制的最高速。我会建议我们降低最终传动比，让齿轮缩短，这么一来会有更良好的加速，且更快达到最高速。	好，所以你在最長的直線，達不到或接近轉速限制的最高速。我會建議我們降低最終傳動比，讓齒輪縮短，這麼一來會有更良好的加速，且更快達到最高速。
	SetupEngineer_DecisionTree_NotStoppingPressureBiasFallback2	Ok, usually in this scenario we would recommend either adjusting the Brake Bias, or increasing the Brake Pressure. However we can only adjust the Brake Bias on the car. Would you like us to do this?	D'accord, je te conseillerais d'ajuster la répartition du freinage ou d'augmenter la pression des freins en temps normal mais seul l'ajustement de la répartition du freinage peut être effectué sur cette voiture. Veux-tu qu'on le fasse ?	Di solito direi di modificare la ripartizione di frenata e di aumentare la pressione dei freni, ma su quest'auto possiamo solo regolare la ripartizione di frenata. Vuoi che lo facciamo?	Okay, normalerweise würden wir in diesem Szenario empfehlen, entweder die Bremsbalance zu verändern oder den Bremsdruck zu erhöhen. Allerdings lässt sich an diesem Wagen nur die Bremsbalance anpassen. Sollen wir das tun?	En estos casos, normalmente aconsejaríamos desplazar el reparto de frenada o aumentar la presión de los frenos, pero ahora solo podemos ajustar lo primero. ¿Quieres que lo hagamos?	В таком случае мы обычно советуем изменить баланс тормозов или увеличить давление в тормозной системе. Но на этой машине можно настроить только баланс. Продолжить?	Zazwyczaj w takiej sytuacji rekomendujemy zmianę balansu hamowania lub ciśnienia układu hamulcowego. W tym samochodzie możemy jednak zmienić tylko balans hamowania. Mamy to zrobić?	通常、こういった場合にはブレーキバイアスの調整やブレーキ圧を上げることを勧めるんだ。だが、このマシンはブレーキバイアスの調整しかできない。それでいいかい？	Ok, normalmente nesse cenário nós recomendaríamos ajustar a proporção da frenagem ou aumentar a pressão do freio. No entanto, só podemos ajustar a proporção da frenagem nesse carro. Você gostaria que a gente fizesse isso?	En este caso, lo normal es ajustar el reparto de frenada o aumentar la presión de los frenos. Sin embargo, solo podemos ajustar el reparto de frenada en el auto. ¿Quieres que lo hagamos?	D'accord, je vous conseillerais d'ajuster la répartition du freinage ou d'augmenter la pression des freins en temps normal mais seul l'ajustement de la répartition du freinage peut être effectué sur cette voiture. Voulez-vous que nous y procédions?	주로 이런 경우 브레이크 바이어스를 조정하거나 브레이크 압력을 높일 것을 제안합니다. 그러나 이 차량의 경우 브레이크 바이어스의 조정만 가능합니다. 그렇게 하시겠습니까?	好，一般这种情形下，我们会建议调节煞车分配器，或增加煞车压力。但是我们只能够调节车辆的煞车分配器。你要我们这么做吗？	好，一般這種情形下，我們會建議調節煞車分配器，或增加煞車壓力。但是我們只能夠調節車輛的煞車分配器。你要我們這麼做嗎？
	SetupEngineer_DecisionTree_NotStoppingPressureBiasFallback3	Ok, usually in this scenario we would recommend either adjusting the Brake Bias, or increasing the Brake Pressure. However we can only adjust the Brake Pressure on the car. Would you like us to increase this?	D'accord, je te conseillerais d'ajuster la répartition du freinage ou d'augmenter la pression des freins en temps normal mais seule l'augmentation de la pression des freins peut être effectuée sur cette voiture. Veux-tu qu'on le fasse ?	Di solito direi di modificare la ripartizione di frenata e di aumentare la pressione dei freni, ma su quest'auto possiamo alterare solo la pressione dei freni. Vuoi che lo facciamo?	Okay, normalerweise würden wir in diesem Szenario empfehlen, entweder die Bremsbalance zu verändern oder den Bremsdruck zu erhöhen. Allerdings lässt sich an diesem Wagen nur der Bremsdruck anpassen. Sollen wir ihn erhöhen?	En estos casos, normalmente aconsejaríamos desplazar el reparto de frenada o aumentar la presión de los frenos, pero ahora solo podemos ajustar lo segundo. ¿Quieres que lo hagamos?	В таком случае мы обычно советуем изменить баланс тормозов или увеличить давление в тормозной системе. Но на этой машине можно настроить только давление. Продолжить?	Zazwyczaj w takiej sytuacji rekomendujemy zmianę balansu hamowania lub ciśnienia układu hamulcowego. W tym samochodzie możemy jednak zmienić tylko ciśnienie układu hamulcowego. Mamy to zrobić?	通常、こういった場合にはブレーキバイアスの調整やブレーキ圧を上げることを勧めるんだ。だが、このマシンはブレーキ圧の調整しかできない。ブレーキ圧を上げていいかい？	Ok, normalmente nesse cenário nós recomendaríamos ajustar a proporção da frenagem ou aumentar a pressão do freio. No entanto, só podemos ajustar a pressão do freio nesse carro. Você gostaria que a gente a aumentasse?	En este caso, lo normal es ajustar el reparto de frenada o aumentar la presión de los frenos. Sin embargo, solo podemos ajustar la presión de los frenos en el auto. ¿Quieres que la aumentemos?	D'accord, je vous conseillerais d'ajuster la répartition du freinage ou d'augmenter la pression des freins en temps normal mais seule l'augmentation de la pression des freins peut être effectuée sur cette voiture. Voulez-vous que nous y procédions?	주로 이런 경우 브레이크 바이어스를 조정하거나 브레이크 압력을 높일 것을 제안합니다. 그러나 이 차량의 경우 브레이크 압력의 조정만 가능합니다. 그렇게 하시겠습니까?	好，一般这种情形下，我们会建议调节煞车分配器，或增加煞车压力。但是我们只能够调节车辆的煞车压力。你要我们增加吗？	好，一般這種情形下，我們會建議調節煞車分配器，或增加煞車壓力。但是我們只能夠調節車輛的煞車壓力。你要我們增加嗎？
	SetupEngineer_DecisionTree_CarTurnsTooMuchTurningInFallback2	Ok, so the car is oversteering when turning into a corner. We would usually suggest stiffening the front Anti-Roll Bar or Spring Rates, however we can only adjust the Anti-Roll Bar. Would you like to adjust this?	D'accord, la voiture est en survirage lorsqu'elle tourne dans les virages. Je te conseillerais en temps normal d'augmenter la raideur de la barre anti-roulis avant ou des ressorts mais seule la barre anti-roulis peut être réglée sur cette voiture. Veux-tu qu'on le fasse ?	Quindi l'auto sovrasterza all'ingresso in curva. In questi casi suggeriamo di irrigidire la barra antirollio e le molle anteriori, ma su quest'auto possiamo agire solo sulla barra antirollio. Vuoi che lo facciamo?	Okay, der Wagen übersteuert also beim Einlenken. Wir würden normalerweise vorschlagen, den Stabilisator oder die Federraten vorne härter einzustellen, allerdings können wir nur den Stabilisator anpassen. Sollen wir das tun?	Así que el coche sobrevira al tomar una curva... Normalmente te recomendaríamos aumentar la rigidez de la barra estabilizadora delantera o el tarado de muelles, pero solo podemos ajustar lo primero. ¿Quieres hacerlo?	Итак, машину заносит на входе в поворот. Это мы обычно решаем усилением переднего поперечного стабилизатора или амортизаторов, но регулировка доступна только для стабилизатора. Продолжить?	Podczas wchodzenia w zakręty występuje nadsterowność. Zazwyczaj sugerowalibyśmy usztywnienie przedniego stabilizatora poprzecznego lub sprężyn, ale w tym samochodzie możemy zmodyfikować tylko stabilizator poprzeczny. Mamy to zmienić?	コーナー進入時にオーバーステアになっているようだな。いつもはフロントスタビライザーとバレレートを硬くするようアドバイスするところだが、このマシンはスタビライザーの調整しかできないな。調整していいかい？	Ok, então o carro está sobresterçando ao virar em uma curva. Nós normalmente sugeriríamos endurecer a barra antirrolagem ou as molas, no entanto, só podemos ajustar a barra antirrolagem. Você gostaria de ajustá-la?	El auto sobrevira al entrar en las curvas. Lo normal es reforzar la barra estabilizadora delantera o aumentar los índices de rigidez delanteros, pero solo podemos ajustar la barra estabilizadora. ¿Quieres ajustarla?	D'accord, la voiture est en survirage lorsqu'elle tourne dans les virages. Je vous conseillerais en temps normal d'augmenter la raideur de la barre anti-roulis avant ou des ressorts mais seule la barre anti-roulis peut être réglée sur cette voiture. Voulez-vous que nous y procédions?	코너에 진입할 때 오버스티어링 현상을 느끼고 있군요. 보통 프런트 안티 롤 바나 프런트 스프링 레이트를 강화할 것을 제안하나, 이 차량의 경우 안티 롤 바의 조정만 가능합니다. 그렇게 하시겠습니까?	好，所以车子入弯时会转向过度。我们一般会建议调硬前防倾杆或弹簧系数，但是我们只能调节防倾杆。你要调节这个吗？	好，所以車子入彎時會轉向過度。我們一般會建議調硬前防傾桿或彈簧係數，但是我們只能調節防傾桿。你要調節這個嗎？
	SetupEngineer_DecisionTree_CarTurnsTooMuchTurningInFallback3	Ok, so the car is oversteering when turning into a corner. We would usually suggest stiffening the front Anti-Roll Bar or Spring Rates, however we can only adjust the Spring Rates. Would you like to adjust these?	D'accord, la voiture est en survirage lorsqu'elle tourne dans les virages. Je te conseillerais en temps normal d'augmenter la raideur de la barre anti-roulis avant ou des ressorts mais seuls les ressorts peuvent être réglés sur cette voiture. Veux-tu qu'on le fasse ?	Quindi l'auto sovrasterza all'ingresso in curva. In questi casi suggeriamo di irrigidire la barra antirollio e le molle anteriori, ma su quest'auto possiamo agire solo sulle molle. Vuoi che lo facciamo?	Okay, der Wagen übersteuert also beim Einlenken. Wir würden normalerweise vorschlagen, den Stabilisator oder die Federraten vorne härter einzustellen, allerdings können wir nur die Federraten anpassen. Sollen wir das tun?	Así que el coche sobrevira al tomar una curva... Normalmente te recomendaríamos aumentar la rigidez de la barra estabilizadora delantera o el tarado de muelles, pero solo podemos ajustar lo segundo. ¿Quieres hacerlo?	Итак, машину заносит на входе в поворот. Это мы обычно решаем усилением переднего поперечного стабилизатора или амортизаторов, но регулировка доступна только для амортизаторов. Продолжить?	Podczas wchodzenia w zakręty występuje nadsterowność. Zazwyczaj sugerowalibyśmy usztywnienie przedniego stabilizatora poprzecznego lub sprężyn, ale w tym samochodzie możemy tylko zmodyfikować sprężyny. Mamy to zrobić?	コーナー進入時にオーバーステアになっているようだな。いつもはフロントスタビライザーとバレレートを硬くするようアドバイスするところだが、このマシンはバネレートの調整しかできないな。調整していいかい？	Ok, então o carro está sobresterçando ao virar em uma curva. Nós normalmente sugeriríamos endurecer a barra antirrolagem ou as molas, no entanto, só podemos ajustar as molas. Você gostaria de ajustá-las?	El auto sobrevira al entrar en las curvas. Lo normal es reforzar la barra estabilizadora delantera o aumentar los índices de rigidez delanteros, pero solo podemos ajustar los índices de rigidez. ¿Quieres ajustarlos?	D'accord, la voiture est en survirage lorsqu'elle tourne dans les virages. Je vous conseillerais en temps normal d'augmenter la raideur de la barre anti-roulis avant ou des ressorts mais seuls les ressorts peuvent être réglés sur cette voiture. Voulez-vous que nous y procédions?	코너에 진입할 때 오버스티어링 현상을 느끼고 있군요. 보통 프런트 안티 롤 바나 프런트 스프링 레이트를 강화할 것을 제안하나, 이 차량의 경우 스프링 레이트의 조정만 가능합니다. 그렇게 하시겠습니까?	好，所以车子入弯时会转向过度。我们一般会建议调硬前防倾杆或弹簧系数，但是我们只能调节弹簧系数。你要调节这些吗？	好，所以車子入彎時會轉向過度。我們一般會建議調硬前防傾桿或彈簧係數，但是我們只能調節彈簧係數。你要調節這些嗎？
	SetupEngineer_DecisionTree_CarDoesNotTurnTurningInFallback2	To aid with understeer when turning in, we would usually suggest stiffening the Front Spring Rates or lowering the Front Ride Height. On this car we can only adjust the Ride Height. Would you like to adjust these?	Je te conseillerais habituellement d'augmenter la raideur des ressorts avant ou de réduire la hauteur de l'avant de la voiture afin de réduire le sous-virage, mais seule la hauteur de caisse peut être modifiée sur cette voiture. Veux-tu qu'on le fasse ?	Di solito, per eliminare il sottosterzo all'ingresso in curva irrigidiamo le molle anteriori o riduciamo l'altezza da terra anteriore. Su quest'auto possiamo agire solo sull'altezza da terra anteriore. Vuoi che lo facciamo?	Bei Problemen mit Untersteuern beim Einlenken würden wir normalerweise empfehlen, die Frontfederraten härter einzustellen oder die Bodenfreiheit vorn etwas zu reduzieren. Allerdings lässt sich bei diesem Wagen nur die Bodenfreiheit anpassen. Sollen wir das tun?	Normalmente, te aconsejaríamos que aumentaras la rigidez del tarado de muelles delanteros o redujeras la altura delantera para corregir el subviraje en las curvas. En este coche solo podemos ajustar lo segundo. ¿Quieres hacerlo?	Снос передней оси мы обычно компенсируем усилением передних амортизаторов или снижением дорожного просвета в передней части. Здесь регулируется только дорожный просвет. Продолжить?	Aby poradzić sobie z problemem podsterowności podczas wchodzenia w zakręt, sugerowalibyśmy usztywnienie przednich sprężyn i obniżenie przodu samochodu. W tym samochodzie możemy jednak zmienić tylko wysokość przodu. Mamy tak zrobić?	コーナリング時のアンダーステアの対策としては、いつもならフロントのバネレートを硬くしたり、フロント最低地上高を下げるのを勧めるんだが、このマシンは最低地上高の調整しかできないんだ。調整していいかい？	Para ajudar na subesterção na hora de fazer uma curva, nós normalmente sugeriríamos endurecer as molas dianteiras ou abaixar a altura dianteira. Nesse carro, só podemos ajustar a distância do solo. Você gostaria de ajustá-la?	Para reducir el subviraje al entrar en las curvas, lo normal es aumentar los índices de rigidez delanteros o bajar la altura de marcha delantera. En este auto solo podemos ajustar la altura de marcha. ¿Quieres ajustarla?	Je vous conseillerais habituellement d'augmenter la raideur des ressorts avant ou de réduire la hauteur de l'avant de la voiture afin de réduire le sous-virage, cependant seule la hauteur de caisse peut être modifiée sur cette voiture. Souhaitez-vous que nous y procédions?	턴 시작 시 언더스티어 현상을 해결하기 위하여 주로 프런트 스프링 레이트를 강화하거나 프런트 지상고를 낮추는 것을 제안합니다. 이 차량의 경우 지상고의 조정만 가능합니다. 그렇게 하시겠습니까?	要解决入弯时的转向不足，我们一般会建议调硬前弹簧系数，或降低前底盘高度。这辆车我们只能调节车身高度。你要调节这些吗？	要解決入彎時的轉向不足，我們一般會建議調硬前彈簧係數，或降低前車身高度。這輛車我們只能調節車身高度。你要調節這些嗎？
	SetupEngineer_DecisionTree_CarDoesNotTurnTurningInFallback3	To aid with understeer when turning in, we would usually suggest stiffening the Front Spring Rates or lowering the Front Ride Height. On this car we can only adjust the Spring Rates. Would you like us to adjust these for you?	Je te conseillerais habituellement d'augmenter la raideur des ressorts avant ou de réduire la hauteur de l'avant de la voiture afin de réduire le sous-virage, mais seuls les ressorts peuvent être réglés sur cette voiture. Veux-tu qu'on le fasse ?	Di solito, per eliminare il sottosterzo all'ingresso in curva irrigidiamo le molle anteriori o riduciamo l'altezza da terra anteriore. Su quest'auto possiamo agire solo sulle molle. Vuoi che lo facciamo?	Bei Problemen mit Untersteuern beim Einlenken würden wir normalerweise empfehlen, die Frontfederraten härter einzustellen oder die Bodenfreiheit vorn etwas zu reduzieren. Allerdings lassen sich bei diesem Wagen nur die Federraten anpassen. Sollen wir das tun?	Normalmente, te aconsejaríamos que aumentaras la rigidez del tarado de muelles delanteros o redujeras la altura delantera para corregir el subviraje en las curvas. En este coche solo podemos ajustar lo primero. ¿Quieres que lo hagamos por ti?	Снос передней оси мы обычно компенсируем усилением передних амортизаторов или снижением дорожного просвета в передней части. Здесь регулируются только амортизаторы. Продолжить?	Aby poradzić sobie z problemem podsterowności podczas wchodzenia w zakręt, sugerowalibyśmy usztywnienie przednich sprężyn i obniżenie przodu samochodu. W tym samochodzie możemy jednak tylko zmienić sprężyny. Mamy to zrobić?	コーナリング時のアンダーステアの対策としては、いつもならフロントのバネレートを硬くしたり、フロント最低地上高を下げるのを勧めるんだが、このマシンはバネレートの調整しかできないんだ。調整していいかい？	Para ajudar na subesterção na hora de fazer uma curva, nós normalmente sugeriríamos endurecer as molas dianteiras ou abaixar a altura dianteira. Nesse carro, só podemos ajustar as molas. Você gostaria de ajustá-las?	Para reducir el subviraje al entrar en las curvas, lo normal es aumentar los índices de rigidez delanteros o bajar la altura de marcha delantera. En este auto solo podemos ajustar los índices de rigidez. ¿Quieres que los ajustemos?	Je vous conseillerais habituellement d'augmenter la raideur des ressorts avant ou de réduire la hauteur de l'avant de la voiture afin de réduire le sous-virage, cependant seuls les ressorts peuvent être réglés sur cette voiture. Souhaitez-vous que nous y procédions?	턴 시작 시 언더스티어 현상을 해결하기 위하여 주로 프런트 스프링 레이트를 강화하거나 프런트 지상고를 낮추는 것을 제안합니다. 이 차량의 경우 스프링 레이트의 조정만 가능합니다. 그렇게 하시겠습니까?	要解决入弯时的转向不足，我们一般会建议调硬前弹簧系数，或降低前底盘高度。这辆车我们只能调节弹簧系数。你要我们帮你调节吗？	要解決入彎時的轉向不足，我們一般會建議調硬前彈簧係數，或降低前車身高度。這輛車我們只能調節彈簧係數。你要我們幫你調節嗎？
	SetupEngineer_DecisionTree_CarDoesNotTurnCornerExitFallback2	Ok, we would usually suggest either stiffening the Rear Anti-Roll Bars or raising the Rear Ride Height, but we can only change the Rear Anti Roll Bars. Would you like us to adjust these?	D'accord, en temps normal je te conseillerais d'augmenter la raideur de la barre anti-roulis arrière ou d'augmenter la hauteur de l'arrière de la voiture, mais seule la barre anti-roulis peut être réglée sur cette voiture. Veux-tu qu'on le fasse ?	Di solito suggeriamo di irrigidire la barra antirollio posteriore o di aumentare l'altezza da terra posteriore, ma in questo caso possiamo agire solo sulla barra antirollio. Vuoi che lo facciamo?	Okay, wir würden normalerweise vorschlagen, entweder die hinteren Stabilisatoren zu versteifen oder die Bodenfreiheit hinten etwas zu erhöhen, aber wir können nur die hinteren Stabilisatoren anpassen. Sollen wir das tun?	Por lo general, recomendaríamos aumentar la rigidez de las barras estabilizadoras traseras o elevar la altura trasera, pero solo podemos cambiar lo primero. ¿Quieres que lo hagamos?	Все понятно. Обычно мы предлагаем усилить задние стабилизаторы поперечной устойчивости или увеличить просвет под задней осью, но здесь можно отрегулировать только задние стабилизаторы. Продолжаем?	Zazwyczaj rekomendowalibyśmy usztywnienie tylnych stabilizatorów poprzecznych albo podwyższenie tyłu, ale w przypadku tego samochodu możemy zmienić tylko ustawienia stabilizatorów poprzecznych. Mamy tak zrobić?	いつもならリアスタビライザーを硬くするか、リア最低地上高を高くすることを勧めるんだが、残念ながらこのマシンはスタビライザーの調整しかできない。調整していいか？	Ok, normalmente sugeriríamos endurecer as barras antirrolagem traseiras ou aumentar a distância do solo traseira, mas só podemos alterar as barras antirrolagem traseiras. Você gostaria que a gente as ajustasse?	Lo normal es reforzar las barras estabilizadoras traseras o subir la altura de marcha trasera, pero solo podemos cambiar las barras estabilizadoras traseras. ¿Quieres que las ajustemos?	D'accord, en temps normal je vous conseillerais d'augmenter la raideur de la barre anti-roulis arrière ou d'augmenter la hauteur de l'arrière de la voiture, cependant seule la barre anti-roulis peut être réglée sur cette voiture. Souhaitez-vous que nous y procédions?	주로 리어 안티 롤 바를 강화하거나 리어 지상고를 높일 것을 제안하나, 리어 안티 롤 바의 변경만이 가능합니다. 그렇게 하시겠습니까?	好，我们一般会建议调硬后防倾杆或提升后底盘高度，但我们只能调节后防倾杆。你要我们调节这些吗？	好，我們一般會建議調硬後防傾桿或提升後車身高度，但我們只能調節後防傾桿。你要我們調節這些嗎？
	SetupEngineer_DecisionTree_CarDoesNotTurnCornerExitFallback3	Ok, we would usually suggest either stiffening the Rear Anti-Roll Bars or raising the Rear Ride Height, but we can only change the Rear Ride Height. Would you like us to raise this?	D'accord, en temps normal je te conseillerais d'augmenter la raideur de la barre anti-roulis arrière ou d'augmenter la hauteur de l'arrière de la voiture, mais seule la hauteur de caisse peut être modifiée sur cette voiture. Veux-tu qu'on le fasse ?	Di solito suggeriamo di irrigidire la barra antirollio posteriore o di aumentare l'altezza da terra posteriore, ma in questo caso possiamo agire solo sull'altezza da terra posteriore. Vuoi che lo facciamo?	Okay, wir würden normalerweise vorschlagen, entweder die hinteren Stabilisatoren zu versteifen oder die Bodenfreiheit hinten etwas zu erhöhen, aber wir können nur die hintere Bodenfreiheit anpassen. Sollen wir das tun?	Por lo general, recomendaríamos aumentar la rigidez de las barras estabilizadoras traseras o elevar la altura trasera, pero solo podemos cambiar lo segundo. ¿Quieres que lo hagamos?	Все понятно. Обычно мы предлагаем усилить задние стабилизаторы поперечной устойчивости или увеличить просвет под задней осью, но здесь можно отрегулировать только дорожный просвет. Продолжаем?	Zazwyczaj rekomendowalibyśmy usztywnienie tylnych stabilizatorów poprzecznych albo podwyższenie tyłu, ale w przypadku tego samochodu możemy zmienić tylko ustawienia wysokości przodu. Mamy go podnieść?	いつもならリアスタビライザーを硬くするか、リア最低地上高を高くすることを勧めるんだが、残念ながらこのマシンは最低地上高の調整しかできない。高くしていいかい？	Ok, normalmente sugeriríamos endurecer as barras antirrolagem traseiras ou aumentar a distância do solo traseira, mas só podemos alterar a distância do solo traseira. Você gostaria que a gente a aumentasse?	Lo normal es reforzar las barras estabilizadoras traseras o subir la altura de marcha trasera, pero solo podemos cambiar la altura de marcha trasera. ¿Quieres que la subamos?	D'accord, en temps normal je vous conseillerais d'augmenter la raideur de la barre anti-roulis arrière ou d'augmenter la hauteur de l'arrière de la voiture, cependant seule la hauteur de caisse peut être modifiée sur cette voiture. Souhaitez-vous que nous y procédions?	주로 리어 안티 롤 바를 강화하거나 리어 지상고를 높일 것을 제안하나, 리어 지상고의 변경만이 가능합니다. 그렇게 하시겠습니까?	好，我们一般会建议调硬后防倾杆或提升后底盘高度，但我们只能调节后车身高度。你要我们调高吗？	好，我們一般會建議調硬後防傾桿或提升後車身高度，但我們只能調節後車身高度。你要我們調高嗎？
	SetupEngineer_DecisionTree_SlowOnStraightsBranchHeader1	OK, if you feel you’re too slow on the straights, it could mean that the wing angles, or parts creating downforce, are too high and are creating too much drag. We can lower the rear wing angle, the front downforce angles, or both, if they are present, to create less drag and increase top-end speed. This could have an effect on car balance though, potentially increasing oversteer if only lowering the rears downforce, or understeer if only adjusting the front.  Alternatively, you can take a look at the car's Gearing to see if you can get a little more straight line speed that way.	D'accord, si tu te sens trop lent dans les lignes droites, c'est probablement parce que l'angle de l'aileron arrière est trop élevé et augmente la traînée. On peut réduire l'angle de l'aileron arrière pour réduire la traînée et augmenter la vitesse de pointe mais ça fournira moins d'appui arrière à la voiture, ce qui peut entraîner du survirage. Tu peux également vérifier les rapports pour tenter d'obtenir un peu plus de vitesse de cette manière. 	La scarsa velocità in rettilineo potrebbe dipendere da un'angolazione eccessiva dell'alettone posteriore, che crea troppa aderenza. Possiamo diminuirla, riducendo l'aderenza e aumentando la velocità massima, ma così avrai anche meno deportanza sul retrotreno e potresti sovrasterzare. In alternativa, puoi provare a regolare i rapporti dell'auto per ottenere un po' più di velocità in rettilineo.	Okay, falls es sich anfühlt, als ob du auf den Geraden zu langsam bist, dann kann es sein, dass der Anstellwinkel deines Heckflügels zu hoch eingestellt ist und zu viel Strömungswiderstand erzeugt. Wir können den Heckflügel flacher einstellen, wodurch wir den Strömungswiderstand reduzieren und die Höchstgeschwindigkeit erhöhen, aber das heißt auch, dass wir weniger Abtrieb an der Hinterachse haben, was zu Übersteuern führen kann. Alternativ kannst du dir die Getriebeeinstellungen des Wagens ansehen, um herauszufinden, ob du so noch etwas Geschwindigkeit auf den Geraden herauskitzeln kannst.	Vale, si crees que el coche va lento en las rectas, quizá se deba a que el ángulo del alerón trasero es demasiado elevado y está produciendo mucha resistencia. Podemos bajar el ángulo para crear menos resistencia y aumentar la velocidad punta, aunque la carga aerodinámica se verá resentida en la parte de atrás, lo que aumenta el sobreviraje. También puedes comprobar el sistema de marchas del coche para ver si puedes aumentar la velocidad en rectas.	Низкая скорость может быть обусловлена высоким сопротивлением, которое создается большим наклоном антикрыла. Мы можем снизить сопротивление, уменьшив угол наклона антикрыла, но это снизит прижимную силу в задней части, что может вызвать избыточную поворачиваемость. Также можно отрегулировать коробку передач - это даст небольшой прирост скорости на прямых.	Jeśli wydaje ci się, że osiągasz zbyt niskie prędkości na prostych odcinkach, może oznaczać to, że kąt nachylenia tylnego skrzydła jest za duży, co powoduje większy opór powietrza. Kąt można zmniejszyć, co prowadzi do mniejszego oporu oraz wyższej prędkości maksymalnej, ale spowoduje to zmniejszenie siły docisku na tyle i potencjalnie nadsterowność. Aby zwiększyć prędkość na prostej, możesz zmienić też ustawienia skrzyni biegów.	直線でスピードが出ない場合、リアウィングの角度が大きすぎて、強いドラッグが発生している可能性がある。リアウィングの角度を小さくすれば、ドラッグが弱まり、最高速が上がる。だが、この場合、リアのダウンフォースが下がってオーバーステアが強くなる可能性がある。また、直線での最高速を上がるには、車両のギア比を見直してみるのもいいだろう。	Ok, se você acha que está lento demais nas retas, pode ser que o ângulo da asa traseira esteja alto demais e esteja criando muito arraste. Podemos diminuir o ângulo da asa traseira, criando menos arrasto e aumentando a velocidade, mas isso também dará menos downforce na traseira, o que potencialmente irá aumentar o sobresterço. Alternativamente, você pode dar uma olhada nas marcas do carro para ver se você pode obter mais velocidade em linha reta desse jeito.	Si notas que vas muy lento en las rectas, puede que el ángulo del alerón trasero sea muy alto y genere mucha resistencia. Podemos bajar el ángulo para generar menos resistencia y aumentar la velocidad máxima, pero al hacerlo también habrá menos carga aerodinámica en la parte trasera y podría aumentar el sobreviraje. Si quieres, también puedes echarle un vistazo a las marchas del auto para ver si así consigues un poco más de velocidad en las rectas.	D'accord, si tu te sens trop lent dans les lignes droites, c'est probablement parce que l'angle de l'aileron arrière est trop élevé et augmente la traînée. On peut réduire l'angle de l'aileron arrière pour réduire la traînée et augmenter la vitesse de pointe mais ça fournira moins d'appui arrière à la voiture, ce qui peut entraîner du survirage. Tu peux également vérifier les rapports pour tenter d'obtenir un peu plus de vitesse de cette manière. 	직선 주로에서의 속력이 너무 느리다면, 리어 윙 각도가 너무 높아 지나친 공기 저항을 형성하는 것일 수 있습니다. 리어 윙 각도를 낮추어 공기 저항을 줄이고 최고 속도를 높일 수 있으나, 이는 후부의 다운포스를 감소시켜 오버스티어가 증가할 가능성이 있습니다. 또는, 차량의 기어링을 확인하여 직선 주로에서의 속도를 조금 더 높이는 방법도 있습니다.	好，如果你觉得直线太慢，那有可能是右尾翼角度太高造成太多阻力。我们可以调低尾翼角度，这么一来会减少阻力并提升高端速度，但会让车尾下压力减少，并可能造成转向过度。或着，你也可以看看车辆的传动装置，看你能不能因此获得多一点直线速度。	好，如果你覺得直線太慢，那有可能是右尾翼角度太高造成太多阻力。我們可以調低尾翼角度，這麼一來會減少阻力並提升高端速度，但會讓車尾下壓力減少，並可能造成轉向過度。或著，你也可以看看車輛的傳動裝置，看你能不能因此獲得多一點直線速度。
	SetupEngineer_Solutions_LowerRearWingModMenu	That could mean that the Rear Downforce is too high and is causing too much drag. Would you like us to lower it for you? This will cost you downforce on the rear of the car in the corners.	Cela signifie que l'appui arrière est trop élevé et provoque une traînée importante. Veux-tu que nous le réduisions pour toi ? Tu perdras en appui arrière dans les virages.	Potrebbe dipendere da un'eccessiva aderenza causata da una deportanza posteriore troppo elevata. Vuoi che la diminuiamo? Perderai deportanza sul retro dell'auto in curva.	Das könnte bedeuten, dass der Abtrieb hinten zu hoch eingestellt ist, weshalb der Strömungswiderstand zu groß ist. Sollen wir den Flügel niedriger setzen? Das kostet dich in den Kurven allerdings Abtrieb am Heck des Wagens.	Eso podría significar que la carga aerodinámica trasera es demasiado elevada, y eso genera demasiada resistencia. ¿Quieres que la bajemos? Perderás carga aerodinámica en la parte trasera del coche en las curvas.	Похоже, что прижимная сила и сопротивление воздуха в задней части слишком высоки. Исправляем? Обратите внимание - это снизит прижимную силу в задней части в поворотах.	To może znaczyć, że tylna siła docisku jest za wysoka, co powoduje za duży opór powietrza. Mamy ją obniżyć? Spowoduje to zmniejszenie siły docisku na tyle  pojazdu podczas pokonywania zakrętów.	リアダウンフォースが大きすぎて、ドラッグが発生しすぎているのかもしれないな。少し寝かせてみるか？ そうすれば、コーナーでのリアのダウンフォースが低下するはずだ。 	Isso pode significar que o downforce traseiro está muito alto e está causando muito arraste. Você gostaria que a gente o diminuísse? Isso afetará o downforce na traseira do carro nas curvas.	Puede que la carga aerodinámica trasera sea muy alta y genere mucha resistencia. ¿Quieres que la bajemos? Perderás carga aerodinámica en la parte trasera del auto en las curvas.	Cela signifie que l'appui arrière est trop élevé et provoque une traînée importante. Souhaitez-vous que nous le réduisions pour vous? Vous perdrez en appui arrière dans les virages.	리어 다운포스가 너무 커 지나친 공기저항이 발생하는 것일 수 있습니다. 다운포스를 낮추시겠습니까? 코너에서 차량의 다운포스가 감소하게 됩니다.	那可能是因为后方下压力太高造成太多阻力。你要我们帮你降低吗？这会使得过弯时车尾下压力变高。	那可能是因為後方下壓力太高造成太多阻力。你要我們幫你降低嗎？這會使得過彎時車尾下壓力變高。
	SetupEngineer_Solutions_LowerRearWingNotPossible	That could mean that there is too much Rear Downforce, causing too much drag. Unfortunately your current setting is the lowest possible.	Cela signifie que l'appui arrière est trop élevé et provoque une traînée importante. Malheureusement, il est impossible de le réduire davantage.	Potrebbe dipendere da un'eccessiva aderenza causata da una deportanza posteriore troppo elevata. Purtroppo è già al minimo.	Das könnte bedeuten, dass der Abtrieb am Heck zu stark ist, wodurch zu viel Strömungswiderstand entsteht. Leider kann der Heckflügel nicht noch niedriger eingestellt werden.	Eso podría significar que hay mucha carga aerodinámica trasera, y eso genera demasiada resistencia. Desgraciadamente, tu configuración actual es la más baja posible.	Похоже, что прижимная сила и сопротивление воздуха в задней части слишком высоки. К сожалению, ваши настройки уже выставлены на минимальное значение.	To może znaczyć, że tylna siła docisku jest za wysoka, co powoduje za duży opór powietrza. Niestety obecnego ustawienia nie można już bardziej zmniejszyć.	リアダウンフォースが大きすぎて、ドラッグが発生しすぎているのかもしれない。しかし、生憎なことに現在の設定が限界だ。	Isso pode significar que há muito downforce traseiro, causando muito arraste. Infelizmente sua configuração atual é a mais baixa possível.	Puede que haya mucha carga aerodinámica trasera y eso genera mucha resistencia. Lamentablemente, la configuración actual ya es la más baja.	Cela signifie que l'appui arrière est trop élevé et provoque une traînée importante. Malheureusement, il est impossible de le réduire davantage.	리어 다운포스가 너무 커 지나친 공기저항이 발생하는 것일 수 있습니다. 유감스럽게도 현재 설정이 최저값입니다.	那可能是因为过多后方下压力造成太多阻力。很遗憾地，你目前的设定已经是最低的了。	那可能是因為過多後方下壓力造成太多阻力。很遺憾地，你目前的設定已經是最低的了。
	SetupEngineer_Solutions_SuggestGearingSpeedStraights	If you want to improve this area I’d advise taking a look at Gearing as that might help you get a little more straight line speed.	Si tu veux trouver une solution, je te conseille de regarder du côté des rapports de transmission pour obtenir un peu plus de vitesse dans les lignes droites.	Se vuoi migliorare in quest'area ti consiglio di dare un'occhiata alla sezione Rapporti. Potresti riuscire ad aumentare la velocità massima.	Falls du diesen Bereich verbessern möchtest, dann empfehle ich, dass du dir die Getriebeeinstellungen ansiehst und dort nach Möglichkeiten suchst, etwas mehr Geschwindigkeit auf den Geraden herauszukitzeln.	Si quieres mejorar este aspecto, te aconsejo que eches un vistazo a Marchas para intentar conseguir un poco más de velocidad en las rectas.	Если настройки вас не устраивают, то я бы посоветовал отрегулировать коробку передач для выигрыша в скорости на прямых.	Jeśli chcesz poprawić ten aspekt jazdy, należy przyjrzeć się skrzyni biegów, co może dać ci więcej prędkości na prostej.	これ以外の改善方法としては、ギアの設定を見直して、ストレートでのスピードを上げる手もあるかもな。	Se você quer melhorar essa área, aconselho dar uma olhada nas marchas, pois isso pode ajudar a aumentar a velocidade em linha reta.	Si quieres mejorar en este aspecto, mi consejo es que le eches un vistazo a la sección de marchas para ver si puedes conseguir más velocidad en las rectas.	Si tu veux trouver une solution, je te conseille de regarder du côté des rapports de transmission pour obtenir un peu plus de vitesse dans les lignes droites.	이 문제의 개선을 원하시면 기어링을 살펴보는 것을 제안합니다. 좀 더 직선 속도가 빨라질 수 있습니다.	如果想要改善这一方面，我建议你检查传动装置，那可能会帮助你提升一些直线速度。	如果想要改善這一方面，我建議你檢查傳動裝置，那可能會幫助你提升一些直線速度。
	SetupEngineer_Solutions_LowerRearWingMod	Reduce the Rear Downforce from [INITIAL] to [FINAL].	Nous allons réduire l'appui arrière de [INITIAL] à [FINAL] afin de te donner un peu plus de vitesse dans les lignes droites. Nous pourrons toujours le modifier à nouveau en cas de besoin.	Diminuiremo la Deportanza posteriore da [INITIAL] a [FINAL]. Così dovresti raggiungere una velocità maggiore in rettilineo. Possiamo diminuirla ulteriormente in seguito.	Wir senken den Abtrieb hinten um eine Stufe von [INITIAL] auf [FINAL], was dir auf Geraden eventuell etwas mehr Geschwindigkeit bringt. Wir können später immer noch tiefer gehen.	Bajaremos la carga aerodinámica trasera una marca, de [INITIAL] a [FINAL], lo que te dará algo más de velocidad en las rectas.	Снизим прижимную силу в задней части на один пункт, с [INITIAL] до [FINAL]. Это прибавит скорости на прямой, потом можно будет убавить еще.	Zmniejszymy tylną siłę docisku przez jednorazowe kliknięcie z [INITIAL] na [FINAL], aby dać ci trochę więcej prędkości na prostej. Później ponownie możemy modyfikować to ustawienie.	リアダウンフォースを [INITIAL] から [FINAL] に下げてくれ。	Nós vamos diminuir o downforce traseiro em um clique de [INITIAL] para [FINAL], potencialmente dando a você um pouco mais de velocidade em linha reta. Sempre podemos ajustar mais depois.	Vamos a bajar la carga aerodinámica trasera un solo punto, de [INITIAL] a [FINAL], para ver si así consigues más velocidad en las rectas. Si quieres, luego podemos ajustarlo más.	Nous allons réduire l'appui arrière de [INITIAL] à [FINAL] afin de te donner un peu plus de vitesse dans les lignes droites. Nous pourrons toujours le modifier à nouveau en cas de besoin.	리어 다운포스를 [INITIAL]에서 [FINAL]로 감소시킵니다.	我们应该从 [INITIAL] 到 [FINAL] 点击一次以降低后方下压力。	我們應該從 [INITIAL] 到 [FINAL] 點擊一次以降低後方下壓力。
	SetupEngineer_Solutions_GoToGearing	Go to Gearing Menu.	Aller au menu des rapports.	Vai al menu Rapporti.	Zum Getriebemenü.	Ir al menú Marchas.	Перейти к настройке коробки передач.	Przejdź do menu skrzyni biegów	ギアメニューに移動する。	Ir para menu de Marchas	Ir al menú de marchas.	Aller au menu des rapports.	기어링 메뉴로 가기	前往传动装置菜单。	前往傳動裝置選單。
	SetupEngineer_Solutions_GoToSuspension	Go to Suspension menu.	Aller au menu des suspensions.	Vai al menu Sospensioni.	Zum Aufhängungsmenü.	Ir al menú Suspensión.	Перейти к настройке подвески.	Przejdź do menu zawieszenia	サスペンションメニューに移動する。	Ir para menu de Suspensão	Ir al menú de suspensión.	Aller au menu des suspensions.	서스펜션 메뉴로 가기	前往悬挂系统菜单。	前往懸吊系統選單。
	SetupEngineer_Solutions_SuggestSuspensionSpinningInFastCorners	I’ll heavily advise looking at the Suspension setup of the car as you may be able to reduce the oversteer there.	Je te conseille vivement de jeter un œil aux suspensions de la voiture pour réduire le survirage.	Consiglio caldamente di dare un'occhiata alla configurazione delle sospensioni dell'auto, da lì potresti riuscire a ridurre il sovrasterzo.	Ich empfehle dir ganz stark, die Aufhängungseinstellungen des Wagens in Augenschein zu nehmen, da du dort dem Übersteuern womöglich entgegenwirken kannst.	Aconsejo encarecidamente revisar la configuración de Suspensión del coche para reducir el sobreviraje.	Настоятельно советую проверить настройки подвески - они могут компенсировать занос.	Mocno rekomenduję przyjrzenie się ustawieniom zawieszenia samochodu. Tam będzie można zmniejszyć nadsterowność.	オーバーステアを解消するには、まずはサスペンションの設定を見直すのが一番だ。	Eu aconselho dar uma olhada na configuração da suspensão do carro, pois você pode conseguir reduzir o sobresterço lá.	Te aconsejo encarecidamente que le eches un vistazo a los ajustes de suspensión del auto para ver si puedes reducir el sobreviraje.	Je te conseille vivement de jeter un œil aux suspensions de la voiture pour réduire le survirage.	서스펜션 셋업을 확인하여 차량의 오버스티어를 줄일 것을 제안합니다.	我强烈建议你检查车子的悬挂系统设定，因为那有可能让你减缓一些过度转向。	我強烈建議你檢查車子的懸吊系統設定，因為那有可能讓你減緩一些過度轉向。
	SetupEngineer_Solutions_RiseRearWingModMenu	The rear wing angle could be too low and not generating enough rear downforce causing oversteer, would you like us to adjust it for you? 	L'angle de l'aileron arrière est trop bas et ne génère pas assez d'appui arrière, ce qui provoque le survirage. Veux-tu que nous corrigions cela pour toi ? 	L'angolazione dell'alettone posteriore potrebbe essere troppo bassa e non generare sufficiente deportanza posteriore, causando sovrasterzo. Vuoi che la modifichiamo? 	Der Anstellwinkel des Heckflügels könnte zu niedrig sein und dadurch nicht genug Abtrieb erzeugen, was zu Übersteuern führt. Sollen wir ihn anpassen? 	El ángulo del alerón trasero podría ser demasiado bajo, de forma que no genere suficiente carga aerodinámica atrás y se produzca sobreviraje. ¿Quieres que te lo ajustemos? 	Возможно, дело в антикрыле, которое не обеспечивает нужной прижимной силы и машину уводит в занос. Отрегулировать антикрыло?	Kąt nachylenia tylnego skrzydła może być za niski, przez co generowana jest za mała siła docisku. Mamy to zmienić?	リアウィングを寝かせすぎて、リアダウンフォースが十分でないためにオーバーステアになっているのかもしれないな。調整してみるかい？ 	O ângulo da asa traseira pode estar muito baixo, não gerando downforce traseira suficiente e causando sobresterço. Você gostaria que a gente o ajustasse? 	Puede que el ángulo del alerón trasero sea muy bajo y no genere suficiente carga aerodinámica trasera, y eso provoca sobreviraje. ¿Quieres que lo ajustemos? 	L'angle de l'aileron arrière est trop bas et ne génère pas assez d'appui arrière, ce qui provoque le survirage. Souhaitez-vous que nous corrigions cela pour vous? 	리어 윙 각도가 너무 낮아 충분한 리어 다운포스를 형성하지 못해 오버스티어가 발생하는 것일 수 있습니다. 조정하시겠습니까?	尾翼角度可能太低，导致后方产生的下压力不足而造成过度转向，你要我们帮你调整吗？	尾翼角度可能太低，導致後方產生的下壓力不足而造成過度轉向，你要我們幫你調整嗎？ 
	SetupEngineer_Solutions_RiseRearWingNotPossible	The rear wing angle could be too low and not generating enough rear downforce causing oversteer, unfortunately we cannot raise it any more.	L'angle de l'aileron arrière est trop bas et ne génère pas assez d'appui arrière, ce qui provoque le survirage. Malheureusement, il ne peut pas être augmenté davantage.	L'angolazione dell'alettone posteriore potrebbe essere troppo bassa e non generare sufficiente deportanza posteriore, purtroppo non possiamo aumentarla.	Der Anstellwinkel des Heckflügels könnte zu niedrig sein und dadurch nicht genug Abtrieb erzeugen, was zu Übersteuern führt. Allerdings lässt er sich leider nicht weiter erhöhen.	El ángulo del alerón trasero podría ser demasiado bajo, de forma que no genere suficiente carga aerodinámica atrás y se produzca sobreviraje. Desgraciadamente, no podemos subirlo más.	Возможно, дело в антикрыле, которое не обеспечивает нужной прижимной силы и машину уводит в занос. К сожалению, дальнейшее увеличение угла атаки невозможно.	Kąt nachylenia tylnego skrzydła może być za niski, przez co generowana jest za mała siła docisku, ale niestety nie możemy tego zmienić.	リアウィングを寝かせすぎて、リアダウンフォースが十分でないためにオーバーステアになっているのかもしれないな。残念だが、これ以上角度を大きくはできないんだ。	O ângulo da asa traseira pode estar muito baixo, não gerando downforce traseira suficiente e causando sobresterço. Infelizmente, não podemos aumentá-lo mais.	Puede que el ángulo del alerón trasero sea muy bajo y no genere suficiente carga aerodinámica trasera, y eso provoca sobreviraje. Lamentablemente, no podemos subirlo más.	L'angle de l'aileron arrière est trop bas et ne génère pas assez d'appui arrière, ce qui provoque le survirage. Malheureusement, il ne peut pas être augmenté davantage.	리어 윙 각도가 너무 낮아 충분한 리어 다운포스를 형성하지 못해 오버스티어가 발생하는 것일 수 있습니다. 유감스럽게도 각도를 더 높일 수 없습니다.	尾翼角度可能太低，导致后方产生的下压力不足而造成过度转向，很遗憾地我们已经没办法再帮你调高了。	尾翼角度可能太低，導致後方產生的下壓力不足而造成過度轉向，很遺憾地我們已經沒辦法再幫你調高了。
	SetupEngineer_Solutions_RiseRearWingMod	Raise the Rear Downforce by one click from [INITIAL] to [FINAL]  to try and stop the car from oversteering in the fast corners.	Nous allons augmenter l'appui arrière de [INITIAL] à [FINAL] afin de ne plus avoir de survirage dans les virages rapides.	Prova ad aumentare la deportanza posteriore da [INITIAL] a [FINAL] per cercare di eliminare il sovrasterzo nelle curve veloci.	Hebe den Abtrieb hinten um eine Stufe von [INITIAL] auf [FINAL], damit der Wagen in den schnellen Kurven nicht mehr so leicht übersteuert.	Elevaremos la carga aerodinámica trasera una marca, de [INITIAL] a [FINAL], para intentar que el coche no sobrevire en las curvas rápidas.	Увеличьте прижимную силу в задней части на один пункт, с [INITIAL] до [FINAL] - это компенсирует занос на резких поворотах.	Zmniejsz tylną siłę docisku przez jednorazowe kliknięcie z [INITIAL] na [FINAL], aby samochód nie wpadał w nadsterowność podczas szybkiego wchodzenia w zakręt.	1度クリックして [INITIAL] から [FINAL] に調整してリアダウンフォースを大きくすれば、高速コーナーでオーバーステアになりにくくなる。	Aumente o downforce traseiro em um clique de [INITIAL] para [FINAL] para tentar impedir o carro de sobresterçar em curvas rápidas.	Eleva la carga aerodinámica trasera una marca, desde [INITIAL] hasta [FINAL], para intentar que el auto deje de sobrevirar en las curvas rápidas.	Nous allons augmenter l'appui arrière de [INITIAL] à [FINAL] afin de ne plus avoir de survirage dans les virages rapides.	[INITIAL]에서 [FINAL]로 한 단계 조정해서 리어 다운포스를 올리면 고속 코너에서 오버스티어가 잘 안 일어나게 됩니다.	从 [INITIAL] 到 [FINAL] 点击一次以调高后方下压力，以防止车子在急转弯时过度转向。	從 [INITIAL] 到 [FINAL] 點擊一次以調高後方下壓力，以防止車子在急轉彎時過度轉向。
	SetupEngineer_Solutions_LowerRearWingModUndersteerMenu	We can decrease the Rear Downforce, which will improve the aero' balance of the car and move it forward.	Nous pouvons réduire l'appui arrière, cela devrait améliorer l'aérodynamisme de la voiture afin qu'elle aille plus vite.	Possiamo diminuire la deportanza posteriore per migliorare l'aerodinamica dell'auto e portarla in avanti.	Wir können den Abtrieb am Heck reduzieren, was die Aerodynamik-Balance des Wagens verbessern und weiter nach vorn verlagern sollte.	Podemos reducir la carga aerodinámica trasera para mejorar el equilibrio aerodinámico del coche y desplazarlo hacia adelante.	Мы можем снизить прижимную силу в задней части - это улучшит аэродинамику машины и будет подталкивать ее вперед.	Możemy zmniejszyć tylną siłą docisku, co polepszy balans aerodynamiczny samochodu przez przesunięcie jej do przodu.	リアダウンフォースを小さくすれば、空力性能のバランスが向上し、マシンが前に進むようになる。	Nós podemos diminuir o downforce traseiro, que melhorará o balanço aerodinâmico do carro e movê-lo para frente.	Podemos bajar la carga aerodinámica trasera para mejorar el equilibrio aerodinámico del auto y el impulso delantero.	Nous pouvons réduire l'appui arrière, cela devrait améliorer l'aérodynamisme de la voiture afin qu'elle aille plus vite.	리어 다운포스를 줄여 차량의 에어로 균형을 개선하고 앞으로 나아가게 합니다.	我们可以减少后方下压力以改善空气动力平衡，使车子可以往前。	我們可以減少後方下壓力以改善空氣動力平衡，使車子可以往前。
	SetupEngineer_Solutions_LowerRearWingForUndersteerNotPossible	Decreasing the Rear Downforce would improve the aero' balance of the car and move it forward is unfortunately not possible, since it is on lowest setting already.	Il est impossible de réduire l'appui arrière pour améliorer l'aérodynamisme de la voiture afin qu'elle aille plus vite car celui-ci ne peut pas être réduit davantage.	Purtroppo, diminuire la deportanza posteriore per migliorare l'aerodinamica dell'auto e portarla in avanti non è possibile. È già al minimo.	Eine Reduzierung des Abtriebs am Heck könnte die Aerodynamik-Balance des Wagens verbessern und weiter nach vorn verlagern, aber leider liegt bereits der niedrigste Wert an.	Reducir la carga aerodinámica trasera debería mejorar el equilibrio aerodinámico del coche y desplazarlo hacia adelante, pero no es posible, porque ya está en el ajuste más bajo.	Снижение прижимной силы в задней части улучшает аэродинамический баланс машины и подталкивает ее вперед, но дальнейшая регулировка невозможна - достигнуто минимальное значение.	Zmniejszenie tylnej siły docisku polepszyłoby balans aerodynamiczny samochodu, ale przesunięcie jej dalej nie jest możliwe, ponieważ jest to najniższe możliwe ustawienie.	リアダウンフォースを小さくすれば、空力性能のバランスが向上し、マシンが前に進むようになるんだが、すでに最低に設定されているから、これ以上は無理だ。	Diminuir o downforce traseiro irá melhorar o balanço aerodinâmico do carro e movê-lo para frente infelizmente não é possível, pois já está no mais baixo possível.	Lamentablemente, no es posible bajar la carga aerodinámica trasera para mejorar el equilibrio aerodinámico del auto y el impulso delantero. Ya está en su valor más bajo.	Il est impossible de réduire l'appui arrière pour améliorer l'aérodynamisme de la voiture afin qu'elle aille plus vite car celui-ci ne peut pas être réduit davantage.	이미 가장 낮게 설정되어 있어, 리어 다운포스를 줄여 차량의 에어로 균형을 개선하고 앞으로 나아가게 하는 것이 불가능합니다	很遗憾地，已经无法再减少后方下压力以改善空气动力平衡，并使车子往前，因为目前已经是设定为最低了。	很遺憾地，已經無法再減少後方下壓力以改善空氣動力平衡，並使車子往前，因為目前已經是設定為最低了。
	SetupEngineer_Solutions_RiseFrontWingModMenu	To reduce the understeer we can increase the front wing or splitter angle to give you more downforce at the front of the car.	Afin de réduire le sous-virage, nous pourrions augmenter l'angle de l'aileron avant ou du diffuseur afin d'augmenter l'appui avant de la voiture.	Per ridurre il sovrasterzo possiamo aumentare l'angolazione dell'alettone anteriore o dello splitter, aumentando la deportanza sull'avantreno.	Um das Untersteuern zu reduzieren, können wir den Anstellwinkel des Frontflügels oder -diffusors erhöhen, um der Front deines Wagens mehr Abtrieb zu verschaffen.	Para reducir el subviraje, podemos alzar el alerón delantero o el ángulo para darte más carga aerodinámica en la parte delantera del coche.	Снос передней оси устраняется увеличением угла атаки переднего антикрыла или сплиттера, что увеличивает прижимную силу в передней части.	Aby poradzić sobie z podsterownością możemy zwiększyć kat przedniego skrzydła lub dyfuzora zderzaka, aby zapewnić przodowi samochodu więcej siły docisku.	アンダーステアを軽減するには、フロントウィングの角度やスプリッタ角を大きくして、マシンのフロントダウンフォースを大きくするといいだろう。	Para reduzir a subesterção, nós podemos aumentar o ângulo da asa dianteira ou do splitter para dar mais downforce na frente do carro.	Para reducir el subviraje, podemos aumentar el alerón delantero o el ángulo del divisor para que tengas más carga aerodinámica en la parte delantera del auto.	Afin de réduire le sous-virage, nous pourrions augmenter l'angle de l'aileron avant ou du diffuseur afin d'augmenter l'appui avant de la voiture.	언더스티어를 줄이려면, 프런트 윙 또는 스플리터 각도를 증가시켜 차량 전면부에 더 큰 다운포스를 줄 수 있습니다.	要减轻转向不足，我们可以提升前翼或分离角，让你在前车身有更多下压力。	要減輕轉向不足，我們可以提升前翼或分離角，讓你在前車身有更多下壓力。
	SetupEngineer_Solutions_RiseFrontWingMod	Increase Front Downforce from [INITIAL] to [FINAL]	Augmenter l'appui avant de [INITIAL] à [FINAL].	Aumenta la Deportanza anteriore da [INITIAL] a [FINAL]	Erhöhe den Abtrieb vorne von [INITIAL] auf [FINAL].	Aumentar la carga aerodinámica frontal de [INITIAL] a [FINAL]	Увеличьте прижимную силу в передней части с [INITIAL] до [FINAL]	Zwiększ przednią siłę docisku z [INITIAL] na [FINAL].	フロントダウンフォースを [INITIAL] から [FINAL] に上げてくれ。	Aumente o downforce dianteiro de [INITIAL] para [FINAL].	Aumentar la carga aerodinámica delantera de [INITIAL] a [FINAL].	Augmenter l'appui avant de [INITIAL] à [FINAL].	프런트 다운포스를 [INITIAL]에서 [FINAL]로 증가시키세요.	从 [INITIAL] 到提升前方下压力 [FINAL]	從 [INITIAL] 到提升前方下壓力 [FINAL]
	SetupEngineer_Solutions_LowerRearWingModUndersteer	Reduce the Rear Downforce from [INITIAL] to [FINAL].	Réduire l'appui arrière de [INITIAL] à [FINAL].	Riduci la Deportanza posteriore da [INITIAL] a [FINAL].	Reduziere den Abtrieb hinten von [INITIAL] auf [FINAL].	Reduce la carga aerodinámica trasera de [INITIAL] a [FINAL].	Увеличьте прижимную силу в задней части с [INITIAL] до [FINAL]	Zmniejsz tylną siłę docisku z [INITIAL] na [FINAL].	リアダウンフォースを [INITIAL] から [FINAL] に下げてくれ。	Reduza o downforce traseiro de [INITIAL] para [FINAL].	Reducir la carga aerodinámica trasera de [INITIAL] a [FINAL].	Réduire l'appui arrière de [INITIAL] à [FINAL].	리어 다운포스를 [INITIAL]에서 [FINAL]로 감소시킵니다.	将后方下压力从 [INITIAL] 减少到 [FINAL]。	將後方下壓力從 [INITIAL] 減少到 [FINAL]。
	SetupEngineer_Solutions_FinalDriveUpMod	Ok, increase the Final Drive Ratio from [INITIAL] to [FINAL] which will allow you to reach a slightly higher top speed.	D'accord, nous allons augmenter le rapport de transmission secondaire de [INITIAL] à [FINAL] pour te permettre d'atteindre une vitesse de pointe plus élevée.	OK, aumenta l'ultimo rapporto di trasmissione da [INITIAL] a [FINAL] per raggiungere una velocità massima leggermente superiore.	Okay, erhöhe die Achsübersetzung von [INITIAL] auf [FINAL], was zu einer leicht erhöhten Höchstgeschwindigkeit führen sollte.	Vale, aumenta la relación de transmisión final de [INITIAL] a [FINAL], y podrás alcanzar un poco más de velocidad máxima.	Увеличьте конечное передаточное число с [INITIAL] до [FINAL] - это даст выигрыш в скорости.	Zwiększ przełożenie główne z [INITIAL] na [FINAL], co zapewni trochę wyższą prędkość maksymalną.	それでは、最終減速比を [INITIAL] から [FINAL] に上げよう。これで最高速度が少し上がるはずだ。	Ok, aumentar a transmissão final de [INITIAL] para [FINAL] permitirá que você alcance uma velocidade máxima um pouco maior.	Sube la relación de la transmisión final de [INITIAL] a [FINAL] para alcanzar un poco más de velocidad máxima.	D'accord, nous allons augmenter le rapport de transmission secondaire de [INITIAL] à [FINAL] pour te permettre d'atteindre une vitesse de pointe plus élevée.	최종 기어비를 [INITIAL]에서 [FINAL]로 높여 조금 더 최고 속력을 빠르게 낼 수 있게 합니다.	好，将最终传动比从 [INITIAL] 提升到 [FINAL]，可让你达到些微高一点的最高时速。	好，將最終傳動比從 [INITIAL] 提升到 [FINAL]，可讓你達到些微高一點的最高時速。
	SetupEngineer_Solutions_FinalDriveDownMod	Ok, lower the Final Drive Ratio from [INITIAL] to [FINAL] which will give you better acceleration and help to reach your top speed a little quicker.	D'accord, nous allons réduire le rapport de transmission secondaire de [INITIAL] à [FINAL] pour améliorer ton accélération et t'aider à atteindre ta vitesse de pointe plus rapidement.	OK, diminuisci l'ultimo rapporto di trasmissione da [INITIAL] a [FINAL] per avere un'accelerazione migliore e raggiungere più rapidamente la velocità massima.	Okay, reduziere die Achsübersetzung von [INITIAL] auf [FINAL], was zu einer besseren Beschleunigung führen sollte und dich die Höchstgeschwindigkeit etwas schneller erreichen lässt.	Baja la relación de transmisión final de [INITIAL] a [FINAL] y ganarás aceleración que te permitirá alcanzar la velocidad máxima un poco antes.	Уменьшите конечное передаточное число с [INITIAL] до [FINAL] - это позволит легче разгоняться до предельной скорости.	Zmniejsz przełożenie główne z [INITIAL] na [FINAL], co zapewni trochę lepsze przyspieszenie i pomoże szybciej osiągać prędkość maksymalną.	それでは、最終減速比を [INITIAL] から [FINAL] に下げよう。これで加速が上がり、最高速度に早く到達できるようになるはずだ。	Ok, diminuir a transmissão final de [INITIAL] para [FINAL] dará a você uma aceleração melhor e ajudará a alcançar sua velocidade máxima um pouco mais rápido.	Baja la relación de la transmisión final de [INITIAL] a [FINAL] para mejorar la aceleración y alcanzar antes la velocidad máxima.	D'accord, nous allons réduire le rapport de transmission secondaire de [INITIAL] à [FINAL] pour améliorer ton accélération et t'aider à atteindre ta vitesse de pointe plus rapidement.	최종 기어비를 [INITIAL]에서 [FINAL]로 낮추어 가속을 향상시키고 최고 속도에 더 빨리 도달할 수 있게 합니다.	好，将最终传动比从 [INITIAL] 降低到 [FINAL]，可让你有更佳的加速，帮助你稍微快一点达到最高时速。	好，將最終傳動比從 [INITIAL] 降低到 [FINAL]，可讓你有更佳的加速，幫助你稍微快一點達到最高時速。
	SetupEngineer_Solutions_FinalDriveDownModNotPossible	Good thing to do now would be to lower the Final Drive Ratio, which would give you better acceleration and help to reach your top speed a little quicker. Unfortunately you are on the limit and it cannot be lowered more.	Nous pourrions idéalement réduire le rapport de transmission secondaire pour améliorer ta accélération et t'aider à atteindre ta vitesse de pointe plus rapidement. Malheureusement, il est impossible de le réduire davantage.	La cosa migliore da fare sarebbe accorciare l'ultimo rapporto di trasmissione, per avere un'accelerazione migliore e raggiungere più rapidamente la velocità massima. Purtroppo è già al limite e non puoi ridurlo ulteriormente.	Die Achsübersetzung müsste niedriger eingestellt werden. Das erhöht deine Beschleunigung und du erreichst schneller deine Höchstgeschwindigkeit. Leider bist du schon am Limit, noch niedriger geht es nicht.	Sería interesante bajar la relación de transmisión final para conseguir más aceleración y poder alcanzar la velocidad máxima un poquito antes. Desgraciadamente, ya estás al límite y no se puede bajar más.	Сейчас бы уменьшить конечное передаточное число - это бы облегчило разгон до предельной скорости. К сожалению, этот параметр уже настроен на минимальное значение - дальше просто некуда.	Najlepiej byłoby zmniejszyć przełożenie główne, co zapewniłoby trochę lepsze przyspieszenie i pomogłoby szybciej osiągać prędkość maksymalną. Niestety ta opcja w tej chwili już ma najniższą możliwą wartość.	こんな場合に一番いいのは、最終減速比を下げることだ。そうすることで、加速が上がり最高速度に到達するまでの時間が短縮されるのだが、残念ながら、すでに限界にセットアップされていて、これ以上下げることはできない。	Uma boa coisa a se fazer seria diminuir a transmissão final, que daria a você melhor aceleração e ajudaria a alcançar sua velocidade máxima um pouco mais rápido. Infelizmente, você está no limite e não pode diminuir ainda mais.	Ahora convendría bajar la relación de la transmisión final para mejorar la aceleración y alcanzar antes la velocidad máxima. Lamentablemente, el valor ya está en el límite y no se puede bajar más.	Nous pourrions idéalement réduire le rapport de transmission secondaire pour améliorer ta accélération et t'aider à atteindre ta vitesse de pointe plus rapidement. Malheureusement, il est impossible de le réduire davantage.	최종 기어비를 낮추어 가속을 향상시키고 최고 속도에 더 빨리 도달할 수 있도록 하는 것이 좋습니다. 유감스럽게도 한계값에 도달하여 더 낮출 수 없습니다.	现在应该做的就是降低最终传动比，让你有更佳的加速，帮助你稍微快一点达到最高时速。但很遗憾地你已经达到极限，无法再降低了。	現在應該做的就是降低最終傳動比，讓你有更佳的加速，幫助你稍微快一點達到最高時速。但很遺憾地你已經達到極限，無法再降低了。
	SetupEngineer_Solutions_FinalDriveUpModNotPossible	Increase the Final Drive Ratio would help here, that would allow you to reach a slightly higher top speed. Unfortunately you are on the limit and it cannot be increased more.	Nous pourrions idéalement augmenter le rapport de transmission secondaire pour te permettre d'atteindre une vitesse de pointe plus élevée. Malheureusement, il est impossible de l'augmenter davantage.	In questo caso sarebbe utile aumentare l'ultimo rapporto di trasmissione per aumentare leggermente la velocità massima. Purtroppo è già al limite e non puoi aumentarlo ulteriormente.	Es würde helfen, die Achsübersetzung und damit deine Höchstgeschwindigkeit zu erhöhen. Leider bist du schon am Limit, noch höher geht es nicht.	Vendría bien aumentar la relación de transmisión final, porque eso te permitiría conseguir una velocidad máxima un poco mayor. Desgraciadamente, estás al límite y no se puede subir más.	Здесь было бы кстати увеличить конечное передаточное число, что увеличило бы предельную скорость. К сожалению, предел уже достигнут, и дальнейшее изменение невозможно.	Najlepiej byłoby zwiększyć przełożenie główne, co zapewniłoby trochę większą prędkość maksymalną. Niestety ta opcja w tej chwili już ma najwyższą możliwą wartość.	最終減速比を上げれば、最高速度が少し上昇するはずだが、残念ながら、すでに限界にセットアップされていて、これ以上上げることはできない。	Aumentar a transmissão final ajudaria aqui, isso permitiria que você alcançasse uma velocidade máxima um pouco maior. Infelizmente, você está no limite e não pode aumentar mais.	Convendría subir la relación de la transmisión final para alcanzar un poco más de velocidad máxima. Lamentablemente, el valor ya está en el límite y no se puede subir más.	Nous pourrions idéalement augmenter le rapport de transmission secondaire pour te permettre d'atteindre une vitesse de pointe plus élevée. Malheureusement, il est impossible de l'augmenter davantage.	최종 기어비를 높이면 최고 속도를 조금 더 높일 수 있습니다. 유감스럽게도 한계값에 도달하여 더 높일 수 없습니다.	在这提升最终传动比会有一些帮助，那会让你达到些微高一点的最高时速。很遗憾地你已经达到极限，无法再提升了。	在這提升最終傳動比會有一些幫助，那會讓你達到些微高一點的最高時速。很遺憾地你已經達到極限，無法再提升了。
	SetupEngineer_Solutions_SlowAcceleratingFinalDriveDownMod	To fix that, decrease the Final Drive Ratio from [INITIAL] to [FINAL].	Nous allons réduire le rapport de transmission secondaire de [INITIAL] à [FINAL] afin de corriger cela.	Per risolvere il problema, riduci l'ultimo rapporto di trasmissione da [INITIAL] a [FINAL].	Um das zu beheben, solltest du die Achsübersetzung von [INITIAL] auf [FINAL] reduzieren.	Para solucionarlo, reduce la relación de transmisión final de [INITIAL] a [FINAL].	Для этого уменьшите конечное передаточное число с [INITIAL] до [FINAL].	Aby to naprawić, zmniejsz przełożenie główne z [INITIAL] na [FINAL].	最終減速比を [INITIAL] から [FINAL] に下げてくれ。	Para consertar isso, diminua a transmissão final de [INITIAL] para [FINAL].	Para solucionarlo, baja la relación de la transmisión final de [INITIAL] a [FINAL].	Nous allons réduire le rapport de transmission secondaire de [INITIAL] à [FINAL] afin de corriger cela.	문제를 해결하려면 최종 기어비를 [INITIAL]에서 [FINAL]로 낮추십시오.	要修正这个的话，将最终传动比从 [INITIAL] 调到 [FINAL]。	要修正這個的話，將最終傳動比從 [INITIAL] 調到 [FINAL]。
	SetupEngineer_Solutions_SlowAcceleratingFinalDriveDownModNotPossible	Good thing to do now would be to lower the Final Drive Ratio which would give you better acceleration and help to reach your top speed a little quicker. Unfortunately you are on the limit and it cannot be lowered more.	Nous pourrions idéalement réduire le rapport de transmission secondaire pour améliorer ton accélération et t'aider à atteindre ta vitesse de pointe plus rapidement. Malheureusement, il est impossible de le réduire davantage.	La cosa migliore da fare sarebbe accorciare l'ultimo rapporto di trasmissione, per avere un'accelerazione migliore e raggiungere più rapidamente la velocità massima. Purtroppo è già al limite e non puoi ridurlo ulteriormente.	Die Achsübersetzung müsste niedriger eingestellt werden. Das erhöht deine Beschleunigung und du erreichst schneller deine Höchstgeschwindigkeit. Leider bist du schon am Limit, noch niedriger geht es nicht.	Sería interesante bajar la relación de transmisión final para conseguir más aceleración y poder alcanzar la velocidad máxima un poquito antes. Desgraciadamente, ya estás al límite y no se puede bajar más.	Сейчас бы уменьшить конечное передаточное число, что упростило бы набор предельной скорости. К сожалению, мы и так на предельно низком значении, и уменьшить его дальше мы не можем.	Najlepiej byłoby zmniejszyć przełożenie główne, co zapewniłoby trochę lepsze przyspieszenie i pomogłoby szybciej osiągać prędkość maksymalną. Niestety ta opcja w tej chwili ma już najniższą możliwą wartość.	こんな場合に一番いいのは、最終減速比を下げることだ。そうすることで、加速が上がり最高速度に到達するまでの時間が短縮されるのだが、残念ながら、すでに限界にセットアップされていて、これ以上下げることはできない。	Uma boa coisa a se fazer seria diminuir a transmissão final, que daria a você melhor aceleração e ajudaria a alcançar sua velocidade máxima um pouco mais rápido. Infelizmente, você está no limite e não pode diminuir ainda mais.	Ahora convendría bajar la relación de la transmisión final para mejorar la aceleración y alcanzar antes la velocidad máxima. Lamentablemente, el valor ya está en el límite y no se puede bajar más.	Nous pourrions idéalement réduire le rapport de transmission secondaire pour améliorer ton accélération et t'aider à atteindre ta vitesse de pointe plus rapidement. Malheureusement, il est impossible de le réduire davantage.	최종 기어비를 낮추어 가속을 향상시키고 최고 속도에 더 빨리 도달할 수 있도록 하는 것이 좋습니다. 유감스럽게도 한계값에 도달하여 더 낮출 수 없습니다.	现在应该做的就是降低最终传动比，让你有更佳的加速，帮助你稍微快一点达到最高时速。但很遗憾地你已经达到极限，无法再降低了。	現在應該做的就是降低最終傳動比，讓你有更佳的加速，幫助你稍微快一點達到最高時速。但很遺憾地你已經達到極限，無法再降低了。
	SetupEngineer_Solutions_DoBoth	Please do both.	Faites les deux.	Fai entrambe le cose.	Bitte passe beides an.	Haz las dos cosas.	Сделайте и то, и другое.	Zróbmy i to, i to.	両方とも頼む。	Por favor, faça as duas coisas.	Haz las dos cosas, por favor.	Faites les deux.	두 가지 모두를 하십시오.	请两个都做。	請兩個都做。
	SetupEngineer_Solutions_CarDoesNotTurnStiffenRearBarsMod	Stiffen the Rear Anti-Roll Bars from [INITIAL]N/mm to [FINAL]N/mm.	Nous allons raidir la barre anti-roulis arrière de [INITIAL]N/mm à [FINAL]N/mm.	Irrigidisci la barra antirollio posteriore da [INITIAL]N/mm a [FINAL]N/mm.	Versteife die hinteren Stabilisatoren von [INITIAL]N/mm auf [FINAL]N/mm.	Aumenta la rigidez de las barras estabilizadoras traseras de [INITIAL]N/mm a [FINAL]N/mm.	Усильте задние стабилизаторы поперечной устойчивости с [INITIAL]N/mm до [FINAL]N/mm.	Usztywnij tylne stabilizatory poprzeczne z [INITIAL]N/mm na [FINAL]N/mm.	リアスタビライザーの硬さを [INITIAL]N/mm から [FINAL]N/mm に上げてくれ。	Endureça as barras antirrolagem traseiras de [INITIAL]N/mm para [FINAL]N/mm.	Refuerza las barras estabilizadoras traseras de [INITIAL]N/mm a [FINAL]N/mm.	Nous allons raidir la barre anti-roulis arrière de [INITIAL]N/mm à [FINAL]N/mm.	리어 안티 롤 바를 [INITIAL]N/mm에서 [FINAL]N/mm로 변경합니다.	将后防倾杆从 [INITIAL]N/mm 调硬到 [FINAL]N/mm。	將後防傾桿從 [INITIAL]N/mm 調硬到 [FINAL]N/mm。
	SetupEngineer_Solutions_CarDoesNotTurnStiffenRearBarsMenu	We can stiffen the Rear Anti-Roll Bars for you which should stop the back from rolling around as much and generating a little more rotation from the car in the turn.	J'aimerais pouvoir augmenter la raideur de la barre anti-roulis arrière afin de stabiliser l'arrière de la voiture pour qu'elle tourne mieux dans les virages.	Possiamo irrigidire la barra antirollio posteriore per impedire al retrotreno di inclinarsi e aumentare la rotazione dell'auto in curva.	Wir können die hinteren Stabilisatoren versteifen, was das Heck davon abhalten sollte, zu sehr zu rollen, und etwas mehr Rotation in der Kurve generiert.	Podemos aumentarte la rigidez de las barras estabilizadoras traseras, y así la parte trasera no se moverá tanto y el coche generará un poco más de rotación en la curva.	Мы можем добавить жесткости задним стабилизаторам поперечной устойчивости, что уменьшит крен в поворотах и облегчит их прохождение	Możemy usztywnić tylne stabilizatory poprzeczne, co powinno powstrzymać tył od przechylania się i obracania samochodem w zakręcie.	リアスタビライザーを硬くしてみよう。そうすることで、リアのロールを抑えることができ、コーナリングしやすくなるはずだ。	Nós podemos endurecer as barras antirrolagem traseiras para você. Isso deve impedir a traseira de rodar tanto e gerar um pouco mais de rotação do carro na curva.	Podemos reforzar las barras estabilizadoras traseras para que la parte trasera no gire tanto y genere un poco más de rotación del auto en la curva	J'aimerais pouvoir augmenter la raideur de la barre anti-roulis arrière afin de stabiliser l'arrière de la voiture pour qu'elle tourne mieux dans les virages.	리어 안티 롤 바를 강화하여 차량 후면부가 회전하는 현상을 방지하고 턴 시 차량에 더 많은 회전력을 생성할 수 있습니다.	我们可以调硬后防倾杆以防止后方打滑，并让车子在过弯时有多一些回转。	我們可以調硬後防傾桿以防止後方打滑，並讓車子在過彎時有多一些迴轉。
	SetupEngineer_Solutions_CarDoesNotTurnStiffenRearBarsModNotPossible	Unfortunately we cannot stiffen the Rear Anti-Roll Bars any more.	Cependant, nous ne pouvons pas raidir la barre anti-roulis arrière davantage.	Purtroppo non possiamo irrigidire ulteriormente la barra antirollio posteriore.	Leider können wir die hinteren Stabilisatoren nicht weiter versteifen.	Desgraciadamente, no podemos aumentar más la rigidez de las barras estabilizadoras traseras.	К сожалению, задние стабилизаторы и так настроены на максимальную жесткость.	Niestety nie możemy bardziej usztywnić stabilizatorów poprzecznych.	残念だが、これ以上リアスタビライザーを硬くすることはできない。	Infelizmente não podemos endurecer mais as barras antirrolagem traseiras.	Lamentablemente, no podemos reforzar más las barras estabilizadoras traseras.	Cependant, nous ne pouvons pas raidir la barre anti-roulis arrière davantage.	유감스럽게도 리어 안티 롤 바를 더 강화할 수 없습니다.	很遗憾地，后防倾杆没办法再调得更硬了。	很遺憾地，後防傾桿沒辦法再調得更硬了。
	SetupEngineer_Solutions_CarDoesNotTurnRaiseRearHeightMenu	We can raise the Rear Ride Height.	Nous pourrions augmenter la hauteur de caisse arrière.	Possiamo aumentare l'altezza da terra posteriore.	Wir können die Bodenfreiheit hinten anheben.	Podemos aumentar la altura trasera.	Можем увеличить дорожный просвет в задней части.	Podnieśmy tył samochodu.	リア最低地上高を上げてみようか。	Podemos aumentar a distância do solo traseira.	Podemos subir la altura de marcha trasera.	Nous pourrions augmenter la hauteur de caisse arrière.	리어 지상고를 높일 수 있습니다.	我们可以调高后底盘高度。	我們可以調高後車身高度。
	SetupEngineer_Solutions_CarDoesNotTurnRaiseRearHeightMod	Raise the Rear Rride Height from [INITIAL]mm to [FINAL]mm.	Nous allons augmenter la hauteur de caisse arrière de [INITIAL]mm à [FINAL]mm.	Alza l'avantreno da [INITIAL]mm a [FINAL]mm.	Hebe die Bodenfreiheit hinten von [INITIAL]mm auf [FINAL]mm an.	Aumenta la altura trasera de [INITIAL]mm a [FINAL]mm.	Увеличьте дорожный просвет в задней части с [INITIAL]mm до [FINAL]mm.	Podnieśmy tył samochodu z [INITIAL]mm na [FINAL]mm.	リア最低地上高を [INITIAL]mm から [FINAL]mm に上げてくれ。	Aumente a distância do solo traseira de [INITIAL]mm para [FINAL]mm.	Sube la altura de marcha trasera de [INITIAL]mm a [FINAL]mm.	Nous allons augmenter la hauteur de caisse arrière de [INITIAL]mm à [FINAL]mm.	리어 지상고를 [INITIAL]mm에서 [FINAL]mm로 높입니다.	将后底盘高度从 [INITIAL]mm 调高到 [FINAL]mm。	將後車身高度從 [INITIAL]mm 調高到 [FINAL]mm。
	SetupEngineer_Solutions_CarDoesNotTurnRaiseRearHeightModNotPossible	Raising the Rear Ride Height would help, unfortunately we cannot raise it any more.	Nous pourrions idéalement augmenter la hauteur de caisse arrière, mais elle ne peut malheureusement pas être élevée davantage.	Aumentare l'altezza da terra posteriore potrebbe aiutare. Purtroppo non possiamo aumentarla ulteriormente.	Das Anheben der Bodenfreiheit hinten würde helfen, aber leider können wir sie nicht weiter anheben.	Vendría bien aumentar la altura trasera, pero ya no podemos aumentarla más.	Можно было бы увеличить дорожный просвет задней оси, но он и так на максимуме.	Podniesienie tyłu samochodu mogłoby pomóc, ale niestety już nie da się bardziej tego zrobić.	リア最低地上高を高くすればいいんだが、残念ながら、これ以上上げることはできない。	Aumentar a distância do solo traseira ajudaria. Infelizmente, não podemos aumentá-la mais.	Convendría subir la altura de marcha trasera. Lamentablemente, ya no la podemos subir más.	Nous pourrions idéalement augmenter la hauteur de caisse arrière, mais elle ne peut malheureusement pas être élevée davantage.	리어 지상고를 높이는 것이 도움이 될 수 있으나, 더 이상 높일 수 없습니다.	调高后底盘高度会有帮助，但很遗憾地我们已经没办法再调更高了。	調高後車身高度會有幫助，但很遺憾地我們已經沒辦法再調更高了。
	SetupEngineer_Solutions_CarDoesNotTurnLowerFrontHeightMod	Lower the Front Ride Height from [INITIAL]mm to [FINAL]mm.	Nous allons réduire la hauteur de caisse avant de [INITIAL]mm à [FINAL]mm.	Riduci l'altezza da terra anteriore da [INITIAL]mm a [FINAL]mm.	Senke die Bodenfreiheit vorn von [INITIAL]mm auf [FINAL]mm.	Reduce la altura delantera de [INITIAL]mm a [FINAL]mm.	Уменьшите дорожный просвет в передней части с [INITIAL]mm до [FINAL]mm.	Opuśćmy przód samochodu z [INITIAL]mm na [FINAL]mm.	フロント最低地上高を [INITIAL]mm から [FINAL]mm に下げてくれ。	Diminua a distância do solo dianteira de [INITIAL]mm para [FINAL]mm.	Bajar la altura de marcha delantera de [INITIAL]mm a [FINAL]mm.	Nous allons réduire la hauteur de caisse avant de [INITIAL]mm à [FINAL]mm.	프런트 지상고를 [INITIAL]mm에서 [FINAL]mm로 낮춥니다.	将前底盘高度从 [INITIAL]mm 调低到 [FINAL]mm。	將前車身高度從 [INITIAL]mm 調低到 [FINAL]mm。
	SetupEngineer_Solutions_CarDoesNotTurnLowerFrontHeightMenu	We can lower the Front Ride Height to generate a bit more front downforce for those faster corners.	Nous pourrions réduire la hauteur de caisse avant pour augmenter l'appui avant dans les virages rapides.	Possiamo ridurre l'altezza da terra anteriore per generare un po' più di deportanza, sarebbe utile nelle curve più veloci.	Wir können die Bodenfreiheit vorn absenken, um in schnellen Kurven etwas mehr Abtrieb an der Wagenfront zu erzeugen.	Podemos bajar la altura delantera para generar un poco más de carga aerodinámica delante de cara a esas curvas rápidas.	Можно уменьшить просвет в передней части, добавив прижимной силы на резких поворотах.	Możemy obniżyć przód samochodu, aby wygenerować trochę większą siłę nacisku podczas szybkiego wchodzenia w zakręt.	フロント最低地上高を低くして、フロントダウンフォースを少し強くすれば、高速コーナーをクリアしやすくなるだろう。	Podemos diminuir a distância do solo dianteira para gerar um pouco mais de downforce para essas curvas rápidas.	Podemos bajar la altura de marcha delantera para generar más carga aerodinámica delantera en las curvas rápidas.	Nous pourrions réduire la hauteur de caisse avant pour augmenter l'appui avant dans les virages rapides.	프런트 지상고를 낮추어 빠르게 진입하는 코너에서 프런트 다운포스를 더 형성할 수 있습니다.	我们可以降低前底盘高度，以增加一些前方下压力以对应急转弯。	我們可以降低前車身高度，以增加一些前方下壓力以對應急轉彎。
	SetupEngineer_Solutions_CarDoesNotTurnLowerFrontHeightModNotPossible	We could lower the Front Ride Height to generate a bit more front downforce for those faster corners, but unfortunately you are already on the limit.	Nous pourrions idéalement réduire la hauteur de caisse avant pour augmenter l'appui avant dans les virages rapides, mais elle ne peut malheureusement pas être réduite davantage.	Potremmo ridurre l'altezza da terra anteriore per generare un po' più di deportanza. Sarebbe utile nelle curve più veloci, ma purtroppo è già al limite.	Wir könnten die Bodenfreiheit vorn absenken, um in schnellen Kurven etwas mehr Abtrieb an der Wagenfront zu erzeugen, aber leider liegt bereits der niedrigste Wert an.	Podríamos bajar la altura delantera para generar un poco más de carga aerodinámica delante de cara a esas curvas rápidas, pero desgraciadamente ya estamos al límite.	Можно было бы уменьшить просвет в передней части, добавив прижимной силы на резких поворотах, но параметр уже и так на пределе.	Powinniśmy obniżyć przód samochodu, aby wygenerować trochę większą siłę nacisku podczas szybkiego wchodzenia w zakręt, ale niestety już nie da się bardziej tego zrobić.	フロント最低地上高を低くして、フロントダウンフォースを少し強くすれば、高速コーナーをクリアしやすくなるのだが、すでに限界にセッティングされている。	Poderíamos diminuir a distância do solo dianteira para gerar um pouco mais de downforce para essas curvas rápidas, mas você já está no limite.	Podríamos bajar la altura de marcha delantera para generar más carga aerodinámica delantera en las curvas rápidas. Lamentablemente, el valor ya está en el límite.	Nous pourrions idéalement réduire la hauteur de caisse avant pour augmenter l'appui avant dans les virages rapides, mais elle ne peut malheureusement pas être réduite davantage.	프런트 지상고를 낮추어 빠르게 진입하는 코너에서 프런트 다운포스를 더 형성할 수 있으나, 유감스럽게도 이미 한계값에 도달했습니다.	我们可以降低前底盘高度，以增加一些前方下压力以对应急转弯，但很遗憾地你已经降到极限了。	我們可以降低前車身高度，以增加一些前方下壓力以對應急轉彎，但很遺憾地你已經降到極限了。
	SetupEngineer_Solutions_CarDoesNotTurnStiffenFrontSpringsMod	Stiffen the Front Spring Rates from [INITIAL]N/mm to [FINAL]N/mm.	Nous allons raidir les ressorts avant de [INITIAL]N/mm à [FINAL]N/mm.	Irrigidisci le molle anteriori da [INITIAL]N/mm a [FINAL]N/mm.	Versteife die Federraten vorn von [INITIAL]N/mm auf [FINAL]N/mm.	Aumenta la rigidez del tarado de muelles delanteros de [INITIAL]N/mm a [FINAL]N/mm.	Усильте передние амортизаторы с [INITIAL]N/mm до [FINAL]N/mm.	Usztywnijmy przednie sprężyny z [INITIAL]N/mm na [FINAL]N/mm.	フロントバネレートの硬さを [INITIAL]N/mm から [FINAL]N/mm に上げてくれ。	Endureça as molas dianteiras de [INITIAL]N/mm para [FINAL]N/mm.	Aumenta los índices de rigidez delanteros de [INITIAL]N/mm a [FINAL]N/mm.	Nous allons raidir les ressorts avant de [INITIAL]N/mm à [FINAL]N/mm.	프런트 스프링 레이트를 [INITIAL]N/mm에서 [FINAL]N/mm로 변경합니다.	将前弹簧系数从 [INITIAL]N/mm 调硬到 [FINAL]N/mm。	將前彈簧係數從 [INITIAL]N/mm 調硬到 [FINAL]N/mm。
	SetupEngineer_Solutions_CarDoesNotTurnStiffenFrontSpringsMenu	We can stiffen the Front Spring Rates to provide a bit sharper steering.	Nous pourrions raidir les ressorts avant pour tourner plus efficacement dans les virages.	Possiamo irrigidire le molle anteriori per migliorare la sterzata.	Wir können die Federraten vorn etwas versteifen, um ein schärferes Einlenken zu bewirken.	Podemos aumentar la rigidez del tarado de muelles delanteros para mejorar el viraje.	Можно усилить передние амортизаторы, сделав машину более отзывчивой в поворотах.	Możemy usztywnić przednie sprężyny, aby usprawnić sterowanie.	フロントバネレートを硬くすれば、ステアリングが少しシャープになる。	Podemos endurecer as molas dianteiras para fornecer uma direção mais precisa.	Podemos aumentar los índices de rigidez delanteros para mejorar la precisión al girar.	Nous pourrions raidir les ressorts avant pour tourner plus efficacement dans les virages.	프런트 스프링 레이트를 강화하여 더 정교한 스티어링을 할 수 있습니다.	我们可以调硬前弹簧系数，以提供更犀利的转向。	我們可以調硬前彈簧係數，以提供更犀利的轉向。
	SetupEngineer_Solutions_CarDoesNotTurnStiffenFrontSpringsModNotPossible	We could stiffen the Front Springs Rates to provide a bit sharper steering, but unfortunately you are already on the limit.	Nous pourrions raidir les ressorts avant pour tourner plus efficacement dans les virages, mais ils sont déjà à leur limite.	Potremmo irrigidire le molle anteriori per migliorare la sterzata, ma purtroppo sono già al limite.	Wir könnten die Federraten vorn etwas versteifen, um ein schärferes Einlenken zu bewirken, aber leider liegt bereits der maximale Wert an.	Podríamos aumentar la rigidez del tarado de muelles delanteros para mejorar el viraje, pero desgraciadamente ya estás al límite.	Мы бы могли усилить передние амортизаторы, улучшив реакцию на руль, но мы и так на пределе.	Powinniśmy usztywnić przednie sprężyny, aby usprawnić sterowanie, ale tego już nie da się bardziej zmienić.	フロントバネレートを硬くすれば、ステアリングが少しシャープになるんだが、すでに最大にセッティングされているな。	Poderíamos endurecer as molas dianteiras para fornecer uma direção mais precisa, mas, infelizmente, você já está no limite.	Podríamos aumentar los índices de rigidez delanteros para mejorar la precisión al girar. Lamentablemente, el valor ya está en el límite.	Nous pourrions raidir les ressorts avant pour tourner plus efficacement dans les virages, mais ils sont déjà à leur limite.	프런트 스프링 레이트를 강화하여 더 정교한 스티어링을 할 수 있으나, 유감스럽게도 이미 한계값에 도달했습니다.	我们可以调硬前弹簧系数，以提供更犀利的转向，但很遗憾地你已经调到极限了。	我們可以調硬前彈簧係數，以提供更犀利的轉向，但很遺憾地你已經調到極限了。
	SetupEngineer_Solutions_GoToDownforce	Go to Downforce menu	Aller au menu de l'appui.	Vai al menu Deportanza.	Zum Abtriebsmenü.	Ir al menú Carga aerodinámica	Перейти в меню настройки прижимной силы	Przejdź do menu siły docisku	ダウンフォースメニューに移動する。	Ir para menu de Downforce	Ir al menú de carga aerodinámica.	Aller au menu de l'appui.	다운포스 메뉴로 가기	前往下压力菜单	前往下壓力選單
	SetupEngineer_Solutions_CarTurnsTooMuchStiffenFrontBarsMenu	We can stiffen the Front Anti-Roll Bar for you to reduce roll when turning into the corner.	Nous pourrions raidir la barre anti-roulis avant pour réduire le roulis à l'entrée des virages.	Possiamo irrigidire la barra antirollio anteriore per ridurre l'inclinazione all'ingresso in curva.	Wir können den vorderen Stabilisator versteifen, um Rollbewegungen beim Einlenken zu reduzieren.	Podemos aumentar la rigidez de la barra estabilizadora delantera para reducir el balanceo al entrar en las curvas.	Можно усилить передний стабилизатор поперечной устойчивости, снизив крен на входе в поворот.	Możemy usztywnić przedni stabilizator poprzeczny, aby zredukować przechyły podczas wchodzenia w zakręt.	フロントスタビライザーを硬くすれば、コーナリング進入時のロールを軽減できる。	Podemos endurecer a barra antirrolagem dianteira para rodar menos ao virar na curva.	Podemos reforzar la barra estabilizadora delantera para reducir el giro al tomar las curvas.	Nous pourrions raidir la barre anti-roulis avant pour réduire le roulis à l'entrée des virages.	프런트 안티 롤 바를 강화하여 코너에 진입할 때 쏠림 현상을 줄일 수 있습니다.	我们可以调硬前防倾杆，让你减少入弯时的转动。	我們可以調硬前防傾桿，讓你減少入彎時的轉動。
	SetupEngineer_Solutions_CarTurnsTooMuchStiffenFrontBarsMod	Stiffen the Front Anti-Roll Bar from [INITIAL]N/mm to [FINAL]N/mm.	Nous allons raidir la barre anti-roulis avant de [INITIAL]N/mm à [FINAL]N/mm.	Irrigidisci la barra antirollio anteriore da [INITIAL]N/mm a [FINAL]N/mm.	Versteife den vorderen Stabilisator von [INITIAL]N/mm auf [FINAL]N/mm.	Aumenta la rigidez de la barra estabilizadora delantera de [INITIAL]N/mm a [FINAL]N/mm.	Усильте передние поперечные стабилизаторы с [INITIAL]N/mm до [FINAL]N/mm.	Usztywnijmy przedni stabilizator poprzeczny z [INITIAL]N/mm na [FINAL]N/mm.	フロントスタビライザーの硬さを [INITIAL]N/mm から [FINAL]N/mm に上げてくれ。	Endureça a barra antirrolagem dianteira de [INITIAL]N/mm para [FINAL]N/mm.	Refuerza la barra estabilizadora delantera de [INITIAL]N/mm a [FINAL]N/mm.	Nous allons raidir la barre anti-roulis avant de [INITIAL]N/mm à [FINAL]N/mm.	프런트 안티 롤 바를 [INITIAL]N/mm에서 [FINAL]N/mm로 변경합니다.	将前防倾杆从 [INITIAL]N/mm 调硬至 [FINAL]N/mm。	將前防傾桿從 [INITIAL]N/mm 調硬至 [FINAL]N/mm。
	SetupEngineer_Solutions_CarTurnsTooMuchStiffenFrontBarsModNotPossible	Stiffen the Front Anti-Roll Bar would be an option, unfortunately you are on the limit already.	Nous pourrions raidir la barre anti-roulis avant pour réduire le roulis à l'entrée des virages, mais elle est déjà à sa limite.	Se non fosse già al limite, potremmo irrigidire la barra antirollio anteriore.	Den vorderen Stabilisator zu versteifen wäre eine Option, aber leider bist du bereits am Limit.	Aumentar la rigidez de la barra estabilizadora delantera sería una opción, pero ya estás al límite.	Можно было бы усилить передние поперечные стабилизаторы, но мы уже и так на пределе.	Usztywnienie przedniego stabilizatora poprzecznego byłoby dobrym pomysłem, ale nie można tego zrobić.	フロントスタビライザーを硬くするという手もあるが、残念ながら、すでに最大に設定されているな。	Endurecer a barra antirrolagem dianteira seria uma opção, mas você já está no limite.	Reforzar la barra estabilizadora delantera sería una buena opción. Lamentablemente, el valor ya está en el límite.	Nous pourrions raidir la barre anti-roulis avant pour réduire le roulis à l'entrée des virages, mais elle est déjà à sa limite.	프런트 안티 롤 바를 강화하는 방법이 있으나, 유감스럽게도 이미 한계값에 도달했습니다.	调硬前防倾杆会是个选择，但很遗憾地你已经到达极限了。	調硬前防傾桿會是個選擇，但很遺憾地你已經到達極限了。
	SetupEngineer_Solutions_CarTurnsTooMuchStiffenFrontSpringsMenu	What about stiffening the Front Spring Rates for you? This should give the car more support going into a turn.	Nous pourrions raidir les ressorts avant pour toi, cela permettrait à la voiture d'être mieux soutenue à l'entrée des virages.	E se irrigidissimo le molle anteriori? Così l'auto dovrebbe avere più supporto all'ingresso in curva.	Wie wäre es, wenn wir deine Federraten vorne etwas steifer einstellen? Dann wird der Wagen besser abgestützt, wenn du in die Kurve fährst.	¿Qué tal si aumentamos la rigidez del tarado de muelles delanteros? Debería proporcionar más apoyo al coche al entrar en las curvas.	Нам нужно улучшить вхождение в поворот. Как насчет усиления передних стабилизаторов поперечной устойчивости?	A może usztywnimy przednie sprężyny? To powinno dać odrobinkę więcej podparcia dla samochodu podczas wchodzenia w zakręt.	フロントのバネレートを硬くしたらどうだい？ コーナーへの進入がスムーズになるはずだぞ。	E se eu endurecer as molas dianteiras para você? Isso deve dar mais suporte ao carro ao virar.	¿Y si aumentamos los índices de rigidez delanteros? El auto tendría más apoyo al entrar en las curvas.	Nous pourrions raidir les ressorts avant pour toi, cela permettrait à la voiture d'être mieux soutenue à l'entrée des virages.	프런트 스프링 레이트를 강화하는 것은 어떻습니까? 턴 시 차량이 더 많은 서포트를 받게 됩니다.	帮你将前弹簧系数调硬如何？这应该会让车子进弯时多一些支撑。	幫你將前彈簧係數調硬如何？這應該會讓車子進彎時多一些支撐。
	SetupEngineer_Solutions_CarTurnsTooMuchStiffenFrontSpringsMod	Stiffen-up the Front Spring Rates from [INITIAL]N/mm to [FINAL]N/mm.	Nous allons raidir les ressorts avant de [INITIAL]N/mm à [FINAL]N/mm.	Irrigidisci le molle anteriori da [INITIAL]N/mm a [FINAL]N/mm.	Versteife die Federraten vorne von [INITIAL]N/mm auf [FINAL]N/mm.	Aumenta la rigidez del tarado de muelles delanteros de [INITIAL]N/mm a [FINAL]N/mm.	Усильте передние амортизаторы с [INITIAL]N/mm до [FINAL]N/mm.	Usztywnij przednie sprężyny z [INITIAL]N/mm na [FINAL]N/mm.	フロントバネレートの硬さを [INITIAL]N/mm から [FINAL]N/mm に上げてくれ。	Endureça as molas dianteiras de [INITIAL]N/mm para [FINAL]N/mm.	Aumenta los índices de rigidez delanteros de [INITIAL]N/mm a [FINAL]N/mm.	Nous allons raidir les ressorts avant de [INITIAL]N/mm à [FINAL]N/mm.	프런트 스프링 레이트를 [INITIAL]N/mm에서 [FINAL]N/mm로 변경합니다.	将前弹簧系数从 [INITIAL]N/mm 调硬到 [FINAL]N/mm。	將前彈簧係數從 [INITIAL]N/mm 調硬到 [FINAL]N/mm。
	SetupEngineer_Solutions_CarTurnsTooMuchStiffenFrontSpringsModNotPossible	Stiffening the Front Spring Rates would be an option here, unfortunately you are on the limit already.	Nous pourrions idéalement raidir les ressorts avant pour toi, cela permettrait à la voiture d'être mieux soutenue à l'entrée des virages, mais ils sont déjà à leur limite.	Se non fossero già al limite, potremmo irrigidire le molle anteriori.	Die Federraten vorne zu versteifen wäre eine Option, aber leider bist du bereits am Limit.	Aumentar la rigidez del tarado de muelles delanteros sería una opción, pero desgraciadamente, ya estás al límite.	Можно было бы усилить передние амортизаторы, но мы уже и так на пределе.	Usztywnienie przednich sprężyn by pomogło, ale tego już nie da się bardziej zmienić.	フロントバネレートを硬くするという手もあるが、残念ながら、すでに最大に設定されているな。	Endurecer as molas dianteiras seria uma opção aqui, mas você já está no limite.	Aumentar los índices de rigidez delanteros sería una buena opción. Lamentablemente, el valor ya está en el límite.	Nous pourrions idéalement raidir les ressorts avant pour toi, cela permettrait à la voiture d'être mieux soutenue à l'entrée des virages, mais ils sont déjà à leur limite.	프런트 스프링 레이트를 강화하는 방법이 있으나, 유감스럽게도 이미 한계값에 도달했습니다.	调硬前弹簧系数会是个选择，但很遗憾地你已经到达极限了。	調硬前彈簧係數會是個選擇，但很遺憾地你已經到達極限了。
	SetupEngineer_Solutions_SuggestDownforceCarTurnsTooMuch	I’d suggest taking a look at the Downforce section and seeing if that improves it.	Je te suggère de jeter un œil à la section appui de la voiture pour tenter d'améliorer ça.	Consiglio di dare un'occhiata alla sezione Deportanza, forse si può migliorare qualcosa da lì.	Ich würde vorschlagen, einen Blick in das Abtriebsmenü zu werfen und herauszufinden, ob sich dort Verbesserungen vornehmen lassen.	Sugiero echar un vistazo a la sección de Carga aerodinámica para ver si mejora.	Советую посмотреть в сторону прижимной силы - может быть, там выиграем.	Sugeruję przyjrzenie się sekcji siły docisku. Może to pomoże.	ダウンフォースのセクションで、改善策がないか確認してみるといい。	Eu sugiro dar uma olhada na seção de downforce e ver se isso melhora.	Te aconsejo que le eches un vistazo a la sección de carga aerodinámica para ver si eso ayuda a mejorarlo.	Je te suggère de jeter un œil à la section appui de la voiture pour tenter d'améliorer ça.	다운포스 셋업을 확인하여 문제를 개선할 방법을 확인해 봅시다.	我会建议你检查一下下压力选项，看看能不能改善。	我會建議你檢查一下下壓力選項，看看能不能改善。
	SetupEngineer_Solutions_CarTurnsTooMuchSoftenRearBarsMod	Soften the Rear Anti-Roll Bar from [INITIAL]N/mm to [FINAL]N/mm.	Nous allons adoucir la barre anti-roulis arrière de [INITIAL]N/mm à [FINAL]N/mm.	Ammorbidisci la barra antirollio posteriore da [INITIAL]N/mm a [FINAL]N/mm.	Lockere den hinteren Stabilisator von [INITIAL]N/mm auf [FINAL]N/mm.	Reduce la rigidez de la barra estabilizadora trasera de [INITIAL]N/mm a [FINAL]N/mm.	Ослабьте задний стабилизатор поперечной устойчивости с [INITIAL]N/mm до [FINAL]N/mm.	Poluzuj tylny stabilizator poprzeczny z [INITIAL]N/mm na [FINAL]N/mm.	リアスタビライザーの硬さを [INITIAL]N/mm から [FINAL]N/mm に下げてくれ。	Amoleça a barra antirrolagem traseira de [INITIAL]N/mm para [FINAL]N/mm.	Aflojar la barra estabilizadora trasera [INITIAL]N/mm de [FINAL]N/mm.	Nous allons adoucir la barre anti-roulis arrière de [INITIAL]N/mm à [FINAL]N/mm.	리어 안티 롤 바를 [INITIAL]N/mm에서 [FINAL]N/mm로 부드럽게 합니다.	将后防倾杆从 [INITIAL]N/mm 调软至 [FINAL]N/mm	將後防傾桿從 [INITIAL]N/mm 調軟至 [FINAL]N/mm
	SetupEngineer_Solutions_CarTurnsTooMuchSoftenRearBarsMenu	We can try softening the Rear Anti-Roll Bar slightly which should allow the car to roll a little more and lean on the tyres in the mid corner.	Nous pourrions adoucir la barre anti-roulis arrière afin de laisser la voiture appuyer un peu plus sur les pneus dans les virages.	Possiamo ammorbidire leggermente la barra antirollio posteriore per aumentare l'inclinazione dell'auto e farla sostenere dalle ruote durante la curva.	Wir können versuchen, den hinteren Stabilisator etwas weicher zu stellen, damit der Wagen etwas mehr rollt und sich dadurch bei der Kurvendurchfahrt stärker auf die Reifen lehnt.	Podemos intentar suavizar la barra estabilizadora trasera un poco, para que el coche gane en balanceo y se apoye más en los neumáticos en mitad de la curva.	Можно было бы слегка ослабить задний стабилизатор поперечной устойчивости, добавить крен и опору на шины в поворотах.	Możemy poluzować odrobinę tylny stabilizator poprzeczny, co pozwoli na trochę większy przechył i oparcie się na oponach w środku zakrętu.	リアスタビライザーを少し柔らかくすれば、コーナー途中で車体のロールが少し増えて、タイヤに荷重がかかるようになるはずだ。	Podemos tentar amolecer a barra antirrolagem traseira um pouco, o que pode permitir que o carro rode um pouco mais e dependa dos pneus durante a curva.	Podemos aflojar un poco la barra estabilizadora trasera para que el auto gire un poco más y se apoye sobre los neumáticos en mitad de la curva.	Nous pourrions adoucir la barre anti-roulis arrière afin de laisser la voiture appuyer un peu plus sur les pneus dans les virages.	리어 안티 롤 바를 부드럽게 하여 차량의 롤 현상이 증가하며, 타이어를 더 활용하게 됩니다.	我们可以试着稍微调软后防倾杆，允许车子在弯道顶点转动多一点并向前轮倾。	我們可以試著稍微調軟後防傾桿，允許車子在彎道頂點轉動多一點並向前輪傾。
	SetupEngineer_Solutions_CarTurnsTooMuchSoftenRearBarsModNotPossible	Softening the Rear Anti-Roll Bar would be an option, but unfortunately you are already on the limit.	Nous pourrions idéalement adoucir la barre anti-roulis arrière afin de laisser la voiture appuyer un peu plus sur les pneus dans les virages, mais elle est déjà à sa limite.	Se non fosse già al limite, potremmo ammorbidire la barra antirollio posteriore.	Den hinteren Stabilisator zu lockern wäre eine Option, aber leider bist du bereits am Limit.	Suavizar la rigidez de la barra estabilizadora trasera sería una opción, pero ya estás al límite.	Можно было бы ослабить задний поперечный стабилизатор, но мы уже и так на пределе.	Poluzowanie tylnego stabilizatora poprzecznego byłoby dobrym pomysłem, ale nie można tego zrobić.	リアスタビライザーを柔らかくするという手もあるが、残念ながら、すでに最低に設定されているな。	Endurecer a barra antirrolagem traseira seria uma opção, mas você já está no limite.	Aflojar la barra estabilizadora trasera sería una buena opción. Lamentablemente, el valor ya está en el límite.	Nous pourrions idéalement adoucir la barre anti-roulis arrière afin de laisser la voiture appuyer un peu plus sur les pneus dans les virages, mais elle est déjà à sa limite.	리어 안티 롤 바를 부드럽게 하는 방법이 있으나, 유감스럽게도 이미 한계값에 도달했습니다.	调软后防倾杆会是个选择，但很遗憾地你已经到达极限了。	調軟後防傾桿會是個選擇，但很遺憾地你已經到達極限了。
	SetupEngineer_Solutions_CarTurnsTooMuchSoftenRearBarsCornerExitMod	Soften the Rear Anti-Roll Bar from [INITIAL]N/mm to [FINAL]N/mm.	Nous allons adoucir la barre anti-roulis arrière de [INITIAL]N/mm à [FINAL]N/mm.	Ammorbidisci la barra antirollio posteriore da [INITIAL]N/mm a [FINAL]N/mm.	Lockere den hinteren Stabilisator von [INITIAL]N/mm auf [FINAL]N/mm.	Reduce la rigidez de la barra estabilizadora trasera de [INITIAL]N/mm a [FINAL]N/mm.	Ослабьте задний стабилизатор поперечной устойчивости с [INITIAL]N/mm до [FINAL]N/mm.	Poluzuj tylny stabilizator poprzeczny z [INITIAL]N/mm na [FINAL]N/mm.	リアスタビライザーの硬さを [INITIAL]N/mm から [FINAL]N/mm に下げてくれ。	Amoleça a barra antirrolagem traseira de [INITIAL]N/mm para [FINAL]N/mm.	Aflojar la barra estabilizadora trasera [INITIAL]N/mm de [FINAL]N/mm.	Nous allons adoucir la barre anti-roulis arrière de [INITIAL]N/mm à [FINAL]N/mm.	리어 안티 롤 바를 [INITIAL]N/mm에서 [FINAL]N/mm로 부드럽게 합니다.	将后防倾杆从 [INITIAL]N/mm 调软至 [FINAL]N/mm。	將後防傾桿從 [INITIAL]N/mm 調軟至 [FINAL]N/mm。
	SetupEngineer_Solutions_CarTurnsTooMuchSoftenRearBarsCornerExitMenu	We can try softening the Rear Anti-Roll Bar slightly which should allow the car to roll a little more and lean on the tyres a bit more.	Nous pourrions adoucir la barre anti-roulis arrière afin de laisser la voiture appuyer un peu plus sur les pneus dans les virages.	Possiamo ammorbidire leggermente la barra antirollio posteriore per aumentare l'inclinazione dell'auto e farla sostenere un po' di più dalle ruote.	Wir können versuchen, den hinteren Stabilisator etwas weicher zu stellen, damit der Wagen etwas mehr rollt und sich dadurch stärker auf die Reifen lehnt.	Podemos probar a suavizar la barra estabilizadora trasera un poco para que el coche gane en balanceo y se apoye más en los neumáticos.	Можно было бы слегка ослабить задний стабилизатор поперечной устойчивости, добавить крен и опору на шины.	Możemy poluzować odrobinę tylny stabilizator poprzeczny, co pozwoli na trochę większy przechył i oparcie się na oponach.	リアスタビライザーを少し柔らかくすれば、車体のロールが若干増えて、タイヤにもう少し荷重をかけられるようになる。	Podemos tentar amolecer a barra antirrolagem traseira um pouco, o que pode permitir que o carro rode um pouco mais e dependa dos pneus um pouco mais.	Podemos aflojar un poco la barra estabilizadora trasera para que el auto gire un poco más y se apoye sobre los neumáticos.	Nous pourrions adoucir la barre anti-roulis arrière afin de laisser la voiture appuyer un peu plus sur les pneus dans les virages.	리어 안티 롤 바를 약간 부드럽게 하여 차량의 롤 현상이 증가하며, 타이어를 더 활용하게 됩니다.	我们可以试着稍微调软后防倾杆，允许车子转动多一点并向前轮倾一些。	我們可以試著稍微調軟後防傾桿，允許車子轉動多一點並向前輪傾一些。
	SetupEngineer_Solutions_TyreWornStiffenFrontSpringsMod	Stiffen-up the Front Spring Rates from [INITIAL]N/mm to [FINAL]N/mm.	Nous allons raidir les ressorts avant de [INITIAL]N/mm à [FINAL]N/mm.	Irrigidisci le molle anteriori da [INITIAL]N/mm a [FINAL]N/mm.	Versteife die Federraten vorne von [INITIAL]N/mm auf [FINAL]N/mm.	Aumenta la rigidez del tarado de muelles delanteros de [INITIAL]N/mm a [FINAL]N/mm.	Усильте передние амортизаторы с [INITIAL]N/mm до [FINAL]N/mm.	Usztywnij przednie sprężyny z [INITIAL]N/mm na [FINAL]N/mm.	フロントバネレートの硬さを [INITIAL]N/mm から [FINAL]N/mm に上げてくれ。	Endureça as molas dianteiras de [INITIAL]N/mm para [FINAL]N/mm.	Aumenta los índices de rigidez delanteros de [INITIAL]N/mm a [FINAL]N/mm.	Nous allons raidir les ressorts avant de [INITIAL]N/mm à [FINAL]N/mm.	프런트 스프링 레이트를 [INITIAL]N/mm에서 [FINAL]N/mm로 변경합니다.	将前弹簧系数从 [INITIAL]N/mm 调硬到 [FINAL]N/mm。	將前彈簧係數從 [INITIAL]N/mm 調硬到 [FINAL]N/mm。
	SetupEngineer_Solutions_TyreWornStiffenRearSpringsMod	Stiffen-up the Rear Spring Rates from [INITIAL]N/mm to [FINAL]N/mm.	Nous allons raidir les ressorts arrière de [INITIAL]N/mm à [FINAL]N/mm.	Irrigidisci le molle posteriori da [INITIAL]N/mm a [FINAL]N/mm.	Versteife die Federraten hinten von [INITIAL]N/mm auf [FINAL]N/mm.	Aumenta la rigidez del tarado de muelles traseros de [INITIAL]N/mm a [FINAL]N/mm.	Усильте задние амортизаторы с [INITIAL]N/mm до [FINAL]N/mm.	Usztywnij tylne sprężyny z [INITIAL]N/mm na [FINAL]N/mm.	リアバネレートの硬さを [INITIAL]N/mm から [FINAL]N/mm に上げてくれ。	Endureça as molas traseiras de [INITIAL]N/mm para [FINAL]N/mm.	Aumenta los índices de rigidez traseros de [INITIAL]N/mm a [FINAL]N/mm.	Nous allons raidir les ressorts arrière de [INITIAL]N/mm à [FINAL]N/mm.	리어 스프링 레이트를 [INITIAL]N/mm에서 [FINAL]N/mm로 변경합니다.	将后弹簧系数从 [INITIAL]N/mm 调硬到 [FINAL]N/mm。	將後彈簧係數從 [INITIAL]N/mm 調硬到 [FINAL]N/mm。
	SetupEngineer_Solutions_TyreWornStiffenRearSpringsModNotPossible	Stiffening the Rear Spring Rates could help, unfortunately you are on the limit already.	Nous pourrions idéalement raidir les ressorts arrière pour toi, mais ils sont déjà à leur limite.	Potremmo irrigidire le molle posteriori, ma sono già al limite.	Die Federraten hinten zu versteifen könnte helfen, aber leider bist du bereits am Limit.	Aumentar la rigidez del tarado de muelles traseros ayudaría, pero desgraciadamente ya estás al límite.	Можно было бы усилить задние амортизаторы, но мы уже и так на пределе.	Usztywnienie tylnych sprężyn by pomogło, ale tego już nie da się bardziej zmienić.	リアバネレートを硬くできればいいんだが、残念ながら、すでに最大に設定されているな。	Endurecer as molas traseiras poderia ajudar, mas, infelizmente, você já está no limite.	Convendría aumentar los índices de rigidez traseros. Lamentablemente, el valor ya está en el límite.	Nous pourrions idéalement raidir les ressorts arrière pour toi, mais ils sont déjà à leur limite.	리어 스프링 레이트를 강화하는 것이 도움이 될 수 있으나, 유감스럽게도 이미 한계값에 도달했습니다.	调硬后弹簧系数可能会有帮助，但很遗憾地你已经到达极限了。	調硬後彈簧係數可能會有幫助，但很遺憾地你已經到達極限了。
	SetupEngineer_Solutions_TyreWornStiffenFrontSpringsModNotPossible	Stiffening the Front Spring Rates could help, unfortunately you are on the limit already.	Nous pourrions idéalement raidir les ressorts avant pour toi, mais ils sont déjà à leur limite.	Potremmo irrigidire le molle anteriori, ma sono già al limite.	Die Federraten vorne zu versteifen könnte helfen, aber leider bist du bereits am Limit.	Aumentar la rigidez del tarado de muelles delanteros ayudaría, pero desgraciadamente ya estás al límite.	Можно было бы усилить передние амортизаторы, но мы уже и так на пределе.	Usztywnienie przednich sprężyn by pomogło, ale tego już nie da się bardziej zmienić.	フロントバネレートを硬くできればいいんだが、残念ながら、すでに最大に設定されているな。	Endurecer as molas dianteiras poderia ajudar, mas, infelizmente, você já está no limite.	Convendría aumentar los índices de rigidez delanteros. Lamentablemente, el valor ya está en el límite.	Nous pourrions idéalement raidir les ressorts avant pour toi, mais ils sont déjà à leur limite.	프런트 스프링 레이트를 강화하는 것이 도움이 될 수 있으나, 유감스럽게도 이미 한계값에 도달했습니다.	调硬前弹簧系数可能会有帮助，但很遗憾地你已经到达极限了。	調硬前彈簧係數可能會有幫助，但很遺憾地你已經到達極限了。
	SetupEngineer_Solutions_IncreasePressureMenu	We can look at increasing the Brake Pressure, which will make them more powerful.	Nous pourrions augmenter la pression des freins afin d'augmenter leur effet.	Possiamo aumentare la pressione dei freni per aumentare la forza frenante.	Wir können versuchen, den Bremsdruck zu erhöhen, was zu mehr Bremskraft führt.	Podemos intentar aumentar la presión de los frenos para que sean más potentes.	Можно прибавить мощность торможения, увеличив давление в тормозной системе, 	Moglibyśmy zwiększyć ciśnienie układu hamulcowego, co przełożyłoby się na większą siłę hamowania.	ブレーキ圧を高めれば、効きも強くなるはずだ。	Nós podemos aumentar a pressão do freio, o que o tornaria mais poderoso.	Podemos aumentar la presión de los frenos para que tengan más potencia.	Nous pourrions augmenter la pression des freins afin d'augmenter leur effet.	브레이크 압력을 높여 힘을 향상시킬 수 있습니다.	我们可以增加煞车压力，这会让他们更加有力。	我們可以增加煞車壓力，這會讓他們更加有力。
	SetupEngineer_Solutions_IncreasePressureMod	Increase the Brake Pressure from [INITIAL]% to [FINAL]%.	Nous allons augmenter la pression des freins de [INITIAL] % à [FINAL] %.	Aumenta la pressione dei freni dal [INITIAL]% al [FINAL]%.	Erhöhe den Bremsdruck von [INITIAL] % auf [FINAL] %.	Aumenta la presión de los frenos de [INITIAL]% a [FINAL]%.	Увеличьте давление в тормозной системе с [INITIAL]% до [FINAL]%.	Zwiększ ciśnienie układu hamulcowego z [INITIAL]% na [FINAL]%.	ブレーキ圧を [INITIAL] %から [FINAL] %に上げてくれ。	Aumente a pressão do freio de [INITIAL]% para [FINAL]%.	Sube la presión de los frenos de un [INITIAL]% a un [FINAL]%.	Nous allons augmenter la pression des freins de [INITIAL] % à [FINAL] %.	브레이크 압력을 [INITIAL]%에서 [FINAL]%로 증가시킵니다.	将煞车压力从 [INITIAL]% 增加至 [FINAL]%。	將煞車壓力從 [INITIAL]% 增加至 [FINAL]%。
	SetupEngineer_Solutions_IncreasePressureModNotPossible	Increasing the Brake Pressure, to make them more powerful, would help, but unfortunately, you are on the limit already.	Nous pourrions idéalement augmenter la pression des freins afin d'augmenter leur effet, mais elle ne peut être augmentée davantage.	Sarebbe utile aumentare la pressione dei freni per renderli più efficaci, ma purtroppo è già al limite.	Eine Erhöhung des Bremsdrucks würde helfen, die Bremskraft zu verbessern, aber leider bist du bereits am Limit.	Ayudaría aumentar la presión de los frenos para que fueran más potentes, pero desgraciadamente ya estás al límite.	Можно было бы прибавить мощность торможения за счет давления в тормозной системе, но оно и так на пределе.	Zwiększenie ciśnienia układu hamulcowego mogłoby pomóc, ale tego już nie da się bardziej zmienić.	ブレーキ圧を高めれば、効きも強くなるはずなんだが、もう最大に設定されているね。	Aumentar a pressão do freio, para deixá-lo com mais potência, ajudaria, mas você já está no limite.	Convendría aumentar la presión de los frenos para que tengan más potencia. Lamentablemente, el valor ya está en el límite.	Nous pourrions idéalement augmenter la pression des freins afin d'augmenter leur effet, mais elle ne peut être augmentée davantage.	브레이크 압력을 높여 힘을 향상시키는 것이 도움이 되나, 유감스럽게도 이미 한계값에 도달했습니다.	增加煞车压力让他们更有力，这会有帮助，但很遗憾地你已经到达极限了。	增加煞車壓力讓他們更有力，這會有幫助，但很遺憾地你已經到達極限了。
	SetupEngineer_Solutions_NotStoppingBiasFrontMod	Move the Brake Bias forwards from current balance [INITIAL1]/[INITIAL2] front to rear to [FINAL1]/[FINAL2].	Nous allons ajuster la répartition du freinage vers l'avant de [INITIAL1]/[INITIAL2] à [FINAL1]/[FINAL2] avant/arrière.	Sposta la ripartizione di frenata in avanti dal rapporto attuale di [INITIAL1]/[INITIAL2] tra fronte e retro fino a [FINAL1]/[FINAL2].	Verlagere die aktuelle Bremsbalance mehr nach vorn, von [INITIAL1]/[INITIAL2] auf [FINAL1]/[FINAL2].	Adelanta el reparto de frenada partiendo de la posición actual de [INITIAL1]/[INITIAL2] (delante/atrás) a [FINAL1]/[FINAL2].	Сдвиньте баланс тормозов вперед, с [INITIAL1]/[INITIAL2] (перед/зад) до [FINAL1]/[FINAL2].	Przesuń balans hamowania do przodu z obecnego balansu [INITIAL1]/[INITIAL2] z przodu na tył na [FINAL1]/[FINAL2].	ブレーキバイアスを現在のフロント対リア [INITIAL1]/[INITIAL2] から [FINAL1]/[FINAL2] に、フロント側にシフトしてくれ。	Mover a proporção da frenagem para frente do balanço atual [INITIAL1]/[INITIAL2] dianteira para traseira para [FINAL1]/[FINAL2].	Desplaza el reparto de frenada hacia adelante, del equilibrio actual de [INITIAL1]/[INITIAL2] (delantero/trasero) a [FINAL1]/[FINAL2].	Nous allons ajuster la répartition du freinage vers l'avant de [INITIAL1]/[INITIAL2] à [FINAL1]/[FINAL2] avant/arrière.	브레이크 바이어스를 현재 밸런스인 [INITIAL1]/[INITIAL2]에서 [FINAL1]/[FINAL2] 앞으로 이동합니다.	将煞车分配器移往车子前面，使煞车平衡从 [INITIAL1]/[INITIAL2] 调整至 [FINAL1]/[FINAL2]。	將煞車分配器移往車子前面，使煞車平衡從 [INITIAL1]/[INITIAL2] 調整至 [FINAL1]/[FINAL2]。
	SetupEngineer_Solutions_NotStoppingBiasRearMod	Move the Brake Bias rearwards from current balance [INITIAL1]/[INITIAL2] front to rear to [FINAL1]/[FINAL2].	Nous allons ajuster la répartition du freinage vers l'arrière de [INITIAL1]/[INITIAL2] à [FINAL1]/[FINAL2] avant/arrière.	Sposta la ripartizione di frenata indietro dal rapporto attuale di [INITIAL1]/[INITIAL2] tra fronte e retro fino a [FINAL1]/[FINAL2].	Verlagere die aktuelle Bremsbalance mehr nach hinten, von [INITIAL1]/[INITIAL2] auf [FINAL1]/[FINAL2].	Retrasa el reparto de frenada partiendo de la posición actual de [INITIAL1]/[INITIAL2] (delante/atrás) a [FINAL1]/[FINAL2].	Сдвиньте баланс тормозов назад, с [INITIAL1]/[INITIAL2] (перед/зад) до [FINAL1]/[FINAL2].	Przesuń balans hamowania do tyłu z obecnego balansu [INITIAL1]/[INITIAL2] z przodu na tył na [FINAL1]/[FINAL2].	ブレーキバイアスを現在のフロント対リア [INITIAL1]/[INITIAL2] から [FINAL1]/[FINAL2] に、リア側にシフトしてくれ。	Mover a proporção da frenagem para trás do balanço atual [INITIAL1]/[INITIAL2] dianteira para traseira para [FINAL1]/[FINAL2].	Retrasa el reparto de frenada partiendo de la posición actual de [INITIAL1]/[INITIAL2] (adelante/atrás) a [FINAL1]/[FINAL2].	Nous allons ajuster la répartition du freinage vers l'arrière de [INITIAL1]/[INITIAL2] à [FINAL1]/[FINAL2] avant/arrière.	브레이크 바이어스를 현재 밸런스인 [INITIAL1]/[INITIAL2]에서 [FINAL1]/[FINAL2] 로 뒤로 이동합니다.	将煞车分配器移往车子后面，使煞车平衡从 [INITIAL1]/[INITIAL2] 调整至 [FINAL1]/[FINAL2]。	將煞車分配器移往車子後面，使煞車平衡從 [INITIAL1]/[INITIAL2] 調整至 [FINAL1]/[FINAL2]。
	SetupEngineer_Solutions_StoppingTooEarlyDecreasePressureMod	Lower the Brake Pressure from [INITIAL]% to [FINAL]%	Nous allons réduire la pression des freins de [INITIAL] % à [FINAL] %.	Diminuisci la pressione dei freni dal [INITIAL]% al [FINAL]%.	Senke den Bremsdruck von [INITIAL] % auf [FINAL] %.	Reduce la presión de los frenos de [INITIAL]% a [FINAL]%.	Убавьте давление в тормозах с [INITIAL]% до [FINAL]%	Zmniejsz ciśnienie układu hamulcowego z [INITIAL]% na [FINAL]%.	ブレーキ圧を [INITIAL] %から [FINAL] %に下げてくれ。	Diminua a pressão do freio de [INITIAL]% para [FINAL]%.	Baja la presión de los frenos de un [INITIAL]% a un [FINAL]%.	Nous allons réduire la pression des freins de [INITIAL] % à [FINAL] %.	브레이크 압력을 [INITIAL]%에서 [FINAL]%로 감소시킵니다.	将煞车压力从 [INITIAL]% 减少至 [FINAL]%	將煞車壓力從 [INITIAL]% 減少至 [FINAL]%
	SetupEngineer_Solutions_StoppingTooEarlyDecreasePressureMenu	We can lower the Brake Pressure which will make the brakes a little weaker and decrease the chance of locking the brakes.	Nous pourrions réduire la pression des freins afin de diminuer leur effet pour réduire les chances qu'ils se bloquent.	Possiamo diminuire la pressione dei freni per renderli meno efficaci e ridurre le probabilità di bloccaggio delle ruote.	Wir können den Bremsdruck senken, was die Bremskraft etwas schwächt, gleichzeitig aber die Gefahr blockierender Räder reduziert.	Podemos reducir la presión de los frenos para que pierdan algo de fuerza y se reduzca la posibilidad de que se bloqueen.	Можно убавить мощность торможения за счет давления в тормозной системе, снизив вероятность блокировки колес.	Możemy zmniejszyć ciśnienie układu hamulcowego, aby hamulce nie były tak silne, co zmniejszy ryzyko zablokowania hamulców.	ブレーキ圧を下げれば、ブレーキの効きが弱くなり、ブレーキロックが起こりにくくなる。	Nós podemos diminuir a pressão do freio, o que deixará o freio um pouco mais fraco e diminuirá a chance de travá-lo.	Podemos bajar la presión de los frenos para que no tengan tanta potencia y disminuya la probabilidad de que se bloqueen.	Nous pourrions réduire la pression des freins afin de diminuer leur effet pour réduire les chances qu'ils se bloquent.	브레이크 압력을 낮추어 브레이크의 힘을 줄이고, 브레이크가 록업될 가능성을 줄일 수 있습니다.	我们可以减少煞车压力，让煞车减弱并减少煞车死锁的机率。	我們可以減少煞車壓力，讓煞車減弱並減少煞車鎖死的機率。
	SetupEngineer_Solutions_StoppingTooEarlyDecreasePressureModNotPossible	Lower the Brake Pressure would help here, Unfortunately you are already on the lowest possible setting.	Nous pourrions idéalement réduire la pression des freins afin de diminuer leur effet pour réduire les chances qu'ils se bloquent, mais elle ne peut être réduite davantage.	Sarebbe utile diminuire la pressione dei freni, ma sono già al minimo.	Ein Senken des Bremsdrucks würde helfen, aber leider liegt bereits der niedrigste Wert an.	Reducir la presión de los frenos podría ayudar, pero ya la tienes en el menor ajuste posible.	Проблему можно было бы решить снижением давления в тормозной системе, но оно и так на минимуме.	Obniżenie ciśnienia układu hamulcowego mogłoby pomóc, ale niestety obecne ustawienie jest już najniższym możliwym.	ブレーキ圧を下げればいいんだが、生憎もう限界まで下げてあるな。	Diminuir a pressão do freio ajudaria aqui. Infelizmente, você já está com a menor configuração possível.	Convendría bajar la presión de los frenos. Lamentablemente, ya está en su valor más bajo.	Nous pourrions idéalement réduire la pression des freins afin de diminuer leur effet pour réduire les chances qu'ils se bloquent, mais elle ne peut être réduite davantage.	브레이크 압력을 낮추는 것이 도움이 될 수 있으나, 유감스럽게도 이미 최저 설정값에 도달했습니다.	降低煞车压力会有帮助，但很遗憾地你已经到达最低了。	降低煞車壓力會有幫助，但很遺憾地你已經到達最低了。
	SetupEngineer_Solutions_SlidingWhenBrakingFrontPressureMod	They are locking easily. Decrease the Brake Pressure from [INITIAL]% to [FINAL]%.	Les freins se bloquent trop facilement. Nous allons réduire la pression des freins de [INITIAL] % à [FINAL] %.	Si bloccano facilmente. Diminuisci la pressione dei freni dal [INITIAL]% al [FINAL]%.	Die Bremsen blockieren sehr leicht. Verringere den Bremsdruck von [INITIAL] auf [FINAL].	Se bloquean fácilmente. Reduce la presión de los frenos de [INITIAL]% a [FINAL]%.	Колеса блокируются слишком быстро. Убавьте давление в тормозах с [INITIAL]% до [FINAL]%.	Łatwo się blokują. Zmniejsz ciśnienie układu hamulcowego z [INITIAL]% na [FINAL]%.	すぐにロックしてしまうから、ブレーキ圧を [INITIAL] %から [FINAL] %に下げてくれ。	Estão travando com facilidade. Diminua a pressão do freio de [INITIAL]% para [FINAL]%.	Se bloquean con facilidad. Baja la presión de los frenos de un [INITIAL]% a un [FINAL]%.	Les freins se bloquent trop facilement. Nous allons réduire la pression des freins de [INITIAL] % à [FINAL] %.	쉽게 록업됩니다. 브레이크 압력을 [INITIAL]%에서 [FINAL]%로 낮춥시다.	它们很容易死锁。将煞车压力从 [INITIAL]% 减少至 [FINAL]%。	它們很容易鎖死。將煞車壓力從 [INITIAL]% 減少至 [FINAL]%。
	SetupEngineer_Solutions_SlidingWhenBrakingFrontPressureMenu	If so, we can decrease the Brake Pressure: this will make the brakes a little less powerful, but will give you finer control under braking, and will also reduce the chance of the tyres locking-up.	Nous pouvons réduire la pression des freins pour réduire leur puissance mais tu auras un meilleur contrôle du véhicule lorsque tu freineras et tes roues se bloqueront moins facilement.	In questo caso possiamo ridurre la pressione dei freni: in questo modo i freni perderanno potenza, ma avrai un maggior controllo in frenata con un rischio minore di bloccare le ruote.	In diesem Fall können wir den Bremsdruck reduzieren, wodurch die Bremsen etwas weniger Biss haben, du aber bessere Kontrolle beim Bremsen erhältst. Außerdem blockieren die Räder dann nicht so schnell.	Si es así, podemos reducir la presión de los frenos, así perderán potencia, pero tendrás más control a la hora de frenar y reducirás la probabilidad de que los neumáticos se bloqueen.	Советуем снизить давление в тормозной системе - тормоза потеряют в мощности, но станут более послушными и будут реже приводить к блокировке колес.	Jeśli tak jest, możemy zmniejszyć ciśnienie układu hamulcowego, aby hamulce nie były tak silne. To przede wszystkim zmniejszy ryzyko zablokowania hamulców.	もしそうなら、ブレーキ圧を下げてみよう。そうすることで、ブレーキの効きは弱くなるが、ブレーキ時に制御しやすくなり、タイヤもロックしにくくなる。	Se sim, nós podemos diminuir a pressão do freio: isso deixará o freio com um pouco menos potência, mas você terá mais controle ao frear e também reduzirá a chance de os pneus travarem.	Si es así, podemos reducir la presión de los frenos, así perderán potencia, pero tendrás más control a la hora de frenar y reducirás la probabilidad de que los neumáticos se bloqueen.	Nous pouvons réduire la pression des freins pour réduire leur puissance mais tu auras un meilleur contrôle du véhicule lorsque tu freineras et tes roues se bloqueront moins facilement.	그러면 브레이크 압력을 내려보세요. 브레이크가 약해지지만, 브레이크 제어가 쉬워지고 타이어도 록업이 잘 안 일어나게 됩니다.	如果是这样，我们会减少煞车压力，那会让煞车减弱， 但会大大地减少死锁它们的机率。	如果是這樣，我們會減少煞車壓力，那會讓煞車減弱，但會大大地減少鎖死它們的機率。
	SetupEngineer_Solutions_SlidingWhenBrakingFrontPressureNotPossible	Decreasing the Brake Pressure would help with brakes locking easily, but unfortunately you are on the lowest possible setting.	Nous pourrions idéalement réduire la pression des freins, cela diminuerait leur effet mais réduirait également les chances qu'ils se bloquent. Malheureusement, il est impossible de la réduire davantage.	Diminuire la pressione dei freni ridurrebbe le probabilità di bloccaggio delle ruote, ma purtroppo è già al limite.	Ein Reduzieren des Bremsdrucks würde bei leicht blockierenden Rädern helfen, aber leider liegt bereits der niedrigste Wert an.	Reducir la presión de los frenos es una buena medida cuando estos se bloquean con facilidad, pero desgraciadamente, ya la tienes en el menor ajuste posible.	Блокировку колес можно было бы устранить снижением давления в тормозной системе, но оно и так на минимуме.	Obniżenie ciśnienia układu hamulcowego mogłoby pomóc z szybko blokującymi się hamulcami, ale niestety obecne ustawienie jest już najniższym możliwym.	ブレーキ圧を下げれば、ブレーキロックが起きにくくなるんだが、もう限界まで下げてあるな。	Diminuir a pressão do freio poderia ajudar com os freios travando facilmente, mas você já está com a menor configuração possível.	Al bajar la presión de los frenos no se bloquearán con tanta facilidad. Lamentablemente, ya está en su valor más bajo.	Nous pourrions idéalement réduire la pression des freins, cela diminuerait leur effet mais réduirait également les chances qu'ils se bloquent. Malheureusement, il est impossible de la réduire davantage.	브레이크 압력을 줄이면 브레이크 록업 방지에 도움이 되나, 유감스럽게도 이미 최저 설정값에 도달했습니다.	减少煞车压力可轻易解决煞车死锁，但很遗憾地你的设定已经是最低了。	減少煞車壓力可輕易解決煞車鎖死，但很遺憾地你的設定已經是最低了。
	SetupEngineer_Solutions_SlidingWhenBrakingFrontBiasMod	Move the Brake Bias rearwards  from [INITIAL1]/[INITIAL2] to [FINAL1]/[FINAL2].	Nous allons ajuster la répartition du freinage vers l'arrière de [INITIAL1]/[INITIAL2] à [FINAL1]/[FINAL2].	Sposta indietro la ripartizione di frenata da [INITIAL1]/[INITIAL2] a [FINAL1]/[FINAL2].	Verlagere die aktuelle Bremsbalance mehr nach hinten, von [INITIAL1]/[INITIAL2] auf [FINAL1]/[FINAL2].	Retrasa el reparto de frenada de [INITIAL1]/[INITIAL2] a [FINAL1]/[FINAL2].	Просто сдвиньте баланс тормозов назад, с [INITIAL1]/[INITIAL2] до [FINAL1]/[FINAL2].	Przesuńmy balans hamowania na tył z [INITIAL1]/[INITIAL2] na [FINAL1]/[FINAL2].	ブレーキバイアスを [INITIAL1]/[INITIAL2] から [FINAL1]/[FINAL2] にして、リア側にシフトしてくれ。	Mover a proporção da frenagem para trás de [INITIAL1]/[INITIAL2] para [FINAL1]/[FINAL2].	Retrasa el reparto de frenada de [INITIAL1]/[INITIAL2] a [FINAL1]/[FINAL2].	Nous allons ajuster la répartition du freinage vers l'arrière de [INITIAL1]/[INITIAL2] à [FINAL1]/[FINAL2].	브레이크 바이어스를 [INITIAL1]/[INITIAL2]에서 [FINAL1]/[FINAL2] 뒤로 이동합니다.	它们并不是真的很容易死锁，只是比我想的容易一些，所以将煞车分配器由 [INITIAL1]/[INITIAL2] 至 [FINAL1]/[FINAL2] 向后调整。	它們並不是真的很容易鎖死，只是比我想的容易一些，所以將煞車分配器由 [INITIAL1]/[INITIAL2] 至 [FINAL1]/[FINAL2] 向後調整。
	SetupEngineer_Solutions_SlidingWhenBrakingFrontBiasMenu	Or alternatively, we can move the Brake Bias towards the rear a little so the front brakes work a little less. This should ease the likelihood of the front brakes from locking.	Nous pouvons aussi simplement ajuster la répartition du freinage vers l'arrière afin que les freins avant soient moins utilisés. Cela devrait régler le problème.	In alternativa possiamo spostare indietro la ripartizione di frenata per far lavorare un po' meno i freni anteriori e diminuire le loro probabilità di bloccaggio.	Alternativ können wir die Bremsbalance ein wenig nach hinten verlagern, damit die vorderen Bremsen weniger arbeiten müssen. Das dürfte die Wahrscheinlichkeit verringern, dass die vorderen Bremsen blockieren.	Otra opción es desplazar el reparto de frenada un poco hacia atrás para que los frenos delanteros trabajen un poco menos. Eso debería reducir la posibilidad de que se bloqueen los frenos delanteros.	Или можно сдвинуть баланс тормозов назад, ослабив передние тормоза, тем самым снизив вероятность блокировки передних колес.	Jeśli hamulce nie blokują się szybko, możemy przesunąć balans hamowania na tył, aby przednie hamulce mniej pracowały. To powinno zmniejszyć ryzyko blokowania przednich hamulców.	あるいは、ブレーキバイアスをリア寄りにシフトさせれば、フロントブレーキの効きが少し弱まるぞ。そうすれば、フロントブレーキがロックする確率も下がるはずだ。	Ou ainda, podemos mover a proporção da frenagem para a traseira um pouco, para que os freios dianteiros trabalhem um pouco menos. Isso deve diminuir a probabilidade dos freios dianteiros travarem.	Otra opción es desplazar el reparto de frenada un poco hacia atrás para que los frenos delanteros no trabajen tanto. Eso debería reducir la posibilidad de que se bloqueen los frenos delanteros.	Nous pouvons aussi simplement ajuster la répartition du freinage vers l'arrière afin que les freins avant soient moins utilisés. Cela devrait régler le problème.	아니면 브레이크 바이어스를 뒤로 이동시키면 프런트 브레이크가 조금 약해집니다. 그러면 프런트 브레이크가 잠길 확률도 낮아질 겁니다.	如果煞车不容易锁住，我们可以将煞车分配器向后调一点， 好让前煞运作少一些。这应该会减少前煞死锁发生。	如果煞車不容易鎖住，我們可以將煞車分配器向後調一點，好讓前煞運作少一些。這應該會減少前煞鎖死發生。
	SetupEngineer_Solutions_SlidingWhenBrakingFrontBiasModNotPossible	Moving the Brake Bias towards the rear a little could ease the likelihood of the front brakes from locking. Unfortunately you are already on the limit.	Si les freins se bloquent peu, nous pouvons simplement ajuster la répartition du freinage vers l'arrière afin que les freins avant soient moins utilisés. Malheureusement, elle est déjà à sa limite.	Spostare leggermente indietro la ripartizione di frenata dovrebbe rendere meno probabile il bloccaggio dei freni anteriori, ma purtroppo siamo già al limite.	Wenn wir die Bremsbalance ein wenig nach hinten verlagern, dürfte das die Wahrscheinlichkeit verringern, dass die vorderen Bremsen blockieren. Leider bist du schon am Limit.	Desplazando el reparto de frenada un poco hacia atrás reduciríamos la posibilidad de que se bloqueen los frenos delanteros. Desgraciadamente, ya estás al límite.	Сдвиг баланса тормозов назад позволил бы снизить шанс блокировки передних колес. К сожалению, мы уже и так на пределе.	Moglibyśmy przesunąć balans hamowania na tył, aby przednie hamulce mniej pracowały i się szybko nie blokowały, ale tego ustawienia nie da się już bardziej zmienić.	ブレーキバイアスを少しリア寄りにシフトさせれば、フロントブレーキがロックする確率も下がるはずなんだが、もう限界にセッティングされているな。	Mover a proporção da frenagem para a traseira um pouco pode diminuir a probabilidade dos freios dianteiros travarem. Infelizmente, você já está no limite.	Podríamos desplazar el reparto de frenada hacia atrás un poco, así habría menos posibilidades de que los frenos delanteros se bloqueasen. Lamentablemente, el valor ya está en el límite.	Si les freins se bloquent peu, nous pouvons simplement ajuster la répartition du freinage vers l'arrière afin que les freins avant soient moins utilisés. Malheureusement, elle est déjà à sa limite.	브레이크 바이어스를 뒤로 이동하는 경우 프런트 브레이크가 록될 가능성이 줄어듭니다. 유감스럽게도 이미 한계값에 도달했습니다.	将煞车分配器向后调一点，可以减少前煞死锁发生。很遗憾地，你已经到达极限了。	將煞車分配器向後調一點，可以減少前煞鎖死發生。很遺憾地，你已經到達極限了。
	SetupEngineer_Solutions_SlidingWhenBrakingRearBiasMod	Move the Brake Bias forwards from its balance of [INITIAL1]/[INITIAL2] front to rear to [FINAL1]/[FINAL2] front to rear.	Nous allons ajuster la répartition du freinage vers l'avant de [INITIAL1]/[INITIAL2] à [FINAL1]/[FINAL2] avant/arrière.	Sposta la ripartizione di frenata in avanti dal rapporto di [INITIAL1]/[INITIAL2] tra fronte e retro fino a [FINAL1]/[FINAL2].	Verlagere die aktuelle Bremsbalance mehr nach vorn, von [INITIAL1]/[INITIAL2] auf [FINAL1]/[FINAL2].	Desplaza el reparto de frenada hacia delante desde su ajuste de [INITIAL1]/[INITIAL2] (delante/atrás) a [FINAL1]/[FINAL2].	Сдвиньте баланс тормозов вперед, с [INITIAL1]/[INITIAL2] до [FINAL1]/[FINAL2] (перед/зад).	Przesuń balans hamowania do przodu z obecnego balansu [INITIAL1]/[INITIAL2] z przodu na tył na [FINAL1]/[FINAL2] z przodu na tył.	ブレーキバイアスをフロント対リア [INITIAL1]/[INITIAL2] から [FINAL1]/[FINAL2] に調整してくれ。	Mover a proporção da frenagem para frente do balanço de [INITIAL1]/[INITIAL2] dianteira para traseira para [FINAL1]/[FINAL2] dianteira para traseira.	Desplaza el reparto de frenada hacia adelante, del equilibrio de [INITIAL1]/[INITIAL2] (delantero/trasero) a [FINAL1]/[FINAL2].	Nous allons ajuster la répartition du freinage vers l'avant de [INITIAL1]/[INITIAL2] à [FINAL1]/[FINAL2] avant/arrière.	브레이크 바이어스를 [INITIAL1]/[INITIAL2]에서 [FINAL1]/[FINAL2] 앞으로 이동합니다.	移动煞车分配器，使煞车平衡从 [INITIAL1]/[INITIAL2] 调整至 [FINAL1]/[FINAL2]。	移動煞車分配器，使煞車平衡從 [INITIAL1]/[INITIAL2] 調整至 [FINAL1]/[FINAL2]。
	SetupEngineer_Solutions_SlidingWhenBrakingRearBiasMenu	Moving the Brake Bias forwards a bit might help.	Ajuster la répartition du freinage vers l'avant pourrait aider.	Spostare leggermente in avanti la ripartizione di frenata dovrebbe aiutare.	Es könnte helfen, die Bremsbalance etwas nach vorn zu verlagern.	Desplazar el reparto de frenada un poco hacia delante podría ayudar.	Проблема исправляется смещением баланса тормозов вперед.	Przesunięcie balansu hamowania do przodu powinno pomóc.	ブレーキバイアスをフロント側にシフトさせれば解決するかもしれない。	Mover a proporção da frenagem para frente um pouco pode ajudar.	Conviene desplazar ligeramente hacia adelante el reparto de frenada.	Ajuster la répartition du freinage vers l'avant pourrait aider.	브레이크 바이어스를 앞으로 이동하는 것이 도움이 될 수 있습니다.	将煞车分配器向前调整会有一些帮助。	將煞車分配器向前調整會有一些幫助。
	SetupEngineer_Solutions_SlidingWhenBrakingRearBiasModNotPossible	Moving the Brake Bias forwards a bit would help here, unfortunately you are already on the limit.	Ajuster la répartition du freinage vers l'avant pourrait aider, mais elle est déjà à sa limite.	Spostare in avanti la ripartizione di frenata dovrebbe aiutare, ma purtroppo è già al limite.	Es würde helfen, die Bremsbalance etwas nach vorn zu verlagern, aber leider bist du bereits am Limit.	Desplazar el reparto de frenada un poco hacia delante podría ayudar, pero ya estás al límite.	Здесь бы стоило сдвинуть баланс тормозов вперед, но мы уже и так на пределе.	Przesunięcie balansu hamowania do przodu pomogłoby, ale tego już nie da się bardziej zmienić.	ブレーキバイアスをフロント側にシフトさせれば解決するかもしれないが、もう限界までシフト済だ。	Mover a proporção da frenagem para frente um pouco pode ajudar aqui. Infelizmente, você já está no limite.	Convendría desplazar ligeramente hacia adelante el reparto de frenada. Lamentablemente, el valor ya está en el límite.	Ajuster la répartition du freinage vers l'avant pourrait aider, mais elle est déjà à sa limite.	브레이크 바이어스를 앞으로 이동하는 것이 도움이 되나, 유감스럽게도 이미 한계값에 도달했습니다.	将煞车分配器向前调整会有一些帮助，很遗憾地你已经到达极限了。	將煞車分配器向前調整會有一些幫助，很遺憾地你已經到達極限了。
	SetupEngineer_Solutions_GoBackToDownforceMen	Go back to Downforce menu.	Retourner au menu de l'appui.	Torna al menu Deportanza.	Zurück zum Abtriebsmenü.	Volver al menú Carga aerodinámica.	Вернуться в меню прижимной силы.	Wróć do menu siły docisku.	ダウンフォースメニューに戻る。	Volte ao menu de Downforce.	Volver al menú de carga aerodinámica.	Retourner au menu de l'appui.	다운포스 메뉴로 돌아가기	返回至下压力菜单。	返回至下壓力選單。
	SetupEngineer_Solutions_StiffenTheFrontSprin	Stiffen the Front Spring Rates if it feels as if the front tyres aren’t working.	Durcis les freins avant si tu as l'impression que tes pneus avant ne fonctionnent pas.	Se hai la sensazione che le gomme anteriori non funzionino, irrigidisci le molle anteriori.	Versteife die Federraten vorne, falls es sich anfühlt, als würden die Vorderreifen nicht richtig greifen.	Aumenta la rigidez del tarado de muelles delanteros si sientes que los neumáticos delanteros no responden.	Усильте передние амортизаторы, если вам кажется, что передние шины не работают.	Usztywnij przednie sprężyny, jeśli wydaje ci się, że przednie opony nie pracują.	フロントタイヤが言うことを聞かないようなら、フロントバネレートを硬くしてみろ。	Endureça as molas dianteiras se parece que os pneus dianteiros não estão funcionando.	Aumenta los índices de rigidez delanteros si notas que los neumáticos delanteros no funcionan.	Durcis les freins avant si tu as l'impression que tes pneus avant ne fonctionnent pas.	프런트 타이어가 잘 작동하지 않는다면, 프런트 스프링 레이트를 강화하십시오.	如果觉得前轮不管用时，调硬前弹簧系数。	如果覺得前輪不管用時，調硬前彈簧係數。
	SetupEngineer_Solutions_StiffenTheRearSpring	Stiffen the Rear Spring Rates if it feels as if the rear tyres aren’t working.	Durcis les freins arrière si tu as l'impression que tes pneus arrière ne fonctionnent pas.	Se hai la sensazione che le gomme posteriori non funzionino, irrigidisci le molle posteriori.	Versteife die Federraten hinten, falls es sich anfühlt, als würden die Hinterreifen nicht richtig greifen.	Aumenta la rigidez del tarado de muelles traseros si sientes que los neumáticos traseros no responden.	Усильте задние амортизаторы, если вам кажется, что задние шины не работают.	Usztywnij tylne sprężyny, jeśli wydaje ci się, że tylne opony nie pracują.	リアタイヤが言うことを聞かないようなら、リアバネレートを硬くしてみろ。	Endureça as molas traseiras se parece que os pneus traseiros não estão funcionando.	Aumenta los índices de rigidez traseros si notas que los neumáticos traseros no funcionan.	Durcis les freins arrière si tu as l'impression que tes pneus arrière ne fonctionnent pas.	리어 타이어가 잘 작동하지 않는다면, 리어 스프링 레이트를 강화하십시오.	如果觉得后轮不管用时，调硬后弹簧系数。	如果覺得後輪不管用時，調硬後彈簧係數。
	SetupEngineer_Solutions_StiffenBothFrontAndR	Stiffen both Front and Rear Spring Rates if none of the tyres feel as if they’re working.	Durcis les freins avant et arrière si tu as l'impression qu'aucun de tes pneus ne marche.	Se hai la sensazione che le gomme non funzionino, irrigidisci le molle anteriori e posteriori.	Versteife die Federraten sowohl vorne als auch hinten, falls es sich anfühlt, als würden keine der Reifen richtig greifen.	Aumenta la rigidez del tarado de muelles delanteros y traseros si sientes que no responde ningún neumático.	Усильте передние и задние амортизаторы, если вы не чувствуете колес.	Usztywnij przednie i tylne sprężyny, jeśli wydaje ci się, że żadne opony nie pracują.	タイヤが4本とも言うことを聞かないようなら、フロントとリアのバネレートを両方とも硬くしてみろ。	Endureça as molas dianteiras e traseiras se parece que nenhum dos pneus está funcionando.	Aumenta los índices de rigidez delanteros y traseros si notas que ningún neumático funciona.	Durcis les freins avant et arrière si tu as l'impression qu'aucun de tes pneus ne marche.	모든 타이어가 잘 작동하지 않는다면, 프런트 및 리어 스프링 레이트를 강화하십시오.	如果觉得前后轮都不管用时，调硬前后弹簧系数。	如果覺得前後輪都不管用時，調硬前後彈簧係數。
	SetupEngineer_Solutions_LowerTheFinalDriveRa	Lower the Final Drive Ratio from [INITIAL] to [FINAL].	Nous allons réduire le rapport de transmission secondaire de [INITIAL] à [FINAL].	Accorcia l'ultimo rapporto di trasmissione da [INITIAL] a [FINAL].	Reduziere die Achsübersetzung von [INITIAL] auf [FINAL].	Reduce la relación de transmisión final de [INITIAL] a [FINAL].	Уменьшите конечное передаточное число с [INITIAL] до [FINAL].	Zmniejsz przełożenie główne z [INITIAL] na [FINAL].	最終減速比を [INITIAL] から [FINAL] に下げてくれ。	Diminua a transmissão final de [INITIAL] para [FINAL].	Baja la relación de la transmisión final de [INITIAL] a [FINAL].	Nous allons réduire le rapport de transmission secondaire de [INITIAL] à [FINAL].	최종 기어비를 [INITIAL]에서 [FINAL]로 낮춥니다.	将最终传动比从 [INITIAL] 调低到 [FINAL]。	將最終傳動比從 [INITIAL] 調低到 [FINAL]。
	SetupEngineer_Solutions_LowerFrontWingMod	Reduce the Front Downforce from [INITIAL] to [FINAL].	Réduire l'appui avant de [INITIAL] à [FINAL].	Riduci la Deportanza anteriore da [INITIAL] a [FINAL].	Reduziere den Abtrieb vorne von [INITIAL] auf [FINAL].	Reduce la carga aerodinámica delantera de [INITIAL] a [FINAL].	Уменьшите переднюю прижимную силу с [INITIAL] до [FINAL].	Zredukuj przednią siłę docisku z [INITIAL] na [FINAL].	フロントダウンフォースを [INITIAL] から [FINAL] に下げてくれ。	Reduza o downforce dianteiro de [INITIAL] para [FINAL].	Reduce la carga aerodinámica delantera de [INITIAL] a [FINAL].	Réduire l'appui avant de [INITIAL] à [FINAL].	프런트 다운포스를 [INITIAL]에서 [FINAL]로 내립니다..	将前方下压力从 [INITIAL] 减少到 [FINAL]。	將前方下壓力從 [INITIAL] 減少到 [FINAL]。
	SetupEngineer_Solutions_LowerFrontWingModNotPossible	Lowering Front Downforce is not possible, since you are on the limit.	Il est impossible de réduire l'appui avant car la limite basse est déjà atteinte.	Non puoi ridurre la Deportanza anteriore, visto che hai raggiunto il limite.	Du kannst den Abtrieb vorne nicht noch weiter verringern.	No es posible reducir la carga aerodinámica delantera, ya está al límite.	Снижение передней прижимной силы невозможно - достигнуто предельное значение.	Redukcja przedniej siły docisku niemożliwa, limit osiągnięty.	すでに制限いっぱいなので、フロントダウンフォースを下げることはできない。	Diminuir o downforce dianteiro não é possível, pois você está no limite.	No es posible reducir la carga aerodinámica delantera, ya está al límite.	Il est impossible de réduire l'appui avant car la limite basse est déjà atteinte.	이미 최소 한계로 프런트 다운포스를 내리는 건 불가능합니다.	由于你已经到达极限，不可能再降低前方下压力。	由於你已經到達極限，不可能再降低前方下壓力。
	SetupEngineer_Solutions_LowerRearWingSpeedMod	Reduce the Rear Downforce from [INITIAL] to [FINAL].	Réduire l'appui arrière de [INITIAL] à [FINAL].	Riduci la Deportanza posteriore da [INITIAL] a [FINAL].	Reduziere den Abtrieb hinten von [INITIAL] auf [FINAL].	Reduce la carga aerodinámica trasera de [INITIAL] a [FINAL].	Уменьшите заднюю прижимную силу с [INITIAL] до [FINAL].	Zmniejsz tylną siłę docisku z [INITIAL] na [FINAL].	リアダウンフォースを [INITIAL] から [FINAL] に下げてくれ。	Reduza o downforce traseiro de [INITIAL] para [FINAL].	Reduce la carga aerodinámica trasera de [INITIAL] a [FINAL].	Réduire l'appui arrière de [INITIAL] à [FINAL].	리어 다운포스를 [INITIAL]에서 [FINAL]로 감소시킵니다.	将后方下压力从 [INITIAL] 减少到 [FINAL]。	將後方下壓力從 [INITIAL] 減少到 [FINAL]。
